DATASET_NAME: FICO
ENSEMBLE: RF
NB_TREES: 10
NB_FEATURES: 17
NB_CLASSES: 2
MAX_TREE_DEPTH: 20
Format: node / node type (LN - leave node, IN - internal node) left child / right child / feature / threshold / node_depth / majority class (starts with index 0)

[TREE 0]
NB_NODES: 2933
0 IN 1 1814 8 0.500000 18 0
1 IN 2 1215 13 0.500000 17 0
2 IN 3 746 12 0.500000 16 0
3 IN 4 699 0 0.500000 15 0
4 IN 5 288 2 0.500000 14 0
5 IN 6 45 5 0.500000 12 0
6 IN 7 36 16 0.500000 8 0
7 IN 8 17 10 0.500000 7 0
8 IN 9 10 15 0.500000 5 0
9 LN -1 -1 -1 -1.000000 1 0
10 IN 11 12 9 0.500000 4 0
11 LN -1 -1 -1 -1.000000 1 0
12 IN 13 16 7 0.500000 3 0
13 IN 14 15 14 0.500000 2 0
14 LN -1 -1 -1 -1.000000 1 0
15 LN -1 -1 -1 -1.000000 1 0
16 LN -1 -1 -1 -1.000000 1 0
17 IN 18 25 9 0.500000 6 0
18 IN 19 24 7 0.500000 4 0
19 IN 20 21 15 0.500000 3 0
20 LN -1 -1 -1 -1.000000 1 0
21 IN 22 23 14 0.500000 2 0
22 LN -1 -1 -1 -1.000000 1 0
23 LN -1 -1 -1 -1.000000 1 0
24 LN -1 -1 -1 -1.000000 1 0
25 IN 26 27 7 0.500000 5 0
26 LN -1 -1 -1 -1.000000 1 0
27 IN 28 31 15 0.500000 4 0
28 IN 29 30 3 0.500000 2 0
29 LN -1 -1 -1 -1.000000 1 0
30 LN -1 -1 -1 -1.000000 1 0
31 IN 32 35 3 0.500000 3 0
32 IN 33 34 14 0.500000 2 0
33 LN -1 -1 -1 -1.000000 1 0
34 LN -1 -1 -1 -1.000000 1 0
35 LN -1 -1 -1 -1.000000 1 0
36 IN 37 38 10 0.500000 5 0
37 LN -1 -1 -1 -1.000000 1 0
38 IN 39 40 15 0.500000 4 0
39 LN -1 -1 -1 -1.000000 1 0
40 IN 41 44 3 0.500000 3 0
41 IN 42 43 9 0.500000 2 0
42 LN -1 -1 -1 -1.000000 1 0
43 LN -1 -1 -1 -1.000000 1 1
44 LN -1 -1 -1 -1.000000 1 0
45 IN 46 137 7 0.500000 11 0
46 IN 47 102 14 0.500000 9 0
47 IN 48 79 4 0.500000 8 0
48 IN 49 64 10 0.500000 7 0
49 IN 50 63 16 0.500000 6 0
50 IN 51 54 11 0.500000 5 0
51 IN 52 53 15 0.500000 2 0
52 LN -1 -1 -1 -1.000000 1 0
53 LN -1 -1 -1 -1.000000 1 0
54 IN 55 62 3 0.500000 4 0
55 IN 56 59 9 0.500000 3 0
56 IN 57 58 15 0.500000 2 0
57 LN -1 -1 -1 -1.000000 1 0
58 LN -1 -1 -1 -1.000000 1 0
59 IN 60 61 15 0.500000 2 0
60 LN -1 -1 -1 -1.000000 1 0
61 LN -1 -1 -1 -1.000000 1 0
62 LN -1 -1 -1 -1.000000 1 0
63 LN -1 -1 -1 -1.000000 1 0
64 IN 65 70 15 0.500000 5 0
65 IN 66 69 9 0.500000 3 0
66 IN 67 68 3 0.500000 2 0
67 LN -1 -1 -1 -1.000000 1 0
68 LN -1 -1 -1 -1.000000 1 0
69 LN -1 -1 -1 -1.000000 1 0
70 IN 71 76 3 0.500000 4 0
71 IN 72 75 16 0.500000 3 0
72 IN 73 74 9 0.500000 2 0
73 LN -1 -1 -1 -1.000000 1 0
74 LN -1 -1 -1 -1.000000 1 0
75 LN -1 -1 -1 -1.000000 1 0
76 IN 77 78 9 0.500000 2 0
77 LN -1 -1 -1 -1.000000 1 0
78 LN -1 -1 -1 -1.000000 1 1
79 IN 80 91 3 0.500000 6 0
80 IN 81 90 16 0.500000 5 0
81 IN 82 85 10 0.500000 4 0
82 IN 83 84 11 0.500000 2 0
83 LN -1 -1 -1 -1.000000 1 1
84 LN -1 -1 -1 -1.000000 1 0
85 IN 86 89 9 0.500000 3 0
86 IN 87 88 15 0.500000 2 0
87 LN -1 -1 -1 -1.000000 1 0
88 LN -1 -1 -1 -1.000000 1 0
89 LN -1 -1 -1 -1.000000 1 0
90 LN -1 -1 -1 -1.000000 1 1
91 IN 92 99 15 0.500000 4 0
92 IN 93 96 10 0.500000 3 0
93 IN 94 95 9 0.500000 2 0
94 LN -1 -1 -1 -1.000000 1 0
95 LN -1 -1 -1 -1.000000 1 1
96 IN 97 98 9 0.500000 2 0
97 LN -1 -1 -1 -1.000000 1 0
98 LN -1 -1 -1 -1.000000 1 0
99 IN 100 101 10 0.500000 2 0
100 LN -1 -1 -1 -1.000000 1 0
101 LN -1 -1 -1 -1.000000 1 0
102 IN 103 130 16 0.500000 7 0
103 IN 104 121 4 0.500000 6 0
104 IN 105 114 9 0.500000 5 0
105 IN 106 109 10 0.500000 4 0
106 IN 107 108 3 0.500000 2 0
107 LN -1 -1 -1 -1.000000 1 0
108 LN -1 -1 -1 -1.000000 1 0
109 IN 110 113 3 0.500000 3 0
110 IN 111 112 15 0.500000 2 0
111 LN -1 -1 -1 -1.000000 1 0
112 LN -1 -1 -1 -1.000000 1 0
113 LN -1 -1 -1 -1.000000 1 0
114 IN 115 116 3 0.500000 4 0
115 LN -1 -1 -1 -1.000000 1 0
116 IN 117 118 10 0.500000 3 0
117 LN -1 -1 -1 -1.000000 1 0
118 IN 119 120 15 0.500000 2 0
119 LN -1 -1 -1 -1.000000 1 0
120 LN -1 -1 -1 -1.000000 1 0
121 IN 122 129 9 0.500000 5 0
122 IN 123 124 10 0.500000 4 0
123 LN -1 -1 -1 -1.000000 1 0
124 IN 125 128 3 0.500000 3 0
125 IN 126 127 15 0.500000 2 0
126 LN -1 -1 -1 -1.000000 1 0
127 LN -1 -1 -1 -1.000000 1 0
128 LN -1 -1 -1 -1.000000 1 0
129 LN -1 -1 -1 -1.000000 1 1
130 IN 131 136 9 0.500000 4 1
131 IN 132 135 4 0.500000 3 1
132 IN 133 134 3 0.500000 2 1
133 LN -1 -1 -1 -1.000000 1 0
134 LN -1 -1 -1 -1.000000 1 1
135 LN -1 -1 -1 -1.000000 1 1
136 LN -1 -1 -1 -1.000000 1 0
137 IN 138 221 4 0.500000 10 0
138 IN 139 210 16 0.500000 9 0
139 IN 140 167 15 0.500000 8 0
140 IN 141 166 6 0.500000 7 0
141 IN 142 153 9 0.500000 6 0
142 IN 143 148 10 0.500000 4 0
143 IN 144 145 11 0.500000 3 0
144 LN -1 -1 -1 -1.000000 1 0
145 IN 146 147 3 0.500000 2 0
146 LN -1 -1 -1 -1.000000 1 0
147 LN -1 -1 -1 -1.000000 1 0
148 IN 149 152 14 0.500000 3 0
149 IN 150 151 3 0.500000 2 0
150 LN -1 -1 -1 -1.000000 1 0
151 LN -1 -1 -1 -1.000000 1 0
152 LN -1 -1 -1 -1.000000 1 0
153 IN 154 155 11 0.500000 5 0
154 LN -1 -1 -1 -1.000000 1 0
155 IN 156 161 10 0.500000 4 0
156 IN 157 160 14 0.500000 3 0
157 IN 158 159 3 0.500000 2 0
158 LN -1 -1 -1 -1.000000 1 0
159 LN -1 -1 -1 -1.000000 1 0
160 LN -1 -1 -1 -1.000000 1 1
161 IN 162 163 3 0.500000 3 0
162 LN -1 -1 -1 -1.000000 1 0
163 IN 164 165 14 0.500000 2 0
164 LN -1 -1 -1 -1.000000 1 0
165 LN -1 -1 -1 -1.000000 1 0
166 LN -1 -1 -1 -1.000000 1 0
167 IN 168 185 9 0.500000 7 0
168 IN 169 178 14 0.500000 5 0
169 IN 170 177 6 0.500000 4 0
170 IN 171 174 3 0.500000 3 0
171 IN 172 173 10 0.500000 2 0
172 LN -1 -1 -1 -1.000000 1 0
173 LN -1 -1 -1 -1.000000 1 0
174 IN 175 176 10 0.500000 2 0
175 LN -1 -1 -1 -1.000000 1 0
176 LN -1 -1 -1 -1.000000 1 0
177 LN -1 -1 -1 -1.000000 1 0
178 IN 179 184 6 0.500000 4 0
179 IN 180 181 10 0.500000 3 0
180 LN -1 -1 -1 -1.000000 1 0
181 IN 182 183 3 0.500000 2 0
182 LN -1 -1 -1 -1.000000 1 0
183 LN -1 -1 -1 -1.000000 1 0
184 LN -1 -1 -1 -1.000000 1 0
185 IN 186 195 3 0.500000 6 0
186 IN 187 192 14 0.500000 4 0
187 IN 188 191 6 0.500000 3 0
188 IN 189 190 10 0.500000 2 0
189 LN -1 -1 -1 -1.000000 1 0
190 LN -1 -1 -1 -1.000000 1 0
191 LN -1 -1 -1 -1.000000 1 0
192 IN 193 194 10 0.500000 2 0
193 LN -1 -1 -1 -1.000000 1 0
194 LN -1 -1 -1 -1.000000 1 0
195 IN 196 203 6 0.500000 5 0
196 IN 197 200 10 0.500000 3 0
197 IN 198 199 14 0.500000 2 0
198 LN -1 -1 -1 -1.000000 1 0
199 LN -1 -1 -1 -1.000000 1 0
200 IN 201 202 14 0.500000 2 0
201 LN -1 -1 -1 -1.000000 1 0
202 LN -1 -1 -1 -1.000000 1 0
203 IN 204 205 11 0.500000 4 0
204 LN -1 -1 -1 -1.000000 1 0
205 IN 206 209 10 0.500000 3 0
206 IN 207 208 14 0.500000 2 0
207 LN -1 -1 -1 -1.000000 1 0
208 LN -1 -1 -1 -1.000000 1 1
209 LN -1 -1 -1 -1.000000 1 0
210 IN 211 212 15 0.500000 5 0
211 LN -1 -1 -1 -1.000000 1 0
212 IN 213 216 3 0.500000 4 0
213 IN 214 215 14 0.500000 2 0
214 LN -1 -1 -1 -1.000000 1 0
215 LN -1 -1 -1 -1.000000 1 1
216 IN 217 220 6 0.500000 3 0
217 IN 218 219 14 0.500000 2 0
218 LN -1 -1 -1 -1.000000 1 0
219 LN -1 -1 -1 -1.000000 1 1
220 LN -1 -1 -1 -1.000000 1 0
221 IN 222 265 6 0.500000 8 0
222 IN 223 250 14 0.500000 7 0
223 IN 224 239 9 0.500000 5 0
224 IN 225 232 10 0.500000 4 0
225 IN 226 229 15 0.500000 3 0
226 IN 227 228 3 0.500000 2 0
227 LN -1 -1 -1 -1.000000 1 0
228 LN -1 -1 -1 -1.000000 1 0
229 IN 230 231 3 0.500000 2 1
230 LN -1 -1 -1 -1.000000 1 1
231 LN -1 -1 -1 -1.000000 1 1
232 IN 233 236 15 0.500000 3 0
233 IN 234 235 3 0.500000 2 0
234 LN -1 -1 -1 -1.000000 1 0
235 LN -1 -1 -1 -1.000000 1 0
236 IN 237 238 3 0.500000 2 0
237 LN -1 -1 -1 -1.000000 1 0
238 LN -1 -1 -1 -1.000000 1 0
239 IN 240 245 15 0.500000 4 0
240 IN 241 242 3 0.500000 3 0
241 LN -1 -1 -1 -1.000000 1 0
242 IN 243 244 10 0.500000 2 0
243 LN -1 -1 -1 -1.000000 1 0
244 LN -1 -1 -1 -1.000000 1 0
245 IN 246 249 10 0.500000 3 0
246 IN 247 248 3 0.500000 2 1
247 LN -1 -1 -1 -1.000000 1 1
248 LN -1 -1 -1 -1.000000 1 0
249 LN -1 -1 -1 -1.000000 1 0
250 IN 251 264 16 0.500000 6 0
251 IN 252 257 10 0.500000 5 0
252 IN 253 256 9 0.500000 3 0
253 IN 254 255 3 0.500000 2 0
254 LN -1 -1 -1 -1.000000 1 0
255 LN -1 -1 -1 -1.000000 1 0
256 LN -1 -1 -1 -1.000000 1 0
257 IN 258 259 15 0.500000 4 0
258 LN -1 -1 -1 -1.000000 1 0
259 IN 260 263 3 0.500000 3 0
260 IN 261 262 9 0.500000 2 0
261 LN -1 -1 -1 -1.000000 1 0
262 LN -1 -1 -1 -1.000000 1 1
263 LN -1 -1 -1 -1.000000 1 0
264 LN -1 -1 -1 -1.000000 1 0
265 IN 266 277 9 0.500000 6 0
266 IN 267 274 14 0.500000 5 0
267 IN 268 269 3 0.500000 4 0
268 LN -1 -1 -1 -1.000000 1 0
269 IN 270 271 10 0.500000 3 0
270 LN -1 -1 -1 -1.000000 1 0
271 IN 272 273 15 0.500000 2 0
272 LN -1 -1 -1 -1.000000 1 0
273 LN -1 -1 -1 -1.000000 1 0
274 IN 275 276 10 0.500000 2 0
275 LN -1 -1 -1 -1.000000 1 0
276 LN -1 -1 -1 -1.000000 1 1
277 IN 278 287 16 0.500000 5 0
278 IN 279 282 10 0.500000 4 0
279 IN 280 281 15 0.500000 2 0
280 LN -1 -1 -1 -1.000000 1 0
281 LN -1 -1 -1 -1.000000 1 0
282 IN 283 286 14 0.500000 3 0
283 IN 284 285 15 0.500000 2 0
284 LN -1 -1 -1 -1.000000 1 0
285 LN -1 -1 -1 -1.000000 1 0
286 LN -1 -1 -1 -1.000000 1 0
287 LN -1 -1 -1 -1.000000 1 0
288 IN 289 538 4 0.500000 13 0
289 IN 290 311 5 0.500000 12 0
290 IN 291 292 11 0.500000 8 0
291 LN -1 -1 -1 -1.000000 1 0
292 IN 293 310 3 0.500000 7 0
293 IN 294 295 14 0.500000 6 0
294 LN -1 -1 -1 -1.000000 1 0
295 IN 296 303 10 0.500000 5 0
296 IN 297 302 1 0.500000 4 0
297 IN 298 299 15 0.500000 3 0
298 LN -1 -1 -1 -1.000000 1 0
299 IN 300 301 7 0.500000 2 0
300 LN -1 -1 -1 -1.000000 1 0
301 LN -1 -1 -1 -1.000000 1 0
302 LN -1 -1 -1 -1.000000 1 0
303 IN 304 305 7 0.500000 4 0
304 LN -1 -1 -1 -1.000000 1 0
305 IN 306 307 9 0.500000 3 0
306 LN -1 -1 -1 -1.000000 1 0
307 IN 308 309 1 0.500000 2 0
308 LN -1 -1 -1 -1.000000 1 0
309 LN -1 -1 -1 -1.000000 1 1
310 LN -1 -1 -1 -1.000000 1 0
311 IN 312 459 1 0.500000 11 0
312 IN 313 366 7 0.500000 10 0
313 IN 314 325 15 0.500000 7 0
314 IN 315 324 14 0.500000 6 0
315 IN 316 317 9 0.500000 5 0
316 LN -1 -1 -1 -1.000000 1 0
317 IN 318 319 11 0.500000 4 0
318 LN -1 -1 -1 -1.000000 1 0
319 IN 320 321 10 0.500000 3 0
320 LN -1 -1 -1 -1.000000 1 0
321 IN 322 323 3 0.500000 2 0
322 LN -1 -1 -1 -1.000000 1 1
323 LN -1 -1 -1 -1.000000 1 0
324 LN -1 -1 -1 -1.000000 1 0
325 IN 326 355 16 0.500000 6 0
326 IN 327 340 10 0.500000 5 0
327 IN 328 333 3 0.500000 4 0
328 IN 329 330 9 0.500000 3 0
329 LN -1 -1 -1 -1.000000 1 0
330 IN 331 332 14 0.500000 2 0
331 LN -1 -1 -1 -1.000000 1 0
332 LN -1 -1 -1 -1.000000 1 0
333 IN 334 337 9 0.500000 3 0
334 IN 335 336 14 0.500000 2 0
335 LN -1 -1 -1 -1.000000 1 0
336 LN -1 -1 -1 -1.000000 1 0
337 IN 338 339 14 0.500000 2 0
338 LN -1 -1 -1 -1.000000 1 0
339 LN -1 -1 -1 -1.000000 1 0
340 IN 341 348 3 0.500000 4 0
341 IN 342 345 9 0.500000 3 0
342 IN 343 344 14 0.500000 2 0
343 LN -1 -1 -1 -1.000000 1 0
344 LN -1 -1 -1 -1.000000 1 0
345 IN 346 347 14 0.500000 2 0
346 LN -1 -1 -1 -1.000000 1 0
347 LN -1 -1 -1 -1.000000 1 0
348 IN 349 352 14 0.500000 3 0
349 IN 350 351 9 0.500000 2 0
350 LN -1 -1 -1 -1.000000 1 0
351 LN -1 -1 -1 -1.000000 1 0
352 IN 353 354 9 0.500000 2 0
353 LN -1 -1 -1 -1.000000 1 0
354 LN -1 -1 -1 -1.000000 1 0
355 IN 356 361 3 0.500000 4 0
356 IN 357 358 9 0.500000 3 0
357 LN -1 -1 -1 -1.000000 1 0
358 IN 359 360 10 0.500000 2 1
359 LN -1 -1 -1 -1.000000 1 0
360 LN -1 -1 -1 -1.000000 1 1
361 IN 362 363 14 0.500000 3 0
362 LN -1 -1 -1 -1.000000 1 0
363 IN 364 365 10 0.500000 2 1
364 LN -1 -1 -1 -1.000000 1 1
365 LN -1 -1 -1 -1.000000 1 0
366 IN 367 396 9 0.500000 9 0
367 IN 368 379 10 0.500000 7 0
368 IN 369 378 16 0.500000 5 0
369 IN 370 373 14 0.500000 4 0
370 IN 371 372 3 0.500000 2 0
371 LN -1 -1 -1 -1.000000 1 0
372 LN -1 -1 -1 -1.000000 1 0
373 IN 374 377 6 0.500000 3 0
374 IN 375 376 3 0.500000 2 0
375 LN -1 -1 -1 -1.000000 1 0
376 LN -1 -1 -1 -1.000000 1 0
377 LN -1 -1 -1 -1.000000 1 0
378 LN -1 -1 -1 -1.000000 1 0
379 IN 380 393 6 0.500000 6 0
380 IN 381 382 15 0.500000 5 0
381 LN -1 -1 -1 -1.000000 1 0
382 IN 383 388 16 0.500000 4 0
383 IN 384 387 3 0.500000 3 0
384 IN 385 386 14 0.500000 2 0
385 LN -1 -1 -1 -1.000000 1 0
386 LN -1 -1 -1 -1.000000 1 0
387 LN -1 -1 -1 -1.000000 1 0
388 IN 389 392 3 0.500000 3 0
389 IN 390 391 14 0.500000 2 0
390 LN -1 -1 -1 -1.000000 1 0
391 LN -1 -1 -1 -1.000000 1 0
392 LN -1 -1 -1 -1.000000 1 0
393 IN 394 395 14 0.500000 2 0
394 LN -1 -1 -1 -1.000000 1 1
395 LN -1 -1 -1 -1.000000 1 0
396 IN 397 418 3 0.500000 8 0
397 IN 398 417 6 0.500000 7 0
398 IN 399 404 15 0.500000 6 0
399 IN 400 401 10 0.500000 3 0
400 LN -1 -1 -1 -1.000000 1 0
401 IN 402 403 14 0.500000 2 0
402 LN -1 -1 -1 -1.000000 1 0
403 LN -1 -1 -1 -1.000000 1 0
404 IN 405 412 14 0.500000 5 0
405 IN 406 407 11 0.500000 4 0
406 LN -1 -1 -1 -1.000000 1 0
407 IN 408 411 16 0.500000 3 0
408 IN 409 410 10 0.500000 2 0
409 LN -1 -1 -1 -1.000000 1 0
410 LN -1 -1 -1 -1.000000 1 0
411 LN -1 -1 -1 -1.000000 1 0
412 IN 413 414 10 0.500000 3 0
413 LN -1 -1 -1 -1.000000 1 1
414 IN 415 416 16 0.500000 2 0
415 LN -1 -1 -1 -1.000000 1 0
416 LN -1 -1 -1 -1.000000 1 0
417 LN -1 -1 -1 -1.000000 1 0
418 IN 419 436 15 0.500000 6 0
419 IN 420 425 10 0.500000 5 0
420 IN 421 424 14 0.500000 3 0
421 IN 422 423 6 0.500000 2 0
422 LN -1 -1 -1 -1.000000 1 0
423 LN -1 -1 -1 -1.000000 1 0
424 LN -1 -1 -1 -1.000000 1 0
425 IN 426 431 16 0.500000 4 0
426 IN 427 430 14 0.500000 3 0
427 IN 428 429 6 0.500000 2 0
428 LN -1 -1 -1 -1.000000 1 0
429 LN -1 -1 -1 -1.000000 1 0
430 LN -1 -1 -1 -1.000000 1 1
431 IN 432 435 6 0.500000 3 0
432 IN 433 434 14 0.500000 2 1
433 LN -1 -1 -1 -1.000000 1 1
434 LN -1 -1 -1 -1.000000 1 0
435 LN -1 -1 -1 -1.000000 1 0
436 IN 437 446 10 0.500000 5 0
437 IN 438 445 16 0.500000 4 0
438 IN 439 442 14 0.500000 3 0
439 IN 440 441 6 0.500000 2 0
440 LN -1 -1 -1 -1.000000 1 0
441 LN -1 -1 -1 -1.000000 1 0
442 IN 443 444 6 0.500000 2 0
443 LN -1 -1 -1 -1.000000 1 0
444 LN -1 -1 -1 -1.000000 1 1
445 LN -1 -1 -1 -1.000000 1 0
446 IN 447 452 14 0.500000 4 0
447 IN 448 451 16 0.500000 3 0
448 IN 449 450 6 0.500000 2 0
449 LN -1 -1 -1 -1.000000 1 0
450 LN -1 -1 -1 -1.000000 1 0
451 LN -1 -1 -1 -1.000000 1 0
452 IN 453 456 16 0.500000 3 1
453 IN 454 455 6 0.500000 2 1
454 LN -1 -1 -1 -1.000000 1 1
455 LN -1 -1 -1 -1.000000 1 0
456 IN 457 458 6 0.500000 2 1
457 LN -1 -1 -1 -1.000000 1 0
458 LN -1 -1 -1 -1.000000 1 1
459 IN 460 493 10 0.500000 9 0
460 IN 461 464 9 0.500000 8 0
461 IN 462 463 15 0.500000 2 1
462 LN -1 -1 -1 -1.000000 1 1
463 LN -1 -1 -1 -1.000000 1 0
464 IN 465 488 6 0.500000 7 0
465 IN 466 475 15 0.500000 6 0
466 IN 467 468 11 0.500000 5 0
467 LN -1 -1 -1 -1.000000 1 0
468 IN 469 474 16 0.500000 4 0
469 IN 470 471 14 0.500000 3 0
470 LN -1 -1 -1 -1.000000 1 0
471 IN 472 473 7 0.500000 2 0
472 LN -1 -1 -1 -1.000000 1 1
473 LN -1 -1 -1 -1.000000 1 0
474 LN -1 -1 -1 -1.000000 1 0
475 IN 476 477 7 0.500000 5 0
476 LN -1 -1 -1 -1.000000 1 0
477 IN 478 481 3 0.500000 4 0
478 IN 479 480 14 0.500000 2 0
479 LN -1 -1 -1 -1.000000 1 0
480 LN -1 -1 -1 -1.000000 1 0
481 IN 482 485 14 0.500000 3 0
482 IN 483 484 16 0.500000 2 0
483 LN -1 -1 -1 -1.000000 1 0
484 LN -1 -1 -1 -1.000000 1 1
485 IN 486 487 16 0.500000 2 0
486 LN -1 -1 -1 -1.000000 1 0
487 LN -1 -1 -1 -1.000000 1 1
488 IN 489 490 15 0.500000 3 0
489 LN -1 -1 -1 -1.000000 1 0
490 IN 491 492 14 0.500000 2 0
491 LN -1 -1 -1 -1.000000 1 0
492 LN -1 -1 -1 -1.000000 1 1
493 IN 494 503 15 0.500000 8 0
494 IN 495 502 14 0.500000 5 0
495 IN 496 501 16 0.500000 4 0
496 IN 497 500 3 0.500000 3 0
497 IN 498 499 7 0.500000 2 0
498 LN -1 -1 -1 -1.000000 1 1
499 LN -1 -1 -1 -1.000000 1 0
500 LN -1 -1 -1 -1.000000 1 0
501 LN -1 -1 -1 -1.000000 1 1
502 LN -1 -1 -1 -1.000000 1 0
503 IN 504 521 16 0.500000 7 1
504 IN 505 508 14 0.500000 6 0
505 IN 506 507 3 0.500000 2 0
506 LN -1 -1 -1 -1.000000 1 0
507 LN -1 -1 -1 -1.000000 1 0
508 IN 509 520 6 0.500000 5 0
509 IN 510 517 3 0.500000 4 0
510 IN 511 514 7 0.500000 3 1
511 IN 512 513 9 0.500000 2 0
512 LN -1 -1 -1 -1.000000 1 0
513 LN -1 -1 -1 -1.000000 1 0
514 IN 515 516 9 0.500000 2 1
515 LN -1 -1 -1 -1.000000 1 1
516 LN -1 -1 -1 -1.000000 1 1
517 IN 518 519 7 0.500000 2 0
518 LN -1 -1 -1 -1.000000 1 0
519 LN -1 -1 -1 -1.000000 1 0
520 LN -1 -1 -1 -1.000000 1 0
521 IN 522 537 6 0.500000 6 1
522 IN 523 530 7 0.500000 5 1
523 IN 524 525 14 0.500000 4 1
524 LN -1 -1 -1 -1.000000 1 0
525 IN 526 529 3 0.500000 3 1
526 IN 527 528 9 0.500000 2 1
527 LN -1 -1 -1 -1.000000 1 0
528 LN -1 -1 -1 -1.000000 1 1
529 LN -1 -1 -1 -1.000000 1 1
530 IN 531 532 9 0.500000 4 1
531 LN -1 -1 -1 -1.000000 1 0
532 IN 533 536 3 0.500000 3 1
533 IN 534 535 14 0.500000 2 1
534 LN -1 -1 -1 -1.000000 1 1
535 LN -1 -1 -1 -1.000000 1 0
536 LN -1 -1 -1 -1.000000 1 1
537 LN -1 -1 -1 -1.000000 1 0
538 IN 539 588 7 0.500000 10 0
539 IN 540 569 3 0.500000 8 0
540 IN 541 554 9 0.500000 7 0
541 IN 542 551 16 0.500000 6 0
542 IN 543 544 15 0.500000 5 0
543 LN -1 -1 -1 -1.000000 1 0
544 IN 545 546 14 0.500000 4 0
545 LN -1 -1 -1 -1.000000 1 0
546 IN 547 550 1 0.500000 3 0
547 IN 548 549 10 0.500000 2 0
548 LN -1 -1 -1 -1.000000 1 0
549 LN -1 -1 -1 -1.000000 1 0
550 LN -1 -1 -1 -1.000000 1 0
551 IN 552 553 14 0.500000 2 0
552 LN -1 -1 -1 -1.000000 1 1
553 LN -1 -1 -1 -1.000000 1 0
554 IN 555 562 15 0.500000 5 0
555 IN 556 561 1 0.500000 4 0
556 IN 557 558 11 0.500000 3 0
557 LN -1 -1 -1 -1.000000 1 0
558 IN 559 560 10 0.500000 2 1
559 LN -1 -1 -1 -1.000000 1 1
560 LN -1 -1 -1 -1.000000 1 0
561 LN -1 -1 -1 -1.000000 1 0
562 IN 563 564 10 0.500000 4 0
563 LN -1 -1 -1 -1.000000 1 0
564 IN 565 568 1 0.500000 3 0
565 IN 566 567 14 0.500000 2 1
566 LN -1 -1 -1 -1.000000 1 1
567 LN -1 -1 -1 -1.000000 1 0
568 LN -1 -1 -1 -1.000000 1 0
569 IN 570 579 14 0.500000 6 0
570 IN 571 574 10 0.500000 4 0
571 IN 572 573 15 0.500000 2 1
572 LN -1 -1 -1 -1.000000 1 1
573 LN -1 -1 -1 -1.000000 1 0
574 IN 575 578 15 0.500000 3 0
575 IN 576 577 9 0.500000 2 0
576 LN -1 -1 -1 -1.000000 1 0
577 LN -1 -1 -1 -1.000000 1 1
578 LN -1 -1 -1 -1.000000 1 0
579 IN 580 581 15 0.500000 5 0
580 LN -1 -1 -1 -1.000000 1 0
581 IN 582 583 10 0.500000 4 0
582 LN -1 -1 -1 -1.000000 1 0
583 IN 584 587 1 0.500000 3 0
584 IN 585 586 9 0.500000 2 0
585 LN -1 -1 -1 -1.000000 1 0
586 LN -1 -1 -1 -1.000000 1 1
587 LN -1 -1 -1 -1.000000 1 0
588 IN 589 642 14 0.500000 9 0
589 IN 590 625 6 0.500000 8 0
590 IN 591 602 9 0.500000 7 0
591 IN 592 599 1 0.500000 5 0
592 IN 593 598 16 0.500000 4 0
593 IN 594 595 15 0.500000 3 0
594 LN -1 -1 -1 -1.000000 1 0
595 IN 596 597 10 0.500000 2 0
596 LN -1 -1 -1 -1.000000 1 1
597 LN -1 -1 -1 -1.000000 1 0
598 LN -1 -1 -1 -1.000000 1 0
599 IN 600 601 11 0.500000 2 0
600 LN -1 -1 -1 -1.000000 1 1
601 LN -1 -1 -1 -1.000000 1 0
602 IN 603 624 16 0.500000 6 0
603 IN 604 615 3 0.500000 5 0
604 IN 605 612 1 0.500000 4 0
605 IN 606 609 10 0.500000 3 0
606 IN 607 608 15 0.500000 2 0
607 LN -1 -1 -1 -1.000000 1 0
608 LN -1 -1 -1 -1.000000 1 0
609 IN 610 611 15 0.500000 2 1
610 LN -1 -1 -1 -1.000000 1 1
611 LN -1 -1 -1 -1.000000 1 0
612 IN 613 614 15 0.500000 2 0
613 LN -1 -1 -1 -1.000000 1 0
614 LN -1 -1 -1 -1.000000 1 0
615 IN 616 619 15 0.500000 4 0
616 IN 617 618 10 0.500000 2 0
617 LN -1 -1 -1 -1.000000 1 1
618 LN -1 -1 -1 -1.000000 1 0
619 IN 620 623 1 0.500000 3 1
620 IN 621 622 10 0.500000 2 0
621 LN -1 -1 -1 -1.000000 1 0
622 LN -1 -1 -1 -1.000000 1 1
623 LN -1 -1 -1 -1.000000 1 1
624 LN -1 -1 -1 -1.000000 1 1
625 IN 626 633 10 0.500000 6 0
626 IN 627 630 15 0.500000 3 0
627 IN 628 629 9 0.500000 2 0
628 LN -1 -1 -1 -1.000000 1 0
629 LN -1 -1 -1 -1.000000 1 0
630 IN 631 632 9 0.500000 2 0
631 LN -1 -1 -1 -1.000000 1 0
632 LN -1 -1 -1 -1.000000 1 1
633 IN 634 635 3 0.500000 5 0
634 LN -1 -1 -1 -1.000000 1 0
635 IN 636 641 16 0.500000 4 0
636 IN 637 638 15 0.500000 3 0
637 LN -1 -1 -1 -1.000000 1 0
638 IN 639 640 1 0.500000 2 0
639 LN -1 -1 -1 -1.000000 1 0
640 LN -1 -1 -1 -1.000000 1 0
641 LN -1 -1 -1 -1.000000 1 0
642 IN 643 662 3 0.500000 8 1
643 IN 644 651 10 0.500000 6 1
644 IN 645 646 15 0.500000 4 0
645 LN -1 -1 -1 -1.000000 1 0
646 IN 647 648 1 0.500000 3 0
647 LN -1 -1 -1 -1.000000 1 0
648 IN 649 650 9 0.500000 2 1
649 LN -1 -1 -1 -1.000000 1 0
650 LN -1 -1 -1 -1.000000 1 1
651 IN 652 653 15 0.500000 5 1
652 LN -1 -1 -1 -1.000000 1 1
653 IN 654 657 1 0.500000 4 1
654 IN 655 656 9 0.500000 2 1
655 LN -1 -1 -1 -1.000000 1 0
656 LN -1 -1 -1 -1.000000 1 1
657 IN 658 659 9 0.500000 3 1
658 LN -1 -1 -1 -1.000000 1 1
659 IN 660 661 16 0.500000 2 1
660 LN -1 -1 -1 -1.000000 1 1
661 LN -1 -1 -1 -1.000000 1 1
662 IN 663 676 10 0.500000 7 0
663 IN 664 667 9 0.500000 5 1
664 IN 665 666 6 0.500000 2 0
665 LN -1 -1 -1 -1.000000 1 1
666 LN -1 -1 -1 -1.000000 1 0
667 IN 668 673 6 0.500000 4 1
668 IN 669 670 16 0.500000 3 0
669 LN -1 -1 -1 -1.000000 1 0
670 IN 671 672 1 0.500000 2 0
671 LN -1 -1 -1 -1.000000 1 1
672 LN -1 -1 -1 -1.000000 1 0
673 IN 674 675 1 0.500000 2 1
674 LN -1 -1 -1 -1.000000 1 1
675 LN -1 -1 -1 -1.000000 1 0
676 IN 677 690 6 0.500000 6 0
677 IN 678 685 16 0.500000 5 0
678 IN 679 680 15 0.500000 4 0
679 LN -1 -1 -1 -1.000000 1 1
680 IN 681 682 9 0.500000 3 0
681 LN -1 -1 -1 -1.000000 1 0
682 IN 683 684 1 0.500000 2 0
683 LN -1 -1 -1 -1.000000 1 0
684 LN -1 -1 -1 -1.000000 1 0
685 IN 686 689 1 0.500000 3 0
686 IN 687 688 9 0.500000 2 0
687 LN -1 -1 -1 -1.000000 1 1
688 LN -1 -1 -1 -1.000000 1 0
689 LN -1 -1 -1 -1.000000 1 0
690 IN 691 696 16 0.500000 4 1
691 IN 692 693 9 0.500000 3 1
692 LN -1 -1 -1 -1.000000 1 0
693 IN 694 695 1 0.500000 2 1
694 LN -1 -1 -1 -1.000000 1 1
695 LN -1 -1 -1 -1.000000 1 1
696 IN 697 698 1 0.500000 2 0
697 LN -1 -1 -1 -1.000000 1 0
698 LN -1 -1 -1 -1.000000 1 0
699 IN 700 705 9 0.500000 10 1
700 IN 701 704 10 0.500000 3 0
701 IN 702 703 4 0.500000 2 0
702 LN -1 -1 -1 -1.000000 1 0
703 LN -1 -1 -1 -1.000000 1 1
704 LN -1 -1 -1 -1.000000 1 0
705 IN 706 709 7 0.500000 9 1
706 IN 707 708 4 0.500000 2 0
707 LN -1 -1 -1 -1.000000 1 1
708 LN -1 -1 -1 -1.000000 1 0
709 IN 710 711 15 0.500000 8 1
710 LN -1 -1 -1 -1.000000 1 0
711 IN 712 725 10 0.500000 7 1
712 IN 713 724 16 0.500000 5 1
713 IN 714 719 3 0.500000 4 1
714 IN 715 716 14 0.500000 3 1
715 LN -1 -1 -1 -1.000000 1 1
716 IN 717 718 4 0.500000 2 1
717 LN -1 -1 -1 -1.000000 1 0
718 LN -1 -1 -1 -1.000000 1 1
719 IN 720 721 6 0.500000 3 1
720 LN -1 -1 -1 -1.000000 1 1
721 IN 722 723 4 0.500000 2 1
722 LN -1 -1 -1 -1.000000 1 1
723 LN -1 -1 -1 -1.000000 1 1
724 LN -1 -1 -1 -1.000000 1 1
725 IN 726 739 16 0.500000 6 1
726 IN 727 736 6 0.500000 5 1
727 IN 728 731 14 0.500000 4 0
728 IN 729 730 3 0.500000 2 0
729 LN -1 -1 -1 -1.000000 1 0
730 LN -1 -1 -1 -1.000000 1 1
731 IN 732 733 4 0.500000 3 0
732 LN -1 -1 -1 -1.000000 1 1
733 IN 734 735 3 0.500000 2 0
734 LN -1 -1 -1 -1.000000 1 0
735 LN -1 -1 -1 -1.000000 1 0
736 IN 737 738 14 0.500000 2 1
737 LN -1 -1 -1 -1.000000 1 0
738 LN -1 -1 -1 -1.000000 1 1
739 IN 740 745 6 0.500000 4 1
740 IN 741 744 4 0.500000 3 0
741 IN 742 743 3 0.500000 2 1
742 LN -1 -1 -1 -1.000000 1 1
743 LN -1 -1 -1 -1.000000 1 0
744 LN -1 -1 -1 -1.000000 1 0
745 LN -1 -1 -1 -1.000000 1 1
746 IN 747 996 14 0.500000 14 0
747 IN 748 895 4 0.500000 12 0
748 IN 749 804 7 0.500000 10 0
749 IN 750 755 11 0.500000 9 0
750 IN 751 754 1 0.500000 3 0
751 IN 752 753 2 0.500000 2 0
752 LN -1 -1 -1 -1.000000 1 0
753 LN -1 -1 -1 -1.000000 1 1
754 LN -1 -1 -1 -1.000000 1 0
755 IN 756 791 3 0.500000 8 0
756 IN 757 790 1 0.500000 7 0
757 IN 758 771 15 0.500000 6 0
758 IN 759 764 9 0.500000 5 0
759 IN 760 761 2 0.500000 3 0
760 LN -1 -1 -1 -1.000000 1 0
761 IN 762 763 10 0.500000 2 0
762 LN -1 -1 -1 -1.000000 1 0
763 LN -1 -1 -1 -1.000000 1 0
764 IN 765 766 5 0.500000 4 0
765 LN -1 -1 -1 -1.000000 1 0
766 IN 767 768 2 0.500000 3 0
767 LN -1 -1 -1 -1.000000 1 0
768 IN 769 770 10 0.500000 2 0
769 LN -1 -1 -1 -1.000000 1 0
770 LN -1 -1 -1 -1.000000 1 1
771 IN 772 779 5 0.500000 5 0
772 IN 773 778 2 0.500000 4 0
773 IN 774 777 9 0.500000 3 0
774 IN 775 776 10 0.500000 2 0
775 LN -1 -1 -1 -1.000000 1 1
776 LN -1 -1 -1 -1.000000 1 0
777 LN -1 -1 -1 -1.000000 1 0
778 LN -1 -1 -1 -1.000000 1 0
779 IN 780 785 2 0.500000 4 0
780 IN 781 784 9 0.500000 3 0
781 IN 782 783 10 0.500000 2 0
782 LN -1 -1 -1 -1.000000 1 0
783 LN -1 -1 -1 -1.000000 1 0
784 LN -1 -1 -1 -1.000000 1 0
785 IN 786 787 9 0.500000 3 0
786 LN -1 -1 -1 -1.000000 1 0
787 IN 788 789 10 0.500000 2 0
788 LN -1 -1 -1 -1.000000 1 0
789 LN -1 -1 -1 -1.000000 1 0
790 LN -1 -1 -1 -1.000000 1 0
791 IN 792 793 15 0.500000 5 0
792 LN -1 -1 -1 -1.000000 1 0
793 IN 794 799 9 0.500000 4 0
794 IN 795 796 2 0.500000 3 0
795 LN -1 -1 -1 -1.000000 1 0
796 IN 797 798 10 0.500000 2 0
797 LN -1 -1 -1 -1.000000 1 1
798 LN -1 -1 -1 -1.000000 1 0
799 IN 800 801 2 0.500000 3 0
800 LN -1 -1 -1 -1.000000 1 0
801 IN 802 803 10 0.500000 2 0
802 LN -1 -1 -1 -1.000000 1 0
803 LN -1 -1 -1 -1.000000 1 0
804 IN 805 868 6 0.500000 9 0
805 IN 806 857 1 0.500000 8 0
806 IN 807 814 5 0.500000 7 0
807 IN 808 809 15 0.500000 4 0
808 LN -1 -1 -1 -1.000000 1 0
809 IN 810 811 10 0.500000 3 0
810 LN -1 -1 -1 -1.000000 1 0
811 IN 812 813 2 0.500000 2 0
812 LN -1 -1 -1 -1.000000 1 0
813 LN -1 -1 -1 -1.000000 1 1
814 IN 815 832 10 0.500000 6 0
815 IN 816 825 2 0.500000 5 0
816 IN 817 820 9 0.500000 4 0
817 IN 818 819 3 0.500000 2 1
818 LN -1 -1 -1 -1.000000 1 0
819 LN -1 -1 -1 -1.000000 1 1
820 IN 821 822 3 0.500000 3 0
821 LN -1 -1 -1 -1.000000 1 0
822 IN 823 824 15 0.500000 2 0
823 LN -1 -1 -1 -1.000000 1 0
824 LN -1 -1 -1 -1.000000 1 0
825 IN 826 827 15 0.500000 4 0
826 LN -1 -1 -1 -1.000000 1 0
827 IN 828 829 9 0.500000 3 0
828 LN -1 -1 -1 -1.000000 1 0
829 IN 830 831 3 0.500000 2 0
830 LN -1 -1 -1 -1.000000 1 0
831 LN -1 -1 -1 -1.000000 1 1
832 IN 833 846 3 0.500000 5 0
833 IN 834 841 2 0.500000 4 0
834 IN 835 838 15 0.500000 3 0
835 IN 836 837 9 0.500000 2 0
836 LN -1 -1 -1 -1.000000 1 0
837 LN -1 -1 -1 -1.000000 1 0
838 IN 839 840 9 0.500000 2 0
839 LN -1 -1 -1 -1.000000 1 0
840 LN -1 -1 -1 -1.000000 1 0
841 IN 842 845 16 0.500000 3 0
842 IN 843 844 9 0.500000 2 0
843 LN -1 -1 -1 -1.000000 1 0
844 LN -1 -1 -1 -1.000000 1 0
845 LN -1 -1 -1 -1.000000 1 1
846 IN 847 852 15 0.500000 4 0
847 IN 848 851 2 0.500000 3 0
848 IN 849 850 9 0.500000 2 0
849 LN -1 -1 -1 -1.000000 1 1
850 LN -1 -1 -1 -1.000000 1 0
851 LN -1 -1 -1 -1.000000 1 1
852 IN 853 854 9 0.500000 3 0
853 LN -1 -1 -1 -1.000000 1 0
854 IN 855 856 2 0.500000 2 0
855 LN -1 -1 -1 -1.000000 1 1
856 LN -1 -1 -1 -1.000000 1 0
857 IN 858 867 16 0.500000 6 1
858 IN 859 860 15 0.500000 5 1
859 LN -1 -1 -1 -1.000000 1 1
860 IN 861 866 0 0.500000 4 0
861 IN 862 863 9 0.500000 3 0
862 LN -1 -1 -1 -1.000000 1 0
863 IN 864 865 10 0.500000 2 0
864 LN -1 -1 -1 -1.000000 1 0
865 LN -1 -1 -1 -1.000000 1 1
866 LN -1 -1 -1 -1.000000 1 1
867 LN -1 -1 -1 -1.000000 1 1
868 IN 869 878 15 0.500000 7 1
869 IN 870 871 9 0.500000 4 0
870 LN -1 -1 -1 -1.000000 1 0
871 IN 872 875 10 0.500000 3 0
872 IN 873 874 2 0.500000 2 0
873 LN -1 -1 -1 -1.000000 1 0
874 LN -1 -1 -1 -1.000000 1 0
875 IN 876 877 2 0.500000 2 0
876 LN -1 -1 -1 -1.000000 1 0
877 LN -1 -1 -1 -1.000000 1 0
878 IN 879 884 2 0.500000 6 1
879 IN 880 881 10 0.500000 3 0
880 LN -1 -1 -1 -1.000000 1 0
881 IN 882 883 9 0.500000 2 0
882 LN -1 -1 -1 -1.000000 1 0
883 LN -1 -1 -1 -1.000000 1 0
884 IN 885 886 9 0.500000 5 1
885 LN -1 -1 -1 -1.000000 1 1
886 IN 887 892 1 0.500000 4 1
887 IN 888 891 10 0.500000 3 1
888 IN 889 890 3 0.500000 2 1
889 LN -1 -1 -1 -1.000000 1 1
890 LN -1 -1 -1 -1.000000 1 1
891 LN -1 -1 -1 -1.000000 1 0
892 IN 893 894 10 0.500000 2 1
893 LN -1 -1 -1 -1.000000 1 0
894 LN -1 -1 -1 -1.000000 1 1
895 IN 896 931 2 0.500000 11 0
896 IN 897 920 9 0.500000 7 0
897 IN 898 917 6 0.500000 6 0
898 IN 899 908 7 0.500000 5 0
899 IN 900 901 10 0.500000 4 0
900 LN -1 -1 -1 -1.000000 1 0
901 IN 902 905 3 0.500000 3 0
902 IN 903 904 15 0.500000 2 0
903 LN -1 -1 -1 -1.000000 1 0
904 LN -1 -1 -1 -1.000000 1 0
905 IN 906 907 15 0.500000 2 0
906 LN -1 -1 -1 -1.000000 1 0
907 LN -1 -1 -1 -1.000000 1 0
908 IN 909 912 10 0.500000 4 0
909 IN 910 911 15 0.500000 2 0
910 LN -1 -1 -1 -1.000000 1 0
911 LN -1 -1 -1 -1.000000 1 0
912 IN 913 916 15 0.500000 3 0
913 IN 914 915 3 0.500000 2 0
914 LN -1 -1 -1 -1.000000 1 0
915 LN -1 -1 -1 -1.000000 1 1
916 LN -1 -1 -1 -1.000000 1 0
917 IN 918 919 15 0.500000 2 0
918 LN -1 -1 -1 -1.000000 1 0
919 LN -1 -1 -1 -1.000000 1 1
920 IN 921 922 10 0.500000 5 0
921 LN -1 -1 -1 -1.000000 1 0
922 IN 923 926 3 0.500000 4 0
923 IN 924 925 16 0.500000 2 0
924 LN -1 -1 -1 -1.000000 1 0
925 LN -1 -1 -1 -1.000000 1 1
926 IN 927 928 15 0.500000 3 0
927 LN -1 -1 -1 -1.000000 1 0
928 IN 929 930 6 0.500000 2 1
929 LN -1 -1 -1 -1.000000 1 0
930 LN -1 -1 -1 -1.000000 1 1
931 IN 932 973 1 0.500000 10 1
932 IN 933 934 11 0.500000 8 1
933 LN -1 -1 -1 -1.000000 1 0
934 IN 935 946 10 0.500000 7 1
935 IN 936 945 6 0.500000 5 1
936 IN 937 944 3 0.500000 4 1
937 IN 938 941 7 0.500000 3 1
938 IN 939 940 9 0.500000 2 1
939 LN -1 -1 -1 -1.000000 1 1
940 LN -1 -1 -1 -1.000000 1 0
941 IN 942 943 9 0.500000 2 1
942 LN -1 -1 -1 -1.000000 1 1
943 LN -1 -1 -1 -1.000000 1 0
944 LN -1 -1 -1 -1.000000 1 1
945 LN -1 -1 -1 -1.000000 1 1
946 IN 947 966 6 0.500000 6 0
947 IN 948 953 7 0.500000 5 0
948 IN 949 950 9 0.500000 3 1
949 LN -1 -1 -1 -1.000000 1 0
950 IN 951 952 16 0.500000 2 1
951 LN -1 -1 -1 -1.000000 1 1
952 LN -1 -1 -1 -1.000000 1 1
953 IN 954 961 15 0.500000 4 0
954 IN 955 958 3 0.500000 3 0
955 IN 956 957 9 0.500000 2 0
956 LN -1 -1 -1 -1.000000 1 0
957 LN -1 -1 -1 -1.000000 1 0
958 IN 959 960 9 0.500000 2 0
959 LN -1 -1 -1 -1.000000 1 0
960 LN -1 -1 -1 -1.000000 1 0
961 IN 962 963 9 0.500000 3 1
962 LN -1 -1 -1 -1.000000 1 0
963 IN 964 965 3 0.500000 2 1
964 LN -1 -1 -1 -1.000000 1 1
965 LN -1 -1 -1 -1.000000 1 1
966 IN 967 968 3 0.500000 4 1
967 LN -1 -1 -1 -1.000000 1 0
968 IN 969 970 9 0.500000 3 1
969 LN -1 -1 -1 -1.000000 1 1
970 IN 971 972 15 0.500000 2 1
971 LN -1 -1 -1 -1.000000 1 0
972 LN -1 -1 -1 -1.000000 1 1
973 IN 974 995 16 0.500000 9 1
974 IN 975 978 15 0.500000 8 1
975 IN 976 977 6 0.500000 2 0
976 LN -1 -1 -1 -1.000000 1 1
977 LN -1 -1 -1 -1.000000 1 0
978 IN 979 994 6 0.500000 7 1
979 IN 980 993 3 0.500000 6 1
980 IN 981 988 9 0.500000 5 1
981 IN 982 983 10 0.500000 4 0
982 LN -1 -1 -1 -1.000000 1 0
983 IN 984 985 7 0.500000 3 0
984 LN -1 -1 -1 -1.000000 1 0
985 IN 986 987 0 0.500000 2 0
986 LN -1 -1 -1 -1.000000 1 0
987 LN -1 -1 -1 -1.000000 1 1
988 IN 989 990 7 0.500000 3 1
989 LN -1 -1 -1 -1.000000 1 1
990 IN 991 992 0 0.500000 2 1
991 LN -1 -1 -1 -1.000000 1 0
992 LN -1 -1 -1 -1.000000 1 1
993 LN -1 -1 -1 -1.000000 1 1
994 LN -1 -1 -1 -1.000000 1 1
995 LN -1 -1 -1 -1.000000 1 1
996 IN 997 1046 2 0.500000 13 1
997 IN 998 1027 3 0.500000 8 0
998 IN 999 1008 10 0.500000 7 0
999 IN 1000 1007 4 0.500000 5 0
1000 IN 1001 1002 5 0.500000 4 0
1001 LN -1 -1 -1 -1.000000 1 0
1002 IN 1003 1004 7 0.500000 3 0
1003 LN -1 -1 -1 -1.000000 1 0
1004 IN 1005 1006 6 0.500000 2 1
1005 LN -1 -1 -1 -1.000000 1 1
1006 LN -1 -1 -1 -1.000000 1 0
1007 LN -1 -1 -1 -1.000000 1 1
1008 IN 1009 1024 6 0.500000 6 0
1009 IN 1010 1017 7 0.500000 5 0
1010 IN 1011 1012 15 0.500000 4 0
1011 LN -1 -1 -1 -1.000000 1 0
1012 IN 1013 1016 4 0.500000 3 0
1013 IN 1014 1015 9 0.500000 2 0
1014 LN -1 -1 -1 -1.000000 1 0
1015 LN -1 -1 -1 -1.000000 1 1
1016 LN -1 -1 -1 -1.000000 1 0
1017 IN 1018 1019 15 0.500000 4 0
1018 LN -1 -1 -1 -1.000000 1 0
1019 IN 1020 1023 9 0.500000 3 0
1020 IN 1021 1022 4 0.500000 2 0
1021 LN -1 -1 -1 -1.000000 1 0
1022 LN -1 -1 -1 -1.000000 1 0
1023 LN -1 -1 -1 -1.000000 1 0
1024 IN 1025 1026 9 0.500000 2 0
1025 LN -1 -1 -1 -1.000000 1 0
1026 LN -1 -1 -1 -1.000000 1 1
1027 IN 1028 1045 16 0.500000 7 0
1028 IN 1029 1040 6 0.500000 6 0
1029 IN 1030 1039 4 0.500000 5 0
1030 IN 1031 1032 10 0.500000 4 0
1031 LN -1 -1 -1 -1.000000 1 0
1032 IN 1033 1036 9 0.500000 3 0
1033 IN 1034 1035 7 0.500000 2 0
1034 LN -1 -1 -1 -1.000000 1 1
1035 LN -1 -1 -1 -1.000000 1 0
1036 IN 1037 1038 7 0.500000 2 0
1037 LN -1 -1 -1 -1.000000 1 1
1038 LN -1 -1 -1 -1.000000 1 0
1039 LN -1 -1 -1 -1.000000 1 1
1040 IN 1041 1044 9 0.500000 3 1
1041 IN 1042 1043 10 0.500000 2 0
1042 LN -1 -1 -1 -1.000000 1 0
1043 LN -1 -1 -1 -1.000000 1 0
1044 LN -1 -1 -1 -1.000000 1 1
1045 LN -1 -1 -1 -1.000000 1 1
1046 IN 1047 1120 3 0.500000 12 1
1047 IN 1048 1069 9 0.500000 11 1
1048 IN 1049 1058 1 0.500000 6 0
1049 IN 1050 1053 7 0.500000 4 0
1050 IN 1051 1052 4 0.500000 2 0
1051 LN -1 -1 -1 -1.000000 1 0
1052 LN -1 -1 -1 -1.000000 1 0
1053 IN 1054 1055 4 0.500000 3 0
1054 LN -1 -1 -1 -1.000000 1 0
1055 IN 1056 1057 16 0.500000 2 0
1056 LN -1 -1 -1 -1.000000 1 0
1057 LN -1 -1 -1 -1.000000 1 1
1058 IN 1059 1068 0 0.500000 5 1
1059 IN 1060 1067 6 0.500000 4 0
1060 IN 1061 1064 16 0.500000 3 0
1061 IN 1062 1063 4 0.500000 2 0
1062 LN -1 -1 -1 -1.000000 1 1
1063 LN -1 -1 -1 -1.000000 1 0
1064 IN 1065 1066 10 0.500000 2 1
1065 LN -1 -1 -1 -1.000000 1 0
1066 LN -1 -1 -1 -1.000000 1 1
1067 LN -1 -1 -1 -1.000000 1 1
1068 LN -1 -1 -1 -1.000000 1 1
1069 IN 1070 1107 4 0.500000 10 1
1070 IN 1071 1078 5 0.500000 9 1
1071 IN 1072 1073 10 0.500000 4 1
1072 LN -1 -1 -1 -1.000000 1 0
1073 IN 1074 1077 16 0.500000 3 1
1074 IN 1075 1076 1 0.500000 2 1
1075 LN -1 -1 -1 -1.000000 1 1
1076 LN -1 -1 -1 -1.000000 1 0
1077 LN -1 -1 -1 -1.000000 1 1
1078 IN 1079 1106 6 0.500000 8 1
1079 IN 1080 1101 16 0.500000 7 1
1080 IN 1081 1086 7 0.500000 6 1
1081 IN 1082 1083 0 0.500000 3 1
1082 LN -1 -1 -1 -1.000000 1 1
1083 IN 1084 1085 10 0.500000 2 1
1084 LN -1 -1 -1 -1.000000 1 1
1085 LN -1 -1 -1 -1.000000 1 0
1086 IN 1087 1094 10 0.500000 5 1
1087 IN 1088 1089 1 0.500000 4 1
1088 LN -1 -1 -1 -1.000000 1 0
1089 IN 1090 1093 15 0.500000 3 1
1090 IN 1091 1092 0 0.500000 2 1
1091 LN -1 -1 -1 -1.000000 1 1
1092 LN -1 -1 -1 -1.000000 1 0
1093 LN -1 -1 -1 -1.000000 1 1
1094 IN 1095 1096 1 0.500000 4 1
1095 LN -1 -1 -1 -1.000000 1 1
1096 IN 1097 1100 0 0.500000 3 1
1097 IN 1098 1099 15 0.500000 2 1
1098 LN -1 -1 -1 -1.000000 1 1
1099 LN -1 -1 -1 -1.000000 1 1
1100 LN -1 -1 -1 -1.000000 1 1
1101 IN 1102 1103 15 0.500000 3 0
1102 LN -1 -1 -1 -1.000000 1 1
1103 IN 1104 1105 0 0.500000 2 0
1104 LN -1 -1 -1 -1.000000 1 1
1105 LN -1 -1 -1 -1.000000 1 0
1106 LN -1 -1 -1 -1.000000 1 0
1107 IN 1108 1113 1 0.500000 5 1
1108 IN 1109 1110 10 0.500000 3 1
1109 LN -1 -1 -1 -1.000000 1 1
1110 IN 1111 1112 7 0.500000 2 0
1111 LN -1 -1 -1 -1.000000 1 1
1112 LN -1 -1 -1 -1.000000 1 0
1113 IN 1114 1115 7 0.500000 4 1
1114 LN -1 -1 -1 -1.000000 1 1
1115 IN 1116 1119 0 0.500000 3 1
1116 IN 1117 1118 15 0.500000 2 1
1117 LN -1 -1 -1 -1.000000 1 1
1118 LN -1 -1 -1 -1.000000 1 1
1119 LN -1 -1 -1 -1.000000 1 1
1120 IN 1121 1146 7 0.500000 9 1
1121 IN 1122 1145 0 0.500000 8 0
1122 IN 1123 1128 9 0.500000 7 0
1123 IN 1124 1127 16 0.500000 3 1
1124 IN 1125 1126 4 0.500000 2 1
1125 LN -1 -1 -1 -1.000000 1 0
1126 LN -1 -1 -1 -1.000000 1 1
1127 LN -1 -1 -1 -1.000000 1 1
1128 IN 1129 1130 15 0.500000 6 0
1129 LN -1 -1 -1 -1.000000 1 0
1130 IN 1131 1140 16 0.500000 5 0
1131 IN 1132 1139 10 0.500000 4 0
1132 IN 1133 1136 4 0.500000 3 0
1133 IN 1134 1135 1 0.500000 2 0
1134 LN -1 -1 -1 -1.000000 1 0
1135 LN -1 -1 -1 -1.000000 1 1
1136 IN 1137 1138 1 0.500000 2 0
1137 LN -1 -1 -1 -1.000000 1 0
1138 LN -1 -1 -1 -1.000000 1 0
1139 LN -1 -1 -1 -1.000000 1 0
1140 IN 1141 1144 1 0.500000 3 0
1141 IN 1142 1143 4 0.500000 2 1
1142 LN -1 -1 -1 -1.000000 1 1
1143 LN -1 -1 -1 -1.000000 1 1
1144 LN -1 -1 -1 -1.000000 1 0
1145 LN -1 -1 -1 -1.000000 1 0
1146 IN 1147 1180 1 0.500000 8 1
1147 IN 1148 1159 9 0.500000 7 0
1148 IN 1149 1154 4 0.500000 4 1
1149 IN 1150 1153 16 0.500000 3 0
1150 IN 1151 1152 6 0.500000 2 0
1151 LN -1 -1 -1 -1.000000 1 1
1152 LN -1 -1 -1 -1.000000 1 0
1153 LN -1 -1 -1 -1.000000 1 0
1154 IN 1155 1158 6 0.500000 3 1
1155 IN 1156 1157 16 0.500000 2 1
1156 LN -1 -1 -1 -1.000000 1 0
1157 LN -1 -1 -1 -1.000000 1 1
1158 LN -1 -1 -1 -1.000000 1 1
1159 IN 1160 1177 16 0.500000 6 0
1160 IN 1161 1162 15 0.500000 5 0
1161 LN -1 -1 -1 -1.000000 1 0
1162 IN 1163 1170 6 0.500000 4 0
1163 IN 1164 1167 4 0.500000 3 0
1164 IN 1165 1166 10 0.500000 2 0
1165 LN -1 -1 -1 -1.000000 1 0
1166 LN -1 -1 -1 -1.000000 1 0
1167 IN 1168 1169 10 0.500000 2 0
1168 LN -1 -1 -1 -1.000000 1 0
1169 LN -1 -1 -1 -1.000000 1 0
1170 IN 1171 1174 10 0.500000 3 0
1171 IN 1172 1173 4 0.500000 2 0
1172 LN -1 -1 -1 -1.000000 1 0
1173 LN -1 -1 -1 -1.000000 1 1
1174 IN 1175 1176 4 0.500000 2 0
1175 LN -1 -1 -1 -1.000000 1 0
1176 LN -1 -1 -1 -1.000000 1 1
1177 IN 1178 1179 4 0.500000 2 1
1178 LN -1 -1 -1 -1.000000 1 1
1179 LN -1 -1 -1 -1.000000 1 0
1180 IN 1181 1204 16 0.500000 6 1
1181 IN 1182 1191 4 0.500000 5 1
1182 IN 1183 1190 0 0.500000 4 1
1183 IN 1184 1187 6 0.500000 3 1
1184 IN 1185 1186 10 0.500000 2 1
1185 LN -1 -1 -1 -1.000000 1 1
1186 LN -1 -1 -1 -1.000000 1 1
1187 IN 1188 1189 10 0.500000 2 1
1188 LN -1 -1 -1 -1.000000 1 0
1189 LN -1 -1 -1 -1.000000 1 1
1190 LN -1 -1 -1 -1.000000 1 1
1191 IN 1192 1199 6 0.500000 4 1
1192 IN 1193 1196 0 0.500000 3 1
1193 IN 1194 1195 10 0.500000 2 1
1194 LN -1 -1 -1 -1.000000 1 1
1195 LN -1 -1 -1 -1.000000 1 0
1196 IN 1197 1198 10 0.500000 2 1
1197 LN -1 -1 -1 -1.000000 1 1
1198 LN -1 -1 -1 -1.000000 1 1
1199 IN 1200 1201 10 0.500000 3 1
1200 LN -1 -1 -1 -1.000000 1 1
1201 IN 1202 1203 0 0.500000 2 1
1202 LN -1 -1 -1 -1.000000 1 1
1203 LN -1 -1 -1 -1.000000 1 1
1204 IN 1205 1210 4 0.500000 4 0
1205 IN 1206 1207 0 0.500000 3 0
1206 LN -1 -1 -1 -1.000000 1 0
1207 IN 1208 1209 6 0.500000 2 0
1208 LN -1 -1 -1 -1.000000 1 0
1209 LN -1 -1 -1 -1.000000 1 1
1210 IN 1211 1214 6 0.500000 3 1
1211 IN 1212 1213 9 0.500000 2 0
1212 LN -1 -1 -1 -1.000000 1 0
1213 LN -1 -1 -1 -1.000000 1 1
1214 LN -1 -1 -1 -1.000000 1 1
1215 IN 1216 1653 0 0.500000 14 1
1216 IN 1217 1380 10 0.500000 13 0
1217 IN 1218 1327 4 0.500000 11 0
1218 IN 1219 1266 7 0.500000 10 0
1219 IN 1220 1237 9 0.500000 9 0
1220 IN 1221 1222 15 0.500000 8 0
1221 LN -1 -1 -1 -1.000000 1 0
1222 IN 1223 1236 16 0.500000 7 0
1223 IN 1224 1235 3 0.500000 6 0
1224 IN 1225 1232 1 0.500000 5 0
1225 IN 1226 1227 5 0.500000 4 0
1226 LN -1 -1 -1 -1.000000 1 0
1227 IN 1228 1231 12 0.500000 3 0
1228 IN 1229 1230 2 0.500000 2 0
1229 LN -1 -1 -1 -1.000000 1 0
1230 LN -1 -1 -1 -1.000000 1 0
1231 LN -1 -1 -1 -1.000000 1 1
1232 IN 1233 1234 12 0.500000 2 1
1233 LN -1 -1 -1 -1.000000 1 0
1234 LN -1 -1 -1 -1.000000 1 1
1235 LN -1 -1 -1 -1.000000 1 0
1236 LN -1 -1 -1 -1.000000 1 0
1237 IN 1238 1263 16 0.500000 8 0
1238 IN 1239 1244 15 0.500000 7 0
1239 IN 1240 1243 12 0.500000 3 0
1240 IN 1241 1242 2 0.500000 2 0
1241 LN -1 -1 -1 -1.000000 1 1
1242 LN -1 -1 -1 -1.000000 1 0
1243 LN -1 -1 -1 -1.000000 1 0
1244 IN 1245 1254 3 0.500000 6 0
1245 IN 1246 1247 11 0.500000 5 0
1246 LN -1 -1 -1 -1.000000 1 0
1247 IN 1248 1249 5 0.500000 4 0
1248 LN -1 -1 -1 -1.000000 1 0
1249 IN 1250 1251 2 0.500000 3 0
1250 LN -1 -1 -1 -1.000000 1 0
1251 IN 1252 1253 12 0.500000 2 0
1252 LN -1 -1 -1 -1.000000 1 0
1253 LN -1 -1 -1 -1.000000 1 0
1254 IN 1255 1260 1 0.500000 4 0
1255 IN 1256 1259 12 0.500000 3 1
1256 IN 1257 1258 2 0.500000 2 0
1257 LN -1 -1 -1 -1.000000 1 1
1258 LN -1 -1 -1 -1.000000 1 0
1259 LN -1 -1 -1 -1.000000 1 1
1260 IN 1261 1262 12 0.500000 2 0
1261 LN -1 -1 -1 -1.000000 1 0
1262 LN -1 -1 -1 -1.000000 1 0
1263 IN 1264 1265 2 0.500000 2 0
1264 LN -1 -1 -1 -1.000000 1 1
1265 LN -1 -1 -1 -1.000000 1 0
1266 IN 1267 1318 6 0.500000 9 0
1267 IN 1268 1299 3 0.500000 8 0
1268 IN 1269 1292 16 0.500000 7 0
1269 IN 1270 1285 12 0.500000 6 0
1270 IN 1271 1278 9 0.500000 5 0
1271 IN 1272 1277 1 0.500000 4 0
1272 IN 1273 1274 5 0.500000 3 0
1273 LN -1 -1 -1 -1.000000 1 0
1274 IN 1275 1276 15 0.500000 2 0
1275 LN -1 -1 -1 -1.000000 1 1
1276 LN -1 -1 -1 -1.000000 1 0
1277 LN -1 -1 -1 -1.000000 1 0
1278 IN 1279 1280 5 0.500000 4 0
1279 LN -1 -1 -1 -1.000000 1 0
1280 IN 1281 1282 1 0.500000 3 0
1281 LN -1 -1 -1 -1.000000 1 1
1282 IN 1283 1284 15 0.500000 2 0
1283 LN -1 -1 -1 -1.000000 1 0
1284 LN -1 -1 -1 -1.000000 1 0
1285 IN 1286 1287 15 0.500000 4 0
1286 LN -1 -1 -1 -1.000000 1 0
1287 IN 1288 1291 9 0.500000 3 0
1288 IN 1289 1290 2 0.500000 2 0
1289 LN -1 -1 -1 -1.000000 1 0
1290 LN -1 -1 -1 -1.000000 1 0
1291 LN -1 -1 -1 -1.000000 1 0
1292 IN 1293 1298 12 0.500000 4 0
1293 IN 1294 1295 1 0.500000 3 0
1294 LN -1 -1 -1 -1.000000 1 0
1295 IN 1296 1297 15 0.500000 2 0
1296 LN -1 -1 -1 -1.000000 1 0
1297 LN -1 -1 -1 -1.000000 1 0
1298 LN -1 -1 -1 -1.000000 1 1
1299 IN 1300 1313 12 0.500000 7 1
1300 IN 1301 1302 5 0.500000 6 1
1301 LN -1 -1 -1 -1.000000 1 0
1302 IN 1303 1304 15 0.500000 5 1
1303 LN -1 -1 -1 -1.000000 1 1
1304 IN 1305 1306 9 0.500000 4 0
1305 LN -1 -1 -1 -1.000000 1 0
1306 IN 1307 1310 1 0.500000 3 1
1307 IN 1308 1309 16 0.500000 2 0
1308 LN -1 -1 -1 -1.000000 1 1
1309 LN -1 -1 -1 -1.000000 1 0
1310 IN 1311 1312 16 0.500000 2 1
1311 LN -1 -1 -1 -1.000000 1 1
1312 LN -1 -1 -1 -1.000000 1 0
1313 IN 1314 1317 16 0.500000 3 1
1314 IN 1315 1316 1 0.500000 2 0
1315 LN -1 -1 -1 -1.000000 1 0
1316 LN -1 -1 -1 -1.000000 1 0
1317 LN -1 -1 -1 -1.000000 1 1
1318 IN 1319 1320 1 0.500000 5 0
1319 LN -1 -1 -1 -1.000000 1 0
1320 IN 1321 1326 16 0.500000 4 0
1321 IN 1322 1323 12 0.500000 3 1
1322 LN -1 -1 -1 -1.000000 1 1
1323 IN 1324 1325 9 0.500000 2 0
1324 LN -1 -1 -1 -1.000000 1 1
1325 LN -1 -1 -1 -1.000000 1 0
1326 LN -1 -1 -1 -1.000000 1 0
1327 IN 1328 1373 16 0.500000 10 0
1328 IN 1329 1358 1 0.500000 9 0
1329 IN 1330 1349 12 0.500000 8 1
1330 IN 1331 1336 15 0.500000 7 1
1331 IN 1332 1335 7 0.500000 3 1
1332 IN 1333 1334 2 0.500000 2 0
1333 LN -1 -1 -1 -1.000000 1 0
1334 LN -1 -1 -1 -1.000000 1 0
1335 LN -1 -1 -1 -1.000000 1 1
1336 IN 1337 1338 2 0.500000 6 0
1337 LN -1 -1 -1 -1.000000 1 0
1338 IN 1339 1348 6 0.500000 5 1
1339 IN 1340 1343 7 0.500000 4 0
1340 IN 1341 1342 9 0.500000 2 0
1341 LN -1 -1 -1 -1.000000 1 0
1342 LN -1 -1 -1 -1.000000 1 0
1343 IN 1344 1345 3 0.500000 3 1
1344 LN -1 -1 -1 -1.000000 1 0
1345 IN 1346 1347 9 0.500000 2 1
1346 LN -1 -1 -1 -1.000000 1 0
1347 LN -1 -1 -1 -1.000000 1 1
1348 LN -1 -1 -1 -1.000000 1 1
1349 IN 1350 1355 3 0.500000 4 1
1350 IN 1351 1352 2 0.500000 3 1
1351 LN -1 -1 -1 -1.000000 1 1
1352 IN 1353 1354 7 0.500000 2 0
1353 LN -1 -1 -1 -1.000000 1 1
1354 LN -1 -1 -1 -1.000000 1 0
1355 IN 1356 1357 6 0.500000 2 0
1356 LN -1 -1 -1 -1.000000 1 1
1357 LN -1 -1 -1 -1.000000 1 0
1358 IN 1359 1368 3 0.500000 6 0
1359 IN 1360 1367 7 0.500000 5 0
1360 IN 1361 1362 9 0.500000 4 0
1361 LN -1 -1 -1 -1.000000 1 0
1362 IN 1363 1366 15 0.500000 3 0
1363 IN 1364 1365 12 0.500000 2 1
1364 LN -1 -1 -1 -1.000000 1 1
1365 LN -1 -1 -1 -1.000000 1 0
1366 LN -1 -1 -1 -1.000000 1 0
1367 LN -1 -1 -1 -1.000000 1 0
1368 IN 1369 1370 11 0.500000 3 0
1369 LN -1 -1 -1 -1.000000 1 1
1370 IN 1371 1372 6 0.500000 2 0
1371 LN -1 -1 -1 -1.000000 1 0
1372 LN -1 -1 -1 -1.000000 1 1
1373 IN 1374 1377 3 0.500000 3 1
1374 IN 1375 1376 7 0.500000 2 0
1375 LN -1 -1 -1 -1.000000 1 1
1376 LN -1 -1 -1 -1.000000 1 0
1377 IN 1378 1379 9 0.500000 2 1
1378 LN -1 -1 -1 -1.000000 1 1
1379 LN -1 -1 -1 -1.000000 1 0
1380 IN 1381 1496 9 0.500000 12 0
1381 IN 1382 1449 3 0.500000 11 0
1382 IN 1383 1384 5 0.500000 10 0
1383 LN -1 -1 -1 -1.000000 1 0
1384 IN 1385 1426 16 0.500000 9 0
1385 IN 1386 1409 12 0.500000 8 0
1386 IN 1387 1400 4 0.500000 6 0
1387 IN 1388 1389 15 0.500000 5 0
1388 LN -1 -1 -1 -1.000000 1 0
1389 IN 1390 1397 1 0.500000 4 0
1390 IN 1391 1394 2 0.500000 3 1
1391 IN 1392 1393 7 0.500000 2 1
1392 LN -1 -1 -1 -1.000000 1 1
1393 LN -1 -1 -1 -1.000000 1 0
1394 IN 1395 1396 7 0.500000 2 0
1395 LN -1 -1 -1 -1.000000 1 0
1396 LN -1 -1 -1 -1.000000 1 0
1397 IN 1398 1399 7 0.500000 2 0
1398 LN -1 -1 -1 -1.000000 1 0
1399 LN -1 -1 -1 -1.000000 1 1
1400 IN 1401 1402 15 0.500000 5 0
1401 LN -1 -1 -1 -1.000000 1 0
1402 IN 1403 1404 2 0.500000 4 0
1403 LN -1 -1 -1 -1.000000 1 0
1404 IN 1405 1408 7 0.500000 3 0
1405 IN 1406 1407 1 0.500000 2 0
1406 LN -1 -1 -1 -1.000000 1 0
1407 LN -1 -1 -1 -1.000000 1 0
1408 LN -1 -1 -1 -1.000000 1 0
1409 IN 1410 1425 6 0.500000 7 0
1410 IN 1411 1412 15 0.500000 6 0
1411 LN -1 -1 -1 -1.000000 1 0
1412 IN 1413 1420 4 0.500000 5 0
1413 IN 1414 1415 7 0.500000 4 0
1414 LN -1 -1 -1 -1.000000 1 0
1415 IN 1416 1417 2 0.500000 3 0
1416 LN -1 -1 -1 -1.000000 1 0
1417 IN 1418 1419 1 0.500000 2 1
1418 LN -1 -1 -1 -1.000000 1 0
1419 LN -1 -1 -1 -1.000000 1 1
1420 IN 1421 1424 7 0.500000 3 0
1421 IN 1422 1423 2 0.500000 2 0
1422 LN -1 -1 -1 -1.000000 1 0
1423 LN -1 -1 -1 -1.000000 1 1
1424 LN -1 -1 -1 -1.000000 1 0
1425 LN -1 -1 -1 -1.000000 1 0
1426 IN 1427 1438 7 0.500000 7 0
1427 IN 1428 1429 15 0.500000 6 0
1428 LN -1 -1 -1 -1.000000 1 0
1429 IN 1430 1437 1 0.500000 5 0
1430 IN 1431 1436 12 0.500000 4 0
1431 IN 1432 1435 4 0.500000 3 0
1432 IN 1433 1434 2 0.500000 2 0
1433 LN -1 -1 -1 -1.000000 1 0
1434 LN -1 -1 -1 -1.000000 1 0
1435 LN -1 -1 -1 -1.000000 1 0
1436 LN -1 -1 -1 -1.000000 1 0
1437 LN -1 -1 -1 -1.000000 1 1
1438 IN 1439 1444 12 0.500000 4 1
1439 IN 1440 1441 15 0.500000 3 0
1440 LN -1 -1 -1 -1.000000 1 1
1441 IN 1442 1443 4 0.500000 2 0
1442 LN -1 -1 -1 -1.000000 1 0
1443 LN -1 -1 -1 -1.000000 1 0
1444 IN 1445 1448 1 0.500000 3 1
1445 IN 1446 1447 4 0.500000 2 1
1446 LN -1 -1 -1 -1.000000 1 1
1447 LN -1 -1 -1 -1.000000 1 0
1448 LN -1 -1 -1 -1.000000 1 1
1449 IN 1450 1475 1 0.500000 7 0
1450 IN 1451 1464 16 0.500000 6 0
1451 IN 1452 1459 2 0.500000 4 0
1452 IN 1453 1456 7 0.500000 3 0
1453 IN 1454 1455 12 0.500000 2 0
1454 LN -1 -1 -1 -1.000000 1 0
1455 LN -1 -1 -1 -1.000000 1 1
1456 IN 1457 1458 6 0.500000 2 0
1457 LN -1 -1 -1 -1.000000 1 1
1458 LN -1 -1 -1 -1.000000 1 0
1459 IN 1460 1461 4 0.500000 3 0
1460 LN -1 -1 -1 -1.000000 1 0
1461 IN 1462 1463 12 0.500000 2 0
1462 LN -1 -1 -1 -1.000000 1 1
1463 LN -1 -1 -1 -1.000000 1 0
1464 IN 1465 1468 7 0.500000 5 0
1465 IN 1466 1467 2 0.500000 2 0
1466 LN -1 -1 -1 -1.000000 1 1
1467 LN -1 -1 -1 -1.000000 1 0
1468 IN 1469 1470 12 0.500000 4 0
1469 LN -1 -1 -1 -1.000000 1 0
1470 IN 1471 1474 4 0.500000 3 0
1471 IN 1472 1473 2 0.500000 2 0
1472 LN -1 -1 -1 -1.000000 1 0
1473 LN -1 -1 -1 -1.000000 1 1
1474 LN -1 -1 -1 -1.000000 1 1
1475 IN 1476 1491 6 0.500000 6 0
1476 IN 1477 1482 4 0.500000 5 1
1477 IN 1478 1479 12 0.500000 3 1
1478 LN -1 -1 -1 -1.000000 1 0
1479 IN 1480 1481 16 0.500000 2 1
1480 LN -1 -1 -1 -1.000000 1 0
1481 LN -1 -1 -1 -1.000000 1 1
1482 IN 1483 1486 16 0.500000 4 0
1483 IN 1484 1485 7 0.500000 2 0
1484 LN -1 -1 -1 -1.000000 1 0
1485 LN -1 -1 -1 -1.000000 1 1
1486 IN 1487 1488 7 0.500000 3 1
1487 LN -1 -1 -1 -1.000000 1 1
1488 IN 1489 1490 12 0.500000 2 0
1489 LN -1 -1 -1 -1.000000 1 0
1490 LN -1 -1 -1 -1.000000 1 0
1491 IN 1492 1493 16 0.500000 3 0
1492 LN -1 -1 -1 -1.000000 1 0
1493 IN 1494 1495 12 0.500000 2 0
1494 LN -1 -1 -1 -1.000000 1 1
1495 LN -1 -1 -1 -1.000000 1 0
1496 IN 1497 1576 16 0.500000 11 1
1497 IN 1498 1565 6 0.500000 10 1
1498 IN 1499 1508 2 0.500000 9 1
1499 IN 1500 1505 4 0.500000 4 0
1500 IN 1501 1502 3 0.500000 3 0
1501 LN -1 -1 -1 -1.000000 1 0
1502 IN 1503 1504 12 0.500000 2 0
1503 LN -1 -1 -1 -1.000000 1 0
1504 LN -1 -1 -1 -1.000000 1 1
1505 IN 1506 1507 7 0.500000 2 1
1506 LN -1 -1 -1 -1.000000 1 0
1507 LN -1 -1 -1 -1.000000 1 1
1508 IN 1509 1532 7 0.500000 8 1
1509 IN 1510 1515 15 0.500000 7 0
1510 IN 1511 1512 1 0.500000 3 1
1511 LN -1 -1 -1 -1.000000 1 1
1512 IN 1513 1514 5 0.500000 2 1
1513 LN -1 -1 -1 -1.000000 1 0
1514 LN -1 -1 -1 -1.000000 1 1
1515 IN 1516 1521 5 0.500000 6 0
1516 IN 1517 1520 3 0.500000 3 0
1517 IN 1518 1519 12 0.500000 2 0
1518 LN -1 -1 -1 -1.000000 1 0
1519 LN -1 -1 -1 -1.000000 1 0
1520 LN -1 -1 -1 -1.000000 1 0
1521 IN 1522 1531 3 0.500000 5 0
1522 IN 1523 1528 4 0.500000 4 0
1523 IN 1524 1527 12 0.500000 3 1
1524 IN 1525 1526 1 0.500000 2 0
1525 LN -1 -1 -1 -1.000000 1 0
1526 LN -1 -1 -1 -1.000000 1 0
1527 LN -1 -1 -1 -1.000000 1 1
1528 IN 1529 1530 1 0.500000 2 0
1529 LN -1 -1 -1 -1.000000 1 0
1530 LN -1 -1 -1 -1.000000 1 0
1531 LN -1 -1 -1 -1.000000 1 0
1532 IN 1533 1548 1 0.500000 7 1
1533 IN 1534 1535 5 0.500000 6 1
1534 LN -1 -1 -1 -1.000000 1 0
1535 IN 1536 1537 15 0.500000 5 1
1536 LN -1 -1 -1 -1.000000 1 0
1537 IN 1538 1543 4 0.500000 4 1
1538 IN 1539 1542 12 0.500000 3 1
1539 IN 1540 1541 3 0.500000 2 1
1540 LN -1 -1 -1 -1.000000 1 1
1541 LN -1 -1 -1 -1.000000 1 0
1542 LN -1 -1 -1 -1.000000 1 1
1543 IN 1544 1545 3 0.500000 3 1
1544 LN -1 -1 -1 -1.000000 1 1
1545 IN 1546 1547 12 0.500000 2 1
1546 LN -1 -1 -1 -1.000000 1 0
1547 LN -1 -1 -1 -1.000000 1 1
1548 IN 1549 1550 15 0.500000 6 1
1549 LN -1 -1 -1 -1.000000 1 0
1550 IN 1551 1562 4 0.500000 5 1
1551 IN 1552 1555 12 0.500000 4 0
1552 IN 1553 1554 3 0.500000 2 0
1553 LN -1 -1 -1 -1.000000 1 0
1554 LN -1 -1 -1 -1.000000 1 0
1555 IN 1556 1559 3 0.500000 3 0
1556 IN 1557 1558 5 0.500000 2 0
1557 LN -1 -1 -1 -1.000000 1 0
1558 LN -1 -1 -1 -1.000000 1 0
1559 IN 1560 1561 5 0.500000 2 0
1560 LN -1 -1 -1 -1.000000 1 1
1561 LN -1 -1 -1 -1.000000 1 0
1562 IN 1563 1564 3 0.500000 2 1
1563 LN -1 -1 -1 -1.000000 1 1
1564 LN -1 -1 -1 -1.000000 1 1
1565 IN 1566 1571 4 0.500000 4 1
1566 IN 1567 1570 1 0.500000 3 1
1567 IN 1568 1569 15 0.500000 2 1
1568 LN -1 -1 -1 -1.000000 1 1
1569 LN -1 -1 -1 -1.000000 1 1
1570 LN -1 -1 -1 -1.000000 1 1
1571 IN 1572 1575 12 0.500000 3 1
1572 IN 1573 1574 1 0.500000 2 1
1573 LN -1 -1 -1 -1.000000 1 1
1574 LN -1 -1 -1 -1.000000 1 1
1575 LN -1 -1 -1 -1.000000 1 0
1576 IN 1577 1636 6 0.500000 8 1
1577 IN 1578 1613 4 0.500000 7 1
1578 IN 1579 1600 1 0.500000 6 1
1579 IN 1580 1589 7 0.500000 5 1
1580 IN 1581 1584 15 0.500000 4 1
1581 IN 1582 1583 5 0.500000 2 1
1582 LN -1 -1 -1 -1.000000 1 0
1583 LN -1 -1 -1 -1.000000 1 1
1584 IN 1585 1586 5 0.500000 3 1
1585 LN -1 -1 -1 -1.000000 1 1
1586 IN 1587 1588 12 0.500000 2 1
1587 LN -1 -1 -1 -1.000000 1 0
1588 LN -1 -1 -1 -1.000000 1 1
1589 IN 1590 1593 3 0.500000 4 1
1590 IN 1591 1592 12 0.500000 2 0
1591 LN -1 -1 -1 -1.000000 1 0
1592 LN -1 -1 -1 -1.000000 1 1
1593 IN 1594 1597 2 0.500000 3 1
1594 IN 1595 1596 12 0.500000 2 0
1595 LN -1 -1 -1 -1.000000 1 0
1596 LN -1 -1 -1 -1.000000 1 0
1597 IN 1598 1599 12 0.500000 2 1
1598 LN -1 -1 -1 -1.000000 1 1
1599 LN -1 -1 -1 -1.000000 1 1
1600 IN 1601 1606 7 0.500000 4 1
1601 IN 1602 1603 12 0.500000 3 0
1602 LN -1 -1 -1 -1.000000 1 0
1603 IN 1604 1605 3 0.500000 2 0
1604 LN -1 -1 -1 -1.000000 1 0
1605 LN -1 -1 -1 -1.000000 1 0
1606 IN 1607 1610 12 0.500000 3 1
1607 IN 1608 1609 3 0.500000 2 1
1608 LN -1 -1 -1 -1.000000 1 1
1609 LN -1 -1 -1 -1.000000 1 1
1610 IN 1611 1612 3 0.500000 2 1
1611 LN -1 -1 -1 -1.000000 1 1
1612 LN -1 -1 -1 -1.000000 1 0
1613 IN 1614 1627 7 0.500000 6 1
1614 IN 1615 1616 2 0.500000 5 1
1615 LN -1 -1 -1 -1.000000 1 0
1616 IN 1617 1622 12 0.500000 4 1
1617 IN 1618 1621 3 0.500000 3 1
1618 IN 1619 1620 1 0.500000 2 0
1619 LN -1 -1 -1 -1.000000 1 0
1620 LN -1 -1 -1 -1.000000 1 1
1621 LN -1 -1 -1 -1.000000 1 1
1622 IN 1623 1624 3 0.500000 3 1
1623 LN -1 -1 -1 -1.000000 1 1
1624 IN 1625 1626 1 0.500000 2 1
1625 LN -1 -1 -1 -1.000000 1 1
1626 LN -1 -1 -1 -1.000000 1 0
1627 IN 1628 1635 12 0.500000 4 1
1628 IN 1629 1632 3 0.500000 3 1
1629 IN 1630 1631 1 0.500000 2 1
1630 LN -1 -1 -1 -1.000000 1 1
1631 LN -1 -1 -1 -1.000000 1 0
1632 IN 1633 1634 1 0.500000 2 1
1633 LN -1 -1 -1 -1.000000 1 1
1634 LN -1 -1 -1 -1.000000 1 1
1635 LN -1 -1 -1 -1.000000 1 1
1636 IN 1637 1642 1 0.500000 5 0
1637 IN 1638 1639 12 0.500000 3 0
1638 LN -1 -1 -1 -1.000000 1 1
1639 IN 1640 1641 3 0.500000 2 0
1640 LN -1 -1 -1 -1.000000 1 0
1641 LN -1 -1 -1 -1.000000 1 1
1642 IN 1643 1648 4 0.500000 4 0
1643 IN 1644 1645 5 0.500000 3 1
1644 LN -1 -1 -1 -1.000000 1 0
1645 IN 1646 1647 12 0.500000 2 1
1646 LN -1 -1 -1 -1.000000 1 0
1647 LN -1 -1 -1 -1.000000 1 1
1648 IN 1649 1650 12 0.500000 3 0
1649 LN -1 -1 -1 -1.000000 1 1
1650 IN 1651 1652 3 0.500000 2 0
1651 LN -1 -1 -1 -1.000000 1 1
1652 LN -1 -1 -1 -1.000000 1 0
1653 IN 1654 1743 4 0.500000 11 1
1654 IN 1655 1664 5 0.500000 10 1
1655 IN 1656 1657 16 0.500000 4 1
1656 LN -1 -1 -1 -1.000000 1 1
1657 IN 1658 1661 3 0.500000 3 1
1658 IN 1659 1660 12 0.500000 2 1
1659 LN -1 -1 -1 -1.000000 1 0
1660 LN -1 -1 -1 -1.000000 1 1
1661 IN 1662 1663 12 0.500000 2 0
1662 LN -1 -1 -1 -1.000000 1 0
1663 LN -1 -1 -1 -1.000000 1 1
1664 IN 1665 1698 10 0.500000 9 1
1665 IN 1666 1671 15 0.500000 8 1
1666 IN 1667 1670 12 0.500000 3 0
1667 IN 1668 1669 7 0.500000 2 0
1668 LN -1 -1 -1 -1.000000 1 0
1669 LN -1 -1 -1 -1.000000 1 1
1670 LN -1 -1 -1 -1.000000 1 0
1671 IN 1672 1691 16 0.500000 7 1
1672 IN 1673 1686 6 0.500000 6 1
1673 IN 1674 1675 9 0.500000 5 1
1674 LN -1 -1 -1 -1.000000 1 1
1675 IN 1676 1681 12 0.500000 4 1
1676 IN 1677 1680 3 0.500000 3 0
1677 IN 1678 1679 7 0.500000 2 0
1678 LN -1 -1 -1 -1.000000 1 0
1679 LN -1 -1 -1 -1.000000 1 1
1680 LN -1 -1 -1 -1.000000 1 0
1681 IN 1682 1683 7 0.500000 3 1
1682 LN -1 -1 -1 -1.000000 1 1
1683 IN 1684 1685 3 0.500000 2 1
1684 LN -1 -1 -1 -1.000000 1 1
1685 LN -1 -1 -1 -1.000000 1 1
1686 IN 1687 1688 3 0.500000 3 0
1687 LN -1 -1 -1 -1.000000 1 0
1688 IN 1689 1690 12 0.500000 2 1
1689 LN -1 -1 -1 -1.000000 1 0
1690 LN -1 -1 -1 -1.000000 1 1
1691 IN 1692 1697 6 0.500000 4 1
1692 IN 1693 1696 3 0.500000 3 1
1693 IN 1694 1695 12 0.500000 2 1
1694 LN -1 -1 -1 -1.000000 1 0
1695 LN -1 -1 -1 -1.000000 1 1
1696 LN -1 -1 -1 -1.000000 1 1
1697 LN -1 -1 -1 -1.000000 1 0
1698 IN 1699 1724 16 0.500000 7 1
1699 IN 1700 1715 12 0.500000 6 0
1700 IN 1701 1708 3 0.500000 5 0
1701 IN 1702 1707 6 0.500000 4 0
1702 IN 1703 1704 15 0.500000 3 0
1703 LN -1 -1 -1 -1.000000 1 0
1704 IN 1705 1706 9 0.500000 2 0
1705 LN -1 -1 -1 -1.000000 1 0
1706 LN -1 -1 -1 -1.000000 1 0
1707 LN -1 -1 -1 -1.000000 1 1
1708 IN 1709 1710 7 0.500000 4 0
1709 LN -1 -1 -1 -1.000000 1 1
1710 IN 1711 1712 9 0.500000 3 0
1711 LN -1 -1 -1 -1.000000 1 1
1712 IN 1713 1714 6 0.500000 2 0
1713 LN -1 -1 -1 -1.000000 1 0
1714 LN -1 -1 -1 -1.000000 1 0
1715 IN 1716 1721 6 0.500000 4 0
1716 IN 1717 1718 7 0.500000 3 0
1717 LN -1 -1 -1 -1.000000 1 1
1718 IN 1719 1720 3 0.500000 2 0
1719 LN -1 -1 -1 -1.000000 1 0
1720 LN -1 -1 -1 -1.000000 1 0
1721 IN 1722 1723 3 0.500000 2 0
1722 LN -1 -1 -1 -1.000000 1 1
1723 LN -1 -1 -1 -1.000000 1 0
1724 IN 1725 1726 15 0.500000 6 1
1725 LN -1 -1 -1 -1.000000 1 0
1726 IN 1727 1738 12 0.500000 5 1
1727 IN 1728 1733 3 0.500000 4 1
1728 IN 1729 1730 7 0.500000 3 1
1729 LN -1 -1 -1 -1.000000 1 1
1730 IN 1731 1732 9 0.500000 2 1
1731 LN -1 -1 -1 -1.000000 1 1
1732 LN -1 -1 -1 -1.000000 1 1
1733 IN 1734 1737 6 0.500000 3 1
1734 IN 1735 1736 7 0.500000 2 1
1735 LN -1 -1 -1 -1.000000 1 1
1736 LN -1 -1 -1 -1.000000 1 1
1737 LN -1 -1 -1 -1.000000 1 1
1738 IN 1739 1740 7 0.500000 3 1
1739 LN -1 -1 -1 -1.000000 1 1
1740 IN 1741 1742 9 0.500000 2 1
1741 LN -1 -1 -1 -1.000000 1 0
1742 LN -1 -1 -1 -1.000000 1 1
1743 IN 1744 1759 9 0.500000 9 1
1744 IN 1745 1758 12 0.500000 7 0
1745 IN 1746 1757 6 0.500000 6 0
1746 IN 1747 1748 10 0.500000 5 0
1747 LN -1 -1 -1 -1.000000 1 0
1748 IN 1749 1756 3 0.500000 4 0
1749 IN 1750 1753 16 0.500000 3 0
1750 IN 1751 1752 7 0.500000 2 1
1751 LN -1 -1 -1 -1.000000 1 1
1752 LN -1 -1 -1 -1.000000 1 0
1753 IN 1754 1755 7 0.500000 2 0
1754 LN -1 -1 -1 -1.000000 1 0
1755 LN -1 -1 -1 -1.000000 1 0
1756 LN -1 -1 -1 -1.000000 1 0
1757 LN -1 -1 -1 -1.000000 1 0
1758 LN -1 -1 -1 -1.000000 1 1
1759 IN 1760 1777 7 0.500000 8 1
1760 IN 1761 1766 10 0.500000 6 1
1761 IN 1762 1763 12 0.500000 3 0
1762 LN -1 -1 -1 -1.000000 1 1
1763 IN 1764 1765 15 0.500000 2 0
1764 LN -1 -1 -1 -1.000000 1 0
1765 LN -1 -1 -1 -1.000000 1 0
1766 IN 1767 1768 15 0.500000 5 1
1767 LN -1 -1 -1 -1.000000 1 1
1768 IN 1769 1772 16 0.500000 4 1
1769 IN 1770 1771 3 0.500000 2 0
1770 LN -1 -1 -1 -1.000000 1 0
1771 LN -1 -1 -1 -1.000000 1 1
1772 IN 1773 1776 3 0.500000 3 1
1773 IN 1774 1775 12 0.500000 2 0
1774 LN -1 -1 -1 -1.000000 1 1
1775 LN -1 -1 -1 -1.000000 1 0
1776 LN -1 -1 -1 -1.000000 1 1
1777 IN 1778 1797 12 0.500000 7 1
1778 IN 1779 1780 15 0.500000 6 1
1779 LN -1 -1 -1 -1.000000 1 0
1780 IN 1781 1792 6 0.500000 5 1
1781 IN 1782 1789 16 0.500000 4 1
1782 IN 1783 1786 3 0.500000 3 1
1783 IN 1784 1785 10 0.500000 2 1
1784 LN -1 -1 -1 -1.000000 1 1
1785 LN -1 -1 -1 -1.000000 1 0
1786 IN 1787 1788 10 0.500000 2 1
1787 LN -1 -1 -1 -1.000000 1 0
1788 LN -1 -1 -1 -1.000000 1 1
1789 IN 1790 1791 3 0.500000 2 1
1790 LN -1 -1 -1 -1.000000 1 1
1791 LN -1 -1 -1 -1.000000 1 1
1792 IN 1793 1794 16 0.500000 3 1
1793 LN -1 -1 -1 -1.000000 1 1
1794 IN 1795 1796 3 0.500000 2 1
1795 LN -1 -1 -1 -1.000000 1 0
1796 LN -1 -1 -1 -1.000000 1 1
1797 IN 1798 1803 10 0.500000 5 1
1798 IN 1799 1800 3 0.500000 3 1
1799 LN -1 -1 -1 -1.000000 1 1
1800 IN 1801 1802 6 0.500000 2 1
1801 LN -1 -1 -1 -1.000000 1 0
1802 LN -1 -1 -1 -1.000000 1 1
1803 IN 1804 1809 16 0.500000 4 1
1804 IN 1805 1808 6 0.500000 3 1
1805 IN 1806 1807 3 0.500000 2 1
1806 LN -1 -1 -1 -1.000000 1 1
1807 LN -1 -1 -1 -1.000000 1 1
1808 LN -1 -1 -1 -1.000000 1 1
1809 IN 1810 1811 3 0.500000 3 1
1810 LN -1 -1 -1 -1.000000 1 1
1811 IN 1812 1813 6 0.500000 2 1
1812 LN -1 -1 -1 -1.000000 1 1
1813 LN -1 -1 -1 -1.000000 1 0
1814 IN 1815 1904 2 0.500000 15 1
1815 IN 1816 1877 12 0.500000 11 0
1816 IN 1817 1848 5 0.500000 10 0
1817 IN 1818 1835 15 0.500000 8 0
1818 IN 1819 1834 6 0.500000 7 0
1819 IN 1820 1833 7 0.500000 6 0
1820 IN 1821 1830 14 0.500000 5 0
1821 IN 1822 1827 10 0.500000 4 0
1822 IN 1823 1826 3 0.500000 3 0
1823 IN 1824 1825 11 0.500000 2 0
1824 LN -1 -1 -1 -1.000000 1 0
1825 LN -1 -1 -1 -1.000000 1 0
1826 LN -1 -1 -1 -1.000000 1 0
1827 IN 1828 1829 3 0.500000 2 0
1828 LN -1 -1 -1 -1.000000 1 0
1829 LN -1 -1 -1 -1.000000 1 0
1830 IN 1831 1832 10 0.500000 2 0
1831 LN -1 -1 -1 -1.000000 1 1
1832 LN -1 -1 -1 -1.000000 1 0
1833 LN -1 -1 -1 -1.000000 1 0
1834 LN -1 -1 -1 -1.000000 1 0
1835 IN 1836 1847 3 0.500000 5 0
1836 IN 1837 1842 10 0.500000 4 0
1837 IN 1838 1841 14 0.500000 3 0
1838 IN 1839 1840 7 0.500000 2 0
1839 LN -1 -1 -1 -1.000000 1 0
1840 LN -1 -1 -1 -1.000000 1 0
1841 LN -1 -1 -1 -1.000000 1 0
1842 IN 1843 1844 7 0.500000 3 0
1843 LN -1 -1 -1 -1.000000 1 0
1844 IN 1845 1846 14 0.500000 2 0
1845 LN -1 -1 -1 -1.000000 1 0
1846 LN -1 -1 -1 -1.000000 1 0
1847 LN -1 -1 -1 -1.000000 1 0
1848 IN 1849 1874 4 0.500000 9 0
1849 IN 1850 1873 14 0.500000 8 0
1850 IN 1851 1852 11 0.500000 7 0
1851 LN -1 -1 -1 -1.000000 1 0
1852 IN 1853 1860 7 0.500000 6 0
1853 IN 1854 1855 10 0.500000 4 0
1854 LN -1 -1 -1 -1.000000 1 0
1855 IN 1856 1857 15 0.500000 3 0
1856 LN -1 -1 -1 -1.000000 1 0
1857 IN 1858 1859 3 0.500000 2 0
1858 LN -1 -1 -1 -1.000000 1 0
1859 LN -1 -1 -1 -1.000000 1 1
1860 IN 1861 1872 15 0.500000 5 0
1861 IN 1862 1865 3 0.500000 4 0
1862 IN 1863 1864 10 0.500000 2 0
1863 LN -1 -1 -1 -1.000000 1 0
1864 LN -1 -1 -1 -1.000000 1 0
1865 IN 1866 1869 10 0.500000 3 0
1866 IN 1867 1868 6 0.500000 2 0
1867 LN -1 -1 -1 -1.000000 1 0
1868 LN -1 -1 -1 -1.000000 1 0
1869 IN 1870 1871 6 0.500000 2 0
1870 LN -1 -1 -1 -1.000000 1 0
1871 LN -1 -1 -1 -1.000000 1 0
1872 LN -1 -1 -1 -1.000000 1 0
1873 LN -1 -1 -1 -1.000000 1 0
1874 IN 1875 1876 3 0.500000 2 1
1875 LN -1 -1 -1 -1.000000 1 1
1876 LN -1 -1 -1 -1.000000 1 0
1877 IN 1878 1903 16 0.500000 8 0
1878 IN 1879 1880 7 0.500000 7 0
1879 LN -1 -1 -1 -1.000000 1 0
1880 IN 1881 1886 5 0.500000 6 0
1881 IN 1882 1885 15 0.500000 3 1
1882 IN 1883 1884 10 0.500000 2 1
1883 LN -1 -1 -1 -1.000000 1 1
1884 LN -1 -1 -1 -1.000000 1 0
1885 LN -1 -1 -1 -1.000000 1 1
1886 IN 1887 1888 3 0.500000 5 0
1887 LN -1 -1 -1 -1.000000 1 0
1888 IN 1889 1896 6 0.500000 4 0
1889 IN 1890 1893 10 0.500000 3 0
1890 IN 1891 1892 15 0.500000 2 0
1891 LN -1 -1 -1 -1.000000 1 0
1892 LN -1 -1 -1 -1.000000 1 0
1893 IN 1894 1895 15 0.500000 2 0
1894 LN -1 -1 -1 -1.000000 1 0
1895 LN -1 -1 -1 -1.000000 1 1
1896 IN 1897 1900 10 0.500000 3 0
1897 IN 1898 1899 4 0.500000 2 0
1898 LN -1 -1 -1 -1.000000 1 0
1899 LN -1 -1 -1 -1.000000 1 1
1900 IN 1901 1902 4 0.500000 2 1
1901 LN -1 -1 -1 -1.000000 1 1
1902 LN -1 -1 -1 -1.000000 1 0
1903 LN -1 -1 -1 -1.000000 1 1
1904 IN 1905 2694 16 0.500000 14 1
1905 IN 1906 2335 3 0.500000 13 1
1906 IN 1907 2154 12 0.500000 12 1
1907 IN 1908 1975 1 0.500000 11 0
1908 IN 1909 1956 14 0.500000 8 0
1909 IN 1910 1933 10 0.500000 7 0
1910 IN 1911 1922 15 0.500000 6 0
1911 IN 1912 1915 5 0.500000 5 0
1912 IN 1913 1914 11 0.500000 2 0
1913 LN -1 -1 -1 -1.000000 1 0
1914 LN -1 -1 -1 -1.000000 1 0
1915 IN 1916 1917 7 0.500000 4 0
1916 LN -1 -1 -1 -1.000000 1 0
1917 IN 1918 1921 6 0.500000 3 0
1918 IN 1919 1920 4 0.500000 2 0
1919 LN -1 -1 -1 -1.000000 1 0
1920 LN -1 -1 -1 -1.000000 1 0
1921 LN -1 -1 -1 -1.000000 1 0
1922 IN 1923 1930 7 0.500000 5 0
1923 IN 1924 1925 5 0.500000 4 0
1924 LN -1 -1 -1 -1.000000 1 0
1925 IN 1926 1929 4 0.500000 3 0
1926 IN 1927 1928 11 0.500000 2 0
1927 LN -1 -1 -1 -1.000000 1 0
1928 LN -1 -1 -1 -1.000000 1 0
1929 LN -1 -1 -1 -1.000000 1 0
1930 IN 1931 1932 5 0.500000 2 0
1931 LN -1 -1 -1 -1.000000 1 0
1932 LN -1 -1 -1 -1.000000 1 0
1933 IN 1934 1955 6 0.500000 6 0
1934 IN 1935 1942 5 0.500000 5 0
1935 IN 1936 1939 7 0.500000 3 0
1936 IN 1937 1938 15 0.500000 2 0
1937 LN -1 -1 -1 -1.000000 1 0
1938 LN -1 -1 -1 -1.000000 1 0
1939 IN 1940 1941 15 0.500000 2 0
1940 LN -1 -1 -1 -1.000000 1 0
1941 LN -1 -1 -1 -1.000000 1 0
1942 IN 1943 1950 4 0.500000 4 0
1943 IN 1944 1947 7 0.500000 3 0
1944 IN 1945 1946 15 0.500000 2 0
1945 LN -1 -1 -1 -1.000000 1 0
1946 LN -1 -1 -1 -1.000000 1 0
1947 IN 1948 1949 15 0.500000 2 0
1948 LN -1 -1 -1 -1.000000 1 1
1949 LN -1 -1 -1 -1.000000 1 0
1950 IN 1951 1952 7 0.500000 3 0
1951 LN -1 -1 -1 -1.000000 1 0
1952 IN 1953 1954 15 0.500000 2 0
1953 LN -1 -1 -1 -1.000000 1 0
1954 LN -1 -1 -1 -1.000000 1 1
1955 LN -1 -1 -1 -1.000000 1 0
1956 IN 1957 1958 15 0.500000 6 0
1957 LN -1 -1 -1 -1.000000 1 0
1958 IN 1959 1966 5 0.500000 5 0
1959 IN 1960 1965 13 0.500000 4 0
1960 IN 1961 1962 10 0.500000 3 1
1961 LN -1 -1 -1 -1.000000 1 0
1962 IN 1963 1964 7 0.500000 2 1
1963 LN -1 -1 -1 -1.000000 1 1
1964 LN -1 -1 -1 -1.000000 1 0
1965 LN -1 -1 -1 -1.000000 1 0
1966 IN 1967 1972 10 0.500000 4 0
1967 IN 1968 1969 7 0.500000 3 1
1968 LN -1 -1 -1 -1.000000 1 0
1969 IN 1970 1971 13 0.500000 2 1
1970 LN -1 -1 -1 -1.000000 1 1
1971 LN -1 -1 -1 -1.000000 1 1
1972 IN 1973 1974 7 0.500000 2 0
1973 LN -1 -1 -1 -1.000000 1 0
1974 LN -1 -1 -1 -1.000000 1 0
1975 IN 1976 2099 4 0.500000 10 1
1976 IN 1977 2018 14 0.500000 9 0
1977 IN 1978 2003 0 0.500000 7 0
1978 IN 1979 1992 10 0.500000 6 0
1979 IN 1980 1981 11 0.500000 5 0
1980 LN -1 -1 -1 -1.000000 1 0
1981 IN 1982 1987 7 0.500000 4 0
1982 IN 1983 1984 15 0.500000 3 0
1983 LN -1 -1 -1 -1.000000 1 1
1984 IN 1985 1986 5 0.500000 2 0
1985 LN -1 -1 -1 -1.000000 1 0
1986 LN -1 -1 -1 -1.000000 1 0
1987 IN 1988 1989 15 0.500000 3 0
1988 LN -1 -1 -1 -1.000000 1 0
1989 IN 1990 1991 5 0.500000 2 0
1990 LN -1 -1 -1 -1.000000 1 0
1991 LN -1 -1 -1 -1.000000 1 0
1992 IN 1993 1996 5 0.500000 5 0
1993 IN 1994 1995 7 0.500000 2 0
1994 LN -1 -1 -1 -1.000000 1 0
1995 LN -1 -1 -1 -1.000000 1 0
1996 IN 1997 2002 6 0.500000 4 0
1997 IN 1998 1999 15 0.500000 3 0
1998 LN -1 -1 -1 -1.000000 1 0
1999 IN 2000 2001 7 0.500000 2 0
2000 LN -1 -1 -1 -1.000000 1 0
2001 LN -1 -1 -1 -1.000000 1 0
2002 LN -1 -1 -1 -1.000000 1 1
2003 IN 2004 2009 15 0.500000 6 0
2004 IN 2005 2006 7 0.500000 3 0
2005 LN -1 -1 -1 -1.000000 1 0
2006 IN 2007 2008 10 0.500000 2 0
2007 LN -1 -1 -1 -1.000000 1 0
2008 LN -1 -1 -1 -1.000000 1 1
2009 IN 2010 2017 6 0.500000 5 0
2010 IN 2011 2012 10 0.500000 4 0
2011 LN -1 -1 -1 -1.000000 1 0
2012 IN 2013 2014 5 0.500000 3 0
2013 LN -1 -1 -1 -1.000000 1 0
2014 IN 2015 2016 7 0.500000 2 0
2015 LN -1 -1 -1 -1.000000 1 0
2016 LN -1 -1 -1 -1.000000 1 1
2017 LN -1 -1 -1 -1.000000 1 0
2018 IN 2019 2046 0 0.500000 8 1
2019 IN 2020 2031 7 0.500000 6 0
2020 IN 2021 2022 15 0.500000 5 0
2021 LN -1 -1 -1 -1.000000 1 0
2022 IN 2023 2030 13 0.500000 4 0
2023 IN 2024 2027 5 0.500000 3 0
2024 IN 2025 2026 10 0.500000 2 0
2025 LN -1 -1 -1 -1.000000 1 0
2026 LN -1 -1 -1 -1.000000 1 0
2027 IN 2028 2029 10 0.500000 2 0
2028 LN -1 -1 -1 -1.000000 1 0
2029 LN -1 -1 -1 -1.000000 1 0
2030 LN -1 -1 -1 -1.000000 1 0
2031 IN 2032 2043 6 0.500000 5 0
2032 IN 2033 2036 10 0.500000 4 0
2033 IN 2034 2035 5 0.500000 2 0
2034 LN -1 -1 -1 -1.000000 1 0
2035 LN -1 -1 -1 -1.000000 1 0
2036 IN 2037 2040 5 0.500000 3 0
2037 IN 2038 2039 13 0.500000 2 0
2038 LN -1 -1 -1 -1.000000 1 0
2039 LN -1 -1 -1 -1.000000 1 0
2040 IN 2041 2042 13 0.500000 2 0
2041 LN -1 -1 -1 -1.000000 1 0
2042 LN -1 -1 -1 -1.000000 1 0
2043 IN 2044 2045 10 0.500000 2 0
2044 LN -1 -1 -1 -1.000000 1 0
2045 LN -1 -1 -1 -1.000000 1 1
2046 IN 2047 2064 5 0.500000 7 1
2047 IN 2048 2057 7 0.500000 5 0
2048 IN 2049 2052 13 0.500000 4 0
2049 IN 2050 2051 10 0.500000 2 0
2050 LN -1 -1 -1 -1.000000 1 0
2051 LN -1 -1 -1 -1.000000 1 0
2052 IN 2053 2054 15 0.500000 3 0
2053 LN -1 -1 -1 -1.000000 1 0
2054 IN 2055 2056 10 0.500000 2 0
2055 LN -1 -1 -1 -1.000000 1 0
2056 LN -1 -1 -1 -1.000000 1 1
2057 IN 2058 2061 10 0.500000 3 0
2058 IN 2059 2060 13 0.500000 2 0
2059 LN -1 -1 -1 -1.000000 1 0
2060 LN -1 -1 -1 -1.000000 1 0
2061 IN 2062 2063 13 0.500000 2 0
2062 LN -1 -1 -1 -1.000000 1 0
2063 LN -1 -1 -1 -1.000000 1 0
2064 IN 2065 2078 7 0.500000 6 1
2065 IN 2066 2071 13 0.500000 4 1
2066 IN 2067 2068 10 0.500000 3 0
2067 LN -1 -1 -1 -1.000000 1 0
2068 IN 2069 2070 15 0.500000 2 0
2069 LN -1 -1 -1 -1.000000 1 1
2070 LN -1 -1 -1 -1.000000 1 0
2071 IN 2072 2075 10 0.500000 3 1
2072 IN 2073 2074 15 0.500000 2 0
2073 LN -1 -1 -1 -1.000000 1 0
2074 LN -1 -1 -1 -1.000000 1 1
2075 IN 2076 2077 15 0.500000 2 1
2076 LN -1 -1 -1 -1.000000 1 0
2077 LN -1 -1 -1 -1.000000 1 1
2078 IN 2079 2088 13 0.500000 5 1
2079 IN 2080 2081 15 0.500000 4 1
2080 LN -1 -1 -1 -1.000000 1 1
2081 IN 2082 2085 10 0.500000 3 1
2082 IN 2083 2084 6 0.500000 2 0
2083 LN -1 -1 -1 -1.000000 1 0
2084 LN -1 -1 -1 -1.000000 1 0
2085 IN 2086 2087 6 0.500000 2 1
2086 LN -1 -1 -1 -1.000000 1 1
2087 LN -1 -1 -1 -1.000000 1 1
2088 IN 2089 2096 6 0.500000 4 1
2089 IN 2090 2093 10 0.500000 3 1
2090 IN 2091 2092 15 0.500000 2 1
2091 LN -1 -1 -1 -1.000000 1 0
2092 LN -1 -1 -1 -1.000000 1 1
2093 IN 2094 2095 15 0.500000 2 1
2094 LN -1 -1 -1 -1.000000 1 1
2095 LN -1 -1 -1 -1.000000 1 1
2096 IN 2097 2098 10 0.500000 2 1
2097 LN -1 -1 -1 -1.000000 1 1
2098 LN -1 -1 -1 -1.000000 1 1
2099 IN 2100 2139 13 0.500000 9 1
2100 IN 2101 2124 14 0.500000 8 1
2101 IN 2102 2103 11 0.500000 7 1
2102 LN -1 -1 -1 -1.000000 1 0
2103 IN 2104 2113 0 0.500000 6 1
2104 IN 2105 2108 15 0.500000 4 1
2105 IN 2106 2107 7 0.500000 2 0
2106 LN -1 -1 -1 -1.000000 1 0
2107 LN -1 -1 -1 -1.000000 1 0
2108 IN 2109 2112 10 0.500000 3 1
2109 IN 2110 2111 7 0.500000 2 0
2110 LN -1 -1 -1 -1.000000 1 0
2111 LN -1 -1 -1 -1.000000 1 1
2112 LN -1 -1 -1 -1.000000 1 1
2113 IN 2114 2117 15 0.500000 5 1
2114 IN 2115 2116 7 0.500000 2 0
2115 LN -1 -1 -1 -1.000000 1 0
2116 LN -1 -1 -1 -1.000000 1 1
2117 IN 2118 2119 10 0.500000 4 1
2118 LN -1 -1 -1 -1.000000 1 1
2119 IN 2120 2121 7 0.500000 3 1
2120 LN -1 -1 -1 -1.000000 1 0
2121 IN 2122 2123 6 0.500000 2 1
2122 LN -1 -1 -1 -1.000000 1 1
2123 LN -1 -1 -1 -1.000000 1 1
2124 IN 2125 2138 6 0.500000 6 1
2125 IN 2126 2131 10 0.500000 5 1
2126 IN 2127 2128 0 0.500000 3 1
2127 LN -1 -1 -1 -1.000000 1 0
2128 IN 2129 2130 7 0.500000 2 1
2129 LN -1 -1 -1 -1.000000 1 0
2130 LN -1 -1 -1 -1.000000 1 1
2131 IN 2132 2133 15 0.500000 4 1
2132 LN -1 -1 -1 -1.000000 1 1
2133 IN 2134 2135 0 0.500000 3 1
2134 LN -1 -1 -1 -1.000000 1 1
2135 IN 2136 2137 7 0.500000 2 1
2136 LN -1 -1 -1 -1.000000 1 1
2137 LN -1 -1 -1 -1.000000 1 1
2138 LN -1 -1 -1 -1.000000 1 1
2139 IN 2140 2153 6 0.500000 5 1
2140 IN 2141 2146 10 0.500000 4 1
2141 IN 2142 2143 15 0.500000 3 1
2142 LN -1 -1 -1 -1.000000 1 0
2143 IN 2144 2145 7 0.500000 2 1
2144 LN -1 -1 -1 -1.000000 1 1
2145 LN -1 -1 -1 -1.000000 1 1
2146 IN 2147 2150 7 0.500000 3 1
2147 IN 2148 2149 15 0.500000 2 1
2148 LN -1 -1 -1 -1.000000 1 1
2149 LN -1 -1 -1 -1.000000 1 1
2150 IN 2151 2152 15 0.500000 2 1
2151 LN -1 -1 -1 -1.000000 1 0
2152 LN -1 -1 -1 -1.000000 1 1
2153 LN -1 -1 -1 -1.000000 1 1
2154 IN 2155 2192 1 0.500000 11 1
2155 IN 2156 2169 5 0.500000 7 0
2156 IN 2157 2158 11 0.500000 6 0
2157 LN -1 -1 -1 -1.000000 1 0
2158 IN 2159 2168 13 0.500000 5 1
2159 IN 2160 2167 14 0.500000 4 0
2160 IN 2161 2164 7 0.500000 3 0
2161 IN 2162 2163 10 0.500000 2 0
2162 LN -1 -1 -1 -1.000000 1 0
2163 LN -1 -1 -1 -1.000000 1 1
2164 IN 2165 2166 10 0.500000 2 1
2165 LN -1 -1 -1 -1.000000 1 0
2166 LN -1 -1 -1 -1.000000 1 1
2167 LN -1 -1 -1 -1.000000 1 0
2168 LN -1 -1 -1 -1.000000 1 1
2169 IN 2170 2177 7 0.500000 6 0
2170 IN 2171 2176 15 0.500000 4 1
2171 IN 2172 2175 4 0.500000 3 1
2172 IN 2173 2174 10 0.500000 2 1
2173 LN -1 -1 -1 -1.000000 1 1
2174 LN -1 -1 -1 -1.000000 1 1
2175 LN -1 -1 -1 -1.000000 1 0
2176 LN -1 -1 -1 -1.000000 1 0
2177 IN 2178 2189 14 0.500000 5 0
2178 IN 2179 2184 15 0.500000 4 1
2179 IN 2180 2181 10 0.500000 3 1
2180 LN -1 -1 -1 -1.000000 1 1
2181 IN 2182 2183 4 0.500000 2 1
2182 LN -1 -1 -1 -1.000000 1 1
2183 LN -1 -1 -1 -1.000000 1 0
2184 IN 2185 2186 10 0.500000 3 0
2185 LN -1 -1 -1 -1.000000 1 0
2186 IN 2187 2188 4 0.500000 2 0
2187 LN -1 -1 -1 -1.000000 1 1
2188 LN -1 -1 -1 -1.000000 1 0
2189 IN 2190 2191 4 0.500000 2 0
2190 LN -1 -1 -1 -1.000000 1 0
2191 LN -1 -1 -1 -1.000000 1 0
2192 IN 2193 2288 13 0.500000 10 1
2193 IN 2194 2261 4 0.500000 9 1
2194 IN 2195 2230 14 0.500000 8 1
2195 IN 2196 2207 7 0.500000 7 1
2196 IN 2197 2200 5 0.500000 5 1
2197 IN 2198 2199 11 0.500000 2 1
2198 LN -1 -1 -1 -1.000000 1 0
2199 LN -1 -1 -1 -1.000000 1 1
2200 IN 2201 2202 15 0.500000 4 1
2201 LN -1 -1 -1 -1.000000 1 1
2202 IN 2203 2204 10 0.500000 3 1
2203 LN -1 -1 -1 -1.000000 1 0
2204 IN 2205 2206 0 0.500000 2 1
2205 LN -1 -1 -1 -1.000000 1 0
2206 LN -1 -1 -1 -1.000000 1 1
2207 IN 2208 2217 15 0.500000 6 1
2208 IN 2209 2210 11 0.500000 5 0
2209 LN -1 -1 -1 -1.000000 1 0
2210 IN 2211 2216 6 0.500000 4 1
2211 IN 2212 2213 0 0.500000 3 0
2212 LN -1 -1 -1 -1.000000 1 0
2213 IN 2214 2215 10 0.500000 2 0
2214 LN -1 -1 -1 -1.000000 1 0
2215 LN -1 -1 -1 -1.000000 1 1
2216 LN -1 -1 -1 -1.000000 1 1
2217 IN 2218 2221 10 0.500000 5 1
2218 IN 2219 2220 0 0.500000 2 1
2219 LN -1 -1 -1 -1.000000 1 0
2220 LN -1 -1 -1 -1.000000 1 1
2221 IN 2222 2223 5 0.500000 4 1
2222 LN -1 -1 -1 -1.000000 1 1
2223 IN 2224 2227 6 0.500000 3 0
2224 IN 2225 2226 0 0.500000 2 1
2225 LN -1 -1 -1 -1.000000 1 0
2226 LN -1 -1 -1 -1.000000 1 1
2227 IN 2228 2229 0 0.500000 2 0
2228 LN -1 -1 -1 -1.000000 1 0
2229 LN -1 -1 -1 -1.000000 1 1
2230 IN 2231 2258 6 0.500000 7 1
2231 IN 2232 2245 10 0.500000 6 1
2232 IN 2233 2234 15 0.500000 5 1
2233 LN -1 -1 -1 -1.000000 1 1
2234 IN 2235 2240 7 0.500000 4 1
2235 IN 2236 2237 5 0.500000 3 0
2236 LN -1 -1 -1 -1.000000 1 0
2237 IN 2238 2239 0 0.500000 2 0
2238 LN -1 -1 -1 -1.000000 1 1
2239 LN -1 -1 -1 -1.000000 1 0
2240 IN 2241 2242 0 0.500000 3 1
2241 LN -1 -1 -1 -1.000000 1 1
2242 IN 2243 2244 5 0.500000 2 1
2243 LN -1 -1 -1 -1.000000 1 1
2244 LN -1 -1 -1 -1.000000 1 1
2245 IN 2246 2247 15 0.500000 5 1
2246 LN -1 -1 -1 -1.000000 1 0
2247 IN 2248 2251 5 0.500000 4 1
2248 IN 2249 2250 7 0.500000 2 1
2249 LN -1 -1 -1 -1.000000 1 1
2250 LN -1 -1 -1 -1.000000 1 1
2251 IN 2252 2255 0 0.500000 3 1
2252 IN 2253 2254 7 0.500000 2 0
2253 LN -1 -1 -1 -1.000000 1 0
2254 LN -1 -1 -1 -1.000000 1 1
2255 IN 2256 2257 7 0.500000 2 1
2256 LN -1 -1 -1 -1.000000 1 1
2257 LN -1 -1 -1 -1.000000 1 1
2258 IN 2259 2260 10 0.500000 2 0
2259 LN -1 -1 -1 -1.000000 1 1
2260 LN -1 -1 -1 -1.000000 1 0
2261 IN 2262 2271 15 0.500000 7 1
2262 IN 2263 2266 10 0.500000 4 1
2263 IN 2264 2265 7 0.500000 2 0
2264 LN -1 -1 -1 -1.000000 1 0
2265 LN -1 -1 -1 -1.000000 1 1
2266 IN 2267 2268 7 0.500000 3 1
2267 LN -1 -1 -1 -1.000000 1 1
2268 IN 2269 2270 0 0.500000 2 0
2269 LN -1 -1 -1 -1.000000 1 1
2270 LN -1 -1 -1 -1.000000 1 0
2271 IN 2272 2273 0 0.500000 6 1
2272 LN -1 -1 -1 -1.000000 1 1
2273 IN 2274 2281 14 0.500000 5 1
2274 IN 2275 2280 6 0.500000 4 1
2275 IN 2276 2277 10 0.500000 3 1
2276 LN -1 -1 -1 -1.000000 1 1
2277 IN 2278 2279 7 0.500000 2 1
2278 LN -1 -1 -1 -1.000000 1 0
2279 LN -1 -1 -1 -1.000000 1 1
2280 LN -1 -1 -1 -1.000000 1 0
2281 IN 2282 2283 7 0.500000 4 1
2282 LN -1 -1 -1 -1.000000 1 1
2283 IN 2284 2285 10 0.500000 3 1
2284 LN -1 -1 -1 -1.000000 1 1
2285 IN 2286 2287 6 0.500000 2 1
2286 LN -1 -1 -1 -1.000000 1 1
2287 LN -1 -1 -1 -1.000000 1 1
2288 IN 2289 2304 7 0.500000 8 1
2289 IN 2290 2291 5 0.500000 5 1
2290 LN -1 -1 -1 -1.000000 1 1
2291 IN 2292 2299 4 0.500000 4 1
2292 IN 2293 2296 15 0.500000 3 1
2293 IN 2294 2295 10 0.500000 2 1
2294 LN -1 -1 -1 -1.000000 1 1
2295 LN -1 -1 -1 -1.000000 1 0
2296 IN 2297 2298 10 0.500000 2 1
2297 LN -1 -1 -1 -1.000000 1 1
2298 LN -1 -1 -1 -1.000000 1 1
2299 IN 2300 2301 15 0.500000 3 1
2300 LN -1 -1 -1 -1.000000 1 1
2301 IN 2302 2303 10 0.500000 2 1
2302 LN -1 -1 -1 -1.000000 1 1
2303 LN -1 -1 -1 -1.000000 1 1
2304 IN 2305 2320 10 0.500000 7 1
2305 IN 2306 2317 6 0.500000 6 1
2306 IN 2307 2316 4 0.500000 5 1
2307 IN 2308 2311 5 0.500000 4 1
2308 IN 2309 2310 0 0.500000 2 1
2309 LN -1 -1 -1 -1.000000 1 0
2310 LN -1 -1 -1 -1.000000 1 1
2311 IN 2312 2313 0 0.500000 3 1
2312 LN -1 -1 -1 -1.000000 1 1
2313 IN 2314 2315 15 0.500000 2 1
2314 LN -1 -1 -1 -1.000000 1 0
2315 LN -1 -1 -1 -1.000000 1 1
2316 LN -1 -1 -1 -1.000000 1 1
2317 IN 2318 2319 4 0.500000 2 1
2318 LN -1 -1 -1 -1.000000 1 1
2319 LN -1 -1 -1 -1.000000 1 1
2320 IN 2321 2322 5 0.500000 6 1
2321 LN -1 -1 -1 -1.000000 1 1
2322 IN 2323 2330 4 0.500000 5 1
2323 IN 2324 2325 0 0.500000 4 1
2324 LN -1 -1 -1 -1.000000 1 1
2325 IN 2326 2327 15 0.500000 3 1
2326 LN -1 -1 -1 -1.000000 1 1
2327 IN 2328 2329 6 0.500000 2 1
2328 LN -1 -1 -1 -1.000000 1 1
2329 LN -1 -1 -1 -1.000000 1 0
2330 IN 2331 2332 15 0.500000 3 1
2331 LN -1 -1 -1 -1.000000 1 1
2332 IN 2333 2334 6 0.500000 2 1
2333 LN -1 -1 -1 -1.000000 1 1
2334 LN -1 -1 -1 -1.000000 1 1
2335 IN 2336 2477 10 0.500000 12 1
2336 IN 2337 2390 14 0.500000 9 1
2337 IN 2338 2339 7 0.500000 8 0
2338 LN -1 -1 -1 -1.000000 1 0
2339 IN 2340 2363 1 0.500000 7 0
2340 IN 2341 2358 4 0.500000 6 0
2341 IN 2342 2349 15 0.500000 5 0
2342 IN 2343 2346 6 0.500000 3 0
2343 IN 2344 2345 12 0.500000 2 0
2344 LN -1 -1 -1 -1.000000 1 0
2345 LN -1 -1 -1 -1.000000 1 1
2346 IN 2347 2348 12 0.500000 2 0
2347 LN -1 -1 -1 -1.000000 1 0
2348 LN -1 -1 -1 -1.000000 1 1
2349 IN 2350 2355 6 0.500000 4 0
2350 IN 2351 2352 5 0.500000 3 0
2351 LN -1 -1 -1 -1.000000 1 1
2352 IN 2353 2354 12 0.500000 2 0
2353 LN -1 -1 -1 -1.000000 1 0
2354 LN -1 -1 -1 -1.000000 1 0
2355 IN 2356 2357 12 0.500000 2 0
2356 LN -1 -1 -1 -1.000000 1 0
2357 LN -1 -1 -1 -1.000000 1 1
2358 IN 2359 2360 12 0.500000 3 1
2359 LN -1 -1 -1 -1.000000 1 1
2360 IN 2361 2362 15 0.500000 2 0
2361 LN -1 -1 -1 -1.000000 1 0
2362 LN -1 -1 -1 -1.000000 1 1
2363 IN 2364 2379 0 0.500000 6 1
2364 IN 2365 2370 12 0.500000 5 1
2365 IN 2366 2367 15 0.500000 3 0
2366 LN -1 -1 -1 -1.000000 1 1
2367 IN 2368 2369 6 0.500000 2 0
2368 LN -1 -1 -1 -1.000000 1 0
2369 LN -1 -1 -1 -1.000000 1 0
2370 IN 2371 2376 4 0.500000 4 1
2371 IN 2372 2373 15 0.500000 3 1
2372 LN -1 -1 -1 -1.000000 1 1
2373 IN 2374 2375 6 0.500000 2 1
2374 LN -1 -1 -1 -1.000000 1 0
2375 LN -1 -1 -1 -1.000000 1 1
2376 IN 2377 2378 15 0.500000 2 1
2377 LN -1 -1 -1 -1.000000 1 1
2378 LN -1 -1 -1 -1.000000 1 1
2379 IN 2380 2385 12 0.500000 4 1
2380 IN 2381 2384 6 0.500000 3 1
2381 IN 2382 2383 4 0.500000 2 1
2382 LN -1 -1 -1 -1.000000 1 1
2383 LN -1 -1 -1 -1.000000 1 0
2384 LN -1 -1 -1 -1.000000 1 1
2385 IN 2386 2389 6 0.500000 3 1
2386 IN 2387 2388 4 0.500000 2 0
2387 LN -1 -1 -1 -1.000000 1 0
2388 LN -1 -1 -1 -1.000000 1 0
2389 LN -1 -1 -1 -1.000000 1 1
2390 IN 2391 2408 1 0.500000 8 1
2391 IN 2392 2407 6 0.500000 7 0
2392 IN 2393 2396 5 0.500000 6 0
2393 IN 2394 2395 12 0.500000 2 0
2394 LN -1 -1 -1 -1.000000 1 0
2395 LN -1 -1 -1 -1.000000 1 1
2396 IN 2397 2406 4 0.500000 5 0
2397 IN 2398 2399 15 0.500000 4 0
2398 LN -1 -1 -1 -1.000000 1 0
2399 IN 2400 2403 12 0.500000 3 0
2400 IN 2401 2402 7 0.500000 2 0
2401 LN -1 -1 -1 -1.000000 1 0
2402 LN -1 -1 -1 -1.000000 1 0
2403 IN 2404 2405 7 0.500000 2 0
2404 LN -1 -1 -1 -1.000000 1 0
2405 LN -1 -1 -1 -1.000000 1 0
2406 LN -1 -1 -1 -1.000000 1 1
2407 LN -1 -1 -1 -1.000000 1 1
2408 IN 2409 2452 6 0.500000 7 1
2409 IN 2410 2433 13 0.500000 6 1
2410 IN 2411 2424 0 0.500000 5 1
2411 IN 2412 2419 4 0.500000 4 1
2412 IN 2413 2416 7 0.500000 3 1
2413 IN 2414 2415 12 0.500000 2 1
2414 LN -1 -1 -1 -1.000000 1 0
2415 LN -1 -1 -1 -1.000000 1 1
2416 IN 2417 2418 12 0.500000 2 1
2417 LN -1 -1 -1 -1.000000 1 0
2418 LN -1 -1 -1 -1.000000 1 1
2419 IN 2420 2421 7 0.500000 3 1
2420 LN -1 -1 -1 -1.000000 1 1
2421 IN 2422 2423 12 0.500000 2 1
2422 LN -1 -1 -1 -1.000000 1 1
2423 LN -1 -1 -1 -1.000000 1 1
2424 IN 2425 2426 7 0.500000 4 1
2425 LN -1 -1 -1 -1.000000 1 1
2426 IN 2427 2430 4 0.500000 3 1
2427 IN 2428 2429 12 0.500000 2 1
2428 LN -1 -1 -1 -1.000000 1 1
2429 LN -1 -1 -1 -1.000000 1 1
2430 IN 2431 2432 12 0.500000 2 1
2431 LN -1 -1 -1 -1.000000 1 1
2432 LN -1 -1 -1 -1.000000 1 1
2433 IN 2434 2445 12 0.500000 5 1
2434 IN 2435 2440 4 0.500000 4 1
2435 IN 2436 2437 15 0.500000 3 0
2436 LN -1 -1 -1 -1.000000 1 0
2437 IN 2438 2439 0 0.500000 2 1
2438 LN -1 -1 -1 -1.000000 1 0
2439 LN -1 -1 -1 -1.000000 1 1
2440 IN 2441 2442 15 0.500000 3 1
2441 LN -1 -1 -1 -1.000000 1 0
2442 IN 2443 2444 0 0.500000 2 1
2443 LN -1 -1 -1 -1.000000 1 1
2444 LN -1 -1 -1 -1.000000 1 1
2445 IN 2446 2447 15 0.500000 4 1
2446 LN -1 -1 -1 -1.000000 1 1
2447 IN 2448 2451 4 0.500000 3 1
2448 IN 2449 2450 0 0.500000 2 1
2449 LN -1 -1 -1 -1.000000 1 1
2450 LN -1 -1 -1 -1.000000 1 1
2451 LN -1 -1 -1 -1.000000 1 1
2452 IN 2453 2454 15 0.500000 6 1
2453 LN -1 -1 -1 -1.000000 1 0
2454 IN 2455 2468 4 0.500000 5 1
2455 IN 2456 2463 13 0.500000 4 1
2456 IN 2457 2460 0 0.500000 3 0
2457 IN 2458 2459 12 0.500000 2 0
2458 LN -1 -1 -1 -1.000000 1 1
2459 LN -1 -1 -1 -1.000000 1 0
2460 IN 2461 2462 12 0.500000 2 0
2461 LN -1 -1 -1 -1.000000 1 0
2462 LN -1 -1 -1 -1.000000 1 1
2463 IN 2464 2465 0 0.500000 3 1
2464 LN -1 -1 -1 -1.000000 1 1
2465 IN 2466 2467 12 0.500000 2 1
2466 LN -1 -1 -1 -1.000000 1 1
2467 LN -1 -1 -1 -1.000000 1 1
2468 IN 2469 2470 0 0.500000 4 1
2469 LN -1 -1 -1 -1.000000 1 1
2470 IN 2471 2474 13 0.500000 3 1
2471 IN 2472 2473 12 0.500000 2 1
2472 LN -1 -1 -1 -1.000000 1 0
2473 LN -1 -1 -1 -1.000000 1 1
2474 IN 2475 2476 12 0.500000 2 1
2475 LN -1 -1 -1 -1.000000 1 1
2476 LN -1 -1 -1 -1.000000 1 1
2477 IN 2478 2571 14 0.500000 11 1
2478 IN 2479 2516 1 0.500000 8 1
2479 IN 2480 2487 7 0.500000 7 0
2480 IN 2481 2484 12 0.500000 3 0
2481 IN 2482 2483 15 0.500000 2 0
2482 LN -1 -1 -1 -1.000000 1 0
2483 LN -1 -1 -1 -1.000000 1 0
2484 IN 2485 2486 15 0.500000 2 0
2485 LN -1 -1 -1 -1.000000 1 0
2486 LN -1 -1 -1 -1.000000 1 1
2487 IN 2488 2505 12 0.500000 6 0
2488 IN 2489 2496 15 0.500000 5 0
2489 IN 2490 2493 4 0.500000 3 0
2490 IN 2491 2492 6 0.500000 2 0
2491 LN -1 -1 -1 -1.000000 1 0
2492 LN -1 -1 -1 -1.000000 1 1
2493 IN 2494 2495 6 0.500000 2 1
2494 LN -1 -1 -1 -1.000000 1 0
2495 LN -1 -1 -1 -1.000000 1 1
2496 IN 2497 2502 4 0.500000 4 0
2497 IN 2498 2501 6 0.500000 3 0
2498 IN 2499 2500 5 0.500000 2 0
2499 LN -1 -1 -1 -1.000000 1 0
2500 LN -1 -1 -1 -1.000000 1 0
2501 LN -1 -1 -1 -1.000000 1 1
2502 IN 2503 2504 6 0.500000 2 1
2503 LN -1 -1 -1 -1.000000 1 1
2504 LN -1 -1 -1 -1.000000 1 0
2505 IN 2506 2511 4 0.500000 4 0
2506 IN 2507 2510 15 0.500000 3 1
2507 IN 2508 2509 6 0.500000 2 0
2508 LN -1 -1 -1 -1.000000 1 0
2509 LN -1 -1 -1 -1.000000 1 0
2510 LN -1 -1 -1 -1.000000 1 1
2511 IN 2512 2515 15 0.500000 3 0
2512 IN 2513 2514 6 0.500000 2 0
2513 LN -1 -1 -1 -1.000000 1 0
2514 LN -1 -1 -1 -1.000000 1 0
2515 LN -1 -1 -1 -1.000000 1 0
2516 IN 2517 2522 7 0.500000 7 1
2517 IN 2518 2521 4 0.500000 3 0
2518 IN 2519 2520 15 0.500000 2 0
2519 LN -1 -1 -1 -1.000000 1 0
2520 LN -1 -1 -1 -1.000000 1 1
2521 LN -1 -1 -1 -1.000000 1 1
2522 IN 2523 2544 4 0.500000 6 1
2523 IN 2524 2531 15 0.500000 5 1
2524 IN 2525 2528 12 0.500000 3 1
2525 IN 2526 2527 6 0.500000 2 1
2526 LN -1 -1 -1 -1.000000 1 1
2527 LN -1 -1 -1 -1.000000 1 0
2528 IN 2529 2530 6 0.500000 2 0
2529 LN -1 -1 -1 -1.000000 1 0
2530 LN -1 -1 -1 -1.000000 1 0
2531 IN 2532 2539 12 0.500000 4 1
2532 IN 2533 2536 6 0.500000 3 0
2533 IN 2534 2535 0 0.500000 2 0
2534 LN -1 -1 -1 -1.000000 1 0
2535 LN -1 -1 -1 -1.000000 1 0
2536 IN 2537 2538 0 0.500000 2 1
2537 LN -1 -1 -1 -1.000000 1 1
2538 LN -1 -1 -1 -1.000000 1 0
2539 IN 2540 2541 0 0.500000 3 1
2540 LN -1 -1 -1 -1.000000 1 1
2541 IN 2542 2543 6 0.500000 2 0
2542 LN -1 -1 -1 -1.000000 1 0
2543 LN -1 -1 -1 -1.000000 1 1
2544 IN 2545 2560 12 0.500000 5 1
2545 IN 2546 2553 0 0.500000 4 1
2546 IN 2547 2550 6 0.500000 3 1
2547 IN 2548 2549 15 0.500000 2 0
2548 LN -1 -1 -1 -1.000000 1 0
2549 LN -1 -1 -1 -1.000000 1 0
2550 IN 2551 2552 15 0.500000 2 1
2551 LN -1 -1 -1 -1.000000 1 1
2552 LN -1 -1 -1 -1.000000 1 1
2553 IN 2554 2557 15 0.500000 3 1
2554 IN 2555 2556 6 0.500000 2 0
2555 LN -1 -1 -1 -1.000000 1 1
2556 LN -1 -1 -1 -1.000000 1 0
2557 IN 2558 2559 6 0.500000 2 1
2558 LN -1 -1 -1 -1.000000 1 1
2559 LN -1 -1 -1 -1.000000 1 1
2560 IN 2561 2568 0 0.500000 4 1
2561 IN 2562 2565 15 0.500000 3 1
2562 IN 2563 2564 6 0.500000 2 1
2563 LN -1 -1 -1 -1.000000 1 1
2564 LN -1 -1 -1 -1.000000 1 1
2565 IN 2566 2567 6 0.500000 2 1
2566 LN -1 -1 -1 -1.000000 1 1
2567 LN -1 -1 -1 -1.000000 1 1
2568 IN 2569 2570 6 0.500000 2 1
2569 LN -1 -1 -1 -1.000000 1 0
2570 LN -1 -1 -1 -1.000000 1 1
2571 IN 2572 2645 4 0.500000 10 1
2572 IN 2573 2590 7 0.500000 9 1
2573 IN 2574 2579 1 0.500000 5 1
2574 IN 2575 2576 12 0.500000 3 0
2575 LN -1 -1 -1 -1.000000 1 0
2576 IN 2577 2578 5 0.500000 2 0
2577 LN -1 -1 -1 -1.000000 1 0
2578 LN -1 -1 -1 -1.000000 1 1
2579 IN 2580 2585 13 0.500000 4 1
2580 IN 2581 2584 0 0.500000 3 1
2581 IN 2582 2583 12 0.500000 2 0
2582 LN -1 -1 -1 -1.000000 1 0
2583 LN -1 -1 -1 -1.000000 1 0
2584 LN -1 -1 -1 -1.000000 1 1
2585 IN 2586 2589 12 0.500000 3 1
2586 IN 2587 2588 0 0.500000 2 1
2587 LN -1 -1 -1 -1.000000 1 0
2588 LN -1 -1 -1 -1.000000 1 1
2589 LN -1 -1 -1 -1.000000 1 1
2590 IN 2591 2594 5 0.500000 8 1
2591 IN 2592 2593 1 0.500000 2 1
2592 LN -1 -1 -1 -1.000000 1 1
2593 LN -1 -1 -1 -1.000000 1 1
2594 IN 2595 2628 0 0.500000 7 1
2595 IN 2596 2613 12 0.500000 6 1
2596 IN 2597 2604 1 0.500000 5 0
2597 IN 2598 2599 15 0.500000 4 0
2598 LN -1 -1 -1 -1.000000 1 0
2599 IN 2600 2603 13 0.500000 3 1
2600 IN 2601 2602 6 0.500000 2 1
2601 LN -1 -1 -1 -1.000000 1 1
2602 LN -1 -1 -1 -1.000000 1 0
2603 LN -1 -1 -1 -1.000000 1 0
2604 IN 2605 2612 13 0.500000 4 1
2605 IN 2606 2609 6 0.500000 3 1
2606 IN 2607 2608 15 0.500000 2 0
2607 LN -1 -1 -1 -1.000000 1 1
2608 LN -1 -1 -1 -1.000000 1 0
2609 IN 2610 2611 15 0.500000 2 1
2610 LN -1 -1 -1 -1.000000 1 0
2611 LN -1 -1 -1 -1.000000 1 1
2612 LN -1 -1 -1 -1.000000 1 1
2613 IN 2614 2617 1 0.500000 5 1
2614 IN 2615 2616 15 0.500000 2 1
2615 LN -1 -1 -1 -1.000000 1 1
2616 LN -1 -1 -1 -1.000000 1 1
2617 IN 2618 2623 6 0.500000 4 1
2618 IN 2619 2622 13 0.500000 3 1
2619 IN 2620 2621 15 0.500000 2 1
2620 LN -1 -1 -1 -1.000000 1 1
2621 LN -1 -1 -1 -1.000000 1 1
2622 LN -1 -1 -1 -1.000000 1 1
2623 IN 2624 2625 15 0.500000 3 1
2624 LN -1 -1 -1 -1.000000 1 0
2625 IN 2626 2627 13 0.500000 2 1
2626 LN -1 -1 -1 -1.000000 1 1
2627 LN -1 -1 -1 -1.000000 1 1
2628 IN 2629 2638 6 0.500000 5 1
2629 IN 2630 2631 15 0.500000 4 1
2630 LN -1 -1 -1 -1.000000 1 1
2631 IN 2632 2635 13 0.500000 3 1
2632 IN 2633 2634 12 0.500000 2 1
2633 LN -1 -1 -1 -1.000000 1 1
2634 LN -1 -1 -1 -1.000000 1 1
2635 IN 2636 2637 12 0.500000 2 1
2636 LN -1 -1 -1 -1.000000 1 1
2637 LN -1 -1 -1 -1.000000 1 1
2638 IN 2639 2642 12 0.500000 3 1
2639 IN 2640 2641 13 0.500000 2 1
2640 LN -1 -1 -1 -1.000000 1 1
2641 LN -1 -1 -1 -1.000000 1 1
2642 IN 2643 2644 13 0.500000 2 1
2643 LN -1 -1 -1 -1.000000 1 1
2644 LN -1 -1 -1 -1.000000 1 1
2645 IN 2646 2677 13 0.500000 8 1
2646 IN 2647 2652 15 0.500000 7 1
2647 IN 2648 2651 12 0.500000 3 1
2648 IN 2649 2650 1 0.500000 2 1
2649 LN -1 -1 -1 -1.000000 1 1
2650 LN -1 -1 -1 -1.000000 1 1
2651 LN -1 -1 -1 -1.000000 1 1
2652 IN 2653 2668 0 0.500000 6 1
2653 IN 2654 2657 1 0.500000 5 1
2654 IN 2655 2656 6 0.500000 2 0
2655 LN -1 -1 -1 -1.000000 1 0
2656 LN -1 -1 -1 -1.000000 1 1
2657 IN 2658 2663 12 0.500000 4 1
2658 IN 2659 2660 7 0.500000 3 0
2659 LN -1 -1 -1 -1.000000 1 0
2660 IN 2661 2662 6 0.500000 2 0
2661 LN -1 -1 -1 -1.000000 1 0
2662 LN -1 -1 -1 -1.000000 1 1
2663 IN 2664 2665 7 0.500000 3 1
2664 LN -1 -1 -1 -1.000000 1 1
2665 IN 2666 2667 6 0.500000 2 1
2666 LN -1 -1 -1 -1.000000 1 1
2667 LN -1 -1 -1 -1.000000 1 1
2668 IN 2669 2674 6 0.500000 4 1
2669 IN 2670 2671 12 0.500000 3 1
2670 LN -1 -1 -1 -1.000000 1 1
2671 IN 2672 2673 7 0.500000 2 1
2672 LN -1 -1 -1 -1.000000 1 1
2673 LN -1 -1 -1 -1.000000 1 1
2674 IN 2675 2676 12 0.500000 2 1
2675 LN -1 -1 -1 -1.000000 1 1
2676 LN -1 -1 -1 -1.000000 1 1
2677 IN 2678 2681 15 0.500000 6 1
2678 IN 2679 2680 12 0.500000 2 0
2679 LN -1 -1 -1 -1.000000 1 1
2680 LN -1 -1 -1 -1.000000 1 0
2681 IN 2682 2687 12 0.500000 5 1
2682 IN 2683 2684 0 0.500000 3 1
2683 LN -1 -1 -1 -1.000000 1 1
2684 IN 2685 2686 6 0.500000 2 1
2685 LN -1 -1 -1 -1.000000 1 1
2686 LN -1 -1 -1 -1.000000 1 1
2687 IN 2688 2693 6 0.500000 4 1
2688 IN 2689 2690 0 0.500000 3 1
2689 LN -1 -1 -1 -1.000000 1 1
2690 IN 2691 2692 7 0.500000 2 1
2691 LN -1 -1 -1 -1.000000 1 1
2692 LN -1 -1 -1 -1.000000 1 1
2693 LN -1 -1 -1 -1.000000 1 1
2694 IN 2695 2728 1 0.500000 13 1
2695 IN 2696 2717 6 0.500000 9 0
2696 IN 2697 2698 10 0.500000 8 0
2697 LN -1 -1 -1 -1.000000 1 0
2698 IN 2699 2714 12 0.500000 7 0
2699 IN 2700 2713 13 0.500000 6 0
2700 IN 2701 2708 4 0.500000 5 1
2701 IN 2702 2703 15 0.500000 4 0
2702 LN -1 -1 -1 -1.000000 1 0
2703 IN 2704 2705 5 0.500000 3 0
2704 LN -1 -1 -1 -1.000000 1 0
2705 IN 2706 2707 14 0.500000 2 0
2706 LN -1 -1 -1 -1.000000 1 1
2707 LN -1 -1 -1 -1.000000 1 0
2708 IN 2709 2712 14 0.500000 3 1
2709 IN 2710 2711 15 0.500000 2 1
2710 LN -1 -1 -1 -1.000000 1 0
2711 LN -1 -1 -1 -1.000000 1 1
2712 LN -1 -1 -1 -1.000000 1 1
2713 LN -1 -1 -1 -1.000000 1 0
2714 IN 2715 2716 14 0.500000 2 1
2715 LN -1 -1 -1 -1.000000 1 0
2716 LN -1 -1 -1 -1.000000 1 1
2717 IN 2718 2721 14 0.500000 5 1
2718 IN 2719 2720 4 0.500000 2 0
2719 LN -1 -1 -1 -1.000000 1 0
2720 LN -1 -1 -1 -1.000000 1 1
2721 IN 2722 2723 10 0.500000 4 1
2722 LN -1 -1 -1 -1.000000 1 0
2723 IN 2724 2725 4 0.500000 3 1
2724 LN -1 -1 -1 -1.000000 1 1
2725 IN 2726 2727 15 0.500000 2 1
2726 LN -1 -1 -1 -1.000000 1 1
2727 LN -1 -1 -1 -1.000000 1 0
2728 IN 2729 2884 6 0.500000 12 1
2729 IN 2730 2817 3 0.500000 11 1
2730 IN 2731 2740 5 0.500000 10 1
2731 IN 2732 2739 12 0.500000 5 0
2732 IN 2733 2734 10 0.500000 4 0
2733 LN -1 -1 -1 -1.000000 1 0
2734 IN 2735 2736 0 0.500000 3 0
2735 LN -1 -1 -1 -1.000000 1 1
2736 IN 2737 2738 7 0.500000 2 0
2737 LN -1 -1 -1 -1.000000 1 0
2738 LN -1 -1 -1 -1.000000 1 0
2739 LN -1 -1 -1 -1.000000 1 1
2740 IN 2741 2778 4 0.500000 9 1
2741 IN 2742 2753 7 0.500000 8 1
2742 IN 2743 2746 13 0.500000 4 1
2743 IN 2744 2745 12 0.500000 2 1
2744 LN -1 -1 -1 -1.000000 1 1
2745 LN -1 -1 -1 -1.000000 1 1
2746 IN 2747 2750 12 0.500000 3 1
2747 IN 2748 2749 10 0.500000 2 1
2748 LN -1 -1 -1 -1.000000 1 1
2749 LN -1 -1 -1 -1.000000 1 1
2750 IN 2751 2752 10 0.500000 2 1
2751 LN -1 -1 -1 -1.000000 1 1
2752 LN -1 -1 -1 -1.000000 1 1
2753 IN 2754 2761 10 0.500000 7 1
2754 IN 2755 2756 0 0.500000 4 1
2755 LN -1 -1 -1 -1.000000 1 1
2756 IN 2757 2760 12 0.500000 3 1
2757 IN 2758 2759 13 0.500000 2 1
2758 LN -1 -1 -1 -1.000000 1 0
2759 LN -1 -1 -1 -1.000000 1 1
2760 LN -1 -1 -1 -1.000000 1 1
2761 IN 2762 2763 15 0.500000 6 1
2762 LN -1 -1 -1 -1.000000 1 1
2763 IN 2764 2767 14 0.500000 5 1
2764 IN 2765 2766 0 0.500000 2 1
2765 LN -1 -1 -1 -1.000000 1 0
2766 LN -1 -1 -1 -1.000000 1 1
2767 IN 2768 2773 13 0.500000 4 1
2768 IN 2769 2772 12 0.500000 3 1
2769 IN 2770 2771 0 0.500000 2 1
2770 LN -1 -1 -1 -1.000000 1 0
2771 LN -1 -1 -1 -1.000000 1 1
2772 LN -1 -1 -1 -1.000000 1 1
2773 IN 2774 2775 12 0.500000 3 1
2774 LN -1 -1 -1 -1.000000 1 1
2775 IN 2776 2777 0 0.500000 2 1
2776 LN -1 -1 -1 -1.000000 1 1
2777 LN -1 -1 -1 -1.000000 1 1
2778 IN 2779 2788 15 0.500000 7 1
2779 IN 2780 2783 10 0.500000 4 0
2780 IN 2781 2782 12 0.500000 2 0
2781 LN -1 -1 -1 -1.000000 1 0
2782 LN -1 -1 -1 -1.000000 1 1
2783 IN 2784 2787 12 0.500000 3 0
2784 IN 2785 2786 7 0.500000 2 1
2785 LN -1 -1 -1 -1.000000 1 1
2786 LN -1 -1 -1 -1.000000 1 0
2787 LN -1 -1 -1 -1.000000 1 0
2788 IN 2789 2796 14 0.500000 6 1
2789 IN 2790 2791 0 0.500000 4 1
2790 LN -1 -1 -1 -1.000000 1 1
2791 IN 2792 2793 7 0.500000 3 0
2792 LN -1 -1 -1 -1.000000 1 0
2793 IN 2794 2795 12 0.500000 2 0
2794 LN -1 -1 -1 -1.000000 1 1
2795 LN -1 -1 -1 -1.000000 1 0
2796 IN 2797 2808 12 0.500000 5 1
2797 IN 2798 2803 10 0.500000 4 1
2798 IN 2799 2800 7 0.500000 3 1
2799 LN -1 -1 -1 -1.000000 1 1
2800 IN 2801 2802 13 0.500000 2 1
2801 LN -1 -1 -1 -1.000000 1 0
2802 LN -1 -1 -1 -1.000000 1 1
2803 IN 2804 2805 13 0.500000 3 1
2804 LN -1 -1 -1 -1.000000 1 1
2805 IN 2806 2807 7 0.500000 2 1
2806 LN -1 -1 -1 -1.000000 1 0
2807 LN -1 -1 -1 -1.000000 1 1
2808 IN 2809 2812 7 0.500000 4 1
2809 IN 2810 2811 10 0.500000 2 1
2810 LN -1 -1 -1 -1.000000 1 1
2811 LN -1 -1 -1 -1.000000 1 1
2812 IN 2813 2814 10 0.500000 3 1
2813 LN -1 -1 -1 -1.000000 1 1
2814 IN 2815 2816 13 0.500000 2 1
2815 LN -1 -1 -1 -1.000000 1 1
2816 LN -1 -1 -1 -1.000000 1 1
2817 IN 2818 2839 0 0.500000 9 1
2818 IN 2819 2820 5 0.500000 7 1
2819 LN -1 -1 -1 -1.000000 1 0
2820 IN 2821 2830 13 0.500000 6 1
2821 IN 2822 2829 12 0.500000 5 1
2822 IN 2823 2824 14 0.500000 4 0
2823 LN -1 -1 -1 -1.000000 1 0
2824 IN 2825 2826 7 0.500000 3 1
2825 LN -1 -1 -1 -1.000000 1 1
2826 IN 2827 2828 4 0.500000 2 0
2827 LN -1 -1 -1 -1.000000 1 1
2828 LN -1 -1 -1 -1.000000 1 0
2829 LN -1 -1 -1 -1.000000 1 1
2830 IN 2831 2832 10 0.500000 5 1
2831 LN -1 -1 -1 -1.000000 1 0
2832 IN 2833 2834 7 0.500000 4 1
2833 LN -1 -1 -1 -1.000000 1 1
2834 IN 2835 2838 4 0.500000 3 1
2835 IN 2836 2837 12 0.500000 2 0
2836 LN -1 -1 -1 -1.000000 1 0
2837 LN -1 -1 -1 -1.000000 1 0
2838 LN -1 -1 -1 -1.000000 1 1
2839 IN 2840 2863 12 0.500000 8 1
2840 IN 2841 2854 4 0.500000 7 1
2841 IN 2842 2843 5 0.500000 6 1
2842 LN -1 -1 -1 -1.000000 1 1
2843 IN 2844 2845 15 0.500000 5 1
2844 LN -1 -1 -1 -1.000000 1 1
2845 IN 2846 2849 10 0.500000 4 1
2846 IN 2847 2848 13 0.500000 2 1
2847 LN -1 -1 -1 -1.000000 1 1
2848 LN -1 -1 -1 -1.000000 1 1
2849 IN 2850 2851 13 0.500000 3 1
2850 LN -1 -1 -1 -1.000000 1 1
2851 IN 2852 2853 7 0.500000 2 1
2852 LN -1 -1 -1 -1.000000 1 1
2853 LN -1 -1 -1 -1.000000 1 1
2854 IN 2855 2856 13 0.500000 4 1
2855 LN -1 -1 -1 -1.000000 1 1
2856 IN 2857 2860 7 0.500000 3 1
2857 IN 2858 2859 10 0.500000 2 0
2858 LN -1 -1 -1 -1.000000 1 1
2859 LN -1 -1 -1 -1.000000 1 0
2860 IN 2861 2862 10 0.500000 2 1
2861 LN -1 -1 -1 -1.000000 1 1
2862 LN -1 -1 -1 -1.000000 1 1
2863 IN 2864 2867 14 0.500000 7 1
2864 IN 2865 2866 4 0.500000 2 1
2865 LN -1 -1 -1 -1.000000 1 1
2866 LN -1 -1 -1 -1.000000 1 1
2867 IN 2868 2869 15 0.500000 6 1
2868 LN -1 -1 -1 -1.000000 1 1
2869 IN 2870 2871 10 0.500000 5 1
2870 LN -1 -1 -1 -1.000000 1 1
2871 IN 2872 2877 7 0.500000 4 1
2872 IN 2873 2874 13 0.500000 3 1
2873 LN -1 -1 -1 -1.000000 1 1
2874 IN 2875 2876 4 0.500000 2 1
2875 LN -1 -1 -1 -1.000000 1 1
2876 LN -1 -1 -1 -1.000000 1 1
2877 IN 2878 2881 4 0.500000 3 1
2878 IN 2879 2880 13 0.500000 2 1
2879 LN -1 -1 -1 -1.000000 1 1
2880 LN -1 -1 -1 -1.000000 1 1
2881 IN 2882 2883 13 0.500000 2 1
2882 LN -1 -1 -1 -1.000000 1 1
2883 LN -1 -1 -1 -1.000000 1 1
2884 IN 2885 2908 13 0.500000 8 1
2885 IN 2886 2903 12 0.500000 7 1
2886 IN 2887 2896 0 0.500000 6 1
2887 IN 2888 2889 14 0.500000 5 1
2888 LN -1 -1 -1 -1.000000 1 0
2889 IN 2890 2895 4 0.500000 4 1
2890 IN 2891 2892 10 0.500000 3 1
2891 LN -1 -1 -1 -1.000000 1 1
2892 IN 2893 2894 15 0.500000 2 1
2893 LN -1 -1 -1 -1.000000 1 1
2894 LN -1 -1 -1 -1.000000 1 1
2895 LN -1 -1 -1 -1.000000 1 1
2896 IN 2897 2898 3 0.500000 4 1
2897 LN -1 -1 -1 -1.000000 1 1
2898 IN 2899 2900 10 0.500000 3 1
2899 LN -1 -1 -1 -1.000000 1 0
2900 IN 2901 2902 4 0.500000 2 1
2901 LN -1 -1 -1 -1.000000 1 1
2902 LN -1 -1 -1 -1.000000 1 1
2903 IN 2904 2905 4 0.500000 3 1
2904 LN -1 -1 -1 -1.000000 1 1
2905 IN 2906 2907 10 0.500000 2 1
2906 LN -1 -1 -1 -1.000000 1 0
2907 LN -1 -1 -1 -1.000000 1 1
2908 IN 2909 2920 12 0.500000 6 1
2909 IN 2910 2911 3 0.500000 5 1
2910 LN -1 -1 -1 -1.000000 1 1
2911 IN 2912 2915 10 0.500000 4 1
2912 IN 2913 2914 4 0.500000 2 1
2913 LN -1 -1 -1 -1.000000 1 1
2914 LN -1 -1 -1 -1.000000 1 1
2915 IN 2916 2919 4 0.500000 3 1
2916 IN 2917 2918 0 0.500000 2 1
2917 LN -1 -1 -1 -1.000000 1 1
2918 LN -1 -1 -1 -1.000000 1 1
2919 LN -1 -1 -1 -1.000000 1 1
2920 IN 2921 2926 10 0.500000 5 1
2921 IN 2922 2923 3 0.500000 3 1
2922 LN -1 -1 -1 -1.000000 1 0
2923 IN 2924 2925 4 0.500000 2 1
2924 LN -1 -1 -1 -1.000000 1 1
2925 LN -1 -1 -1 -1.000000 1 1
2926 IN 2927 2928 4 0.500000 4 1
2927 LN -1 -1 -1 -1.000000 1 1
2928 IN 2929 2930 0 0.500000 3 1
2929 LN -1 -1 -1 -1.000000 1 1
2930 IN 2931 2932 3 0.500000 2 1
2931 LN -1 -1 -1 -1.000000 1 1
2932 LN -1 -1 -1 -1.000000 1 1

[TREE 1]
NB_NODES: 3011
0 IN 1 716 15 0.500000 18 0
1 IN 2 241 2 0.500000 17 0
2 IN 3 196 6 0.500000 14 0
3 IN 4 195 13 0.500000 13 0
4 IN 5 106 3 0.500000 12 0
5 IN 6 83 4 0.500000 11 0
6 IN 7 82 16 0.500000 10 0
7 IN 8 23 11 0.500000 9 0
8 IN 9 18 8 0.500000 6 0
9 IN 10 17 12 0.500000 5 0
10 IN 11 16 7 0.500000 4 0
11 IN 12 15 9 0.500000 3 0
12 IN 13 14 5 0.500000 2 0
13 LN -1 -1 -1 -1.000000 1 0
14 LN -1 -1 -1 -1.000000 1 0
15 LN -1 -1 -1 -1.000000 1 0
16 LN -1 -1 -1 -1.000000 1 0
17 LN -1 -1 -1 -1.000000 1 0
18 IN 19 22 5 0.500000 3 0
19 IN 20 21 12 0.500000 2 0
20 LN -1 -1 -1 -1.000000 1 0
21 LN -1 -1 -1 -1.000000 1 0
22 LN -1 -1 -1 -1.000000 1 0
23 IN 24 47 10 0.500000 8 0
24 IN 25 40 5 0.500000 7 0
25 IN 26 27 9 0.500000 6 0
26 LN -1 -1 -1 -1.000000 1 0
27 IN 28 37 7 0.500000 5 0
28 IN 29 34 14 0.500000 4 0
29 IN 30 31 8 0.500000 3 0
30 LN -1 -1 -1 -1.000000 1 0
31 IN 32 33 12 0.500000 2 0
32 LN -1 -1 -1 -1.000000 1 0
33 LN -1 -1 -1 -1.000000 1 0
34 IN 35 36 8 0.500000 2 0
35 LN -1 -1 -1 -1.000000 1 0
36 LN -1 -1 -1 -1.000000 1 1
37 IN 38 39 12 0.500000 2 0
38 LN -1 -1 -1 -1.000000 1 0
39 LN -1 -1 -1 -1.000000 1 1
40 IN 41 46 12 0.500000 4 0
41 IN 42 45 9 0.500000 3 0
42 IN 43 44 7 0.500000 2 0
43 LN -1 -1 -1 -1.000000 1 0
44 LN -1 -1 -1 -1.000000 1 0
45 LN -1 -1 -1 -1.000000 1 0
46 LN -1 -1 -1 -1.000000 1 0
47 IN 48 71 8 0.500000 7 0
48 IN 49 62 9 0.500000 6 0
49 IN 50 57 12 0.500000 5 0
50 IN 51 52 5 0.500000 4 0
51 LN -1 -1 -1 -1.000000 1 1
52 IN 53 56 14 0.500000 3 0
53 IN 54 55 7 0.500000 2 0
54 LN -1 -1 -1 -1.000000 1 0
55 LN -1 -1 -1 -1.000000 1 0
56 LN -1 -1 -1 -1.000000 1 0
57 IN 58 61 14 0.500000 3 0
58 IN 59 60 7 0.500000 2 0
59 LN -1 -1 -1 -1.000000 1 0
60 LN -1 -1 -1 -1.000000 1 0
61 LN -1 -1 -1 -1.000000 1 0
62 IN 63 64 7 0.500000 4 0
63 LN -1 -1 -1 -1.000000 1 0
64 IN 65 68 12 0.500000 3 0
65 IN 66 67 5 0.500000 2 0
66 LN -1 -1 -1 -1.000000 1 0
67 LN -1 -1 -1 -1.000000 1 0
68 IN 69 70 5 0.500000 2 0
69 LN -1 -1 -1 -1.000000 1 0
70 LN -1 -1 -1 -1.000000 1 0
71 IN 72 81 12 0.500000 5 0
72 IN 73 78 5 0.500000 4 0
73 IN 74 77 14 0.500000 3 0
74 IN 75 76 7 0.500000 2 0
75 LN -1 -1 -1 -1.000000 1 0
76 LN -1 -1 -1 -1.000000 1 0
77 LN -1 -1 -1 -1.000000 1 0
78 IN 79 80 7 0.500000 2 0
79 LN -1 -1 -1 -1.000000 1 0
80 LN -1 -1 -1 -1.000000 1 0
81 LN -1 -1 -1 -1.000000 1 0
82 LN -1 -1 -1 -1.000000 1 0
83 IN 84 105 8 0.500000 7 0
84 IN 85 98 9 0.500000 6 0
85 IN 86 97 14 0.500000 5 0
86 IN 87 92 7 0.500000 4 0
87 IN 88 89 10 0.500000 3 0
88 LN -1 -1 -1 -1.000000 1 0
89 IN 90 91 12 0.500000 2 0
90 LN -1 -1 -1 -1.000000 1 0
91 LN -1 -1 -1 -1.000000 1 0
92 IN 93 94 10 0.500000 3 0
93 LN -1 -1 -1 -1.000000 1 0
94 IN 95 96 12 0.500000 2 0
95 LN -1 -1 -1 -1.000000 1 0
96 LN -1 -1 -1 -1.000000 1 1
97 LN -1 -1 -1 -1.000000 1 0
98 IN 99 104 12 0.500000 4 0
99 IN 100 101 7 0.500000 3 0
100 LN -1 -1 -1 -1.000000 1 1
101 IN 102 103 14 0.500000 2 0
102 LN -1 -1 -1 -1.000000 1 0
103 LN -1 -1 -1 -1.000000 1 0
104 LN -1 -1 -1 -1.000000 1 0
105 LN -1 -1 -1 -1.000000 1 1
106 IN 107 134 7 0.500000 11 0
107 IN 108 127 8 0.500000 8 0
108 IN 109 110 5 0.500000 7 0
109 LN -1 -1 -1 -1.000000 1 0
110 IN 111 112 4 0.500000 6 0
111 LN -1 -1 -1 -1.000000 1 0
112 IN 113 122 12 0.500000 5 0
113 IN 114 119 9 0.500000 4 0
114 IN 115 118 14 0.500000 3 0
115 IN 116 117 10 0.500000 2 0
116 LN -1 -1 -1 -1.000000 1 0
117 LN -1 -1 -1 -1.000000 1 0
118 LN -1 -1 -1 -1.000000 1 0
119 IN 120 121 10 0.500000 2 0
120 LN -1 -1 -1 -1.000000 1 1
121 LN -1 -1 -1 -1.000000 1 0
122 IN 123 126 9 0.500000 3 0
123 IN 124 125 10 0.500000 2 0
124 LN -1 -1 -1 -1.000000 1 0
125 LN -1 -1 -1 -1.000000 1 0
126 LN -1 -1 -1 -1.000000 1 0
127 IN 128 133 4 0.500000 4 0
128 IN 129 132 5 0.500000 3 0
129 IN 130 131 10 0.500000 2 0
130 LN -1 -1 -1 -1.000000 1 0
131 LN -1 -1 -1 -1.000000 1 0
132 LN -1 -1 -1 -1.000000 1 0
133 LN -1 -1 -1 -1.000000 1 1
134 IN 135 180 8 0.500000 10 0
135 IN 136 137 5 0.500000 9 0
136 LN -1 -1 -1 -1.000000 1 0
137 IN 138 151 9 0.500000 8 0
138 IN 139 142 10 0.500000 5 0
139 IN 140 141 4 0.500000 2 0
140 LN -1 -1 -1 -1.000000 1 0
141 LN -1 -1 -1 -1.000000 1 0
142 IN 143 148 14 0.500000 4 0
143 IN 144 145 4 0.500000 3 0
144 LN -1 -1 -1 -1.000000 1 0
145 IN 146 147 12 0.500000 2 0
146 LN -1 -1 -1 -1.000000 1 0
147 LN -1 -1 -1 -1.000000 1 0
148 IN 149 150 4 0.500000 2 1
149 LN -1 -1 -1 -1.000000 1 1
150 LN -1 -1 -1 -1.000000 1 1
151 IN 152 171 4 0.500000 7 0
152 IN 153 154 11 0.500000 6 0
153 LN -1 -1 -1 -1.000000 1 0
154 IN 155 168 16 0.500000 5 0
155 IN 156 163 12 0.500000 4 0
156 IN 157 160 10 0.500000 3 0
157 IN 158 159 14 0.500000 2 0
158 LN -1 -1 -1 -1.000000 1 0
159 LN -1 -1 -1 -1.000000 1 1
160 IN 161 162 14 0.500000 2 0
161 LN -1 -1 -1 -1.000000 1 0
162 LN -1 -1 -1 -1.000000 1 0
163 IN 164 167 14 0.500000 3 0
164 IN 165 166 10 0.500000 2 1
165 LN -1 -1 -1 -1.000000 1 1
166 LN -1 -1 -1 -1.000000 1 0
167 LN -1 -1 -1 -1.000000 1 0
168 IN 169 170 12 0.500000 2 0
169 LN -1 -1 -1 -1.000000 1 0
170 LN -1 -1 -1 -1.000000 1 1
171 IN 172 175 10 0.500000 4 0
172 IN 173 174 12 0.500000 2 1
173 LN -1 -1 -1 -1.000000 1 1
174 LN -1 -1 -1 -1.000000 1 0
175 IN 176 179 12 0.500000 3 0
176 IN 177 178 14 0.500000 2 0
177 LN -1 -1 -1 -1.000000 1 0
178 LN -1 -1 -1 -1.000000 1 0
179 LN -1 -1 -1 -1.000000 1 0
180 IN 181 186 10 0.500000 5 0
181 IN 182 185 12 0.500000 3 0
182 IN 183 184 5 0.500000 2 0
183 LN -1 -1 -1 -1.000000 1 0
184 LN -1 -1 -1 -1.000000 1 0
185 LN -1 -1 -1 -1.000000 1 0
186 IN 187 194 4 0.500000 4 0
187 IN 188 191 5 0.500000 3 0
188 IN 189 190 12 0.500000 2 0
189 LN -1 -1 -1 -1.000000 1 0
190 LN -1 -1 -1 -1.000000 1 1
191 IN 192 193 12 0.500000 2 0
192 LN -1 -1 -1 -1.000000 1 0
193 LN -1 -1 -1 -1.000000 1 0
194 LN -1 -1 -1 -1.000000 1 1
195 LN -1 -1 -1 -1.000000 1 0
196 IN 197 224 12 0.500000 8 0
197 IN 198 211 4 0.500000 7 0
198 IN 199 200 3 0.500000 6 0
199 LN -1 -1 -1 -1.000000 1 0
200 IN 201 210 8 0.500000 5 0
201 IN 202 205 9 0.500000 4 0
202 IN 203 204 10 0.500000 2 0
203 LN -1 -1 -1 -1.000000 1 0
204 LN -1 -1 -1 -1.000000 1 0
205 IN 206 209 14 0.500000 3 0
206 IN 207 208 10 0.500000 2 0
207 LN -1 -1 -1 -1.000000 1 0
208 LN -1 -1 -1 -1.000000 1 0
209 LN -1 -1 -1 -1.000000 1 0
210 LN -1 -1 -1 -1.000000 1 0
211 IN 212 217 9 0.500000 4 0
212 IN 213 216 14 0.500000 3 0
213 IN 214 215 10 0.500000 2 0
214 LN -1 -1 -1 -1.000000 1 0
215 LN -1 -1 -1 -1.000000 1 0
216 LN -1 -1 -1 -1.000000 1 1
217 IN 218 221 10 0.500000 3 0
218 IN 219 220 8 0.500000 2 0
219 LN -1 -1 -1 -1.000000 1 0
220 LN -1 -1 -1 -1.000000 1 0
221 IN 222 223 8 0.500000 2 0
222 LN -1 -1 -1 -1.000000 1 0
223 LN -1 -1 -1 -1.000000 1 1
224 IN 225 238 14 0.500000 5 0
225 IN 226 233 4 0.500000 4 0
226 IN 227 230 10 0.500000 3 0
227 IN 228 229 8 0.500000 2 0
228 LN -1 -1 -1 -1.000000 1 0
229 LN -1 -1 -1 -1.000000 1 0
230 IN 231 232 8 0.500000 2 0
231 LN -1 -1 -1 -1.000000 1 0
232 LN -1 -1 -1 -1.000000 1 0
233 IN 234 235 10 0.500000 3 0
234 LN -1 -1 -1 -1.000000 1 1
235 IN 236 237 9 0.500000 2 0
236 LN -1 -1 -1 -1.000000 1 0
237 LN -1 -1 -1 -1.000000 1 0
238 IN 239 240 4 0.500000 2 0
239 LN -1 -1 -1 -1.000000 1 0
240 LN -1 -1 -1 -1.000000 1 0
241 IN 242 449 8 0.500000 16 0
242 IN 243 280 9 0.500000 15 0
243 IN 244 245 5 0.500000 9 0
244 LN -1 -1 -1 -1.000000 1 0
245 IN 246 271 14 0.500000 8 0
246 IN 247 266 7 0.500000 7 0
247 IN 248 251 11 0.500000 6 0
248 IN 249 250 12 0.500000 2 0
249 LN -1 -1 -1 -1.000000 1 0
250 LN -1 -1 -1 -1.000000 1 1
251 IN 252 259 10 0.500000 5 0
252 IN 253 258 3 0.500000 4 0
253 IN 254 257 4 0.500000 3 0
254 IN 255 256 12 0.500000 2 0
255 LN -1 -1 -1 -1.000000 1 1
256 LN -1 -1 -1 -1.000000 1 0
257 LN -1 -1 -1 -1.000000 1 0
258 LN -1 -1 -1 -1.000000 1 0
259 IN 260 265 1 0.500000 4 0
260 IN 261 262 12 0.500000 3 0
261 LN -1 -1 -1 -1.000000 1 0
262 IN 263 264 4 0.500000 2 0
263 LN -1 -1 -1 -1.000000 1 0
264 LN -1 -1 -1 -1.000000 1 0
265 LN -1 -1 -1 -1.000000 1 1
266 IN 267 268 1 0.500000 3 0
267 LN -1 -1 -1 -1.000000 1 0
268 IN 269 270 11 0.500000 2 0
269 LN -1 -1 -1 -1.000000 1 1
270 LN -1 -1 -1 -1.000000 1 0
271 IN 272 273 4 0.500000 5 0
272 LN -1 -1 -1 -1.000000 1 0
273 IN 274 275 13 0.500000 4 0
274 LN -1 -1 -1 -1.000000 1 0
275 IN 276 279 1 0.500000 3 0
276 IN 277 278 7 0.500000 2 0
277 LN -1 -1 -1 -1.000000 1 0
278 LN -1 -1 -1 -1.000000 1 1
279 LN -1 -1 -1 -1.000000 1 0
280 IN 281 432 0 0.500000 14 0
281 IN 282 403 6 0.500000 13 0
282 IN 283 396 16 0.500000 12 0
283 IN 284 357 1 0.500000 11 0
284 IN 285 292 5 0.500000 10 0
285 IN 286 287 14 0.500000 4 0
286 LN -1 -1 -1 -1.000000 1 0
287 IN 288 289 11 0.500000 3 0
288 LN -1 -1 -1 -1.000000 1 0
289 IN 290 291 7 0.500000 2 0
290 LN -1 -1 -1 -1.000000 1 1
291 LN -1 -1 -1 -1.000000 1 0
292 IN 293 336 12 0.500000 9 0
293 IN 294 295 11 0.500000 8 0
294 LN -1 -1 -1 -1.000000 1 0
295 IN 296 315 3 0.500000 7 0
296 IN 297 308 4 0.500000 6 0
297 IN 298 299 10 0.500000 5 0
298 LN -1 -1 -1 -1.000000 1 0
299 IN 300 303 7 0.500000 4 0
300 IN 301 302 14 0.500000 2 0
301 LN -1 -1 -1 -1.000000 1 0
302 LN -1 -1 -1 -1.000000 1 0
303 IN 304 307 13 0.500000 3 0
304 IN 305 306 14 0.500000 2 0
305 LN -1 -1 -1 -1.000000 1 0
306 LN -1 -1 -1 -1.000000 1 0
307 LN -1 -1 -1 -1.000000 1 0
308 IN 309 314 14 0.500000 4 1
309 IN 310 311 7 0.500000 3 1
310 LN -1 -1 -1 -1.000000 1 0
311 IN 312 313 10 0.500000 2 1
312 LN -1 -1 -1 -1.000000 1 0
313 LN -1 -1 -1 -1.000000 1 1
314 LN -1 -1 -1 -1.000000 1 0
315 IN 316 335 13 0.500000 6 0
316 IN 317 328 4 0.500000 5 0
317 IN 318 323 14 0.500000 4 0
318 IN 319 320 10 0.500000 3 0
319 LN -1 -1 -1 -1.000000 1 0
320 IN 321 322 7 0.500000 2 0
321 LN -1 -1 -1 -1.000000 1 0
322 LN -1 -1 -1 -1.000000 1 0
323 IN 324 325 10 0.500000 3 0
324 LN -1 -1 -1 -1.000000 1 0
325 IN 326 327 7 0.500000 2 1
326 LN -1 -1 -1 -1.000000 1 0
327 LN -1 -1 -1 -1.000000 1 1
328 IN 329 334 14 0.500000 4 0
329 IN 330 331 7 0.500000 3 0
330 LN -1 -1 -1 -1.000000 1 1
331 IN 332 333 10 0.500000 2 0
332 LN -1 -1 -1 -1.000000 1 1
333 LN -1 -1 -1 -1.000000 1 0
334 LN -1 -1 -1 -1.000000 1 0
335 LN -1 -1 -1 -1.000000 1 1
336 IN 337 348 10 0.500000 7 0
337 IN 338 339 11 0.500000 6 0
338 LN -1 -1 -1 -1.000000 1 0
339 IN 340 347 13 0.500000 5 0
340 IN 341 346 7 0.500000 4 1
341 IN 342 343 4 0.500000 3 1
342 LN -1 -1 -1 -1.000000 1 1
343 IN 344 345 3 0.500000 2 1
344 LN -1 -1 -1 -1.000000 1 1
345 LN -1 -1 -1 -1.000000 1 0
346 LN -1 -1 -1 -1.000000 1 0
347 LN -1 -1 -1 -1.000000 1 0
348 IN 349 350 7 0.500000 5 0
349 LN -1 -1 -1 -1.000000 1 0
350 IN 351 356 14 0.500000 4 0
351 IN 352 353 4 0.500000 3 1
352 LN -1 -1 -1 -1.000000 1 1
353 IN 354 355 3 0.500000 2 0
354 LN -1 -1 -1 -1.000000 1 0
355 LN -1 -1 -1 -1.000000 1 1
356 LN -1 -1 -1 -1.000000 1 0
357 IN 358 369 7 0.500000 8 0
358 IN 359 360 14 0.500000 5 1
359 LN -1 -1 -1 -1.000000 1 0
360 IN 361 362 13 0.500000 4 1
361 LN -1 -1 -1 -1.000000 1 1
362 IN 363 366 12 0.500000 3 1
363 IN 364 365 5 0.500000 2 1
364 LN -1 -1 -1 -1.000000 1 0
365 LN -1 -1 -1 -1.000000 1 1
366 IN 367 368 4 0.500000 2 0
367 LN -1 -1 -1 -1.000000 1 1
368 LN -1 -1 -1 -1.000000 1 0
369 IN 370 371 5 0.500000 7 0
370 LN -1 -1 -1 -1.000000 1 0
371 IN 372 383 14 0.500000 6 0
372 IN 373 376 10 0.500000 4 0
373 IN 374 375 12 0.500000 2 0
374 LN -1 -1 -1 -1.000000 1 0
375 LN -1 -1 -1 -1.000000 1 1
376 IN 377 380 3 0.500000 3 0
377 IN 378 379 12 0.500000 2 0
378 LN -1 -1 -1 -1.000000 1 0
379 LN -1 -1 -1 -1.000000 1 1
380 IN 381 382 4 0.500000 2 0
381 LN -1 -1 -1 -1.000000 1 0
382 LN -1 -1 -1 -1.000000 1 0
383 IN 384 389 10 0.500000 5 1
384 IN 385 388 12 0.500000 3 0
385 IN 386 387 3 0.500000 2 0
386 LN -1 -1 -1 -1.000000 1 0
387 LN -1 -1 -1 -1.000000 1 1
388 LN -1 -1 -1 -1.000000 1 1
389 IN 390 391 12 0.500000 4 1
390 LN -1 -1 -1 -1.000000 1 1
391 IN 392 395 4 0.500000 3 1
392 IN 393 394 13 0.500000 2 1
393 LN -1 -1 -1 -1.000000 1 1
394 LN -1 -1 -1 -1.000000 1 0
395 LN -1 -1 -1 -1.000000 1 1
396 IN 397 398 1 0.500000 4 0
397 LN -1 -1 -1 -1.000000 1 0
398 IN 399 402 3 0.500000 3 0
399 IN 400 401 4 0.500000 2 0
400 LN -1 -1 -1 -1.000000 1 0
401 LN -1 -1 -1 -1.000000 1 1
402 LN -1 -1 -1 -1.000000 1 0
403 IN 404 427 1 0.500000 7 0
404 IN 405 414 10 0.500000 6 0
405 IN 406 413 14 0.500000 4 0
406 IN 407 410 4 0.500000 3 0
407 IN 408 409 12 0.500000 2 0
408 LN -1 -1 -1 -1.000000 1 0
409 LN -1 -1 -1 -1.000000 1 0
410 IN 411 412 12 0.500000 2 0
411 LN -1 -1 -1 -1.000000 1 0
412 LN -1 -1 -1 -1.000000 1 0
413 LN -1 -1 -1 -1.000000 1 1
414 IN 415 422 4 0.500000 5 0
415 IN 416 421 13 0.500000 4 1
416 IN 417 420 12 0.500000 3 0
417 IN 418 419 14 0.500000 2 0
418 LN -1 -1 -1 -1.000000 1 0
419 LN -1 -1 -1 -1.000000 1 1
420 LN -1 -1 -1 -1.000000 1 1
421 LN -1 -1 -1 -1.000000 1 1
422 IN 423 424 3 0.500000 3 0
423 LN -1 -1 -1 -1.000000 1 0
424 IN 425 426 12 0.500000 2 0
425 LN -1 -1 -1 -1.000000 1 0
426 LN -1 -1 -1 -1.000000 1 1
427 IN 428 431 14 0.500000 3 0
428 IN 429 430 4 0.500000 2 0
429 LN -1 -1 -1 -1.000000 1 0
430 LN -1 -1 -1 -1.000000 1 1
431 LN -1 -1 -1 -1.000000 1 0
432 IN 433 442 12 0.500000 5 1
433 IN 434 441 3 0.500000 4 0
434 IN 435 438 7 0.500000 3 0
435 IN 436 437 4 0.500000 2 0
436 LN -1 -1 -1 -1.000000 1 0
437 LN -1 -1 -1 -1.000000 1 1
438 IN 439 440 16 0.500000 2 0
439 LN -1 -1 -1 -1.000000 1 1
440 LN -1 -1 -1 -1.000000 1 0
441 LN -1 -1 -1 -1.000000 1 0
442 IN 443 448 16 0.500000 4 1
443 IN 444 445 3 0.500000 3 1
444 LN -1 -1 -1 -1.000000 1 1
445 IN 446 447 6 0.500000 2 0
446 LN -1 -1 -1 -1.000000 1 0
447 LN -1 -1 -1 -1.000000 1 1
448 LN -1 -1 -1 -1.000000 1 1
449 IN 450 613 14 0.500000 12 0
450 IN 451 568 6 0.500000 11 0
451 IN 452 497 7 0.500000 10 0
452 IN 453 476 12 0.500000 9 0
453 IN 454 475 3 0.500000 8 0
454 IN 455 468 10 0.500000 7 0
455 IN 456 467 4 0.500000 6 0
456 IN 457 466 5 0.500000 5 0
457 IN 458 465 0 0.500000 4 0
458 IN 459 462 1 0.500000 3 0
459 IN 460 461 11 0.500000 2 0
460 LN -1 -1 -1 -1.000000 1 0
461 LN -1 -1 -1 -1.000000 1 0
462 IN 463 464 11 0.500000 2 0
463 LN -1 -1 -1 -1.000000 1 0
464 LN -1 -1 -1 -1.000000 1 0
465 LN -1 -1 -1 -1.000000 1 0
466 LN -1 -1 -1 -1.000000 1 0
467 LN -1 -1 -1 -1.000000 1 0
468 IN 469 474 4 0.500000 4 0
469 IN 470 473 5 0.500000 3 0
470 IN 471 472 0 0.500000 2 0
471 LN -1 -1 -1 -1.000000 1 0
472 LN -1 -1 -1 -1.000000 1 0
473 LN -1 -1 -1 -1.000000 1 0
474 LN -1 -1 -1 -1.000000 1 0
475 LN -1 -1 -1 -1.000000 1 0
476 IN 477 490 0 0.500000 6 0
477 IN 478 487 4 0.500000 5 0
478 IN 479 484 10 0.500000 4 0
479 IN 480 483 11 0.500000 3 0
480 IN 481 482 5 0.500000 2 0
481 LN -1 -1 -1 -1.000000 1 0
482 LN -1 -1 -1 -1.000000 1 1
483 LN -1 -1 -1 -1.000000 1 0
484 IN 485 486 3 0.500000 2 0
485 LN -1 -1 -1 -1.000000 1 0
486 LN -1 -1 -1 -1.000000 1 0
487 IN 488 489 3 0.500000 2 0
488 LN -1 -1 -1 -1.000000 1 0
489 LN -1 -1 -1 -1.000000 1 0
490 IN 491 494 4 0.500000 3 1
491 IN 492 493 10 0.500000 2 1
492 LN -1 -1 -1 -1.000000 1 1
493 LN -1 -1 -1 -1.000000 1 0
494 IN 495 496 10 0.500000 2 0
495 LN -1 -1 -1 -1.000000 1 0
496 LN -1 -1 -1 -1.000000 1 1
497 IN 498 535 12 0.500000 9 0
498 IN 499 534 0 0.500000 8 0
499 IN 500 513 10 0.500000 7 0
500 IN 501 508 1 0.500000 4 0
501 IN 502 505 3 0.500000 3 0
502 IN 503 504 4 0.500000 2 0
503 LN -1 -1 -1 -1.000000 1 0
504 LN -1 -1 -1 -1.000000 1 0
505 IN 506 507 4 0.500000 2 0
506 LN -1 -1 -1 -1.000000 1 0
507 LN -1 -1 -1 -1.000000 1 0
508 IN 509 512 4 0.500000 3 0
509 IN 510 511 3 0.500000 2 0
510 LN -1 -1 -1 -1.000000 1 0
511 LN -1 -1 -1 -1.000000 1 1
512 LN -1 -1 -1 -1.000000 1 0
513 IN 514 533 16 0.500000 6 0
514 IN 515 526 1 0.500000 5 0
515 IN 516 523 4 0.500000 4 0
516 IN 517 520 5 0.500000 3 0
517 IN 518 519 3 0.500000 2 0
518 LN -1 -1 -1 -1.000000 1 0
519 LN -1 -1 -1 -1.000000 1 0
520 IN 521 522 3 0.500000 2 0
521 LN -1 -1 -1 -1.000000 1 0
522 LN -1 -1 -1 -1.000000 1 0
523 IN 524 525 3 0.500000 2 0
524 LN -1 -1 -1 -1.000000 1 0
525 LN -1 -1 -1 -1.000000 1 0
526 IN 527 530 4 0.500000 3 0
527 IN 528 529 3 0.500000 2 1
528 LN -1 -1 -1 -1.000000 1 1
529 LN -1 -1 -1 -1.000000 1 1
530 IN 531 532 3 0.500000 2 0
531 LN -1 -1 -1 -1.000000 1 0
532 LN -1 -1 -1 -1.000000 1 0
533 LN -1 -1 -1 -1.000000 1 0
534 LN -1 -1 -1 -1.000000 1 0
535 IN 536 537 5 0.500000 8 1
536 LN -1 -1 -1 -1.000000 1 0
537 IN 538 557 3 0.500000 7 1
538 IN 539 552 0 0.500000 6 1
539 IN 540 545 1 0.500000 5 1
540 IN 541 544 4 0.500000 3 1
541 IN 542 543 10 0.500000 2 1
542 LN -1 -1 -1 -1.000000 1 1
543 LN -1 -1 -1 -1.000000 1 0
544 LN -1 -1 -1 -1.000000 1 0
545 IN 546 551 16 0.500000 4 1
546 IN 547 548 10 0.500000 3 1
547 LN -1 -1 -1 -1.000000 1 1
548 IN 549 550 4 0.500000 2 0
549 LN -1 -1 -1 -1.000000 1 0
550 LN -1 -1 -1 -1.000000 1 1
551 LN -1 -1 -1 -1.000000 1 1
552 IN 553 554 10 0.500000 3 1
553 LN -1 -1 -1 -1.000000 1 0
554 IN 555 556 4 0.500000 2 1
555 LN -1 -1 -1 -1.000000 1 1
556 LN -1 -1 -1 -1.000000 1 0
557 IN 558 563 1 0.500000 4 1
558 IN 559 562 4 0.500000 3 1
559 IN 560 561 10 0.500000 2 1
560 LN -1 -1 -1 -1.000000 1 1
561 LN -1 -1 -1 -1.000000 1 0
562 LN -1 -1 -1 -1.000000 1 1
563 IN 564 565 4 0.500000 3 1
564 LN -1 -1 -1 -1.000000 1 0
565 IN 566 567 0 0.500000 2 1
566 LN -1 -1 -1 -1.000000 1 1
567 LN -1 -1 -1 -1.000000 1 0
568 IN 569 592 4 0.500000 8 0
569 IN 570 583 10 0.500000 6 0
570 IN 571 578 3 0.500000 5 0
571 IN 572 577 0 0.500000 4 0
572 IN 573 574 11 0.500000 3 0
573 LN -1 -1 -1 -1.000000 1 0
574 IN 575 576 12 0.500000 2 0
575 LN -1 -1 -1 -1.000000 1 0
576 LN -1 -1 -1 -1.000000 1 1
577 LN -1 -1 -1 -1.000000 1 1
578 IN 579 582 1 0.500000 3 0
579 IN 580 581 12 0.500000 2 0
580 LN -1 -1 -1 -1.000000 1 0
581 LN -1 -1 -1 -1.000000 1 0
582 LN -1 -1 -1 -1.000000 1 1
583 IN 584 591 16 0.500000 4 1
584 IN 585 588 12 0.500000 3 1
585 IN 586 587 1 0.500000 2 1
586 LN -1 -1 -1 -1.000000 1 1
587 LN -1 -1 -1 -1.000000 1 0
588 IN 589 590 1 0.500000 2 0
589 LN -1 -1 -1 -1.000000 1 0
590 LN -1 -1 -1 -1.000000 1 1
591 LN -1 -1 -1 -1.000000 1 0
592 IN 593 596 10 0.500000 7 0
593 IN 594 595 1 0.500000 2 1
594 LN -1 -1 -1 -1.000000 1 1
595 LN -1 -1 -1 -1.000000 1 1
596 IN 597 606 12 0.500000 6 0
597 IN 598 605 16 0.500000 5 0
598 IN 599 604 0 0.500000 4 0
599 IN 600 603 1 0.500000 3 0
600 IN 601 602 3 0.500000 2 0
601 LN -1 -1 -1 -1.000000 1 0
602 LN -1 -1 -1 -1.000000 1 0
603 LN -1 -1 -1 -1.000000 1 0
604 LN -1 -1 -1 -1.000000 1 0
605 LN -1 -1 -1 -1.000000 1 1
606 IN 607 612 16 0.500000 4 1
607 IN 608 611 0 0.500000 3 1
608 IN 609 610 1 0.500000 2 1
609 LN -1 -1 -1 -1.000000 1 1
610 LN -1 -1 -1 -1.000000 1 0
611 LN -1 -1 -1 -1.000000 1 0
612 LN -1 -1 -1 -1.000000 1 1
613 IN 614 673 12 0.500000 11 1
614 IN 615 664 16 0.500000 10 1
615 IN 616 649 4 0.500000 9 1
616 IN 617 626 7 0.500000 8 0
617 IN 618 625 3 0.500000 5 0
618 IN 619 620 1 0.500000 4 0
619 LN -1 -1 -1 -1.000000 1 1
620 IN 621 624 10 0.500000 3 0
621 IN 622 623 5 0.500000 2 0
622 LN -1 -1 -1 -1.000000 1 1
623 LN -1 -1 -1 -1.000000 1 0
624 LN -1 -1 -1 -1.000000 1 0
625 LN -1 -1 -1 -1.000000 1 0
626 IN 627 628 5 0.500000 7 0
627 LN -1 -1 -1 -1.000000 1 0
628 IN 629 638 3 0.500000 6 0
629 IN 630 631 0 0.500000 4 0
630 LN -1 -1 -1 -1.000000 1 0
631 IN 632 635 10 0.500000 3 1
632 IN 633 634 13 0.500000 2 1
633 LN -1 -1 -1 -1.000000 1 1
634 LN -1 -1 -1 -1.000000 1 0
635 IN 636 637 13 0.500000 2 1
636 LN -1 -1 -1 -1.000000 1 1
637 LN -1 -1 -1 -1.000000 1 0
638 IN 639 646 6 0.500000 5 0
639 IN 640 641 1 0.500000 4 0
640 LN -1 -1 -1 -1.000000 1 0
641 IN 642 643 13 0.500000 3 1
642 LN -1 -1 -1 -1.000000 1 1
643 IN 644 645 10 0.500000 2 0
644 LN -1 -1 -1 -1.000000 1 0
645 LN -1 -1 -1 -1.000000 1 1
646 IN 647 648 1 0.500000 2 0
647 LN -1 -1 -1 -1.000000 1 0
648 LN -1 -1 -1 -1.000000 1 1
649 IN 650 651 11 0.500000 7 1
650 LN -1 -1 -1 -1.000000 1 1
651 IN 652 653 1 0.500000 6 1
652 LN -1 -1 -1 -1.000000 1 1
653 IN 654 661 3 0.500000 5 1
654 IN 655 656 7 0.500000 4 1
655 LN -1 -1 -1 -1.000000 1 1
656 IN 657 658 13 0.500000 3 1
657 LN -1 -1 -1 -1.000000 1 1
658 IN 659 660 10 0.500000 2 1
659 LN -1 -1 -1 -1.000000 1 1
660 LN -1 -1 -1 -1.000000 1 0
661 IN 662 663 0 0.500000 2 0
662 LN -1 -1 -1 -1.000000 1 0
663 LN -1 -1 -1 -1.000000 1 1
664 IN 665 668 7 0.500000 4 1
665 IN 666 667 10 0.500000 2 1
666 LN -1 -1 -1 -1.000000 1 0
667 LN -1 -1 -1 -1.000000 1 1
668 IN 669 672 0 0.500000 3 1
669 IN 670 671 10 0.500000 2 1
670 LN -1 -1 -1 -1.000000 1 0
671 LN -1 -1 -1 -1.000000 1 1
672 LN -1 -1 -1 -1.000000 1 1
673 IN 674 707 3 0.500000 8 1
674 IN 675 686 13 0.500000 7 1
675 IN 676 681 5 0.500000 4 0
676 IN 677 678 1 0.500000 3 0
677 LN -1 -1 -1 -1.000000 1 0
678 IN 679 680 10 0.500000 2 0
679 LN -1 -1 -1 -1.000000 1 0
680 LN -1 -1 -1 -1.000000 1 0
681 IN 682 685 0 0.500000 3 1
682 IN 683 684 7 0.500000 2 0
683 LN -1 -1 -1 -1.000000 1 1
684 LN -1 -1 -1 -1.000000 1 0
685 LN -1 -1 -1 -1.000000 1 1
686 IN 687 698 4 0.500000 6 1
687 IN 688 689 0 0.500000 5 1
688 LN -1 -1 -1 -1.000000 1 1
689 IN 690 693 10 0.500000 4 1
690 IN 691 692 5 0.500000 2 0
691 LN -1 -1 -1 -1.000000 1 1
692 LN -1 -1 -1 -1.000000 1 0
693 IN 694 697 7 0.500000 3 1
694 IN 695 696 16 0.500000 2 0
695 LN -1 -1 -1 -1.000000 1 0
696 LN -1 -1 -1 -1.000000 1 1
697 LN -1 -1 -1 -1.000000 1 1
698 IN 699 700 10 0.500000 4 1
699 LN -1 -1 -1 -1.000000 1 1
700 IN 701 704 16 0.500000 3 1
701 IN 702 703 7 0.500000 2 1
702 LN -1 -1 -1 -1.000000 1 1
703 LN -1 -1 -1 -1.000000 1 1
704 IN 705 706 7 0.500000 2 0
705 LN -1 -1 -1 -1.000000 1 1
706 LN -1 -1 -1 -1.000000 1 0
707 IN 708 709 4 0.500000 5 1
708 LN -1 -1 -1 -1.000000 1 1
709 IN 710 715 16 0.500000 4 1
710 IN 711 712 6 0.500000 3 1
711 LN -1 -1 -1 -1.000000 1 1
712 IN 713 714 13 0.500000 2 1
713 LN -1 -1 -1 -1.000000 1 1
714 LN -1 -1 -1 -1.000000 1 0
715 LN -1 -1 -1 -1.000000 1 1
716 IN 717 2364 0 0.500000 16 1
717 IN 718 1775 1 0.500000 15 0
718 IN 719 1422 4 0.500000 14 0
719 IN 720 985 2 0.500000 13 0
720 IN 721 854 3 0.500000 12 0
721 IN 722 773 10 0.500000 11 0
722 IN 723 746 14 0.500000 10 0
723 IN 724 735 9 0.500000 7 0
724 IN 725 732 7 0.500000 4 0
725 IN 726 729 5 0.500000 3 0
726 IN 727 728 12 0.500000 2 0
727 LN -1 -1 -1 -1.000000 1 0
728 LN -1 -1 -1 -1.000000 1 0
729 IN 730 731 12 0.500000 2 0
730 LN -1 -1 -1 -1.000000 1 0
731 LN -1 -1 -1 -1.000000 1 0
732 IN 733 734 12 0.500000 2 0
733 LN -1 -1 -1 -1.000000 1 0
734 LN -1 -1 -1 -1.000000 1 1
735 IN 736 737 5 0.500000 6 0
736 LN -1 -1 -1 -1.000000 1 0
737 IN 738 745 12 0.500000 5 0
738 IN 739 744 7 0.500000 4 0
739 IN 740 741 11 0.500000 3 0
740 LN -1 -1 -1 -1.000000 1 0
741 IN 742 743 8 0.500000 2 0
742 LN -1 -1 -1 -1.000000 1 0
743 LN -1 -1 -1 -1.000000 1 0
744 LN -1 -1 -1 -1.000000 1 0
745 LN -1 -1 -1 -1.000000 1 0
746 IN 747 772 6 0.500000 9 0
747 IN 748 771 8 0.500000 8 0
748 IN 749 760 7 0.500000 7 0
749 IN 750 751 5 0.500000 6 0
750 LN -1 -1 -1 -1.000000 1 0
751 IN 752 759 12 0.500000 5 0
752 IN 753 754 13 0.500000 4 0
753 LN -1 -1 -1 -1.000000 1 0
754 IN 755 758 16 0.500000 3 0
755 IN 756 757 9 0.500000 2 0
756 LN -1 -1 -1 -1.000000 1 0
757 LN -1 -1 -1 -1.000000 1 0
758 LN -1 -1 -1 -1.000000 1 0
759 LN -1 -1 -1 -1.000000 1 0
760 IN 761 766 12 0.500000 4 0
761 IN 762 763 9 0.500000 3 0
762 LN -1 -1 -1 -1.000000 1 0
763 IN 764 765 5 0.500000 2 0
764 LN -1 -1 -1 -1.000000 1 1
765 LN -1 -1 -1 -1.000000 1 0
766 IN 767 770 13 0.500000 3 0
767 IN 768 769 9 0.500000 2 0
768 LN -1 -1 -1 -1.000000 1 1
769 LN -1 -1 -1 -1.000000 1 0
770 LN -1 -1 -1 -1.000000 1 0
771 LN -1 -1 -1 -1.000000 1 0
772 LN -1 -1 -1 -1.000000 1 0
773 IN 774 797 5 0.500000 10 0
774 IN 775 794 16 0.500000 7 0
775 IN 776 785 14 0.500000 6 0
776 IN 777 784 12 0.500000 5 0
777 IN 778 779 7 0.500000 4 0
778 LN -1 -1 -1 -1.000000 1 0
779 IN 780 781 9 0.500000 3 0
780 LN -1 -1 -1 -1.000000 1 0
781 IN 782 783 8 0.500000 2 0
782 LN -1 -1 -1 -1.000000 1 0
783 LN -1 -1 -1 -1.000000 1 0
784 LN -1 -1 -1 -1.000000 1 0
785 IN 786 787 9 0.500000 5 0
786 LN -1 -1 -1 -1.000000 1 0
787 IN 788 793 8 0.500000 4 0
788 IN 789 792 13 0.500000 3 0
789 IN 790 791 7 0.500000 2 0
790 LN -1 -1 -1 -1.000000 1 0
791 LN -1 -1 -1 -1.000000 1 1
792 LN -1 -1 -1 -1.000000 1 1
793 LN -1 -1 -1 -1.000000 1 0
794 IN 795 796 9 0.500000 2 0
795 LN -1 -1 -1 -1.000000 1 0
796 LN -1 -1 -1 -1.000000 1 1
797 IN 798 841 12 0.500000 9 0
798 IN 799 840 6 0.500000 8 0
799 IN 800 829 13 0.500000 7 0
800 IN 801 818 7 0.500000 6 0
801 IN 802 809 14 0.500000 5 0
802 IN 803 806 9 0.500000 3 0
803 IN 804 805 16 0.500000 2 0
804 LN -1 -1 -1 -1.000000 1 0
805 LN -1 -1 -1 -1.000000 1 0
806 IN 807 808 8 0.500000 2 0
807 LN -1 -1 -1 -1.000000 1 0
808 LN -1 -1 -1 -1.000000 1 0
809 IN 810 817 8 0.500000 4 0
810 IN 811 814 9 0.500000 3 0
811 IN 812 813 16 0.500000 2 0
812 LN -1 -1 -1 -1.000000 1 0
813 LN -1 -1 -1 -1.000000 1 0
814 IN 815 816 16 0.500000 2 0
815 LN -1 -1 -1 -1.000000 1 0
816 LN -1 -1 -1 -1.000000 1 0
817 LN -1 -1 -1 -1.000000 1 0
818 IN 819 828 8 0.500000 5 0
819 IN 820 825 9 0.500000 4 0
820 IN 821 822 14 0.500000 3 0
821 LN -1 -1 -1 -1.000000 1 0
822 IN 823 824 16 0.500000 2 0
823 LN -1 -1 -1 -1.000000 1 0
824 LN -1 -1 -1 -1.000000 1 0
825 IN 826 827 14 0.500000 2 0
826 LN -1 -1 -1 -1.000000 1 0
827 LN -1 -1 -1 -1.000000 1 0
828 LN -1 -1 -1 -1.000000 1 0
829 IN 830 839 8 0.500000 5 0
830 IN 831 838 9 0.500000 4 0
831 IN 832 835 16 0.500000 3 0
832 IN 833 834 7 0.500000 2 0
833 LN -1 -1 -1 -1.000000 1 0
834 LN -1 -1 -1 -1.000000 1 0
835 IN 836 837 7 0.500000 2 0
836 LN -1 -1 -1 -1.000000 1 0
837 LN -1 -1 -1 -1.000000 1 0
838 LN -1 -1 -1 -1.000000 1 0
839 LN -1 -1 -1 -1.000000 1 1
840 LN -1 -1 -1 -1.000000 1 0
841 IN 842 845 7 0.500000 5 0
842 IN 843 844 14 0.500000 2 0
843 LN -1 -1 -1 -1.000000 1 0
844 LN -1 -1 -1 -1.000000 1 0
845 IN 846 849 9 0.500000 4 1
846 IN 847 848 14 0.500000 2 0
847 LN -1 -1 -1 -1.000000 1 1
848 LN -1 -1 -1 -1.000000 1 0
849 IN 850 851 14 0.500000 3 1
850 LN -1 -1 -1 -1.000000 1 1
851 IN 852 853 6 0.500000 2 1
852 LN -1 -1 -1 -1.000000 1 0
853 LN -1 -1 -1 -1.000000 1 1
854 IN 855 912 10 0.500000 10 0
855 IN 856 883 14 0.500000 9 0
856 IN 857 872 12 0.500000 8 0
857 IN 858 871 16 0.500000 7 0
858 IN 859 870 8 0.500000 6 0
859 IN 860 861 7 0.500000 5 0
860 LN -1 -1 -1 -1.000000 1 0
861 IN 862 867 6 0.500000 4 0
862 IN 863 864 5 0.500000 3 0
863 LN -1 -1 -1 -1.000000 1 0
864 IN 865 866 9 0.500000 2 0
865 LN -1 -1 -1 -1.000000 1 0
866 LN -1 -1 -1 -1.000000 1 0
867 IN 868 869 9 0.500000 2 0
868 LN -1 -1 -1 -1.000000 1 0
869 LN -1 -1 -1 -1.000000 1 1
870 LN -1 -1 -1 -1.000000 1 0
871 LN -1 -1 -1 -1.000000 1 0
872 IN 873 876 7 0.500000 5 0
873 IN 874 875 9 0.500000 2 0
874 LN -1 -1 -1 -1.000000 1 0
875 LN -1 -1 -1 -1.000000 1 0
876 IN 877 878 9 0.500000 4 0
877 LN -1 -1 -1 -1.000000 1 0
878 IN 879 882 6 0.500000 3 0
879 IN 880 881 8 0.500000 2 0
880 LN -1 -1 -1 -1.000000 1 0
881 LN -1 -1 -1 -1.000000 1 0
882 LN -1 -1 -1 -1.000000 1 0
883 IN 884 899 7 0.500000 8 0
884 IN 885 898 16 0.500000 6 0
885 IN 886 897 8 0.500000 5 0
886 IN 887 892 9 0.500000 4 0
887 IN 888 891 12 0.500000 3 0
888 IN 889 890 13 0.500000 2 0
889 LN -1 -1 -1 -1.000000 1 0
890 LN -1 -1 -1 -1.000000 1 0
891 LN -1 -1 -1 -1.000000 1 0
892 IN 893 894 12 0.500000 3 0
893 LN -1 -1 -1 -1.000000 1 0
894 IN 895 896 13 0.500000 2 0
895 LN -1 -1 -1 -1.000000 1 0
896 LN -1 -1 -1 -1.000000 1 1
897 LN -1 -1 -1 -1.000000 1 0
898 LN -1 -1 -1 -1.000000 1 1
899 IN 900 911 13 0.500000 7 0
900 IN 901 902 5 0.500000 6 0
901 LN -1 -1 -1 -1.000000 1 0
902 IN 903 904 9 0.500000 5 0
903 LN -1 -1 -1 -1.000000 1 0
904 IN 905 910 12 0.500000 4 0
905 IN 906 909 6 0.500000 3 0
906 IN 907 908 8 0.500000 2 0
907 LN -1 -1 -1 -1.000000 1 0
908 LN -1 -1 -1 -1.000000 1 0
909 LN -1 -1 -1 -1.000000 1 0
910 LN -1 -1 -1 -1.000000 1 0
911 LN -1 -1 -1 -1.000000 1 0
912 IN 913 948 14 0.500000 9 0
913 IN 914 931 12 0.500000 7 0
914 IN 915 916 5 0.500000 6 0
915 LN -1 -1 -1 -1.000000 1 0
916 IN 917 920 7 0.500000 5 0
917 IN 918 919 9 0.500000 2 1
918 LN -1 -1 -1 -1.000000 1 0
919 LN -1 -1 -1 -1.000000 1 1
920 IN 921 926 6 0.500000 4 0
921 IN 922 923 9 0.500000 3 0
922 LN -1 -1 -1 -1.000000 1 0
923 IN 924 925 8 0.500000 2 0
924 LN -1 -1 -1 -1.000000 1 0
925 LN -1 -1 -1 -1.000000 1 0
926 IN 927 930 8 0.500000 3 0
927 IN 928 929 9 0.500000 2 0
928 LN -1 -1 -1 -1.000000 1 0
929 LN -1 -1 -1 -1.000000 1 0
930 LN -1 -1 -1 -1.000000 1 0
931 IN 932 933 5 0.500000 6 0
932 LN -1 -1 -1 -1.000000 1 0
933 IN 934 945 8 0.500000 5 1
934 IN 935 938 7 0.500000 4 1
935 IN 936 937 16 0.500000 2 0
936 LN -1 -1 -1 -1.000000 1 0
937 LN -1 -1 -1 -1.000000 1 0
938 IN 939 942 6 0.500000 3 1
939 IN 940 941 9 0.500000 2 1
940 LN -1 -1 -1 -1.000000 1 1
941 LN -1 -1 -1 -1.000000 1 1
942 IN 943 944 9 0.500000 2 1
943 LN -1 -1 -1 -1.000000 1 1
944 LN -1 -1 -1 -1.000000 1 1
945 IN 946 947 7 0.500000 2 0
946 LN -1 -1 -1 -1.000000 1 0
947 LN -1 -1 -1 -1.000000 1 0
948 IN 949 984 6 0.500000 8 0
949 IN 950 951 5 0.500000 7 0
950 LN -1 -1 -1 -1.000000 1 0
951 IN 952 971 13 0.500000 6 0
952 IN 953 962 7 0.500000 5 0
953 IN 954 961 12 0.500000 4 0
954 IN 955 958 16 0.500000 3 0
955 IN 956 957 9 0.500000 2 0
956 LN -1 -1 -1 -1.000000 1 0
957 LN -1 -1 -1 -1.000000 1 0
958 IN 959 960 9 0.500000 2 1
959 LN -1 -1 -1 -1.000000 1 1
960 LN -1 -1 -1 -1.000000 1 0
961 LN -1 -1 -1 -1.000000 1 1
962 IN 963 966 9 0.500000 4 0
963 IN 964 965 12 0.500000 2 0
964 LN -1 -1 -1 -1.000000 1 0
965 LN -1 -1 -1 -1.000000 1 0
966 IN 967 970 8 0.500000 3 1
967 IN 968 969 12 0.500000 2 0
968 LN -1 -1 -1 -1.000000 1 0
969 LN -1 -1 -1 -1.000000 1 1
970 LN -1 -1 -1 -1.000000 1 1
971 IN 972 975 9 0.500000 5 1
972 IN 973 974 7 0.500000 2 0
973 LN -1 -1 -1 -1.000000 1 1
974 LN -1 -1 -1 -1.000000 1 0
975 IN 976 979 7 0.500000 4 1
976 IN 977 978 12 0.500000 2 1
977 LN -1 -1 -1 -1.000000 1 1
978 LN -1 -1 -1 -1.000000 1 1
979 IN 980 981 16 0.500000 3 1
980 LN -1 -1 -1 -1.000000 1 0
981 IN 982 983 12 0.500000 2 1
982 LN -1 -1 -1 -1.000000 1 1
983 LN -1 -1 -1 -1.000000 1 1
984 LN -1 -1 -1 -1.000000 1 0
985 IN 986 1155 14 0.500000 12 0
986 IN 987 1090 12 0.500000 11 0
987 IN 988 1047 3 0.500000 10 0
988 IN 989 1046 16 0.500000 9 0
989 IN 990 1013 7 0.500000 8 0
990 IN 991 996 9 0.500000 6 0
991 IN 992 993 10 0.500000 3 0
992 LN -1 -1 -1 -1.000000 1 0
993 IN 994 995 5 0.500000 2 0
994 LN -1 -1 -1 -1.000000 1 1
995 LN -1 -1 -1 -1.000000 1 0
996 IN 997 1006 10 0.500000 5 0
997 IN 998 999 11 0.500000 4 0
998 LN -1 -1 -1 -1.000000 1 0
999 IN 1000 1003 8 0.500000 3 0
1000 IN 1001 1002 5 0.500000 2 0
1001 LN -1 -1 -1 -1.000000 1 0
1002 LN -1 -1 -1 -1.000000 1 0
1003 IN 1004 1005 5 0.500000 2 0
1004 LN -1 -1 -1 -1.000000 1 0
1005 LN -1 -1 -1 -1.000000 1 0
1006 IN 1007 1010 8 0.500000 3 0
1007 IN 1008 1009 5 0.500000 2 0
1008 LN -1 -1 -1 -1.000000 1 0
1009 LN -1 -1 -1 -1.000000 1 0
1010 IN 1011 1012 5 0.500000 2 0
1011 LN -1 -1 -1 -1.000000 1 0
1012 LN -1 -1 -1 -1.000000 1 0
1013 IN 1014 1023 9 0.500000 7 0
1014 IN 1015 1016 5 0.500000 5 0
1015 LN -1 -1 -1 -1.000000 1 0
1016 IN 1017 1022 6 0.500000 4 0
1017 IN 1018 1021 10 0.500000 3 0
1018 IN 1019 1020 11 0.500000 2 0
1019 LN -1 -1 -1 -1.000000 1 0
1020 LN -1 -1 -1 -1.000000 1 0
1021 LN -1 -1 -1 -1.000000 1 0
1022 LN -1 -1 -1 -1.000000 1 1
1023 IN 1024 1035 8 0.500000 6 0
1024 IN 1025 1026 5 0.500000 5 0
1025 LN -1 -1 -1 -1.000000 1 0
1026 IN 1027 1032 10 0.500000 4 0
1027 IN 1028 1029 11 0.500000 3 0
1028 LN -1 -1 -1 -1.000000 1 0
1029 IN 1030 1031 6 0.500000 2 0
1030 LN -1 -1 -1 -1.000000 1 0
1031 LN -1 -1 -1 -1.000000 1 0
1032 IN 1033 1034 6 0.500000 2 0
1033 LN -1 -1 -1 -1.000000 1 0
1034 LN -1 -1 -1 -1.000000 1 0
1035 IN 1036 1037 11 0.500000 5 0
1036 LN -1 -1 -1 -1.000000 1 0
1037 IN 1038 1045 6 0.500000 4 0
1038 IN 1039 1042 10 0.500000 3 0
1039 IN 1040 1041 5 0.500000 2 0
1040 LN -1 -1 -1 -1.000000 1 0
1041 LN -1 -1 -1 -1.000000 1 0
1042 IN 1043 1044 5 0.500000 2 0
1043 LN -1 -1 -1 -1.000000 1 0
1044 LN -1 -1 -1 -1.000000 1 0
1045 LN -1 -1 -1 -1.000000 1 0
1046 LN -1 -1 -1 -1.000000 1 0
1047 IN 1048 1051 5 0.500000 8 0
1048 IN 1049 1050 10 0.500000 2 0
1049 LN -1 -1 -1 -1.000000 1 0
1050 LN -1 -1 -1 -1.000000 1 0
1051 IN 1052 1079 6 0.500000 7 0
1052 IN 1053 1076 16 0.500000 6 0
1053 IN 1054 1065 10 0.500000 5 0
1054 IN 1055 1058 9 0.500000 4 0
1055 IN 1056 1057 7 0.500000 2 0
1056 LN -1 -1 -1 -1.000000 1 1
1057 LN -1 -1 -1 -1.000000 1 0
1058 IN 1059 1062 8 0.500000 3 0
1059 IN 1060 1061 7 0.500000 2 1
1060 LN -1 -1 -1 -1.000000 1 0
1061 LN -1 -1 -1 -1.000000 1 1
1062 IN 1063 1064 7 0.500000 2 0
1063 LN -1 -1 -1 -1.000000 1 0
1064 LN -1 -1 -1 -1.000000 1 0
1065 IN 1066 1073 8 0.500000 4 0
1066 IN 1067 1070 9 0.500000 3 0
1067 IN 1068 1069 7 0.500000 2 0
1068 LN -1 -1 -1 -1.000000 1 0
1069 LN -1 -1 -1 -1.000000 1 0
1070 IN 1071 1072 7 0.500000 2 0
1071 LN -1 -1 -1 -1.000000 1 0
1072 LN -1 -1 -1 -1.000000 1 0
1073 IN 1074 1075 7 0.500000 2 0
1074 LN -1 -1 -1 -1.000000 1 0
1075 LN -1 -1 -1 -1.000000 1 1
1076 IN 1077 1078 8 0.500000 2 0
1077 LN -1 -1 -1 -1.000000 1 0
1078 LN -1 -1 -1 -1.000000 1 1
1079 IN 1080 1081 9 0.500000 5 0
1080 LN -1 -1 -1 -1.000000 1 1
1081 IN 1082 1089 16 0.500000 4 0
1082 IN 1083 1086 10 0.500000 3 0
1083 IN 1084 1085 8 0.500000 2 0
1084 LN -1 -1 -1 -1.000000 1 0
1085 LN -1 -1 -1 -1.000000 1 1
1086 IN 1087 1088 8 0.500000 2 0
1087 LN -1 -1 -1 -1.000000 1 0
1088 LN -1 -1 -1 -1.000000 1 0
1089 LN -1 -1 -1 -1.000000 1 0
1090 IN 1091 1092 11 0.500000 9 0
1091 LN -1 -1 -1 -1.000000 1 1
1092 IN 1093 1112 7 0.500000 8 0
1093 IN 1094 1107 8 0.500000 6 0
1094 IN 1095 1100 10 0.500000 5 0
1095 IN 1096 1097 9 0.500000 3 0
1096 LN -1 -1 -1 -1.000000 1 0
1097 IN 1098 1099 3 0.500000 2 0
1098 LN -1 -1 -1 -1.000000 1 0
1099 LN -1 -1 -1 -1.000000 1 0
1100 IN 1101 1102 9 0.500000 4 0
1101 LN -1 -1 -1 -1.000000 1 0
1102 IN 1103 1104 5 0.500000 3 0
1103 LN -1 -1 -1 -1.000000 1 0
1104 IN 1105 1106 3 0.500000 2 0
1105 LN -1 -1 -1 -1.000000 1 0
1106 LN -1 -1 -1 -1.000000 1 0
1107 IN 1108 1109 10 0.500000 3 0
1108 LN -1 -1 -1 -1.000000 1 0
1109 IN 1110 1111 5 0.500000 2 0
1110 LN -1 -1 -1 -1.000000 1 0
1111 LN -1 -1 -1 -1.000000 1 0
1112 IN 1113 1136 3 0.500000 7 1
1113 IN 1114 1121 5 0.500000 6 0
1114 IN 1115 1118 8 0.500000 3 1
1115 IN 1116 1117 10 0.500000 2 0
1116 LN -1 -1 -1 -1.000000 1 0
1117 LN -1 -1 -1 -1.000000 1 0
1118 IN 1119 1120 10 0.500000 2 1
1119 LN -1 -1 -1 -1.000000 1 0
1120 LN -1 -1 -1 -1.000000 1 1
1121 IN 1122 1133 8 0.500000 5 0
1122 IN 1123 1128 10 0.500000 4 0
1123 IN 1124 1127 6 0.500000 3 0
1124 IN 1125 1126 9 0.500000 2 0
1125 LN -1 -1 -1 -1.000000 1 0
1126 LN -1 -1 -1 -1.000000 1 0
1127 LN -1 -1 -1 -1.000000 1 1
1128 IN 1129 1132 16 0.500000 3 0
1129 IN 1130 1131 9 0.500000 2 0
1130 LN -1 -1 -1 -1.000000 1 0
1131 LN -1 -1 -1 -1.000000 1 0
1132 LN -1 -1 -1 -1.000000 1 1
1133 IN 1134 1135 10 0.500000 2 0
1134 LN -1 -1 -1 -1.000000 1 0
1135 LN -1 -1 -1 -1.000000 1 1
1136 IN 1137 1154 16 0.500000 6 1
1137 IN 1138 1147 6 0.500000 5 1
1138 IN 1139 1144 10 0.500000 4 1
1139 IN 1140 1141 5 0.500000 3 1
1140 LN -1 -1 -1 -1.000000 1 0
1141 IN 1142 1143 8 0.500000 2 1
1142 LN -1 -1 -1 -1.000000 1 1
1143 LN -1 -1 -1 -1.000000 1 0
1144 IN 1145 1146 8 0.500000 2 1
1145 LN -1 -1 -1 -1.000000 1 1
1146 LN -1 -1 -1 -1.000000 1 1
1147 IN 1148 1153 10 0.500000 4 1
1148 IN 1149 1150 9 0.500000 3 1
1149 LN -1 -1 -1 -1.000000 1 1
1150 IN 1151 1152 8 0.500000 2 1
1151 LN -1 -1 -1 -1.000000 1 1
1152 LN -1 -1 -1 -1.000000 1 1
1153 LN -1 -1 -1 -1.000000 1 1
1154 LN -1 -1 -1 -1.000000 1 0
1155 IN 1156 1265 7 0.500000 11 0
1156 IN 1157 1218 3 0.500000 9 0
1157 IN 1158 1197 12 0.500000 8 0
1158 IN 1159 1172 9 0.500000 7 0
1159 IN 1160 1171 16 0.500000 5 0
1160 IN 1161 1166 10 0.500000 4 0
1161 IN 1162 1163 5 0.500000 3 0
1162 LN -1 -1 -1 -1.000000 1 0
1163 IN 1164 1165 13 0.500000 2 0
1164 LN -1 -1 -1 -1.000000 1 0
1165 LN -1 -1 -1 -1.000000 1 1
1166 IN 1167 1168 13 0.500000 3 0
1167 LN -1 -1 -1 -1.000000 1 0
1168 IN 1169 1170 5 0.500000 2 0
1169 LN -1 -1 -1 -1.000000 1 0
1170 LN -1 -1 -1 -1.000000 1 0
1171 LN -1 -1 -1 -1.000000 1 0
1172 IN 1173 1182 10 0.500000 6 0
1173 IN 1174 1179 8 0.500000 4 0
1174 IN 1175 1176 5 0.500000 3 0
1175 LN -1 -1 -1 -1.000000 1 0
1176 IN 1177 1178 13 0.500000 2 0
1177 LN -1 -1 -1 -1.000000 1 0
1178 LN -1 -1 -1 -1.000000 1 0
1179 IN 1180 1181 5 0.500000 2 0
1180 LN -1 -1 -1 -1.000000 1 0
1181 LN -1 -1 -1 -1.000000 1 0
1182 IN 1183 1196 8 0.500000 5 0
1183 IN 1184 1191 16 0.500000 4 0
1184 IN 1185 1188 13 0.500000 3 0
1185 IN 1186 1187 5 0.500000 2 0
1186 LN -1 -1 -1 -1.000000 1 0
1187 LN -1 -1 -1 -1.000000 1 0
1188 IN 1189 1190 5 0.500000 2 0
1189 LN -1 -1 -1 -1.000000 1 0
1190 LN -1 -1 -1 -1.000000 1 0
1191 IN 1192 1193 13 0.500000 3 1
1192 LN -1 -1 -1 -1.000000 1 1
1193 IN 1194 1195 5 0.500000 2 0
1194 LN -1 -1 -1 -1.000000 1 1
1195 LN -1 -1 -1 -1.000000 1 0
1196 LN -1 -1 -1 -1.000000 1 0
1197 IN 1198 1201 5 0.500000 7 0
1198 IN 1199 1200 10 0.500000 2 0
1199 LN -1 -1 -1 -1.000000 1 0
1200 LN -1 -1 -1 -1.000000 1 0
1201 IN 1202 1215 16 0.500000 6 1
1202 IN 1203 1208 10 0.500000 5 1
1203 IN 1204 1207 13 0.500000 3 1
1204 IN 1205 1206 9 0.500000 2 1
1205 LN -1 -1 -1 -1.000000 1 0
1206 LN -1 -1 -1 -1.000000 1 1
1207 LN -1 -1 -1 -1.000000 1 0
1208 IN 1209 1210 9 0.500000 4 1
1209 LN -1 -1 -1 -1.000000 1 0
1210 IN 1211 1214 13 0.500000 3 1
1211 IN 1212 1213 8 0.500000 2 1
1212 LN -1 -1 -1 -1.000000 1 1
1213 LN -1 -1 -1 -1.000000 1 0
1214 LN -1 -1 -1 -1.000000 1 1
1215 IN 1216 1217 13 0.500000 2 0
1216 LN -1 -1 -1 -1.000000 1 0
1217 LN -1 -1 -1 -1.000000 1 1
1218 IN 1219 1252 16 0.500000 8 0
1219 IN 1220 1237 12 0.500000 7 0
1220 IN 1221 1230 13 0.500000 5 0
1221 IN 1222 1223 9 0.500000 4 0
1222 LN -1 -1 -1 -1.000000 1 0
1223 IN 1224 1227 10 0.500000 3 0
1224 IN 1225 1226 8 0.500000 2 0
1225 LN -1 -1 -1 -1.000000 1 0
1226 LN -1 -1 -1 -1.000000 1 0
1227 IN 1228 1229 8 0.500000 2 0
1228 LN -1 -1 -1 -1.000000 1 0
1229 LN -1 -1 -1 -1.000000 1 1
1230 IN 1231 1232 5 0.500000 4 0
1231 LN -1 -1 -1 -1.000000 1 0
1232 IN 1233 1234 10 0.500000 3 1
1233 LN -1 -1 -1 -1.000000 1 0
1234 IN 1235 1236 8 0.500000 2 1
1235 LN -1 -1 -1 -1.000000 1 0
1236 LN -1 -1 -1 -1.000000 1 1
1237 IN 1238 1239 5 0.500000 6 0
1238 LN -1 -1 -1 -1.000000 1 0
1239 IN 1240 1249 13 0.500000 5 0
1240 IN 1241 1244 10 0.500000 4 0
1241 IN 1242 1243 8 0.500000 2 0
1242 LN -1 -1 -1 -1.000000 1 0
1243 LN -1 -1 -1 -1.000000 1 0
1244 IN 1245 1246 9 0.500000 3 1
1245 LN -1 -1 -1 -1.000000 1 1
1246 IN 1247 1248 8 0.500000 2 0
1247 LN -1 -1 -1 -1.000000 1 0
1248 LN -1 -1 -1 -1.000000 1 1
1249 IN 1250 1251 8 0.500000 2 1
1250 LN -1 -1 -1 -1.000000 1 1
1251 LN -1 -1 -1 -1.000000 1 1
1252 IN 1253 1258 12 0.500000 5 1
1253 IN 1254 1255 13 0.500000 3 0
1254 LN -1 -1 -1 -1.000000 1 0
1255 IN 1256 1257 9 0.500000 2 0
1256 LN -1 -1 -1 -1.000000 1 0
1257 LN -1 -1 -1 -1.000000 1 1
1258 IN 1259 1260 9 0.500000 4 1
1259 LN -1 -1 -1 -1.000000 1 1
1260 IN 1261 1262 13 0.500000 3 1
1261 LN -1 -1 -1 -1.000000 1 1
1262 IN 1263 1264 10 0.500000 2 1
1263 LN -1 -1 -1 -1.000000 1 0
1264 LN -1 -1 -1 -1.000000 1 1
1265 IN 1266 1369 12 0.500000 10 0
1266 IN 1267 1340 8 0.500000 9 0
1267 IN 1268 1299 10 0.500000 8 0
1268 IN 1269 1284 9 0.500000 7 0
1269 IN 1270 1283 6 0.500000 6 0
1270 IN 1271 1274 5 0.500000 5 0
1271 IN 1272 1273 13 0.500000 2 1
1272 LN -1 -1 -1 -1.000000 1 1
1273 LN -1 -1 -1 -1.000000 1 0
1274 IN 1275 1278 13 0.500000 4 0
1275 IN 1276 1277 3 0.500000 2 0
1276 LN -1 -1 -1 -1.000000 1 0
1277 LN -1 -1 -1 -1.000000 1 0
1278 IN 1279 1282 3 0.500000 3 0
1279 IN 1280 1281 16 0.500000 2 0
1280 LN -1 -1 -1 -1.000000 1 0
1281 LN -1 -1 -1 -1.000000 1 0
1282 LN -1 -1 -1 -1.000000 1 0
1283 LN -1 -1 -1 -1.000000 1 0
1284 IN 1285 1298 16 0.500000 6 0
1285 IN 1286 1295 13 0.500000 5 1
1286 IN 1287 1290 5 0.500000 4 0
1287 IN 1288 1289 3 0.500000 2 0
1288 LN -1 -1 -1 -1.000000 1 0
1289 LN -1 -1 -1 -1.000000 1 1
1290 IN 1291 1294 6 0.500000 3 1
1291 IN 1292 1293 3 0.500000 2 1
1292 LN -1 -1 -1 -1.000000 1 1
1293 LN -1 -1 -1 -1.000000 1 0
1294 LN -1 -1 -1 -1.000000 1 0
1295 IN 1296 1297 3 0.500000 2 1
1296 LN -1 -1 -1 -1.000000 1 1
1297 LN -1 -1 -1 -1.000000 1 1
1298 LN -1 -1 -1 -1.000000 1 0
1299 IN 1300 1333 6 0.500000 7 0
1300 IN 1301 1320 3 0.500000 6 0
1301 IN 1302 1313 16 0.500000 5 0
1302 IN 1303 1308 9 0.500000 4 0
1303 IN 1304 1307 13 0.500000 3 0
1304 IN 1305 1306 5 0.500000 2 0
1305 LN -1 -1 -1 -1.000000 1 0
1306 LN -1 -1 -1 -1.000000 1 0
1307 LN -1 -1 -1 -1.000000 1 0
1308 IN 1309 1312 13 0.500000 3 0
1309 IN 1310 1311 5 0.500000 2 0
1310 LN -1 -1 -1 -1.000000 1 0
1311 LN -1 -1 -1 -1.000000 1 0
1312 LN -1 -1 -1 -1.000000 1 1
1313 IN 1314 1315 5 0.500000 4 0
1314 LN -1 -1 -1 -1.000000 1 0
1315 IN 1316 1319 13 0.500000 3 0
1316 IN 1317 1318 9 0.500000 2 0
1317 LN -1 -1 -1 -1.000000 1 0
1318 LN -1 -1 -1 -1.000000 1 0
1319 LN -1 -1 -1 -1.000000 1 1
1320 IN 1321 1330 13 0.500000 5 1
1321 IN 1322 1323 5 0.500000 4 1
1322 LN -1 -1 -1 -1.000000 1 0
1323 IN 1324 1327 9 0.500000 3 1
1324 IN 1325 1326 16 0.500000 2 0
1325 LN -1 -1 -1 -1.000000 1 0
1326 LN -1 -1 -1 -1.000000 1 0
1327 IN 1328 1329 16 0.500000 2 1
1328 LN -1 -1 -1 -1.000000 1 1
1329 LN -1 -1 -1 -1.000000 1 1
1330 IN 1331 1332 16 0.500000 2 1
1331 LN -1 -1 -1 -1.000000 1 1
1332 LN -1 -1 -1 -1.000000 1 1
1333 IN 1334 1339 13 0.500000 4 0
1334 IN 1335 1336 9 0.500000 3 0
1335 LN -1 -1 -1 -1.000000 1 0
1336 IN 1337 1338 16 0.500000 2 1
1337 LN -1 -1 -1 -1.000000 1 0
1338 LN -1 -1 -1 -1.000000 1 1
1339 LN -1 -1 -1 -1.000000 1 0
1340 IN 1341 1364 13 0.500000 7 0
1341 IN 1342 1359 16 0.500000 6 0
1342 IN 1343 1350 3 0.500000 5 0
1343 IN 1344 1347 10 0.500000 3 0
1344 IN 1345 1346 5 0.500000 2 0
1345 LN -1 -1 -1 -1.000000 1 0
1346 LN -1 -1 -1 -1.000000 1 1
1347 IN 1348 1349 5 0.500000 2 0
1348 LN -1 -1 -1 -1.000000 1 0
1349 LN -1 -1 -1 -1.000000 1 0
1350 IN 1351 1356 6 0.500000 4 0
1351 IN 1352 1353 5 0.500000 3 1
1352 LN -1 -1 -1 -1.000000 1 0
1353 IN 1354 1355 10 0.500000 2 1
1354 LN -1 -1 -1 -1.000000 1 1
1355 LN -1 -1 -1 -1.000000 1 1
1356 IN 1357 1358 10 0.500000 2 0
1357 LN -1 -1 -1 -1.000000 1 1
1358 LN -1 -1 -1 -1.000000 1 0
1359 IN 1360 1361 10 0.500000 3 0
1360 LN -1 -1 -1 -1.000000 1 0
1361 IN 1362 1363 6 0.500000 2 0
1362 LN -1 -1 -1 -1.000000 1 0
1363 LN -1 -1 -1 -1.000000 1 1
1364 IN 1365 1366 3 0.500000 3 1
1365 LN -1 -1 -1 -1.000000 1 1
1366 IN 1367 1368 10 0.500000 2 1
1367 LN -1 -1 -1 -1.000000 1 1
1368 LN -1 -1 -1 -1.000000 1 0
1369 IN 1370 1413 8 0.500000 9 0
1370 IN 1371 1386 9 0.500000 8 0
1371 IN 1372 1377 13 0.500000 5 0
1372 IN 1373 1374 3 0.500000 3 0
1373 LN -1 -1 -1 -1.000000 1 0
1374 IN 1375 1376 6 0.500000 2 0
1375 LN -1 -1 -1 -1.000000 1 1
1376 LN -1 -1 -1 -1.000000 1 0
1377 IN 1378 1383 3 0.500000 4 1
1378 IN 1379 1380 10 0.500000 3 1
1379 LN -1 -1 -1 -1.000000 1 1
1380 IN 1381 1382 16 0.500000 2 1
1381 LN -1 -1 -1 -1.000000 1 0
1382 LN -1 -1 -1 -1.000000 1 1
1383 IN 1384 1385 10 0.500000 2 0
1384 LN -1 -1 -1 -1.000000 1 0
1385 LN -1 -1 -1 -1.000000 1 1
1386 IN 1387 1396 10 0.500000 7 1
1387 IN 1388 1393 3 0.500000 4 0
1388 IN 1389 1392 6 0.500000 3 0
1389 IN 1390 1391 13 0.500000 2 0
1390 LN -1 -1 -1 -1.000000 1 0
1391 LN -1 -1 -1 -1.000000 1 0
1392 LN -1 -1 -1 -1.000000 1 1
1393 IN 1394 1395 6 0.500000 2 0
1394 LN -1 -1 -1 -1.000000 1 0
1395 LN -1 -1 -1 -1.000000 1 1
1396 IN 1397 1408 6 0.500000 6 1
1397 IN 1398 1405 13 0.500000 5 1
1398 IN 1399 1400 5 0.500000 4 1
1399 LN -1 -1 -1 -1.000000 1 1
1400 IN 1401 1404 16 0.500000 3 1
1401 IN 1402 1403 3 0.500000 2 1
1402 LN -1 -1 -1 -1.000000 1 1
1403 LN -1 -1 -1 -1.000000 1 0
1404 LN -1 -1 -1 -1.000000 1 1
1405 IN 1406 1407 16 0.500000 2 1
1406 LN -1 -1 -1 -1.000000 1 1
1407 LN -1 -1 -1 -1.000000 1 0
1408 IN 1409 1410 13 0.500000 3 0
1409 LN -1 -1 -1 -1.000000 1 0
1410 IN 1411 1412 3 0.500000 2 1
1411 LN -1 -1 -1 -1.000000 1 0
1412 LN -1 -1 -1 -1.000000 1 1
1413 IN 1414 1421 16 0.500000 4 0
1414 IN 1415 1418 3 0.500000 3 0
1415 IN 1416 1417 5 0.500000 2 0
1416 LN -1 -1 -1 -1.000000 1 0
1417 LN -1 -1 -1 -1.000000 1 1
1418 IN 1419 1420 10 0.500000 2 0
1419 LN -1 -1 -1 -1.000000 1 1
1420 LN -1 -1 -1 -1.000000 1 0
1421 LN -1 -1 -1 -1.000000 1 0
1422 IN 1423 1592 3 0.500000 12 0
1423 IN 1424 1511 9 0.500000 10 0
1424 IN 1425 1472 12 0.500000 9 0
1425 IN 1426 1467 16 0.500000 7 0
1426 IN 1427 1444 14 0.500000 6 0
1427 IN 1428 1435 10 0.500000 5 0
1428 IN 1429 1432 2 0.500000 3 0
1429 IN 1430 1431 7 0.500000 2 0
1430 LN -1 -1 -1 -1.000000 1 0
1431 LN -1 -1 -1 -1.000000 1 0
1432 IN 1433 1434 7 0.500000 2 0
1433 LN -1 -1 -1 -1.000000 1 0
1434 LN -1 -1 -1 -1.000000 1 0
1435 IN 1436 1441 2 0.500000 4 0
1436 IN 1437 1438 7 0.500000 3 0
1437 LN -1 -1 -1 -1.000000 1 0
1438 IN 1439 1440 6 0.500000 2 0
1439 LN -1 -1 -1 -1.000000 1 0
1440 LN -1 -1 -1 -1.000000 1 0
1441 IN 1442 1443 7 0.500000 2 0
1442 LN -1 -1 -1 -1.000000 1 0
1443 LN -1 -1 -1 -1.000000 1 0
1444 IN 1445 1458 13 0.500000 5 0
1445 IN 1446 1451 10 0.500000 4 0
1446 IN 1447 1448 7 0.500000 3 0
1447 LN -1 -1 -1 -1.000000 1 0
1448 IN 1449 1450 2 0.500000 2 0
1449 LN -1 -1 -1 -1.000000 1 0
1450 LN -1 -1 -1 -1.000000 1 1
1451 IN 1452 1455 7 0.500000 3 0
1452 IN 1453 1454 2 0.500000 2 0
1453 LN -1 -1 -1 -1.000000 1 0
1454 LN -1 -1 -1 -1.000000 1 0
1455 IN 1456 1457 2 0.500000 2 0
1456 LN -1 -1 -1 -1.000000 1 0
1457 LN -1 -1 -1 -1.000000 1 0
1458 IN 1459 1462 2 0.500000 4 0
1459 IN 1460 1461 10 0.500000 2 0
1460 LN -1 -1 -1 -1.000000 1 1
1461 LN -1 -1 -1 -1.000000 1 0
1462 IN 1463 1464 10 0.500000 3 0
1463 LN -1 -1 -1 -1.000000 1 0
1464 IN 1465 1466 7 0.500000 2 0
1465 LN -1 -1 -1 -1.000000 1 0
1466 LN -1 -1 -1 -1.000000 1 0
1467 IN 1468 1471 13 0.500000 3 0
1468 IN 1469 1470 7 0.500000 2 0
1469 LN -1 -1 -1 -1.000000 1 1
1470 LN -1 -1 -1 -1.000000 1 0
1471 LN -1 -1 -1 -1.000000 1 0
1472 IN 1473 1510 6 0.500000 8 0
1473 IN 1474 1487 10 0.500000 7 0
1474 IN 1475 1482 14 0.500000 4 1
1475 IN 1476 1479 7 0.500000 3 0
1476 IN 1477 1478 2 0.500000 2 0
1477 LN -1 -1 -1 -1.000000 1 0
1478 LN -1 -1 -1 -1.000000 1 0
1479 IN 1480 1481 2 0.500000 2 1
1480 LN -1 -1 -1 -1.000000 1 1
1481 LN -1 -1 -1 -1.000000 1 1
1482 IN 1483 1484 7 0.500000 3 1
1483 LN -1 -1 -1 -1.000000 1 1
1484 IN 1485 1486 13 0.500000 2 1
1485 LN -1 -1 -1 -1.000000 1 0
1486 LN -1 -1 -1 -1.000000 1 1
1487 IN 1488 1499 7 0.500000 6 0
1488 IN 1489 1492 14 0.500000 5 0
1489 IN 1490 1491 2 0.500000 2 1
1490 LN -1 -1 -1 -1.000000 1 1
1491 LN -1 -1 -1 -1.000000 1 0
1492 IN 1493 1494 13 0.500000 4 0
1493 LN -1 -1 -1 -1.000000 1 0
1494 IN 1495 1498 16 0.500000 3 0
1495 IN 1496 1497 2 0.500000 2 0
1496 LN -1 -1 -1 -1.000000 1 0
1497 LN -1 -1 -1 -1.000000 1 0
1498 LN -1 -1 -1 -1.000000 1 1
1499 IN 1500 1509 13 0.500000 5 0
1500 IN 1501 1504 2 0.500000 4 0
1501 IN 1502 1503 14 0.500000 2 0
1502 LN -1 -1 -1 -1.000000 1 0
1503 LN -1 -1 -1 -1.000000 1 0
1504 IN 1505 1508 16 0.500000 3 0
1505 IN 1506 1507 14 0.500000 2 1
1506 LN -1 -1 -1 -1.000000 1 0
1507 LN -1 -1 -1 -1.000000 1 1
1508 LN -1 -1 -1 -1.000000 1 0
1509 LN -1 -1 -1 -1.000000 1 1
1510 LN -1 -1 -1 -1.000000 1 0
1511 IN 1512 1579 16 0.500000 9 0
1512 IN 1513 1544 10 0.500000 8 0
1513 IN 1514 1527 7 0.500000 7 0
1514 IN 1515 1518 2 0.500000 5 0
1515 IN 1516 1517 12 0.500000 2 0
1516 LN -1 -1 -1 -1.000000 1 1
1517 LN -1 -1 -1 -1.000000 1 0
1518 IN 1519 1520 14 0.500000 4 0
1519 LN -1 -1 -1 -1.000000 1 0
1520 IN 1521 1524 13 0.500000 3 1
1521 IN 1522 1523 12 0.500000 2 1
1522 LN -1 -1 -1 -1.000000 1 0
1523 LN -1 -1 -1 -1.000000 1 1
1524 IN 1525 1526 12 0.500000 2 0
1525 LN -1 -1 -1 -1.000000 1 0
1526 LN -1 -1 -1 -1.000000 1 1
1527 IN 1528 1543 13 0.500000 6 0
1528 IN 1529 1538 12 0.500000 5 0
1529 IN 1530 1531 2 0.500000 4 0
1530 LN -1 -1 -1 -1.000000 1 1
1531 IN 1532 1535 14 0.500000 3 0
1532 IN 1533 1534 8 0.500000 2 0
1533 LN -1 -1 -1 -1.000000 1 0
1534 LN -1 -1 -1 -1.000000 1 0
1535 IN 1536 1537 8 0.500000 2 0
1536 LN -1 -1 -1 -1.000000 1 0
1537 LN -1 -1 -1 -1.000000 1 1
1538 IN 1539 1540 2 0.500000 3 0
1539 LN -1 -1 -1 -1.000000 1 1
1540 IN 1541 1542 14 0.500000 2 0
1541 LN -1 -1 -1 -1.000000 1 0
1542 LN -1 -1 -1 -1.000000 1 0
1543 LN -1 -1 -1 -1.000000 1 0
1544 IN 1545 1574 13 0.500000 7 0
1545 IN 1546 1563 14 0.500000 6 0
1546 IN 1547 1552 2 0.500000 5 0
1547 IN 1548 1551 12 0.500000 3 0
1548 IN 1549 1550 7 0.500000 2 0
1549 LN -1 -1 -1 -1.000000 1 0
1550 LN -1 -1 -1 -1.000000 1 0
1551 LN -1 -1 -1 -1.000000 1 0
1552 IN 1553 1560 12 0.500000 4 1
1553 IN 1554 1557 7 0.500000 3 0
1554 IN 1555 1556 8 0.500000 2 1
1555 LN -1 -1 -1 -1.000000 1 0
1556 LN -1 -1 -1 -1.000000 1 1
1557 IN 1558 1559 8 0.500000 2 0
1558 LN -1 -1 -1 -1.000000 1 0
1559 LN -1 -1 -1 -1.000000 1 1
1560 IN 1561 1562 7 0.500000 2 1
1561 LN -1 -1 -1 -1.000000 1 1
1562 LN -1 -1 -1 -1.000000 1 1
1563 IN 1564 1569 7 0.500000 4 0
1564 IN 1565 1566 2 0.500000 3 0
1565 LN -1 -1 -1 -1.000000 1 0
1566 IN 1567 1568 12 0.500000 2 0
1567 LN -1 -1 -1 -1.000000 1 0
1568 LN -1 -1 -1 -1.000000 1 1
1569 IN 1570 1573 12 0.500000 3 0
1570 IN 1571 1572 2 0.500000 2 1
1571 LN -1 -1 -1 -1.000000 1 1
1572 LN -1 -1 -1 -1.000000 1 0
1573 LN -1 -1 -1 -1.000000 1 0
1574 IN 1575 1576 2 0.500000 3 1
1575 LN -1 -1 -1 -1.000000 1 0
1576 IN 1577 1578 7 0.500000 2 1
1577 LN -1 -1 -1 -1.000000 1 1
1578 LN -1 -1 -1 -1.000000 1 1
1579 IN 1580 1587 12 0.500000 5 1
1580 IN 1581 1582 10 0.500000 4 1
1581 LN -1 -1 -1 -1.000000 1 1
1582 IN 1583 1584 13 0.500000 3 1
1583 LN -1 -1 -1 -1.000000 1 1
1584 IN 1585 1586 7 0.500000 2 0
1585 LN -1 -1 -1 -1.000000 1 0
1586 LN -1 -1 -1 -1.000000 1 1
1587 IN 1588 1589 14 0.500000 3 1
1588 LN -1 -1 -1 -1.000000 1 1
1589 IN 1590 1591 2 0.500000 2 1
1590 LN -1 -1 -1 -1.000000 1 1
1591 LN -1 -1 -1 -1.000000 1 0
1592 IN 1593 1648 2 0.500000 11 0
1593 IN 1594 1647 16 0.500000 8 0
1594 IN 1595 1614 7 0.500000 7 0
1595 IN 1596 1609 12 0.500000 6 0
1596 IN 1597 1608 9 0.500000 5 0
1597 IN 1598 1605 13 0.500000 4 0
1598 IN 1599 1602 14 0.500000 3 0
1599 IN 1600 1601 10 0.500000 2 0
1600 LN -1 -1 -1 -1.000000 1 0
1601 LN -1 -1 -1 -1.000000 1 1
1602 IN 1603 1604 10 0.500000 2 0
1603 LN -1 -1 -1 -1.000000 1 0
1604 LN -1 -1 -1 -1.000000 1 1
1605 IN 1606 1607 10 0.500000 2 0
1606 LN -1 -1 -1 -1.000000 1 0
1607 LN -1 -1 -1 -1.000000 1 1
1608 LN -1 -1 -1 -1.000000 1 0
1609 IN 1610 1611 13 0.500000 3 0
1610 LN -1 -1 -1 -1.000000 1 0
1611 IN 1612 1613 9 0.500000 2 0
1612 LN -1 -1 -1 -1.000000 1 1
1613 LN -1 -1 -1 -1.000000 1 0
1614 IN 1615 1628 10 0.500000 6 0
1615 IN 1616 1627 14 0.500000 5 0
1616 IN 1617 1622 9 0.500000 4 0
1617 IN 1618 1619 6 0.500000 3 0
1618 LN -1 -1 -1 -1.000000 1 1
1619 IN 1620 1621 12 0.500000 2 0
1620 LN -1 -1 -1 -1.000000 1 0
1621 LN -1 -1 -1 -1.000000 1 1
1622 IN 1623 1624 6 0.500000 3 0
1623 LN -1 -1 -1 -1.000000 1 0
1624 IN 1625 1626 12 0.500000 2 0
1625 LN -1 -1 -1 -1.000000 1 1
1626 LN -1 -1 -1 -1.000000 1 0
1627 LN -1 -1 -1 -1.000000 1 0
1628 IN 1629 1640 6 0.500000 5 0
1629 IN 1630 1635 14 0.500000 4 0
1630 IN 1631 1634 12 0.500000 3 0
1631 IN 1632 1633 9 0.500000 2 0
1632 LN -1 -1 -1 -1.000000 1 0
1633 LN -1 -1 -1 -1.000000 1 0
1634 LN -1 -1 -1 -1.000000 1 0
1635 IN 1636 1639 9 0.500000 3 1
1636 IN 1637 1638 12 0.500000 2 0
1637 LN -1 -1 -1 -1.000000 1 0
1638 LN -1 -1 -1 -1.000000 1 1
1639 LN -1 -1 -1 -1.000000 1 1
1640 IN 1641 1646 12 0.500000 4 0
1641 IN 1642 1643 14 0.500000 3 0
1642 LN -1 -1 -1 -1.000000 1 0
1643 IN 1644 1645 9 0.500000 2 0
1644 LN -1 -1 -1 -1.000000 1 0
1645 LN -1 -1 -1 -1.000000 1 0
1646 LN -1 -1 -1 -1.000000 1 1
1647 LN -1 -1 -1 -1.000000 1 0
1648 IN 1649 1750 8 0.500000 10 1
1649 IN 1650 1683 10 0.500000 9 1
1650 IN 1651 1670 6 0.500000 6 0
1651 IN 1652 1659 14 0.500000 5 0
1652 IN 1653 1654 9 0.500000 4 1
1653 LN -1 -1 -1 -1.000000 1 1
1654 IN 1655 1656 7 0.500000 3 1
1655 LN -1 -1 -1 -1.000000 1 1
1656 IN 1657 1658 12 0.500000 2 0
1657 LN -1 -1 -1 -1.000000 1 0
1658 LN -1 -1 -1 -1.000000 1 1
1659 IN 1660 1665 7 0.500000 4 0
1660 IN 1661 1662 12 0.500000 3 0
1661 LN -1 -1 -1 -1.000000 1 0
1662 IN 1663 1664 9 0.500000 2 0
1663 LN -1 -1 -1 -1.000000 1 1
1664 LN -1 -1 -1 -1.000000 1 0
1665 IN 1666 1669 16 0.500000 3 1
1666 IN 1667 1668 13 0.500000 2 1
1667 LN -1 -1 -1 -1.000000 1 0
1668 LN -1 -1 -1 -1.000000 1 1
1669 LN -1 -1 -1 -1.000000 1 1
1670 IN 1671 1676 9 0.500000 4 0
1671 IN 1672 1673 14 0.500000 3 0
1672 LN -1 -1 -1 -1.000000 1 0
1673 IN 1674 1675 12 0.500000 2 0
1674 LN -1 -1 -1 -1.000000 1 0
1675 LN -1 -1 -1 -1.000000 1 1
1676 IN 1677 1680 14 0.500000 3 1
1677 IN 1678 1679 12 0.500000 2 0
1678 LN -1 -1 -1 -1.000000 1 1
1679 LN -1 -1 -1 -1.000000 1 0
1680 IN 1681 1682 12 0.500000 2 1
1681 LN -1 -1 -1 -1.000000 1 1
1682 LN -1 -1 -1 -1.000000 1 1
1683 IN 1684 1701 7 0.500000 8 1
1684 IN 1685 1688 14 0.500000 6 1
1685 IN 1686 1687 9 0.500000 2 0
1686 LN -1 -1 -1 -1.000000 1 1
1687 LN -1 -1 -1 -1.000000 1 0
1688 IN 1689 1698 13 0.500000 5 1
1689 IN 1690 1695 16 0.500000 4 1
1690 IN 1691 1692 9 0.500000 3 1
1691 LN -1 -1 -1 -1.000000 1 1
1692 IN 1693 1694 12 0.500000 2 0
1693 LN -1 -1 -1 -1.000000 1 1
1694 LN -1 -1 -1 -1.000000 1 0
1695 IN 1696 1697 12 0.500000 2 1
1696 LN -1 -1 -1 -1.000000 1 0
1697 LN -1 -1 -1 -1.000000 1 1
1698 IN 1699 1700 9 0.500000 2 1
1699 LN -1 -1 -1 -1.000000 1 0
1700 LN -1 -1 -1 -1.000000 1 1
1701 IN 1702 1729 12 0.500000 7 1
1702 IN 1703 1710 9 0.500000 6 0
1703 IN 1704 1709 16 0.500000 4 0
1704 IN 1705 1706 14 0.500000 3 0
1705 LN -1 -1 -1 -1.000000 1 0
1706 IN 1707 1708 6 0.500000 2 0
1707 LN -1 -1 -1 -1.000000 1 1
1708 LN -1 -1 -1 -1.000000 1 0
1709 LN -1 -1 -1 -1.000000 1 0
1710 IN 1711 1724 13 0.500000 5 0
1711 IN 1712 1717 14 0.500000 4 0
1712 IN 1713 1714 6 0.500000 3 0
1713 LN -1 -1 -1 -1.000000 1 0
1714 IN 1715 1716 16 0.500000 2 0
1715 LN -1 -1 -1 -1.000000 1 0
1716 LN -1 -1 -1 -1.000000 1 0
1717 IN 1718 1721 6 0.500000 3 0
1718 IN 1719 1720 16 0.500000 2 0
1719 LN -1 -1 -1 -1.000000 1 0
1720 LN -1 -1 -1 -1.000000 1 0
1721 IN 1722 1723 16 0.500000 2 0
1722 LN -1 -1 -1 -1.000000 1 0
1723 LN -1 -1 -1 -1.000000 1 0
1724 IN 1725 1728 6 0.500000 3 1
1725 IN 1726 1727 16 0.500000 2 1
1726 LN -1 -1 -1 -1.000000 1 0
1727 LN -1 -1 -1 -1.000000 1 1
1728 LN -1 -1 -1 -1.000000 1 1
1729 IN 1730 1731 14 0.500000 6 1
1730 LN -1 -1 -1 -1.000000 1 1
1731 IN 1732 1745 16 0.500000 5 1
1732 IN 1733 1738 9 0.500000 4 1
1733 IN 1734 1737 13 0.500000 3 1
1734 IN 1735 1736 6 0.500000 2 0
1735 LN -1 -1 -1 -1.000000 1 0
1736 LN -1 -1 -1 -1.000000 1 1
1737 LN -1 -1 -1 -1.000000 1 1
1738 IN 1739 1742 6 0.500000 3 1
1739 IN 1740 1741 13 0.500000 2 1
1740 LN -1 -1 -1 -1.000000 1 1
1741 LN -1 -1 -1 -1.000000 1 1
1742 IN 1743 1744 13 0.500000 2 1
1743 LN -1 -1 -1 -1.000000 1 1
1744 LN -1 -1 -1 -1.000000 1 0
1745 IN 1746 1749 13 0.500000 3 1
1746 IN 1747 1748 9 0.500000 2 1
1747 LN -1 -1 -1 -1.000000 1 0
1748 LN -1 -1 -1 -1.000000 1 1
1749 LN -1 -1 -1 -1.000000 1 1
1750 IN 1751 1766 16 0.500000 6 1
1751 IN 1752 1761 12 0.500000 5 1
1752 IN 1753 1758 6 0.500000 4 1
1753 IN 1754 1755 10 0.500000 3 1
1754 LN -1 -1 -1 -1.000000 1 0
1755 IN 1756 1757 7 0.500000 2 1
1756 LN -1 -1 -1 -1.000000 1 0
1757 LN -1 -1 -1 -1.000000 1 1
1758 IN 1759 1760 10 0.500000 2 0
1759 LN -1 -1 -1 -1.000000 1 1
1760 LN -1 -1 -1 -1.000000 1 0
1761 IN 1762 1763 10 0.500000 3 1
1762 LN -1 -1 -1 -1.000000 1 1
1763 IN 1764 1765 6 0.500000 2 1
1764 LN -1 -1 -1 -1.000000 1 0
1765 LN -1 -1 -1 -1.000000 1 1
1766 IN 1767 1774 13 0.500000 4 0
1767 IN 1768 1771 14 0.500000 3 0
1768 IN 1769 1770 12 0.500000 2 0
1769 LN -1 -1 -1 -1.000000 1 1
1770 LN -1 -1 -1 -1.000000 1 0
1771 IN 1772 1773 6 0.500000 2 0
1772 LN -1 -1 -1 -1.000000 1 1
1773 LN -1 -1 -1 -1.000000 1 0
1774 LN -1 -1 -1 -1.000000 1 0
1775 IN 1776 2069 3 0.500000 13 1
1776 IN 1777 1836 5 0.500000 12 0
1777 IN 1778 1813 12 0.500000 8 0
1778 IN 1779 1790 10 0.500000 7 0
1779 IN 1780 1781 8 0.500000 5 0
1780 LN -1 -1 -1 -1.000000 1 0
1781 IN 1782 1787 7 0.500000 4 0
1782 IN 1783 1786 13 0.500000 3 0
1783 IN 1784 1785 14 0.500000 2 0
1784 LN -1 -1 -1 -1.000000 1 1
1785 LN -1 -1 -1 -1.000000 1 0
1786 LN -1 -1 -1 -1.000000 1 0
1787 IN 1788 1789 14 0.500000 2 0
1788 LN -1 -1 -1 -1.000000 1 0
1789 LN -1 -1 -1 -1.000000 1 0
1790 IN 1791 1808 16 0.500000 6 0
1791 IN 1792 1797 14 0.500000 5 0
1792 IN 1793 1794 8 0.500000 3 0
1793 LN -1 -1 -1 -1.000000 1 0
1794 IN 1795 1796 7 0.500000 2 0
1795 LN -1 -1 -1 -1.000000 1 0
1796 LN -1 -1 -1 -1.000000 1 0
1797 IN 1798 1803 13 0.500000 4 0
1798 IN 1799 1802 7 0.500000 3 0
1799 IN 1800 1801 8 0.500000 2 0
1800 LN -1 -1 -1 -1.000000 1 0
1801 LN -1 -1 -1 -1.000000 1 0
1802 LN -1 -1 -1 -1.000000 1 1
1803 IN 1804 1807 7 0.500000 3 0
1804 IN 1805 1806 9 0.500000 2 0
1805 LN -1 -1 -1 -1.000000 1 0
1806 LN -1 -1 -1 -1.000000 1 0
1807 LN -1 -1 -1 -1.000000 1 0
1808 IN 1809 1810 8 0.500000 3 0
1809 LN -1 -1 -1 -1.000000 1 0
1810 IN 1811 1812 13 0.500000 2 1
1811 LN -1 -1 -1 -1.000000 1 0
1812 LN -1 -1 -1 -1.000000 1 1
1813 IN 1814 1831 16 0.500000 7 0
1814 IN 1815 1830 13 0.500000 6 0
1815 IN 1816 1823 7 0.500000 5 0
1816 IN 1817 1820 14 0.500000 3 0
1817 IN 1818 1819 8 0.500000 2 0
1818 LN -1 -1 -1 -1.000000 1 0
1819 LN -1 -1 -1 -1.000000 1 1
1820 IN 1821 1822 10 0.500000 2 0
1821 LN -1 -1 -1 -1.000000 1 0
1822 LN -1 -1 -1 -1.000000 1 1
1823 IN 1824 1825 8 0.500000 4 0
1824 LN -1 -1 -1 -1.000000 1 0
1825 IN 1826 1829 14 0.500000 3 0
1826 IN 1827 1828 10 0.500000 2 0
1827 LN -1 -1 -1 -1.000000 1 0
1828 LN -1 -1 -1 -1.000000 1 1
1829 LN -1 -1 -1 -1.000000 1 0
1830 LN -1 -1 -1 -1.000000 1 0
1831 IN 1832 1835 8 0.500000 3 1
1832 IN 1833 1834 7 0.500000 2 0
1833 LN -1 -1 -1 -1.000000 1 0
1834 LN -1 -1 -1 -1.000000 1 1
1835 LN -1 -1 -1 -1.000000 1 1
1836 IN 1837 2048 6 0.500000 11 0
1837 IN 1838 1963 4 0.500000 10 0
1838 IN 1839 1876 9 0.500000 9 0
1839 IN 1840 1845 14 0.500000 7 0
1840 IN 1841 1844 10 0.500000 3 0
1841 IN 1842 1843 12 0.500000 2 0
1842 LN -1 -1 -1 -1.000000 1 0
1843 LN -1 -1 -1 -1.000000 1 0
1844 LN -1 -1 -1 -1.000000 1 0
1845 IN 1846 1859 16 0.500000 6 0
1846 IN 1847 1852 10 0.500000 5 0
1847 IN 1848 1851 12 0.500000 3 0
1848 IN 1849 1850 7 0.500000 2 0
1849 LN -1 -1 -1 -1.000000 1 1
1850 LN -1 -1 -1 -1.000000 1 0
1851 LN -1 -1 -1 -1.000000 1 0
1852 IN 1853 1854 7 0.500000 4 0
1853 LN -1 -1 -1 -1.000000 1 0
1854 IN 1855 1858 13 0.500000 3 0
1855 IN 1856 1857 12 0.500000 2 0
1856 LN -1 -1 -1 -1.000000 1 0
1857 LN -1 -1 -1 -1.000000 1 0
1858 LN -1 -1 -1 -1.000000 1 0
1859 IN 1860 1863 7 0.500000 5 0
1860 IN 1861 1862 12 0.500000 2 0
1861 LN -1 -1 -1 -1.000000 1 0
1862 LN -1 -1 -1 -1.000000 1 1
1863 IN 1864 1869 13 0.500000 4 0
1864 IN 1865 1866 10 0.500000 3 0
1865 LN -1 -1 -1 -1.000000 1 0
1866 IN 1867 1868 12 0.500000 2 0
1867 LN -1 -1 -1 -1.000000 1 0
1868 LN -1 -1 -1 -1.000000 1 1
1869 IN 1870 1873 10 0.500000 3 0
1870 IN 1871 1872 12 0.500000 2 1
1871 LN -1 -1 -1 -1.000000 1 1
1872 LN -1 -1 -1 -1.000000 1 1
1873 IN 1874 1875 12 0.500000 2 0
1874 LN -1 -1 -1 -1.000000 1 0
1875 LN -1 -1 -1 -1.000000 1 0
1876 IN 1877 1906 10 0.500000 8 0
1877 IN 1878 1895 12 0.500000 7 0
1878 IN 1879 1894 13 0.500000 6 0
1879 IN 1880 1885 8 0.500000 5 0
1880 IN 1881 1882 7 0.500000 3 0
1881 LN -1 -1 -1 -1.000000 1 0
1882 IN 1883 1884 14 0.500000 2 0
1883 LN -1 -1 -1 -1.000000 1 1
1884 LN -1 -1 -1 -1.000000 1 0
1885 IN 1886 1889 14 0.500000 4 0
1886 IN 1887 1888 7 0.500000 2 0
1887 LN -1 -1 -1 -1.000000 1 0
1888 LN -1 -1 -1 -1.000000 1 0
1889 IN 1890 1893 16 0.500000 3 0
1890 IN 1891 1892 7 0.500000 2 0
1891 LN -1 -1 -1 -1.000000 1 0
1892 LN -1 -1 -1 -1.000000 1 0
1893 LN -1 -1 -1 -1.000000 1 1
1894 LN -1 -1 -1 -1.000000 1 0
1895 IN 1896 1905 16 0.500000 5 1
1896 IN 1897 1900 8 0.500000 4 1
1897 IN 1898 1899 14 0.500000 2 0
1898 LN -1 -1 -1 -1.000000 1 0
1899 LN -1 -1 -1 -1.000000 1 0
1900 IN 1901 1902 7 0.500000 3 1
1901 LN -1 -1 -1 -1.000000 1 1
1902 IN 1903 1904 14 0.500000 2 1
1903 LN -1 -1 -1 -1.000000 1 1
1904 LN -1 -1 -1 -1.000000 1 1
1905 LN -1 -1 -1 -1.000000 1 1
1906 IN 1907 1948 16 0.500000 7 0
1907 IN 1908 1929 8 0.500000 6 0
1908 IN 1909 1924 13 0.500000 5 0
1909 IN 1910 1917 12 0.500000 4 0
1910 IN 1911 1914 7 0.500000 3 0
1911 IN 1912 1913 14 0.500000 2 1
1912 LN -1 -1 -1 -1.000000 1 0
1913 LN -1 -1 -1 -1.000000 1 1
1914 IN 1915 1916 14 0.500000 2 0
1915 LN -1 -1 -1 -1.000000 1 0
1916 LN -1 -1 -1 -1.000000 1 0
1917 IN 1918 1921 7 0.500000 3 0
1918 IN 1919 1920 14 0.500000 2 0
1919 LN -1 -1 -1 -1.000000 1 0
1920 LN -1 -1 -1 -1.000000 1 1
1921 IN 1922 1923 14 0.500000 2 0
1922 LN -1 -1 -1 -1.000000 1 0
1923 LN -1 -1 -1 -1.000000 1 0
1924 IN 1925 1928 12 0.500000 3 0
1925 IN 1926 1927 7 0.500000 2 0
1926 LN -1 -1 -1 -1.000000 1 0
1927 LN -1 -1 -1 -1.000000 1 0
1928 LN -1 -1 -1 -1.000000 1 0
1929 IN 1930 1939 12 0.500000 5 1
1930 IN 1931 1938 13 0.500000 4 0
1931 IN 1932 1935 7 0.500000 3 1
1932 IN 1933 1934 14 0.500000 2 1
1933 LN -1 -1 -1 -1.000000 1 1
1934 LN -1 -1 -1 -1.000000 1 1
1935 IN 1936 1937 14 0.500000 2 0
1936 LN -1 -1 -1 -1.000000 1 0
1937 LN -1 -1 -1 -1.000000 1 0
1938 LN -1 -1 -1 -1.000000 1 0
1939 IN 1940 1943 14 0.500000 4 1
1940 IN 1941 1942 7 0.500000 2 1
1941 LN -1 -1 -1 -1.000000 1 1
1942 LN -1 -1 -1 -1.000000 1 1
1943 IN 1944 1947 13 0.500000 3 0
1944 IN 1945 1946 7 0.500000 2 0
1945 LN -1 -1 -1 -1.000000 1 0
1946 LN -1 -1 -1 -1.000000 1 1
1947 LN -1 -1 -1 -1.000000 1 1
1948 IN 1949 1952 14 0.500000 6 0
1949 IN 1950 1951 8 0.500000 2 0
1950 LN -1 -1 -1 -1.000000 1 1
1951 LN -1 -1 -1 -1.000000 1 0
1952 IN 1953 1960 8 0.500000 5 0
1953 IN 1954 1959 12 0.500000 4 0
1954 IN 1955 1958 13 0.500000 3 0
1955 IN 1956 1957 7 0.500000 2 1
1956 LN -1 -1 -1 -1.000000 1 1
1957 LN -1 -1 -1 -1.000000 1 1
1958 LN -1 -1 -1 -1.000000 1 0
1959 LN -1 -1 -1 -1.000000 1 1
1960 IN 1961 1962 13 0.500000 2 0
1961 LN -1 -1 -1 -1.000000 1 0
1962 LN -1 -1 -1 -1.000000 1 0
1963 IN 1964 2015 13 0.500000 9 1
1964 IN 1965 1994 12 0.500000 8 1
1965 IN 1966 1991 16 0.500000 7 1
1966 IN 1967 1972 7 0.500000 6 0
1967 IN 1968 1969 10 0.500000 3 0
1968 LN -1 -1 -1 -1.000000 1 0
1969 IN 1970 1971 8 0.500000 2 0
1970 LN -1 -1 -1 -1.000000 1 0
1971 LN -1 -1 -1 -1.000000 1 1
1972 IN 1973 1980 10 0.500000 5 1
1973 IN 1974 1975 14 0.500000 4 0
1974 LN -1 -1 -1 -1.000000 1 1
1975 IN 1976 1979 8 0.500000 3 0
1976 IN 1977 1978 9 0.500000 2 0
1977 LN -1 -1 -1 -1.000000 1 0
1978 LN -1 -1 -1 -1.000000 1 0
1979 LN -1 -1 -1 -1.000000 1 0
1980 IN 1981 1988 8 0.500000 4 1
1981 IN 1982 1985 9 0.500000 3 1
1982 IN 1983 1984 14 0.500000 2 1
1983 LN -1 -1 -1 -1.000000 1 1
1984 LN -1 -1 -1 -1.000000 1 1
1985 IN 1986 1987 14 0.500000 2 1
1986 LN -1 -1 -1 -1.000000 1 0
1987 LN -1 -1 -1 -1.000000 1 1
1988 IN 1989 1990 14 0.500000 2 1
1989 LN -1 -1 -1 -1.000000 1 1
1990 LN -1 -1 -1 -1.000000 1 1
1991 IN 1992 1993 8 0.500000 2 1
1992 LN -1 -1 -1 -1.000000 1 1
1993 LN -1 -1 -1 -1.000000 1 0
1994 IN 1995 1998 9 0.500000 7 1
1995 IN 1996 1997 14 0.500000 2 0
1996 LN -1 -1 -1 -1.000000 1 0
1997 LN -1 -1 -1 -1.000000 1 1
1998 IN 1999 2014 16 0.500000 6 1
1999 IN 2000 2009 8 0.500000 5 1
2000 IN 2001 2006 14 0.500000 4 1
2001 IN 2002 2005 10 0.500000 3 1
2002 IN 2003 2004 7 0.500000 2 0
2003 LN -1 -1 -1 -1.000000 1 1
2004 LN -1 -1 -1 -1.000000 1 0
2005 LN -1 -1 -1 -1.000000 1 1
2006 IN 2007 2008 7 0.500000 2 1
2007 LN -1 -1 -1 -1.000000 1 1
2008 LN -1 -1 -1 -1.000000 1 0
2009 IN 2010 2011 7 0.500000 3 1
2010 LN -1 -1 -1 -1.000000 1 0
2011 IN 2012 2013 10 0.500000 2 1
2012 LN -1 -1 -1 -1.000000 1 1
2013 LN -1 -1 -1 -1.000000 1 1
2014 LN -1 -1 -1 -1.000000 1 1
2015 IN 2016 2035 12 0.500000 6 1
2016 IN 2017 2022 10 0.500000 5 1
2017 IN 2018 2019 9 0.500000 3 1
2018 LN -1 -1 -1 -1.000000 1 1
2019 IN 2020 2021 7 0.500000 2 1
2020 LN -1 -1 -1 -1.000000 1 1
2021 LN -1 -1 -1 -1.000000 1 0
2022 IN 2023 2030 7 0.500000 4 1
2023 IN 2024 2027 16 0.500000 3 1
2024 IN 2025 2026 9 0.500000 2 0
2025 LN -1 -1 -1 -1.000000 1 1
2026 LN -1 -1 -1 -1.000000 1 0
2027 IN 2028 2029 9 0.500000 2 1
2028 LN -1 -1 -1 -1.000000 1 1
2029 LN -1 -1 -1 -1.000000 1 0
2030 IN 2031 2034 8 0.500000 3 0
2031 IN 2032 2033 16 0.500000 2 0
2032 LN -1 -1 -1 -1.000000 1 1
2033 LN -1 -1 -1 -1.000000 1 0
2034 LN -1 -1 -1 -1.000000 1 1
2035 IN 2036 2047 16 0.500000 5 1
2036 IN 2037 2042 7 0.500000 4 1
2037 IN 2038 2039 9 0.500000 3 0
2038 LN -1 -1 -1 -1.000000 1 0
2039 IN 2040 2041 10 0.500000 2 0
2040 LN -1 -1 -1 -1.000000 1 1
2041 LN -1 -1 -1 -1.000000 1 0
2042 IN 2043 2046 9 0.500000 3 1
2043 IN 2044 2045 10 0.500000 2 1
2044 LN -1 -1 -1 -1.000000 1 1
2045 LN -1 -1 -1 -1.000000 1 0
2046 LN -1 -1 -1 -1.000000 1 1
2047 LN -1 -1 -1 -1.000000 1 1
2048 IN 2049 2066 13 0.500000 6 1
2049 IN 2050 2057 10 0.500000 5 0
2050 IN 2051 2052 9 0.500000 4 0
2051 LN -1 -1 -1 -1.000000 1 1
2052 IN 2053 2054 12 0.500000 3 0
2053 LN -1 -1 -1 -1.000000 1 0
2054 IN 2055 2056 4 0.500000 2 0
2055 LN -1 -1 -1 -1.000000 1 0
2056 LN -1 -1 -1 -1.000000 1 1
2057 IN 2058 2063 16 0.500000 4 1
2058 IN 2059 2062 14 0.500000 3 0
2059 IN 2060 2061 12 0.500000 2 0
2060 LN -1 -1 -1 -1.000000 1 0
2061 LN -1 -1 -1 -1.000000 1 0
2062 LN -1 -1 -1 -1.000000 1 1
2063 IN 2064 2065 8 0.500000 2 1
2064 LN -1 -1 -1 -1.000000 1 1
2065 LN -1 -1 -1 -1.000000 1 0
2066 IN 2067 2068 8 0.500000 2 1
2067 LN -1 -1 -1 -1.000000 1 1
2068 LN -1 -1 -1 -1.000000 1 0
2069 IN 2070 2241 8 0.500000 12 1
2070 IN 2071 2104 7 0.500000 11 1
2071 IN 2072 2085 13 0.500000 7 0
2072 IN 2073 2082 12 0.500000 6 0
2073 IN 2074 2075 10 0.500000 5 0
2074 LN -1 -1 -1 -1.000000 1 0
2075 IN 2076 2077 14 0.500000 4 0
2076 LN -1 -1 -1 -1.000000 1 0
2077 IN 2078 2081 4 0.500000 3 0
2078 IN 2079 2080 16 0.500000 2 0
2079 LN -1 -1 -1 -1.000000 1 0
2080 LN -1 -1 -1 -1.000000 1 1
2081 LN -1 -1 -1 -1.000000 1 0
2082 IN 2083 2084 4 0.500000 2 0
2083 LN -1 -1 -1 -1.000000 1 1
2084 LN -1 -1 -1 -1.000000 1 0
2085 IN 2086 2089 9 0.500000 6 1
2086 IN 2087 2088 12 0.500000 2 0
2087 LN -1 -1 -1 -1.000000 1 1
2088 LN -1 -1 -1 -1.000000 1 0
2089 IN 2090 2097 16 0.500000 5 1
2090 IN 2091 2096 12 0.500000 4 1
2091 IN 2092 2093 11 0.500000 3 1
2092 LN -1 -1 -1 -1.000000 1 1
2093 IN 2094 2095 10 0.500000 2 0
2094 LN -1 -1 -1 -1.000000 1 0
2095 LN -1 -1 -1 -1.000000 1 1
2096 LN -1 -1 -1 -1.000000 1 1
2097 IN 2098 2101 4 0.500000 3 0
2098 IN 2099 2100 12 0.500000 2 0
2099 LN -1 -1 -1 -1.000000 1 0
2100 LN -1 -1 -1 -1.000000 1 0
2101 IN 2102 2103 12 0.500000 2 0
2102 LN -1 -1 -1 -1.000000 1 0
2103 LN -1 -1 -1 -1.000000 1 0
2104 IN 2105 2174 4 0.500000 10 1
2105 IN 2106 2145 13 0.500000 9 1
2106 IN 2107 2108 9 0.500000 8 1
2107 LN -1 -1 -1 -1.000000 1 1
2108 IN 2109 2128 16 0.500000 7 1
2109 IN 2110 2119 10 0.500000 5 1
2110 IN 2111 2118 12 0.500000 4 1
2111 IN 2112 2115 14 0.500000 3 1
2112 IN 2113 2114 6 0.500000 2 0
2113 LN -1 -1 -1 -1.000000 1 0
2114 LN -1 -1 -1 -1.000000 1 0
2115 IN 2116 2117 6 0.500000 2 1
2116 LN -1 -1 -1 -1.000000 1 1
2117 LN -1 -1 -1 -1.000000 1 1
2118 LN -1 -1 -1 -1.000000 1 1
2119 IN 2120 2127 12 0.500000 4 1
2120 IN 2121 2124 14 0.500000 3 1
2121 IN 2122 2123 6 0.500000 2 1
2122 LN -1 -1 -1 -1.000000 1 0
2123 LN -1 -1 -1 -1.000000 1 1
2124 IN 2125 2126 6 0.500000 2 1
2125 LN -1 -1 -1 -1.000000 1 0
2126 LN -1 -1 -1 -1.000000 1 1
2127 LN -1 -1 -1 -1.000000 1 1
2128 IN 2129 2134 10 0.500000 6 0
2129 IN 2130 2133 12 0.500000 3 0
2130 IN 2131 2132 14 0.500000 2 1
2131 LN -1 -1 -1 -1.000000 1 1
2132 LN -1 -1 -1 -1.000000 1 0
2133 LN -1 -1 -1 -1.000000 1 0
2134 IN 2135 2138 14 0.500000 5 0
2135 IN 2136 2137 6 0.500000 2 1
2136 LN -1 -1 -1 -1.000000 1 0
2137 LN -1 -1 -1 -1.000000 1 1
2138 IN 2139 2140 5 0.500000 4 0
2139 LN -1 -1 -1 -1.000000 1 0
2140 IN 2141 2144 12 0.500000 3 0
2141 IN 2142 2143 6 0.500000 2 1
2142 LN -1 -1 -1 -1.000000 1 1
2143 LN -1 -1 -1 -1.000000 1 0
2144 LN -1 -1 -1 -1.000000 1 0
2145 IN 2146 2161 16 0.500000 7 1
2146 IN 2147 2152 10 0.500000 6 1
2147 IN 2148 2149 9 0.500000 3 1
2148 LN -1 -1 -1 -1.000000 1 1
2149 IN 2150 2151 12 0.500000 2 1
2150 LN -1 -1 -1 -1.000000 1 0
2151 LN -1 -1 -1 -1.000000 1 1
2152 IN 2153 2154 5 0.500000 5 1
2153 LN -1 -1 -1 -1.000000 1 1
2154 IN 2155 2156 9 0.500000 4 1
2155 LN -1 -1 -1 -1.000000 1 0
2156 IN 2157 2160 6 0.500000 3 1
2157 IN 2158 2159 12 0.500000 2 1
2158 LN -1 -1 -1 -1.000000 1 1
2159 LN -1 -1 -1 -1.000000 1 0
2160 LN -1 -1 -1 -1.000000 1 1
2161 IN 2162 2165 10 0.500000 5 1
2162 IN 2163 2164 12 0.500000 2 1
2163 LN -1 -1 -1 -1.000000 1 1
2164 LN -1 -1 -1 -1.000000 1 1
2165 IN 2166 2173 12 0.500000 4 1
2166 IN 2167 2170 6 0.500000 3 1
2167 IN 2168 2169 9 0.500000 2 1
2168 LN -1 -1 -1 -1.000000 1 0
2169 LN -1 -1 -1 -1.000000 1 1
2170 IN 2171 2172 5 0.500000 2 0
2171 LN -1 -1 -1 -1.000000 1 0
2172 LN -1 -1 -1 -1.000000 1 1
2173 LN -1 -1 -1 -1.000000 1 1
2174 IN 2175 2186 14 0.500000 8 1
2175 IN 2176 2185 16 0.500000 5 1
2176 IN 2177 2184 12 0.500000 4 1
2177 IN 2178 2181 6 0.500000 3 0
2178 IN 2179 2180 10 0.500000 2 1
2179 LN -1 -1 -1 -1.000000 1 0
2180 LN -1 -1 -1 -1.000000 1 1
2181 IN 2182 2183 10 0.500000 2 0
2182 LN -1 -1 -1 -1.000000 1 1
2183 LN -1 -1 -1 -1.000000 1 0
2184 LN -1 -1 -1 -1.000000 1 1
2185 LN -1 -1 -1 -1.000000 1 1
2186 IN 2187 2210 13 0.500000 7 1
2187 IN 2188 2191 9 0.500000 6 1
2188 IN 2189 2190 6 0.500000 2 0
2189 LN -1 -1 -1 -1.000000 1 0
2190 LN -1 -1 -1 -1.000000 1 1
2191 IN 2192 2205 16 0.500000 5 1
2192 IN 2193 2198 12 0.500000 4 1
2193 IN 2194 2195 10 0.500000 3 1
2194 LN -1 -1 -1 -1.000000 1 1
2195 IN 2196 2197 6 0.500000 2 0
2196 LN -1 -1 -1 -1.000000 1 0
2197 LN -1 -1 -1 -1.000000 1 1
2198 IN 2199 2202 6 0.500000 3 1
2199 IN 2200 2201 10 0.500000 2 1
2200 LN -1 -1 -1 -1.000000 1 1
2201 LN -1 -1 -1 -1.000000 1 1
2202 IN 2203 2204 10 0.500000 2 0
2203 LN -1 -1 -1 -1.000000 1 1
2204 LN -1 -1 -1 -1.000000 1 0
2205 IN 2206 2207 10 0.500000 3 0
2206 LN -1 -1 -1 -1.000000 1 0
2207 IN 2208 2209 6 0.500000 2 0
2208 LN -1 -1 -1 -1.000000 1 0
2209 LN -1 -1 -1 -1.000000 1 1
2210 IN 2211 2222 16 0.500000 6 1
2211 IN 2212 2217 6 0.500000 4 1
2212 IN 2213 2214 9 0.500000 3 1
2213 LN -1 -1 -1 -1.000000 1 1
2214 IN 2215 2216 10 0.500000 2 1
2215 LN -1 -1 -1 -1.000000 1 0
2216 LN -1 -1 -1 -1.000000 1 1
2217 IN 2218 2221 12 0.500000 3 1
2218 IN 2219 2220 9 0.500000 2 1
2219 LN -1 -1 -1 -1.000000 1 1
2220 LN -1 -1 -1 -1.000000 1 0
2221 LN -1 -1 -1 -1.000000 1 1
2222 IN 2223 2234 6 0.500000 5 0
2223 IN 2224 2229 9 0.500000 4 1
2224 IN 2225 2226 10 0.500000 3 0
2225 LN -1 -1 -1 -1.000000 1 1
2226 IN 2227 2228 12 0.500000 2 0
2227 LN -1 -1 -1 -1.000000 1 0
2228 LN -1 -1 -1 -1.000000 1 1
2229 IN 2230 2231 10 0.500000 3 1
2230 LN -1 -1 -1 -1.000000 1 0
2231 IN 2232 2233 12 0.500000 2 1
2232 LN -1 -1 -1 -1.000000 1 1
2233 LN -1 -1 -1 -1.000000 1 1
2234 IN 2235 2238 9 0.500000 3 0
2235 IN 2236 2237 12 0.500000 2 0
2236 LN -1 -1 -1 -1.000000 1 1
2237 LN -1 -1 -1 -1.000000 1 0
2238 IN 2239 2240 12 0.500000 2 0
2239 LN -1 -1 -1 -1.000000 1 0
2240 LN -1 -1 -1 -1.000000 1 0
2241 IN 2242 2325 6 0.500000 10 1
2242 IN 2243 2296 4 0.500000 9 1
2243 IN 2244 2275 12 0.500000 8 1
2244 IN 2245 2262 16 0.500000 7 0
2245 IN 2246 2253 14 0.500000 5 0
2246 IN 2247 2248 5 0.500000 4 0
2247 LN -1 -1 -1 -1.000000 1 0
2248 IN 2249 2252 10 0.500000 3 0
2249 IN 2250 2251 7 0.500000 2 0
2250 LN -1 -1 -1 -1.000000 1 0
2251 LN -1 -1 -1 -1.000000 1 0
2252 LN -1 -1 -1 -1.000000 1 0
2253 IN 2254 2257 7 0.500000 4 0
2254 IN 2255 2256 10 0.500000 2 0
2255 LN -1 -1 -1 -1.000000 1 1
2256 LN -1 -1 -1 -1.000000 1 0
2257 IN 2258 2261 13 0.500000 3 0
2258 IN 2259 2260 10 0.500000 2 0
2259 LN -1 -1 -1 -1.000000 1 0
2260 LN -1 -1 -1 -1.000000 1 0
2261 LN -1 -1 -1 -1.000000 1 1
2262 IN 2263 2264 14 0.500000 6 0
2263 LN -1 -1 -1 -1.000000 1 0
2264 IN 2265 2266 5 0.500000 5 0
2265 LN -1 -1 -1 -1.000000 1 1
2266 IN 2267 2268 7 0.500000 4 0
2267 LN -1 -1 -1 -1.000000 1 0
2268 IN 2269 2272 13 0.500000 3 0
2269 IN 2270 2271 10 0.500000 2 0
2270 LN -1 -1 -1 -1.000000 1 1
2271 LN -1 -1 -1 -1.000000 1 0
2272 IN 2273 2274 10 0.500000 2 0
2273 LN -1 -1 -1 -1.000000 1 0
2274 LN -1 -1 -1 -1.000000 1 0
2275 IN 2276 2281 14 0.500000 6 1
2276 IN 2277 2280 10 0.500000 3 1
2277 IN 2278 2279 7 0.500000 2 0
2278 LN -1 -1 -1 -1.000000 1 1
2279 LN -1 -1 -1 -1.000000 1 0
2280 LN -1 -1 -1 -1.000000 1 1
2281 IN 2282 2291 13 0.500000 5 1
2282 IN 2283 2290 16 0.500000 4 1
2283 IN 2284 2287 10 0.500000 3 1
2284 IN 2285 2286 7 0.500000 2 1
2285 LN -1 -1 -1 -1.000000 1 1
2286 LN -1 -1 -1 -1.000000 1 1
2287 IN 2288 2289 7 0.500000 2 1
2288 LN -1 -1 -1 -1.000000 1 1
2289 LN -1 -1 -1 -1.000000 1 1
2290 LN -1 -1 -1 -1.000000 1 1
2291 IN 2292 2293 10 0.500000 3 1
2292 LN -1 -1 -1 -1.000000 1 1
2293 IN 2294 2295 16 0.500000 2 1
2294 LN -1 -1 -1 -1.000000 1 1
2295 LN -1 -1 -1 -1.000000 1 1
2296 IN 2297 2304 14 0.500000 7 1
2297 IN 2298 2301 10 0.500000 3 1
2298 IN 2299 2300 12 0.500000 2 0
2299 LN -1 -1 -1 -1.000000 1 0
2300 LN -1 -1 -1 -1.000000 1 1
2301 IN 2302 2303 12 0.500000 2 1
2302 LN -1 -1 -1 -1.000000 1 0
2303 LN -1 -1 -1 -1.000000 1 1
2304 IN 2305 2312 7 0.500000 6 1
2305 IN 2306 2311 16 0.500000 4 1
2306 IN 2307 2310 12 0.500000 3 1
2307 IN 2308 2309 10 0.500000 2 1
2308 LN -1 -1 -1 -1.000000 1 1
2309 LN -1 -1 -1 -1.000000 1 0
2310 LN -1 -1 -1 -1.000000 1 1
2311 LN -1 -1 -1 -1.000000 1 1
2312 IN 2313 2322 12 0.500000 5 1
2313 IN 2314 2317 10 0.500000 4 1
2314 IN 2315 2316 13 0.500000 2 1
2315 LN -1 -1 -1 -1.000000 1 1
2316 LN -1 -1 -1 -1.000000 1 1
2317 IN 2318 2319 16 0.500000 3 1
2318 LN -1 -1 -1 -1.000000 1 0
2319 IN 2320 2321 13 0.500000 2 1
2320 LN -1 -1 -1 -1.000000 1 1
2321 LN -1 -1 -1 -1.000000 1 0
2322 IN 2323 2324 10 0.500000 2 1
2323 LN -1 -1 -1 -1.000000 1 1
2324 LN -1 -1 -1 -1.000000 1 1
2325 IN 2326 2349 12 0.500000 7 1
2326 IN 2327 2340 4 0.500000 6 1
2327 IN 2328 2333 14 0.500000 5 1
2328 IN 2329 2332 16 0.500000 3 1
2329 IN 2330 2331 10 0.500000 2 1
2330 LN -1 -1 -1 -1.000000 1 0
2331 LN -1 -1 -1 -1.000000 1 1
2332 LN -1 -1 -1 -1.000000 1 0
2333 IN 2334 2335 10 0.500000 4 1
2334 LN -1 -1 -1 -1.000000 1 1
2335 IN 2336 2339 13 0.500000 3 1
2336 IN 2337 2338 16 0.500000 2 1
2337 LN -1 -1 -1 -1.000000 1 1
2338 LN -1 -1 -1 -1.000000 1 1
2339 LN -1 -1 -1 -1.000000 1 1
2340 IN 2341 2348 13 0.500000 5 1
2341 IN 2342 2347 14 0.500000 4 1
2342 IN 2343 2344 10 0.500000 3 0
2343 LN -1 -1 -1 -1.000000 1 0
2344 IN 2345 2346 16 0.500000 2 0
2345 LN -1 -1 -1 -1.000000 1 0
2346 LN -1 -1 -1 -1.000000 1 0
2347 LN -1 -1 -1 -1.000000 1 1
2348 LN -1 -1 -1 -1.000000 1 1
2349 IN 2350 2357 4 0.500000 5 1
2350 IN 2351 2356 10 0.500000 4 1
2351 IN 2352 2355 13 0.500000 3 1
2352 IN 2353 2354 14 0.500000 2 1
2353 LN -1 -1 -1 -1.000000 1 1
2354 LN -1 -1 -1 -1.000000 1 0
2355 LN -1 -1 -1 -1.000000 1 1
2356 LN -1 -1 -1 -1.000000 1 1
2357 IN 2358 2359 14 0.500000 4 1
2358 LN -1 -1 -1 -1.000000 1 1
2359 IN 2360 2363 10 0.500000 3 1
2360 IN 2361 2362 16 0.500000 2 1
2361 LN -1 -1 -1 -1.000000 1 1
2362 LN -1 -1 -1 -1.000000 1 0
2363 LN -1 -1 -1 -1.000000 1 1
2364 IN 2365 2682 13 0.500000 13 1
2365 IN 2366 2445 7 0.500000 12 1
2366 IN 2367 2412 12 0.500000 9 1
2367 IN 2368 2373 5 0.500000 8 0
2368 IN 2369 2370 14 0.500000 3 0
2369 LN -1 -1 -1 -1.000000 1 0
2370 IN 2371 2372 16 0.500000 2 0
2371 LN -1 -1 -1 -1.000000 1 0
2372 LN -1 -1 -1 -1.000000 1 1
2373 IN 2374 2393 4 0.500000 7 0
2374 IN 2375 2376 8 0.500000 6 0
2375 LN -1 -1 -1 -1.000000 1 1
2376 IN 2377 2382 14 0.500000 5 0
2377 IN 2378 2379 10 0.500000 3 0
2378 LN -1 -1 -1 -1.000000 1 0
2379 IN 2380 2381 3 0.500000 2 0
2380 LN -1 -1 -1 -1.000000 1 0
2381 LN -1 -1 -1 -1.000000 1 1
2382 IN 2383 2390 16 0.500000 4 1
2383 IN 2384 2387 10 0.500000 3 1
2384 IN 2385 2386 3 0.500000 2 0
2385 LN -1 -1 -1 -1.000000 1 0
2386 LN -1 -1 -1 -1.000000 1 0
2387 IN 2388 2389 3 0.500000 2 1
2388 LN -1 -1 -1 -1.000000 1 1
2389 LN -1 -1 -1 -1.000000 1 1
2390 IN 2391 2392 10 0.500000 2 1
2391 LN -1 -1 -1 -1.000000 1 1
2392 LN -1 -1 -1 -1.000000 1 1
2393 IN 2394 2399 14 0.500000 6 0
2394 IN 2395 2398 3 0.500000 3 0
2395 IN 2396 2397 16 0.500000 2 0
2396 LN -1 -1 -1 -1.000000 1 0
2397 LN -1 -1 -1 -1.000000 1 1
2398 LN -1 -1 -1 -1.000000 1 0
2399 IN 2400 2411 3 0.500000 5 0
2400 IN 2401 2408 16 0.500000 4 0
2401 IN 2402 2405 10 0.500000 3 1
2402 IN 2403 2404 9 0.500000 2 1
2403 LN -1 -1 -1 -1.000000 1 1
2404 LN -1 -1 -1 -1.000000 1 0
2405 IN 2406 2407 8 0.500000 2 0
2406 LN -1 -1 -1 -1.000000 1 0
2407 LN -1 -1 -1 -1.000000 1 1
2408 IN 2409 2410 8 0.500000 2 0
2409 LN -1 -1 -1 -1.000000 1 1
2410 LN -1 -1 -1 -1.000000 1 0
2411 LN -1 -1 -1 -1.000000 1 0
2412 IN 2413 2440 3 0.500000 8 1
2413 IN 2414 2431 4 0.500000 7 1
2414 IN 2415 2430 16 0.500000 6 1
2415 IN 2416 2421 8 0.500000 5 1
2416 IN 2417 2418 14 0.500000 3 1
2417 LN -1 -1 -1 -1.000000 1 1
2418 IN 2419 2420 10 0.500000 2 1
2419 LN -1 -1 -1 -1.000000 1 1
2420 LN -1 -1 -1 -1.000000 1 0
2421 IN 2422 2423 5 0.500000 4 1
2422 LN -1 -1 -1 -1.000000 1 1
2423 IN 2424 2427 10 0.500000 3 1
2424 IN 2425 2426 14 0.500000 2 0
2425 LN -1 -1 -1 -1.000000 1 0
2426 LN -1 -1 -1 -1.000000 1 0
2427 IN 2428 2429 14 0.500000 2 1
2428 LN -1 -1 -1 -1.000000 1 1
2429 LN -1 -1 -1 -1.000000 1 1
2430 LN -1 -1 -1 -1.000000 1 1
2431 IN 2432 2433 8 0.500000 5 1
2432 LN -1 -1 -1 -1.000000 1 1
2433 IN 2434 2435 10 0.500000 4 1
2434 LN -1 -1 -1 -1.000000 1 1
2435 IN 2436 2439 16 0.500000 3 1
2436 IN 2437 2438 14 0.500000 2 1
2437 LN -1 -1 -1 -1.000000 1 0
2438 LN -1 -1 -1 -1.000000 1 1
2439 LN -1 -1 -1 -1.000000 1 1
2440 IN 2441 2444 4 0.500000 3 1
2441 IN 2442 2443 8 0.500000 2 1
2442 LN -1 -1 -1 -1.000000 1 0
2443 LN -1 -1 -1 -1.000000 1 1
2444 LN -1 -1 -1 -1.000000 1 1
2445 IN 2446 2573 12 0.500000 11 1
2446 IN 2447 2450 9 0.500000 10 1
2447 IN 2448 2449 16 0.500000 2 0
2448 LN -1 -1 -1 -1.000000 1 0
2449 LN -1 -1 -1 -1.000000 1 1
2450 IN 2451 2486 8 0.500000 9 1
2451 IN 2452 2481 16 0.500000 7 1
2452 IN 2453 2472 6 0.500000 6 1
2453 IN 2454 2467 3 0.500000 5 1
2454 IN 2455 2460 4 0.500000 4 1
2455 IN 2456 2457 14 0.500000 3 0
2456 LN -1 -1 -1 -1.000000 1 0
2457 IN 2458 2459 10 0.500000 2 1
2458 LN -1 -1 -1 -1.000000 1 0
2459 LN -1 -1 -1 -1.000000 1 1
2460 IN 2461 2464 10 0.500000 3 1
2461 IN 2462 2463 14 0.500000 2 1
2462 LN -1 -1 -1 -1.000000 1 1
2463 LN -1 -1 -1 -1.000000 1 1
2464 IN 2465 2466 14 0.500000 2 0
2465 LN -1 -1 -1 -1.000000 1 0
2466 LN -1 -1 -1 -1.000000 1 1
2467 IN 2468 2471 4 0.500000 3 1
2468 IN 2469 2470 10 0.500000 2 1
2469 LN -1 -1 -1 -1.000000 1 1
2470 LN -1 -1 -1 -1.000000 1 0
2471 LN -1 -1 -1 -1.000000 1 1
2472 IN 2473 2474 3 0.500000 5 1
2473 LN -1 -1 -1 -1.000000 1 0
2474 IN 2475 2476 4 0.500000 4 1
2475 LN -1 -1 -1 -1.000000 1 1
2476 IN 2477 2478 10 0.500000 3 1
2477 LN -1 -1 -1 -1.000000 1 0
2478 IN 2479 2480 14 0.500000 2 1
2479 LN -1 -1 -1 -1.000000 1 0
2480 LN -1 -1 -1 -1.000000 1 1
2481 IN 2482 2485 6 0.500000 3 0
2482 IN 2483 2484 4 0.500000 2 0
2483 LN -1 -1 -1 -1.000000 1 0
2484 LN -1 -1 -1 -1.000000 1 0
2485 LN -1 -1 -1 -1.000000 1 1
2486 IN 2487 2518 14 0.500000 8 1
2487 IN 2488 2489 5 0.500000 7 1
2488 LN -1 -1 -1 -1.000000 1 0
2489 IN 2490 2511 16 0.500000 6 1
2490 IN 2491 2502 4 0.500000 5 1
2491 IN 2492 2495 3 0.500000 4 1
2492 IN 2493 2494 10 0.500000 2 1
2493 LN -1 -1 -1 -1.000000 1 1
2494 LN -1 -1 -1 -1.000000 1 1
2495 IN 2496 2499 6 0.500000 3 1
2496 IN 2497 2498 10 0.500000 2 0
2497 LN -1 -1 -1 -1.000000 1 1
2498 LN -1 -1 -1 -1.000000 1 0
2499 IN 2500 2501 10 0.500000 2 1
2500 LN -1 -1 -1 -1.000000 1 1
2501 LN -1 -1 -1 -1.000000 1 0
2502 IN 2503 2506 10 0.500000 4 1
2503 IN 2504 2505 3 0.500000 2 1
2504 LN -1 -1 -1 -1.000000 1 1
2505 LN -1 -1 -1 -1.000000 1 0
2506 IN 2507 2510 6 0.500000 3 1
2507 IN 2508 2509 3 0.500000 2 1
2508 LN -1 -1 -1 -1.000000 1 1
2509 LN -1 -1 -1 -1.000000 1 1
2510 LN -1 -1 -1 -1.000000 1 1
2511 IN 2512 2517 3 0.500000 4 1
2512 IN 2513 2516 4 0.500000 3 1
2513 IN 2514 2515 6 0.500000 2 1
2514 LN -1 -1 -1 -1.000000 1 0
2515 LN -1 -1 -1 -1.000000 1 1
2516 LN -1 -1 -1 -1.000000 1 1
2517 LN -1 -1 -1 -1.000000 1 0
2518 IN 2519 2552 16 0.500000 7 1
2519 IN 2520 2539 4 0.500000 6 1
2520 IN 2521 2524 5 0.500000 5 1
2521 IN 2522 2523 10 0.500000 2 0
2522 LN -1 -1 -1 -1.000000 1 0
2523 LN -1 -1 -1 -1.000000 1 1
2524 IN 2525 2532 6 0.500000 4 1
2525 IN 2526 2529 3 0.500000 3 1
2526 IN 2527 2528 10 0.500000 2 1
2527 LN -1 -1 -1 -1.000000 1 1
2528 LN -1 -1 -1 -1.000000 1 1
2529 IN 2530 2531 10 0.500000 2 1
2530 LN -1 -1 -1 -1.000000 1 1
2531 LN -1 -1 -1 -1.000000 1 1
2532 IN 2533 2536 3 0.500000 3 1
2533 IN 2534 2535 10 0.500000 2 1
2534 LN -1 -1 -1 -1.000000 1 0
2535 LN -1 -1 -1 -1.000000 1 1
2536 IN 2537 2538 10 0.500000 2 1
2537 LN -1 -1 -1 -1.000000 1 1
2538 LN -1 -1 -1 -1.000000 1 0
2539 IN 2540 2547 6 0.500000 4 1
2540 IN 2541 2544 10 0.500000 3 1
2541 IN 2542 2543 3 0.500000 2 1
2542 LN -1 -1 -1 -1.000000 1 0
2543 LN -1 -1 -1 -1.000000 1 1
2544 IN 2545 2546 3 0.500000 2 1
2545 LN -1 -1 -1 -1.000000 1 1
2546 LN -1 -1 -1 -1.000000 1 1
2547 IN 2548 2549 3 0.500000 3 1
2548 LN -1 -1 -1 -1.000000 1 1
2549 IN 2550 2551 10 0.500000 2 1
2550 LN -1 -1 -1 -1.000000 1 0
2551 LN -1 -1 -1 -1.000000 1 1
2552 IN 2553 2568 6 0.500000 6 1
2553 IN 2554 2559 10 0.500000 5 1
2554 IN 2555 2558 3 0.500000 3 0
2555 IN 2556 2557 4 0.500000 2 0
2556 LN -1 -1 -1 -1.000000 1 0
2557 LN -1 -1 -1 -1.000000 1 0
2558 LN -1 -1 -1 -1.000000 1 0
2559 IN 2560 2565 4 0.500000 4 1
2560 IN 2561 2564 3 0.500000 3 1
2561 IN 2562 2563 5 0.500000 2 0
2562 LN -1 -1 -1 -1.000000 1 0
2563 LN -1 -1 -1 -1.000000 1 1
2564 LN -1 -1 -1 -1.000000 1 1
2565 IN 2566 2567 3 0.500000 2 1
2566 LN -1 -1 -1 -1.000000 1 1
2567 LN -1 -1 -1 -1.000000 1 1
2568 IN 2569 2570 3 0.500000 3 1
2569 LN -1 -1 -1 -1.000000 1 1
2570 IN 2571 2572 4 0.500000 2 1
2571 LN -1 -1 -1 -1.000000 1 0
2572 LN -1 -1 -1 -1.000000 1 1
2573 IN 2574 2627 3 0.500000 9 1
2574 IN 2575 2594 10 0.500000 8 1
2575 IN 2576 2593 16 0.500000 7 1
2576 IN 2577 2578 5 0.500000 6 1
2577 LN -1 -1 -1 -1.000000 1 1
2578 IN 2579 2586 4 0.500000 5 1
2579 IN 2580 2585 6 0.500000 4 1
2580 IN 2581 2582 8 0.500000 3 1
2581 LN -1 -1 -1 -1.000000 1 0
2582 IN 2583 2584 14 0.500000 2 1
2583 LN -1 -1 -1 -1.000000 1 1
2584 LN -1 -1 -1 -1.000000 1 1
2585 LN -1 -1 -1 -1.000000 1 1
2586 IN 2587 2592 6 0.500000 4 1
2587 IN 2588 2589 14 0.500000 3 1
2588 LN -1 -1 -1 -1.000000 1 0
2589 IN 2590 2591 8 0.500000 2 1
2590 LN -1 -1 -1 -1.000000 1 0
2591 LN -1 -1 -1 -1.000000 1 1
2592 LN -1 -1 -1 -1.000000 1 0
2593 LN -1 -1 -1 -1.000000 1 1
2594 IN 2595 2606 14 0.500000 7 1
2595 IN 2596 2597 8 0.500000 5 1
2596 LN -1 -1 -1 -1.000000 1 1
2597 IN 2598 2601 4 0.500000 4 1
2598 IN 2599 2600 6 0.500000 2 1
2599 LN -1 -1 -1 -1.000000 1 1
2600 LN -1 -1 -1 -1.000000 1 1
2601 IN 2602 2605 6 0.500000 3 0
2602 IN 2603 2604 16 0.500000 2 0
2603 LN -1 -1 -1 -1.000000 1 0
2604 LN -1 -1 -1 -1.000000 1 1
2605 LN -1 -1 -1 -1.000000 1 0
2606 IN 2607 2620 16 0.500000 6 1
2607 IN 2608 2609 5 0.500000 5 1
2608 LN -1 -1 -1 -1.000000 1 1
2609 IN 2610 2615 4 0.500000 4 1
2610 IN 2611 2612 8 0.500000 3 1
2611 LN -1 -1 -1 -1.000000 1 1
2612 IN 2613 2614 6 0.500000 2 1
2613 LN -1 -1 -1 -1.000000 1 1
2614 LN -1 -1 -1 -1.000000 1 0
2615 IN 2616 2617 8 0.500000 3 1
2616 LN -1 -1 -1 -1.000000 1 1
2617 IN 2618 2619 6 0.500000 2 1
2618 LN -1 -1 -1 -1.000000 1 1
2619 LN -1 -1 -1 -1.000000 1 0
2620 IN 2621 2626 4 0.500000 4 1
2621 IN 2622 2625 6 0.500000 3 0
2622 IN 2623 2624 8 0.500000 2 0
2623 LN -1 -1 -1 -1.000000 1 0
2624 LN -1 -1 -1 -1.000000 1 1
2625 LN -1 -1 -1 -1.000000 1 0
2626 LN -1 -1 -1 -1.000000 1 1
2627 IN 2628 2651 10 0.500000 7 1
2628 IN 2629 2636 8 0.500000 6 1
2629 IN 2630 2635 16 0.500000 4 1
2630 IN 2631 2632 6 0.500000 3 1
2631 LN -1 -1 -1 -1.000000 1 1
2632 IN 2633 2634 4 0.500000 2 0
2633 LN -1 -1 -1 -1.000000 1 0
2634 LN -1 -1 -1 -1.000000 1 1
2635 LN -1 -1 -1 -1.000000 1 1
2636 IN 2637 2644 4 0.500000 5 1
2637 IN 2638 2643 6 0.500000 4 1
2638 IN 2639 2642 16 0.500000 3 1
2639 IN 2640 2641 14 0.500000 2 1
2640 LN -1 -1 -1 -1.000000 1 0
2641 LN -1 -1 -1 -1.000000 1 1
2642 LN -1 -1 -1 -1.000000 1 1
2643 LN -1 -1 -1 -1.000000 1 1
2644 IN 2645 2646 14 0.500000 4 1
2645 LN -1 -1 -1 -1.000000 1 1
2646 IN 2647 2650 6 0.500000 3 1
2647 IN 2648 2649 16 0.500000 2 1
2648 LN -1 -1 -1 -1.000000 1 1
2649 LN -1 -1 -1 -1.000000 1 1
2650 LN -1 -1 -1 -1.000000 1 1
2651 IN 2652 2667 6 0.500000 6 1
2652 IN 2653 2662 16 0.500000 5 1
2653 IN 2654 2655 8 0.500000 4 1
2654 LN -1 -1 -1 -1.000000 1 1
2655 IN 2656 2659 4 0.500000 3 1
2656 IN 2657 2658 14 0.500000 2 1
2657 LN -1 -1 -1 -1.000000 1 1
2658 LN -1 -1 -1 -1.000000 1 1
2659 IN 2660 2661 14 0.500000 2 1
2660 LN -1 -1 -1 -1.000000 1 1
2661 LN -1 -1 -1 -1.000000 1 1
2662 IN 2663 2664 14 0.500000 3 1
2663 LN -1 -1 -1 -1.000000 1 1
2664 IN 2665 2666 8 0.500000 2 1
2665 LN -1 -1 -1 -1.000000 1 0
2666 LN -1 -1 -1 -1.000000 1 1
2667 IN 2668 2675 4 0.500000 5 1
2668 IN 2669 2670 8 0.500000 4 1
2669 LN -1 -1 -1 -1.000000 1 0
2670 IN 2671 2672 14 0.500000 3 1
2671 LN -1 -1 -1 -1.000000 1 1
2672 IN 2673 2674 16 0.500000 2 1
2673 LN -1 -1 -1 -1.000000 1 0
2674 LN -1 -1 -1 -1.000000 1 1
2675 IN 2676 2681 16 0.500000 4 1
2676 IN 2677 2678 8 0.500000 3 1
2677 LN -1 -1 -1 -1.000000 1 1
2678 IN 2679 2680 14 0.500000 2 1
2679 LN -1 -1 -1 -1.000000 1 0
2680 LN -1 -1 -1 -1.000000 1 1
2681 LN -1 -1 -1 -1.000000 1 1
2682 IN 2683 2706 9 0.500000 11 1
2683 IN 2684 2685 7 0.500000 7 1
2684 LN -1 -1 -1 -1.000000 1 0
2685 IN 2686 2691 10 0.500000 6 1
2686 IN 2687 2688 3 0.500000 3 1
2687 LN -1 -1 -1 -1.000000 1 1
2688 IN 2689 2690 16 0.500000 2 1
2689 LN -1 -1 -1 -1.000000 1 0
2690 LN -1 -1 -1 -1.000000 1 1
2691 IN 2692 2703 6 0.500000 5 1
2692 IN 2693 2700 12 0.500000 4 1
2693 IN 2694 2697 16 0.500000 3 1
2694 IN 2695 2696 4 0.500000 2 0
2695 LN -1 -1 -1 -1.000000 1 1
2696 LN -1 -1 -1 -1.000000 1 0
2697 IN 2698 2699 4 0.500000 2 1
2698 LN -1 -1 -1 -1.000000 1 1
2699 LN -1 -1 -1 -1.000000 1 1
2700 IN 2701 2702 3 0.500000 2 1
2701 LN -1 -1 -1 -1.000000 1 1
2702 LN -1 -1 -1 -1.000000 1 0
2703 IN 2704 2705 16 0.500000 2 0
2704 LN -1 -1 -1 -1.000000 1 1
2705 LN -1 -1 -1 -1.000000 1 0
2706 IN 2707 2836 8 0.500000 10 1
2707 IN 2708 2803 6 0.500000 9 1
2708 IN 2709 2746 10 0.500000 8 1
2709 IN 2710 2711 5 0.500000 7 1
2710 LN -1 -1 -1 -1.000000 1 1
2711 IN 2712 2733 4 0.500000 6 1
2712 IN 2713 2718 7 0.500000 5 1
2713 IN 2714 2717 3 0.500000 3 1
2714 IN 2715 2716 12 0.500000 2 0
2715 LN -1 -1 -1 -1.000000 1 0
2716 LN -1 -1 -1 -1.000000 1 1
2717 LN -1 -1 -1 -1.000000 1 1
2718 IN 2719 2726 3 0.500000 4 1
2719 IN 2720 2723 12 0.500000 3 1
2720 IN 2721 2722 16 0.500000 2 1
2721 LN -1 -1 -1 -1.000000 1 1
2722 LN -1 -1 -1 -1.000000 1 1
2723 IN 2724 2725 16 0.500000 2 1
2724 LN -1 -1 -1 -1.000000 1 0
2725 LN -1 -1 -1 -1.000000 1 1
2726 IN 2727 2730 16 0.500000 3 0
2727 IN 2728 2729 12 0.500000 2 0
2728 LN -1 -1 -1 -1.000000 1 0
2729 LN -1 -1 -1 -1.000000 1 1
2730 IN 2731 2732 12 0.500000 2 0
2731 LN -1 -1 -1 -1.000000 1 0
2732 LN -1 -1 -1 -1.000000 1 1
2733 IN 2734 2739 12 0.500000 5 1
2734 IN 2735 2738 16 0.500000 3 1
2735 IN 2736 2737 3 0.500000 2 1
2736 LN -1 -1 -1 -1.000000 1 1
2737 LN -1 -1 -1 -1.000000 1 1
2738 LN -1 -1 -1 -1.000000 1 1
2739 IN 2740 2745 16 0.500000 4 1
2740 IN 2741 2742 7 0.500000 3 1
2741 LN -1 -1 -1 -1.000000 1 1
2742 IN 2743 2744 3 0.500000 2 1
2743 LN -1 -1 -1 -1.000000 1 1
2744 LN -1 -1 -1 -1.000000 1 0
2745 LN -1 -1 -1 -1.000000 1 1
2746 IN 2747 2774 12 0.500000 7 1
2747 IN 2748 2749 5 0.500000 6 1
2748 LN -1 -1 -1 -1.000000 1 0
2749 IN 2750 2759 7 0.500000 5 1
2750 IN 2751 2756 4 0.500000 4 1
2751 IN 2752 2755 3 0.500000 3 1
2752 IN 2753 2754 16 0.500000 2 0
2753 LN -1 -1 -1 -1.000000 1 0
2754 LN -1 -1 -1 -1.000000 1 1
2755 LN -1 -1 -1 -1.000000 1 1
2756 IN 2757 2758 16 0.500000 2 0
2757 LN -1 -1 -1 -1.000000 1 0
2758 LN -1 -1 -1 -1.000000 1 1
2759 IN 2760 2767 16 0.500000 4 1
2760 IN 2761 2764 4 0.500000 3 1
2761 IN 2762 2763 3 0.500000 2 1
2762 LN -1 -1 -1 -1.000000 1 1
2763 LN -1 -1 -1 -1.000000 1 1
2764 IN 2765 2766 3 0.500000 2 0
2765 LN -1 -1 -1 -1.000000 1 0
2766 LN -1 -1 -1 -1.000000 1 1
2767 IN 2768 2771 4 0.500000 3 1
2768 IN 2769 2770 3 0.500000 2 0
2769 LN -1 -1 -1 -1.000000 1 0
2770 LN -1 -1 -1 -1.000000 1 0
2771 IN 2772 2773 3 0.500000 2 1
2772 LN -1 -1 -1 -1.000000 1 1
2773 LN -1 -1 -1 -1.000000 1 1
2774 IN 2775 2790 3 0.500000 6 1
2775 IN 2776 2783 16 0.500000 4 1
2776 IN 2777 2780 7 0.500000 3 1
2777 IN 2778 2779 4 0.500000 2 1
2778 LN -1 -1 -1 -1.000000 1 1
2779 LN -1 -1 -1 -1.000000 1 0
2780 IN 2781 2782 4 0.500000 2 1
2781 LN -1 -1 -1 -1.000000 1 0
2782 LN -1 -1 -1 -1.000000 1 1
2783 IN 2784 2787 7 0.500000 3 1
2784 IN 2785 2786 4 0.500000 2 0
2785 LN -1 -1 -1 -1.000000 1 1
2786 LN -1 -1 -1 -1.000000 1 0
2787 IN 2788 2789 4 0.500000 2 1
2788 LN -1 -1 -1 -1.000000 1 1
2789 LN -1 -1 -1 -1.000000 1 1
2790 IN 2791 2794 7 0.500000 5 1
2791 IN 2792 2793 4 0.500000 2 1
2792 LN -1 -1 -1 -1.000000 1 1
2793 LN -1 -1 -1 -1.000000 1 1
2794 IN 2795 2796 5 0.500000 4 1
2795 LN -1 -1 -1 -1.000000 1 1
2796 IN 2797 2800 4 0.500000 3 1
2797 IN 2798 2799 16 0.500000 2 1
2798 LN -1 -1 -1 -1.000000 1 1
2799 LN -1 -1 -1 -1.000000 1 1
2800 IN 2801 2802 16 0.500000 2 1
2801 LN -1 -1 -1 -1.000000 1 1
2802 LN -1 -1 -1 -1.000000 1 1
2803 IN 2804 2815 10 0.500000 6 1
2804 IN 2805 2810 4 0.500000 4 1
2805 IN 2806 2809 12 0.500000 3 1
2806 IN 2807 2808 16 0.500000 2 1
2807 LN -1 -1 -1 -1.000000 1 1
2808 LN -1 -1 -1 -1.000000 1 0
2809 LN -1 -1 -1 -1.000000 1 0
2810 IN 2811 2812 16 0.500000 3 1
2811 LN -1 -1 -1 -1.000000 1 1
2812 IN 2813 2814 12 0.500000 2 1
2813 LN -1 -1 -1 -1.000000 1 0
2814 LN -1 -1 -1 -1.000000 1 1
2815 IN 2816 2827 12 0.500000 5 1
2816 IN 2817 2820 3 0.500000 4 1
2817 IN 2818 2819 16 0.500000 2 1
2818 LN -1 -1 -1 -1.000000 1 1
2819 LN -1 -1 -1 -1.000000 1 0
2820 IN 2821 2824 16 0.500000 3 1
2821 IN 2822 2823 4 0.500000 2 1
2822 LN -1 -1 -1 -1.000000 1 0
2823 LN -1 -1 -1 -1.000000 1 1
2824 IN 2825 2826 4 0.500000 2 0
2825 LN -1 -1 -1 -1.000000 1 1
2826 LN -1 -1 -1 -1.000000 1 0
2827 IN 2828 2829 3 0.500000 4 1
2828 LN -1 -1 -1 -1.000000 1 1
2829 IN 2830 2833 4 0.500000 3 1
2830 IN 2831 2832 16 0.500000 2 1
2831 LN -1 -1 -1 -1.000000 1 1
2832 LN -1 -1 -1 -1.000000 1 0
2833 IN 2834 2835 16 0.500000 2 0
2834 LN -1 -1 -1 -1.000000 1 1
2835 LN -1 -1 -1 -1.000000 1 0
2836 IN 2837 2888 7 0.500000 9 1
2837 IN 2838 2869 4 0.500000 7 1
2838 IN 2839 2858 12 0.500000 6 1
2839 IN 2840 2847 10 0.500000 5 1
2840 IN 2841 2844 5 0.500000 3 0
2841 IN 2842 2843 16 0.500000 2 0
2842 LN -1 -1 -1 -1.000000 1 0
2843 LN -1 -1 -1 -1.000000 1 0
2844 IN 2845 2846 16 0.500000 2 0
2845 LN -1 -1 -1 -1.000000 1 0
2846 LN -1 -1 -1 -1.000000 1 1
2847 IN 2848 2853 16 0.500000 4 1
2848 IN 2849 2852 3 0.500000 3 1
2849 IN 2850 2851 5 0.500000 2 1
2850 LN -1 -1 -1 -1.000000 1 0
2851 LN -1 -1 -1 -1.000000 1 1
2852 LN -1 -1 -1 -1.000000 1 1
2853 IN 2854 2857 3 0.500000 3 1
2854 IN 2855 2856 5 0.500000 2 1
2855 LN -1 -1 -1 -1.000000 1 0
2856 LN -1 -1 -1 -1.000000 1 1
2857 LN -1 -1 -1 -1.000000 1 0
2858 IN 2859 2860 5 0.500000 5 1
2859 LN -1 -1 -1 -1.000000 1 1
2860 IN 2861 2864 10 0.500000 4 1
2861 IN 2862 2863 16 0.500000 2 1
2862 LN -1 -1 -1 -1.000000 1 1
2863 LN -1 -1 -1 -1.000000 1 1
2864 IN 2865 2868 16 0.500000 3 1
2865 IN 2866 2867 3 0.500000 2 1
2866 LN -1 -1 -1 -1.000000 1 1
2867 LN -1 -1 -1 -1.000000 1 1
2868 LN -1 -1 -1 -1.000000 1 1
2869 IN 2870 2881 3 0.500000 5 1
2870 IN 2871 2876 16 0.500000 4 1
2871 IN 2872 2873 10 0.500000 3 1
2872 LN -1 -1 -1 -1.000000 1 1
2873 IN 2874 2875 12 0.500000 2 1
2874 LN -1 -1 -1 -1.000000 1 1
2875 LN -1 -1 -1 -1.000000 1 1
2876 IN 2877 2878 10 0.500000 3 1
2877 LN -1 -1 -1 -1.000000 1 1
2878 IN 2879 2880 12 0.500000 2 1
2879 LN -1 -1 -1 -1.000000 1 1
2880 LN -1 -1 -1 -1.000000 1 1
2881 IN 2882 2885 12 0.500000 3 1
2882 IN 2883 2884 10 0.500000 2 0
2883 LN -1 -1 -1 -1.000000 1 1
2884 LN -1 -1 -1 -1.000000 1 0
2885 IN 2886 2887 16 0.500000 2 1
2886 LN -1 -1 -1 -1.000000 1 1
2887 LN -1 -1 -1 -1.000000 1 1
2888 IN 2889 2954 12 0.500000 8 1
2889 IN 2890 2919 10 0.500000 7 1
2890 IN 2891 2908 4 0.500000 6 1
2891 IN 2892 2895 5 0.500000 5 1
2892 IN 2893 2894 3 0.500000 2 0
2893 LN -1 -1 -1 -1.000000 1 0
2894 LN -1 -1 -1 -1.000000 1 0
2895 IN 2896 2903 6 0.500000 4 1
2896 IN 2897 2900 3 0.500000 3 1
2897 IN 2898 2899 16 0.500000 2 1
2898 LN -1 -1 -1 -1.000000 1 0
2899 LN -1 -1 -1 -1.000000 1 1
2900 IN 2901 2902 16 0.500000 2 1
2901 LN -1 -1 -1 -1.000000 1 0
2902 LN -1 -1 -1 -1.000000 1 1
2903 IN 2904 2907 16 0.500000 3 1
2904 IN 2905 2906 3 0.500000 2 1
2905 LN -1 -1 -1 -1.000000 1 1
2906 LN -1 -1 -1 -1.000000 1 0
2907 LN -1 -1 -1 -1.000000 1 1
2908 IN 2909 2914 3 0.500000 4 1
2909 IN 2910 2913 6 0.500000 3 1
2910 IN 2911 2912 16 0.500000 2 1
2911 LN -1 -1 -1 -1.000000 1 1
2912 LN -1 -1 -1 -1.000000 1 1
2913 LN -1 -1 -1 -1.000000 1 1
2914 IN 2915 2918 16 0.500000 3 1
2915 IN 2916 2917 6 0.500000 2 1
2916 LN -1 -1 -1 -1.000000 1 1
2917 LN -1 -1 -1 -1.000000 1 1
2918 LN -1 -1 -1 -1.000000 1 1
2919 IN 2920 2941 4 0.500000 6 1
2920 IN 2921 2932 16 0.500000 5 1
2921 IN 2922 2929 6 0.500000 4 1
2922 IN 2923 2926 3 0.500000 3 1
2923 IN 2924 2925 5 0.500000 2 1
2924 LN -1 -1 -1 -1.000000 1 0
2925 LN -1 -1 -1 -1.000000 1 1
2926 IN 2927 2928 5 0.500000 2 1
2927 LN -1 -1 -1 -1.000000 1 0
2928 LN -1 -1 -1 -1.000000 1 1
2929 IN 2930 2931 3 0.500000 2 1
2930 LN -1 -1 -1 -1.000000 1 0
2931 LN -1 -1 -1 -1.000000 1 1
2932 IN 2933 2936 3 0.500000 4 1
2933 IN 2934 2935 5 0.500000 2 1
2934 LN -1 -1 -1 -1.000000 1 0
2935 LN -1 -1 -1 -1.000000 1 1
2936 IN 2937 2940 6 0.500000 3 1
2937 IN 2938 2939 5 0.500000 2 1
2938 LN -1 -1 -1 -1.000000 1 0
2939 LN -1 -1 -1 -1.000000 1 1
2940 LN -1 -1 -1 -1.000000 1 1
2941 IN 2942 2949 6 0.500000 4 1
2942 IN 2943 2946 3 0.500000 3 1
2943 IN 2944 2945 16 0.500000 2 1
2944 LN -1 -1 -1 -1.000000 1 1
2945 LN -1 -1 -1 -1.000000 1 1
2946 IN 2947 2948 16 0.500000 2 1
2947 LN -1 -1 -1 -1.000000 1 1
2948 LN -1 -1 -1 -1.000000 1 1
2949 IN 2950 2951 3 0.500000 3 1
2950 LN -1 -1 -1 -1.000000 1 1
2951 IN 2952 2953 16 0.500000 2 1
2952 LN -1 -1 -1 -1.000000 1 1
2953 LN -1 -1 -1 -1.000000 1 1
2954 IN 2955 2986 6 0.500000 7 1
2955 IN 2956 2973 3 0.500000 6 1
2956 IN 2957 2966 16 0.500000 5 1
2957 IN 2958 2959 5 0.500000 4 1
2958 LN -1 -1 -1 -1.000000 1 1
2959 IN 2960 2963 4 0.500000 3 1
2960 IN 2961 2962 10 0.500000 2 1
2961 LN -1 -1 -1 -1.000000 1 1
2962 LN -1 -1 -1 -1.000000 1 1
2963 IN 2964 2965 10 0.500000 2 1
2964 LN -1 -1 -1 -1.000000 1 1
2965 LN -1 -1 -1 -1.000000 1 1
2966 IN 2967 2970 10 0.500000 3 1
2967 IN 2968 2969 4 0.500000 2 1
2968 LN -1 -1 -1 -1.000000 1 1
2969 LN -1 -1 -1 -1.000000 1 1
2970 IN 2971 2972 4 0.500000 2 1
2971 LN -1 -1 -1 -1.000000 1 1
2972 LN -1 -1 -1 -1.000000 1 1
2973 IN 2974 2979 4 0.500000 4 1
2974 IN 2975 2976 10 0.500000 3 1
2975 LN -1 -1 -1 -1.000000 1 1
2976 IN 2977 2978 16 0.500000 2 1
2977 LN -1 -1 -1 -1.000000 1 1
2978 LN -1 -1 -1 -1.000000 1 1
2979 IN 2980 2983 10 0.500000 3 1
2980 IN 2981 2982 16 0.500000 2 1
2981 LN -1 -1 -1 -1.000000 1 1
2982 LN -1 -1 -1 -1.000000 1 1
2983 IN 2984 2985 16 0.500000 2 1
2984 LN -1 -1 -1 -1.000000 1 1
2985 LN -1 -1 -1 -1.000000 1 1
2986 IN 2987 2998 16 0.500000 5 1
2987 IN 2988 2993 10 0.500000 4 1
2988 IN 2989 2990 3 0.500000 3 1
2989 LN -1 -1 -1 -1.000000 1 1
2990 IN 2991 2992 4 0.500000 2 1
2991 LN -1 -1 -1 -1.000000 1 1
2992 LN -1 -1 -1 -1.000000 1 1
2993 IN 2994 2995 4 0.500000 3 1
2994 LN -1 -1 -1 -1.000000 1 1
2995 IN 2996 2997 3 0.500000 2 1
2996 LN -1 -1 -1 -1.000000 1 1
2997 LN -1 -1 -1 -1.000000 1 1
2998 IN 2999 3006 4 0.500000 4 1
2999 IN 3000 3003 3 0.500000 3 1
3000 IN 3001 3002 10 0.500000 2 0
3001 LN -1 -1 -1 -1.000000 1 0
3002 LN -1 -1 -1 -1.000000 1 1
3003 IN 3004 3005 10 0.500000 2 1
3004 LN -1 -1 -1 -1.000000 1 0
3005 LN -1 -1 -1 -1.000000 1 1
3006 IN 3007 3008 3 0.500000 3 1
3007 LN -1 -1 -1 -1.000000 1 1
3008 IN 3009 3010 10 0.500000 2 1
3009 LN -1 -1 -1 -1.000000 1 1
3010 LN -1 -1 -1 -1.000000 1 1

[TREE 2]
NB_NODES: 2957
0 IN 1 634 2 0.500000 18 0
1 IN 2 301 3 0.500000 15 0
2 IN 3 76 5 0.500000 14 0
3 IN 4 39 7 0.500000 10 0
4 IN 5 26 10 0.500000 9 0
5 IN 6 13 15 0.500000 8 0
6 IN 7 8 11 0.500000 4 0
7 LN -1 -1 -1 -1.000000 1 0
8 IN 9 10 8 0.500000 3 0
9 LN -1 -1 -1 -1.000000 1 0
10 IN 11 12 14 0.500000 2 0
11 LN -1 -1 -1 -1.000000 1 0
12 LN -1 -1 -1 -1.000000 1 1
13 IN 14 25 13 0.500000 7 0
14 IN 15 24 8 0.500000 6 0
15 IN 16 17 11 0.500000 5 0
16 LN -1 -1 -1 -1.000000 1 0
17 IN 18 23 12 0.500000 4 0
18 IN 19 22 9 0.500000 3 0
19 IN 20 21 14 0.500000 2 0
20 LN -1 -1 -1 -1.000000 1 0
21 LN -1 -1 -1 -1.000000 1 0
22 LN -1 -1 -1 -1.000000 1 0
23 LN -1 -1 -1 -1.000000 1 0
24 LN -1 -1 -1 -1.000000 1 0
25 LN -1 -1 -1 -1.000000 1 0
26 IN 27 38 13 0.500000 7 0
27 IN 28 37 15 0.500000 6 0
28 IN 29 30 9 0.500000 5 0
29 LN -1 -1 -1 -1.000000 1 0
30 IN 31 36 14 0.500000 4 0
31 IN 32 35 16 0.500000 3 0
32 IN 33 34 8 0.500000 2 0
33 LN -1 -1 -1 -1.000000 1 0
34 LN -1 -1 -1 -1.000000 1 0
35 LN -1 -1 -1 -1.000000 1 0
36 LN -1 -1 -1 -1.000000 1 0
37 LN -1 -1 -1 -1.000000 1 0
38 LN -1 -1 -1 -1.000000 1 0
39 IN 40 51 15 0.500000 8 0
40 IN 41 46 10 0.500000 4 0
41 IN 42 45 12 0.500000 3 0
42 IN 43 44 8 0.500000 2 0
43 LN -1 -1 -1 -1.000000 1 1
44 LN -1 -1 -1 -1.000000 1 0
45 LN -1 -1 -1 -1.000000 1 1
46 IN 47 50 14 0.500000 3 0
47 IN 48 49 8 0.500000 2 0
48 LN -1 -1 -1 -1.000000 1 0
49 LN -1 -1 -1 -1.000000 1 0
50 LN -1 -1 -1 -1.000000 1 0
51 IN 52 53 11 0.500000 7 0
52 LN -1 -1 -1 -1.000000 1 0
53 IN 54 69 14 0.500000 6 0
54 IN 55 64 12 0.500000 5 0
55 IN 56 61 8 0.500000 4 0
56 IN 57 58 9 0.500000 3 0
57 LN -1 -1 -1 -1.000000 1 0
58 IN 59 60 10 0.500000 2 0
59 LN -1 -1 -1 -1.000000 1 0
60 LN -1 -1 -1 -1.000000 1 0
61 IN 62 63 10 0.500000 2 0
62 LN -1 -1 -1 -1.000000 1 0
63 LN -1 -1 -1 -1.000000 1 0
64 IN 65 66 8 0.500000 3 0
65 LN -1 -1 -1 -1.000000 1 0
66 IN 67 68 10 0.500000 2 0
67 LN -1 -1 -1 -1.000000 1 0
68 LN -1 -1 -1 -1.000000 1 0
69 IN 70 71 10 0.500000 4 0
70 LN -1 -1 -1 -1.000000 1 0
71 IN 72 73 9 0.500000 3 0
72 LN -1 -1 -1 -1.000000 1 0
73 IN 74 75 16 0.500000 2 1
74 LN -1 -1 -1 -1.000000 1 0
75 LN -1 -1 -1 -1.000000 1 1
76 IN 77 206 4 0.500000 13 0
77 IN 78 129 10 0.500000 12 0
78 IN 79 80 11 0.500000 11 0
79 LN -1 -1 -1 -1.000000 1 0
80 IN 81 128 16 0.500000 10 0
81 IN 82 127 13 0.500000 9 0
82 IN 83 110 12 0.500000 8 0
83 IN 84 109 8 0.500000 7 0
84 IN 85 108 6 0.500000 6 0
85 IN 86 97 9 0.500000 5 0
86 IN 87 90 15 0.500000 4 0
87 IN 88 89 7 0.500000 2 0
88 LN -1 -1 -1 -1.000000 1 0
89 LN -1 -1 -1 -1.000000 1 0
90 IN 91 94 14 0.500000 3 0
91 IN 92 93 7 0.500000 2 0
92 LN -1 -1 -1 -1.000000 1 0
93 LN -1 -1 -1 -1.000000 1 0
94 IN 95 96 7 0.500000 2 0
95 LN -1 -1 -1 -1.000000 1 0
96 LN -1 -1 -1 -1.000000 1 0
97 IN 98 103 14 0.500000 4 0
98 IN 99 102 7 0.500000 3 0
99 IN 100 101 15 0.500000 2 0
100 LN -1 -1 -1 -1.000000 1 0
101 LN -1 -1 -1 -1.000000 1 0
102 LN -1 -1 -1 -1.000000 1 0
103 IN 104 105 15 0.500000 3 0
104 LN -1 -1 -1 -1.000000 1 0
105 IN 106 107 7 0.500000 2 0
106 LN -1 -1 -1 -1.000000 1 0
107 LN -1 -1 -1 -1.000000 1 0
108 LN -1 -1 -1 -1.000000 1 0
109 LN -1 -1 -1 -1.000000 1 0
110 IN 111 112 15 0.500000 6 0
111 LN -1 -1 -1 -1.000000 1 0
112 IN 113 120 7 0.500000 5 0
113 IN 114 119 14 0.500000 4 0
114 IN 115 118 8 0.500000 3 0
115 IN 116 117 9 0.500000 2 0
116 LN -1 -1 -1 -1.000000 1 0
117 LN -1 -1 -1 -1.000000 1 0
118 LN -1 -1 -1 -1.000000 1 0
119 LN -1 -1 -1 -1.000000 1 0
120 IN 121 126 6 0.500000 4 0
121 IN 122 125 9 0.500000 3 0
122 IN 123 124 14 0.500000 2 1
123 LN -1 -1 -1 -1.000000 1 1
124 LN -1 -1 -1 -1.000000 1 1
125 LN -1 -1 -1 -1.000000 1 0
126 LN -1 -1 -1 -1.000000 1 0
127 LN -1 -1 -1 -1.000000 1 0
128 LN -1 -1 -1 -1.000000 1 0
129 IN 130 193 8 0.500000 10 0
130 IN 131 190 6 0.500000 9 0
131 IN 132 175 9 0.500000 8 0
132 IN 133 146 15 0.500000 7 0
133 IN 134 141 12 0.500000 5 0
134 IN 135 140 16 0.500000 4 0
135 IN 136 139 14 0.500000 3 0
136 IN 137 138 7 0.500000 2 0
137 LN -1 -1 -1 -1.000000 1 0
138 LN -1 -1 -1 -1.000000 1 0
139 LN -1 -1 -1 -1.000000 1 0
140 LN -1 -1 -1 -1.000000 1 0
141 IN 142 143 7 0.500000 3 0
142 LN -1 -1 -1 -1.000000 1 0
143 IN 144 145 14 0.500000 2 0
144 LN -1 -1 -1 -1.000000 1 0
145 LN -1 -1 -1 -1.000000 1 0
146 IN 147 166 12 0.500000 6 0
147 IN 148 161 13 0.500000 5 0
148 IN 149 156 7 0.500000 4 0
149 IN 150 153 16 0.500000 3 0
150 IN 151 152 14 0.500000 2 0
151 LN -1 -1 -1 -1.000000 1 0
152 LN -1 -1 -1 -1.000000 1 0
153 IN 154 155 14 0.500000 2 0
154 LN -1 -1 -1 -1.000000 1 0
155 LN -1 -1 -1 -1.000000 1 1
156 IN 157 160 16 0.500000 3 0
157 IN 158 159 14 0.500000 2 0
158 LN -1 -1 -1 -1.000000 1 0
159 LN -1 -1 -1 -1.000000 1 0
160 LN -1 -1 -1 -1.000000 1 1
161 IN 162 165 16 0.500000 3 0
162 IN 163 164 7 0.500000 2 0
163 LN -1 -1 -1 -1.000000 1 0
164 LN -1 -1 -1 -1.000000 1 0
165 LN -1 -1 -1 -1.000000 1 0
166 IN 167 172 14 0.500000 4 0
167 IN 168 169 7 0.500000 3 0
168 LN -1 -1 -1 -1.000000 1 0
169 IN 170 171 16 0.500000 2 0
170 LN -1 -1 -1 -1.000000 1 0
171 LN -1 -1 -1 -1.000000 1 0
172 IN 173 174 7 0.500000 2 0
173 LN -1 -1 -1 -1.000000 1 0
174 LN -1 -1 -1 -1.000000 1 0
175 IN 176 181 7 0.500000 5 0
176 IN 177 180 15 0.500000 3 0
177 IN 178 179 14 0.500000 2 0
178 LN -1 -1 -1 -1.000000 1 0
179 LN -1 -1 -1 -1.000000 1 1
180 LN -1 -1 -1 -1.000000 1 0
181 IN 182 187 12 0.500000 4 0
182 IN 183 186 14 0.500000 3 0
183 IN 184 185 15 0.500000 2 0
184 LN -1 -1 -1 -1.000000 1 0
185 LN -1 -1 -1 -1.000000 1 0
186 LN -1 -1 -1 -1.000000 1 0
187 IN 188 189 15 0.500000 2 0
188 LN -1 -1 -1 -1.000000 1 0
189 LN -1 -1 -1 -1.000000 1 0
190 IN 191 192 12 0.500000 2 0
191 LN -1 -1 -1 -1.000000 1 0
192 LN -1 -1 -1 -1.000000 1 1
193 IN 194 199 15 0.500000 4 0
194 IN 195 198 12 0.500000 3 0
195 IN 196 197 7 0.500000 2 0
196 LN -1 -1 -1 -1.000000 1 0
197 LN -1 -1 -1 -1.000000 1 0
198 LN -1 -1 -1 -1.000000 1 0
199 IN 200 203 14 0.500000 3 0
200 IN 201 202 7 0.500000 2 1
201 LN -1 -1 -1 -1.000000 1 0
202 LN -1 -1 -1 -1.000000 1 1
203 IN 204 205 16 0.500000 2 0
204 LN -1 -1 -1 -1.000000 1 0
205 LN -1 -1 -1 -1.000000 1 0
206 IN 207 286 13 0.500000 10 0
207 IN 208 239 10 0.500000 9 0
208 IN 209 228 14 0.500000 6 0
209 IN 210 219 15 0.500000 5 0
210 IN 211 218 12 0.500000 4 0
211 IN 212 215 7 0.500000 3 0
212 IN 213 214 9 0.500000 2 0
213 LN -1 -1 -1 -1.000000 1 0
214 LN -1 -1 -1 -1.000000 1 1
215 IN 216 217 9 0.500000 2 0
216 LN -1 -1 -1 -1.000000 1 0
217 LN -1 -1 -1 -1.000000 1 1
218 LN -1 -1 -1 -1.000000 1 0
219 IN 220 225 12 0.500000 4 0
220 IN 221 224 9 0.500000 3 0
221 IN 222 223 7 0.500000 2 0
222 LN -1 -1 -1 -1.000000 1 0
223 LN -1 -1 -1 -1.000000 1 0
224 LN -1 -1 -1 -1.000000 1 1
225 IN 226 227 7 0.500000 2 0
226 LN -1 -1 -1 -1.000000 1 0
227 LN -1 -1 -1 -1.000000 1 0
228 IN 229 234 12 0.500000 4 0
229 IN 230 231 15 0.500000 3 0
230 LN -1 -1 -1 -1.000000 1 0
231 IN 232 233 7 0.500000 2 0
232 LN -1 -1 -1 -1.000000 1 0
233 LN -1 -1 -1 -1.000000 1 0
234 IN 235 238 9 0.500000 3 1
235 IN 236 237 6 0.500000 2 0
236 LN -1 -1 -1 -1.000000 1 0
237 LN -1 -1 -1 -1.000000 1 1
238 LN -1 -1 -1 -1.000000 1 1
239 IN 240 277 9 0.500000 8 0
240 IN 241 270 16 0.500000 7 0
241 IN 242 255 15 0.500000 6 0
242 IN 243 252 14 0.500000 5 0
243 IN 244 249 12 0.500000 4 0
244 IN 245 246 7 0.500000 3 0
245 LN -1 -1 -1 -1.000000 1 0
246 IN 247 248 6 0.500000 2 0
247 LN -1 -1 -1 -1.000000 1 0
248 LN -1 -1 -1 -1.000000 1 0
249 IN 250 251 7 0.500000 2 0
250 LN -1 -1 -1 -1.000000 1 0
251 LN -1 -1 -1 -1.000000 1 0
252 IN 253 254 7 0.500000 2 0
253 LN -1 -1 -1 -1.000000 1 0
254 LN -1 -1 -1 -1.000000 1 0
255 IN 256 265 12 0.500000 5 0
256 IN 257 260 7 0.500000 4 0
257 IN 258 259 14 0.500000 2 0
258 LN -1 -1 -1 -1.000000 1 0
259 LN -1 -1 -1 -1.000000 1 0
260 IN 261 264 6 0.500000 3 0
261 IN 262 263 14 0.500000 2 0
262 LN -1 -1 -1 -1.000000 1 0
263 LN -1 -1 -1 -1.000000 1 0
264 LN -1 -1 -1 -1.000000 1 0
265 IN 266 269 7 0.500000 3 0
266 IN 267 268 14 0.500000 2 0
267 LN -1 -1 -1 -1.000000 1 1
268 LN -1 -1 -1 -1.000000 1 0
269 LN -1 -1 -1 -1.000000 1 0
270 IN 271 272 14 0.500000 4 0
271 LN -1 -1 -1 -1.000000 1 1
272 IN 273 276 7 0.500000 3 0
273 IN 274 275 12 0.500000 2 0
274 LN -1 -1 -1 -1.000000 1 0
275 LN -1 -1 -1 -1.000000 1 0
276 LN -1 -1 -1 -1.000000 1 0
277 IN 278 285 14 0.500000 5 0
278 IN 279 284 12 0.500000 4 0
279 IN 280 281 15 0.500000 3 0
280 LN -1 -1 -1 -1.000000 1 0
281 IN 282 283 7 0.500000 2 0
282 LN -1 -1 -1 -1.000000 1 0
283 LN -1 -1 -1 -1.000000 1 0
284 LN -1 -1 -1 -1.000000 1 0
285 LN -1 -1 -1 -1.000000 1 1
286 IN 287 290 10 0.500000 6 0
287 IN 288 289 12 0.500000 2 1
288 LN -1 -1 -1 -1.000000 1 0
289 LN -1 -1 -1 -1.000000 1 1
290 IN 291 292 15 0.500000 5 0
291 LN -1 -1 -1 -1.000000 1 0
292 IN 293 298 16 0.500000 4 0
293 IN 294 297 12 0.500000 3 0
294 IN 295 296 9 0.500000 2 0
295 LN -1 -1 -1 -1.000000 1 0
296 LN -1 -1 -1 -1.000000 1 0
297 LN -1 -1 -1 -1.000000 1 0
298 IN 299 300 9 0.500000 2 0
299 LN -1 -1 -1 -1.000000 1 0
300 LN -1 -1 -1 -1.000000 1 1
301 IN 302 433 10 0.500000 14 0
302 IN 303 312 5 0.500000 13 0
303 IN 304 311 14 0.500000 5 0
304 IN 305 310 7 0.500000 4 0
305 IN 306 307 8 0.500000 3 0
306 LN -1 -1 -1 -1.000000 1 0
307 IN 308 309 15 0.500000 2 0
308 LN -1 -1 -1 -1.000000 1 0
309 LN -1 -1 -1 -1.000000 1 0
310 LN -1 -1 -1 -1.000000 1 0
311 LN -1 -1 -1 -1.000000 1 0
312 IN 313 354 9 0.500000 12 0
313 IN 314 327 7 0.500000 8 0
314 IN 315 316 14 0.500000 6 0
315 LN -1 -1 -1 -1.000000 1 0
316 IN 317 318 15 0.500000 5 0
317 LN -1 -1 -1 -1.000000 1 0
318 IN 319 324 4 0.500000 4 0
319 IN 320 323 12 0.500000 3 0
320 IN 321 322 13 0.500000 2 0
321 LN -1 -1 -1 -1.000000 1 0
322 LN -1 -1 -1 -1.000000 1 0
323 LN -1 -1 -1 -1.000000 1 0
324 IN 325 326 13 0.500000 2 0
325 LN -1 -1 -1 -1.000000 1 0
326 LN -1 -1 -1 -1.000000 1 1
327 IN 328 353 16 0.500000 7 0
328 IN 329 348 6 0.500000 6 0
329 IN 330 341 14 0.500000 5 0
330 IN 331 336 4 0.500000 4 0
331 IN 332 333 15 0.500000 3 0
332 LN -1 -1 -1 -1.000000 1 0
333 IN 334 335 12 0.500000 2 0
334 LN -1 -1 -1 -1.000000 1 0
335 LN -1 -1 -1 -1.000000 1 0
336 IN 337 340 12 0.500000 3 0
337 IN 338 339 15 0.500000 2 0
338 LN -1 -1 -1 -1.000000 1 0
339 LN -1 -1 -1 -1.000000 1 1
340 LN -1 -1 -1 -1.000000 1 0
341 IN 342 343 15 0.500000 4 0
342 LN -1 -1 -1 -1.000000 1 0
343 IN 344 345 4 0.500000 3 0
344 LN -1 -1 -1 -1.000000 1 0
345 IN 346 347 12 0.500000 2 0
346 LN -1 -1 -1 -1.000000 1 0
347 LN -1 -1 -1 -1.000000 1 1
348 IN 349 350 12 0.500000 3 0
349 LN -1 -1 -1 -1.000000 1 0
350 IN 351 352 14 0.500000 2 0
351 LN -1 -1 -1 -1.000000 1 0
352 LN -1 -1 -1 -1.000000 1 0
353 LN -1 -1 -1 -1.000000 1 0
354 IN 355 432 16 0.500000 11 0
355 IN 356 429 13 0.500000 10 0
356 IN 357 376 7 0.500000 9 0
357 IN 358 373 14 0.500000 6 0
358 IN 359 368 4 0.500000 5 0
359 IN 360 367 8 0.500000 4 0
360 IN 361 364 12 0.500000 3 0
361 IN 362 363 15 0.500000 2 0
362 LN -1 -1 -1 -1.000000 1 0
363 LN -1 -1 -1 -1.000000 1 1
364 IN 365 366 15 0.500000 2 0
365 LN -1 -1 -1 -1.000000 1 0
366 LN -1 -1 -1 -1.000000 1 0
367 LN -1 -1 -1 -1.000000 1 0
368 IN 369 372 15 0.500000 3 0
369 IN 370 371 12 0.500000 2 0
370 LN -1 -1 -1 -1.000000 1 0
371 LN -1 -1 -1 -1.000000 1 0
372 LN -1 -1 -1 -1.000000 1 0
373 IN 374 375 12 0.500000 2 0
374 LN -1 -1 -1 -1.000000 1 0
375 LN -1 -1 -1 -1.000000 1 0
376 IN 377 414 4 0.500000 8 0
377 IN 378 379 11 0.500000 7 0
378 LN -1 -1 -1 -1.000000 1 0
379 IN 380 403 14 0.500000 6 0
380 IN 381 396 8 0.500000 5 0
381 IN 382 389 15 0.500000 4 0
382 IN 383 386 6 0.500000 3 0
383 IN 384 385 12 0.500000 2 0
384 LN -1 -1 -1 -1.000000 1 0
385 LN -1 -1 -1 -1.000000 1 1
386 IN 387 388 12 0.500000 2 0
387 LN -1 -1 -1 -1.000000 1 0
388 LN -1 -1 -1 -1.000000 1 0
389 IN 390 393 6 0.500000 3 0
390 IN 391 392 12 0.500000 2 0
391 LN -1 -1 -1 -1.000000 1 0
392 LN -1 -1 -1 -1.000000 1 0
393 IN 394 395 12 0.500000 2 0
394 LN -1 -1 -1 -1.000000 1 0
395 LN -1 -1 -1 -1.000000 1 0
396 IN 397 402 6 0.500000 4 0
397 IN 398 399 12 0.500000 3 0
398 LN -1 -1 -1 -1.000000 1 0
399 IN 400 401 15 0.500000 2 0
400 LN -1 -1 -1 -1.000000 1 0
401 LN -1 -1 -1 -1.000000 1 1
402 LN -1 -1 -1 -1.000000 1 0
403 IN 404 409 6 0.500000 4 0
404 IN 405 408 12 0.500000 3 0
405 IN 406 407 15 0.500000 2 0
406 LN -1 -1 -1 -1.000000 1 1
407 LN -1 -1 -1 -1.000000 1 0
408 LN -1 -1 -1 -1.000000 1 0
409 IN 410 413 12 0.500000 3 1
410 IN 411 412 15 0.500000 2 1
411 LN -1 -1 -1 -1.000000 1 0
412 LN -1 -1 -1 -1.000000 1 1
413 LN -1 -1 -1 -1.000000 1 1
414 IN 415 428 14 0.500000 6 0
415 IN 416 425 8 0.500000 5 0
416 IN 417 420 6 0.500000 4 0
417 IN 418 419 12 0.500000 2 0
418 LN -1 -1 -1 -1.000000 1 0
419 LN -1 -1 -1 -1.000000 1 0
420 IN 421 424 12 0.500000 3 0
421 IN 422 423 15 0.500000 2 0
422 LN -1 -1 -1 -1.000000 1 0
423 LN -1 -1 -1 -1.000000 1 1
424 LN -1 -1 -1 -1.000000 1 0
425 IN 426 427 12 0.500000 2 0
426 LN -1 -1 -1 -1.000000 1 0
427 LN -1 -1 -1 -1.000000 1 1
428 LN -1 -1 -1 -1.000000 1 0
429 IN 430 431 7 0.500000 2 0
430 LN -1 -1 -1 -1.000000 1 1
431 LN -1 -1 -1 -1.000000 1 0
432 LN -1 -1 -1 -1.000000 1 1
433 IN 434 609 13 0.500000 12 0
434 IN 435 544 4 0.500000 11 0
435 IN 436 505 12 0.500000 10 0
436 IN 437 468 7 0.500000 9 0
437 IN 438 463 8 0.500000 7 0
438 IN 439 452 14 0.500000 6 0
439 IN 440 451 16 0.500000 5 0
440 IN 441 446 15 0.500000 4 0
441 IN 442 443 5 0.500000 3 0
442 LN -1 -1 -1 -1.000000 1 0
443 IN 444 445 9 0.500000 2 0
444 LN -1 -1 -1 -1.000000 1 0
445 LN -1 -1 -1 -1.000000 1 0
446 IN 447 448 5 0.500000 3 0
447 LN -1 -1 -1 -1.000000 1 0
448 IN 449 450 9 0.500000 2 0
449 LN -1 -1 -1 -1.000000 1 0
450 LN -1 -1 -1 -1.000000 1 1
451 LN -1 -1 -1 -1.000000 1 0
452 IN 453 454 15 0.500000 5 0
453 LN -1 -1 -1 -1.000000 1 0
454 IN 455 460 9 0.500000 4 0
455 IN 456 457 16 0.500000 3 0
456 LN -1 -1 -1 -1.000000 1 0
457 IN 458 459 5 0.500000 2 0
458 LN -1 -1 -1 -1.000000 1 0
459 LN -1 -1 -1 -1.000000 1 1
460 IN 461 462 16 0.500000 2 0
461 LN -1 -1 -1 -1.000000 1 0
462 LN -1 -1 -1 -1.000000 1 0
463 IN 464 467 14 0.500000 3 1
464 IN 465 466 5 0.500000 2 0
465 LN -1 -1 -1 -1.000000 1 0
466 LN -1 -1 -1 -1.000000 1 1
467 LN -1 -1 -1 -1.000000 1 1
468 IN 469 488 15 0.500000 8 0
469 IN 470 475 9 0.500000 7 0
470 IN 471 474 14 0.500000 3 0
471 IN 472 473 6 0.500000 2 0
472 LN -1 -1 -1 -1.000000 1 0
473 LN -1 -1 -1 -1.000000 1 1
474 LN -1 -1 -1 -1.000000 1 1
475 IN 476 487 6 0.500000 6 0
476 IN 477 486 16 0.500000 5 0
477 IN 478 479 5 0.500000 4 0
478 LN -1 -1 -1 -1.000000 1 0
479 IN 480 483 8 0.500000 3 0
480 IN 481 482 14 0.500000 2 0
481 LN -1 -1 -1 -1.000000 1 0
482 LN -1 -1 -1 -1.000000 1 0
483 IN 484 485 14 0.500000 2 0
484 LN -1 -1 -1 -1.000000 1 0
485 LN -1 -1 -1 -1.000000 1 0
486 LN -1 -1 -1 -1.000000 1 0
487 LN -1 -1 -1 -1.000000 1 0
488 IN 489 494 9 0.500000 7 0
489 IN 490 491 14 0.500000 3 0
490 LN -1 -1 -1 -1.000000 1 0
491 IN 492 493 6 0.500000 2 0
492 LN -1 -1 -1 -1.000000 1 0
493 LN -1 -1 -1 -1.000000 1 0
494 IN 495 496 5 0.500000 6 0
495 LN -1 -1 -1 -1.000000 1 0
496 IN 497 504 16 0.500000 5 0
497 IN 498 503 8 0.500000 4 0
498 IN 499 502 6 0.500000 3 0
499 IN 500 501 14 0.500000 2 0
500 LN -1 -1 -1 -1.000000 1 0
501 LN -1 -1 -1 -1.000000 1 0
502 LN -1 -1 -1 -1.000000 1 0
503 LN -1 -1 -1 -1.000000 1 0
504 LN -1 -1 -1 -1.000000 1 1
505 IN 506 543 16 0.500000 9 0
506 IN 507 510 5 0.500000 8 0
507 IN 508 509 8 0.500000 2 0
508 LN -1 -1 -1 -1.000000 1 0
509 LN -1 -1 -1 -1.000000 1 1
510 IN 511 530 14 0.500000 7 0
511 IN 512 513 7 0.500000 6 0
512 LN -1 -1 -1 -1.000000 1 0
513 IN 514 527 8 0.500000 5 0
514 IN 515 520 15 0.500000 4 0
515 IN 516 519 6 0.500000 3 0
516 IN 517 518 9 0.500000 2 0
517 LN -1 -1 -1 -1.000000 1 1
518 LN -1 -1 -1 -1.000000 1 0
519 LN -1 -1 -1 -1.000000 1 0
520 IN 521 524 9 0.500000 3 0
521 IN 522 523 6 0.500000 2 1
522 LN -1 -1 -1 -1.000000 1 1
523 LN -1 -1 -1 -1.000000 1 1
524 IN 525 526 6 0.500000 2 0
525 LN -1 -1 -1 -1.000000 1 1
526 LN -1 -1 -1 -1.000000 1 0
527 IN 528 529 6 0.500000 2 0
528 LN -1 -1 -1 -1.000000 1 0
529 LN -1 -1 -1 -1.000000 1 0
530 IN 531 542 8 0.500000 5 0
531 IN 532 537 9 0.500000 4 0
532 IN 533 536 6 0.500000 3 0
533 IN 534 535 7 0.500000 2 1
534 LN -1 -1 -1 -1.000000 1 1
535 LN -1 -1 -1 -1.000000 1 0
536 LN -1 -1 -1 -1.000000 1 0
537 IN 538 541 6 0.500000 3 0
538 IN 539 540 15 0.500000 2 0
539 LN -1 -1 -1 -1.000000 1 0
540 LN -1 -1 -1 -1.000000 1 1
541 LN -1 -1 -1 -1.000000 1 0
542 LN -1 -1 -1 -1.000000 1 1
543 LN -1 -1 -1 -1.000000 1 0
544 IN 545 592 14 0.500000 8 0
545 IN 546 567 9 0.500000 7 0
546 IN 547 566 16 0.500000 6 0
547 IN 548 561 6 0.500000 5 0
548 IN 549 556 15 0.500000 4 0
549 IN 550 553 12 0.500000 3 0
550 IN 551 552 7 0.500000 2 0
551 LN -1 -1 -1 -1.000000 1 0
552 LN -1 -1 -1 -1.000000 1 0
553 IN 554 555 7 0.500000 2 0
554 LN -1 -1 -1 -1.000000 1 0
555 LN -1 -1 -1 -1.000000 1 1
556 IN 557 560 7 0.500000 3 0
557 IN 558 559 12 0.500000 2 0
558 LN -1 -1 -1 -1.000000 1 0
559 LN -1 -1 -1 -1.000000 1 0
560 LN -1 -1 -1 -1.000000 1 0
561 IN 562 565 12 0.500000 3 0
562 IN 563 564 15 0.500000 2 0
563 LN -1 -1 -1 -1.000000 1 0
564 LN -1 -1 -1 -1.000000 1 0
565 LN -1 -1 -1 -1.000000 1 0
566 LN -1 -1 -1 -1.000000 1 0
567 IN 568 571 7 0.500000 6 0
568 IN 569 570 12 0.500000 2 1
569 LN -1 -1 -1 -1.000000 1 1
570 LN -1 -1 -1 -1.000000 1 0
571 IN 572 581 12 0.500000 5 0
572 IN 573 576 6 0.500000 4 0
573 IN 574 575 15 0.500000 2 0
574 LN -1 -1 -1 -1.000000 1 0
575 LN -1 -1 -1 -1.000000 1 0
576 IN 577 580 15 0.500000 3 0
577 IN 578 579 8 0.500000 2 0
578 LN -1 -1 -1 -1.000000 1 0
579 LN -1 -1 -1 -1.000000 1 0
580 LN -1 -1 -1 -1.000000 1 0
581 IN 582 589 8 0.500000 4 1
582 IN 583 586 15 0.500000 3 1
583 IN 584 585 6 0.500000 2 1
584 LN -1 -1 -1 -1.000000 1 1
585 LN -1 -1 -1 -1.000000 1 1
586 IN 587 588 6 0.500000 2 1
587 LN -1 -1 -1 -1.000000 1 0
588 LN -1 -1 -1 -1.000000 1 1
589 IN 590 591 6 0.500000 2 0
590 LN -1 -1 -1 -1.000000 1 0
591 LN -1 -1 -1 -1.000000 1 0
592 IN 593 598 7 0.500000 5 1
593 IN 594 595 15 0.500000 3 0
594 LN -1 -1 -1 -1.000000 1 0
595 IN 596 597 9 0.500000 2 0
596 LN -1 -1 -1 -1.000000 1 0
597 LN -1 -1 -1 -1.000000 1 1
598 IN 599 604 15 0.500000 4 1
599 IN 600 603 12 0.500000 3 1
600 IN 601 602 9 0.500000 2 1
601 LN -1 -1 -1 -1.000000 1 1
602 LN -1 -1 -1 -1.000000 1 0
603 LN -1 -1 -1 -1.000000 1 1
604 IN 605 608 16 0.500000 3 1
605 IN 606 607 12 0.500000 2 1
606 LN -1 -1 -1 -1.000000 1 1
607 LN -1 -1 -1 -1.000000 1 1
608 LN -1 -1 -1 -1.000000 1 0
609 IN 610 621 16 0.500000 7 0
610 IN 611 618 7 0.500000 5 1
611 IN 612 613 4 0.500000 4 1
612 LN -1 -1 -1 -1.000000 1 1
613 IN 614 617 9 0.500000 3 1
614 IN 615 616 12 0.500000 2 1
615 LN -1 -1 -1 -1.000000 1 1
616 LN -1 -1 -1 -1.000000 1 1
617 LN -1 -1 -1 -1.000000 1 0
618 IN 619 620 12 0.500000 2 0
619 LN -1 -1 -1 -1.000000 1 1
620 LN -1 -1 -1 -1.000000 1 0
621 IN 622 633 6 0.500000 6 0
622 IN 623 626 7 0.500000 5 1
623 IN 624 625 4 0.500000 2 0
624 LN -1 -1 -1 -1.000000 1 1
625 LN -1 -1 -1 -1.000000 1 0
626 IN 627 632 4 0.500000 4 1
627 IN 628 631 12 0.500000 3 1
628 IN 629 630 9 0.500000 2 1
629 LN -1 -1 -1 -1.000000 1 0
630 LN -1 -1 -1 -1.000000 1 1
631 LN -1 -1 -1 -1.000000 1 1
632 LN -1 -1 -1 -1.000000 1 0
633 LN -1 -1 -1 -1.000000 1 0
634 IN 635 2060 4 0.500000 17 1
635 IN 636 1641 0 0.500000 16 0
636 IN 637 1246 12 0.500000 15 0
637 IN 638 1103 16 0.500000 14 0
638 IN 639 900 3 0.500000 13 0
639 IN 640 797 1 0.500000 12 0
640 IN 641 716 14 0.500000 10 0
641 IN 642 667 5 0.500000 9 0
642 IN 643 654 8 0.500000 6 0
643 IN 644 651 7 0.500000 5 0
644 IN 645 646 15 0.500000 4 0
645 LN -1 -1 -1 -1.000000 1 0
646 IN 647 650 9 0.500000 3 0
647 IN 648 649 10 0.500000 2 0
648 LN -1 -1 -1 -1.000000 1 0
649 LN -1 -1 -1 -1.000000 1 1
650 LN -1 -1 -1 -1.000000 1 0
651 IN 652 653 10 0.500000 2 0
652 LN -1 -1 -1 -1.000000 1 0
653 LN -1 -1 -1 -1.000000 1 0
654 IN 655 662 15 0.500000 5 0
655 IN 656 657 11 0.500000 4 0
656 LN -1 -1 -1 -1.000000 1 0
657 IN 658 659 10 0.500000 3 0
658 LN -1 -1 -1 -1.000000 1 0
659 IN 660 661 7 0.500000 2 0
660 LN -1 -1 -1 -1.000000 1 0
661 LN -1 -1 -1 -1.000000 1 0
662 IN 663 666 7 0.500000 3 0
663 IN 664 665 10 0.500000 2 0
664 LN -1 -1 -1 -1.000000 1 0
665 LN -1 -1 -1 -1.000000 1 0
666 LN -1 -1 -1 -1.000000 1 0
667 IN 668 669 11 0.500000 8 0
668 LN -1 -1 -1 -1.000000 1 0
669 IN 670 691 10 0.500000 7 0
670 IN 671 678 7 0.500000 6 0
671 IN 672 673 9 0.500000 4 0
672 LN -1 -1 -1 -1.000000 1 0
673 IN 674 675 15 0.500000 3 0
674 LN -1 -1 -1 -1.000000 1 0
675 IN 676 677 8 0.500000 2 0
676 LN -1 -1 -1 -1.000000 1 0
677 LN -1 -1 -1 -1.000000 1 0
678 IN 679 688 8 0.500000 5 0
679 IN 680 687 6 0.500000 4 0
680 IN 681 684 15 0.500000 3 0
681 IN 682 683 9 0.500000 2 0
682 LN -1 -1 -1 -1.000000 1 0
683 LN -1 -1 -1 -1.000000 1 0
684 IN 685 686 9 0.500000 2 0
685 LN -1 -1 -1 -1.000000 1 0
686 LN -1 -1 -1 -1.000000 1 0
687 LN -1 -1 -1 -1.000000 1 0
688 IN 689 690 15 0.500000 2 0
689 LN -1 -1 -1 -1.000000 1 0
690 LN -1 -1 -1 -1.000000 1 0
691 IN 692 701 15 0.500000 6 0
692 IN 693 694 9 0.500000 4 0
693 LN -1 -1 -1 -1.000000 1 0
694 IN 695 698 7 0.500000 3 0
695 IN 696 697 8 0.500000 2 0
696 LN -1 -1 -1 -1.000000 1 0
697 LN -1 -1 -1 -1.000000 1 0
698 IN 699 700 8 0.500000 2 0
699 LN -1 -1 -1 -1.000000 1 0
700 LN -1 -1 -1 -1.000000 1 0
701 IN 702 711 8 0.500000 5 0
702 IN 703 706 7 0.500000 4 0
703 IN 704 705 9 0.500000 2 0
704 LN -1 -1 -1 -1.000000 1 0
705 LN -1 -1 -1 -1.000000 1 0
706 IN 707 710 6 0.500000 3 0
707 IN 708 709 9 0.500000 2 0
708 LN -1 -1 -1 -1.000000 1 0
709 LN -1 -1 -1 -1.000000 1 0
710 LN -1 -1 -1 -1.000000 1 1
711 IN 712 713 7 0.500000 3 0
712 LN -1 -1 -1 -1.000000 1 0
713 IN 714 715 6 0.500000 2 0
714 LN -1 -1 -1 -1.000000 1 0
715 LN -1 -1 -1 -1.000000 1 0
716 IN 717 742 5 0.500000 9 0
717 IN 718 719 15 0.500000 7 0
718 LN -1 -1 -1 -1.000000 1 0
719 IN 720 727 9 0.500000 6 0
720 IN 721 726 10 0.500000 4 1
721 IN 722 723 13 0.500000 3 1
722 LN -1 -1 -1 -1.000000 1 1
723 IN 724 725 7 0.500000 2 0
724 LN -1 -1 -1 -1.000000 1 1
725 LN -1 -1 -1 -1.000000 1 0
726 LN -1 -1 -1 -1.000000 1 0
727 IN 728 735 10 0.500000 5 0
728 IN 729 734 13 0.500000 4 0
729 IN 730 733 8 0.500000 3 0
730 IN 731 732 7 0.500000 2 0
731 LN -1 -1 -1 -1.000000 1 0
732 LN -1 -1 -1 -1.000000 1 0
733 LN -1 -1 -1 -1.000000 1 0
734 LN -1 -1 -1 -1.000000 1 1
735 IN 736 739 7 0.500000 3 0
736 IN 737 738 8 0.500000 2 0
737 LN -1 -1 -1 -1.000000 1 0
738 LN -1 -1 -1 -1.000000 1 0
739 IN 740 741 8 0.500000 2 0
740 LN -1 -1 -1 -1.000000 1 0
741 LN -1 -1 -1 -1.000000 1 1
742 IN 743 774 10 0.500000 8 0
743 IN 744 761 13 0.500000 7 0
744 IN 745 746 9 0.500000 6 0
745 LN -1 -1 -1 -1.000000 1 0
746 IN 747 752 7 0.500000 5 0
747 IN 748 749 15 0.500000 3 0
748 LN -1 -1 -1 -1.000000 1 1
749 IN 750 751 8 0.500000 2 0
750 LN -1 -1 -1 -1.000000 1 0
751 LN -1 -1 -1 -1.000000 1 0
752 IN 753 760 6 0.500000 4 0
753 IN 754 757 15 0.500000 3 0
754 IN 755 756 8 0.500000 2 0
755 LN -1 -1 -1 -1.000000 1 0
756 LN -1 -1 -1 -1.000000 1 1
757 IN 758 759 8 0.500000 2 0
758 LN -1 -1 -1 -1.000000 1 0
759 LN -1 -1 -1 -1.000000 1 0
760 LN -1 -1 -1 -1.000000 1 0
761 IN 762 763 11 0.500000 6 0
762 LN -1 -1 -1 -1.000000 1 0
763 IN 764 771 8 0.500000 5 0
764 IN 765 770 9 0.500000 4 0
765 IN 766 769 7 0.500000 3 0
766 IN 767 768 15 0.500000 2 0
767 LN -1 -1 -1 -1.000000 1 0
768 LN -1 -1 -1 -1.000000 1 0
769 LN -1 -1 -1 -1.000000 1 0
770 LN -1 -1 -1 -1.000000 1 0
771 IN 772 773 7 0.500000 2 0
772 LN -1 -1 -1 -1.000000 1 0
773 LN -1 -1 -1 -1.000000 1 1
774 IN 775 776 15 0.500000 6 0
775 LN -1 -1 -1 -1.000000 1 0
776 IN 777 790 13 0.500000 5 0
777 IN 778 783 9 0.500000 4 0
778 IN 779 780 7 0.500000 3 0
779 LN -1 -1 -1 -1.000000 1 0
780 IN 781 782 6 0.500000 2 0
781 LN -1 -1 -1 -1.000000 1 0
782 LN -1 -1 -1 -1.000000 1 0
783 IN 784 787 8 0.500000 3 0
784 IN 785 786 7 0.500000 2 0
785 LN -1 -1 -1 -1.000000 1 0
786 LN -1 -1 -1 -1.000000 1 0
787 IN 788 789 7 0.500000 2 0
788 LN -1 -1 -1 -1.000000 1 0
789 LN -1 -1 -1 -1.000000 1 0
790 IN 791 794 7 0.500000 3 0
791 IN 792 793 9 0.500000 2 1
792 LN -1 -1 -1 -1.000000 1 0
793 LN -1 -1 -1 -1.000000 1 1
794 IN 795 796 9 0.500000 2 0
795 LN -1 -1 -1 -1.000000 1 0
796 LN -1 -1 -1 -1.000000 1 0
797 IN 798 895 6 0.500000 11 0
798 IN 799 834 5 0.500000 10 0
799 IN 800 829 13 0.500000 7 0
800 IN 801 808 15 0.500000 6 0
801 IN 802 803 8 0.500000 4 0
802 LN -1 -1 -1 -1.000000 1 0
803 IN 804 805 11 0.500000 3 0
804 LN -1 -1 -1 -1.000000 1 0
805 IN 806 807 10 0.500000 2 0
806 LN -1 -1 -1 -1.000000 1 0
807 LN -1 -1 -1 -1.000000 1 0
808 IN 809 814 8 0.500000 5 0
809 IN 810 811 14 0.500000 3 0
810 LN -1 -1 -1 -1.000000 1 0
811 IN 812 813 7 0.500000 2 1
812 LN -1 -1 -1 -1.000000 1 0
813 LN -1 -1 -1 -1.000000 1 1
814 IN 815 822 10 0.500000 4 0
815 IN 816 819 7 0.500000 3 1
816 IN 817 818 14 0.500000 2 1
817 LN -1 -1 -1 -1.000000 1 1
818 LN -1 -1 -1 -1.000000 1 1
819 IN 820 821 14 0.500000 2 0
820 LN -1 -1 -1 -1.000000 1 0
821 LN -1 -1 -1 -1.000000 1 1
822 IN 823 826 7 0.500000 3 0
823 IN 824 825 14 0.500000 2 0
824 LN -1 -1 -1 -1.000000 1 0
825 LN -1 -1 -1 -1.000000 1 0
826 IN 827 828 14 0.500000 2 1
827 LN -1 -1 -1 -1.000000 1 1
828 LN -1 -1 -1 -1.000000 1 1
829 IN 830 831 10 0.500000 3 0
830 LN -1 -1 -1 -1.000000 1 0
831 IN 832 833 9 0.500000 2 0
832 LN -1 -1 -1 -1.000000 1 0
833 LN -1 -1 -1 -1.000000 1 0
834 IN 835 842 9 0.500000 9 0
835 IN 836 837 13 0.500000 4 0
836 LN -1 -1 -1 -1.000000 1 0
837 IN 838 839 10 0.500000 3 0
838 LN -1 -1 -1 -1.000000 1 0
839 IN 840 841 7 0.500000 2 0
840 LN -1 -1 -1 -1.000000 1 0
841 LN -1 -1 -1 -1.000000 1 0
842 IN 843 880 13 0.500000 8 0
843 IN 844 861 10 0.500000 7 0
844 IN 845 846 11 0.500000 6 0
845 LN -1 -1 -1 -1.000000 1 0
846 IN 847 852 7 0.500000 5 0
847 IN 848 849 8 0.500000 3 0
848 LN -1 -1 -1 -1.000000 1 0
849 IN 850 851 14 0.500000 2 0
850 LN -1 -1 -1 -1.000000 1 0
851 LN -1 -1 -1 -1.000000 1 0
852 IN 853 854 15 0.500000 4 0
853 LN -1 -1 -1 -1.000000 1 0
854 IN 855 858 14 0.500000 3 0
855 IN 856 857 8 0.500000 2 0
856 LN -1 -1 -1 -1.000000 1 0
857 LN -1 -1 -1 -1.000000 1 0
858 IN 859 860 8 0.500000 2 0
859 LN -1 -1 -1 -1.000000 1 0
860 LN -1 -1 -1 -1.000000 1 0
861 IN 862 871 14 0.500000 5 0
862 IN 863 864 7 0.500000 4 0
863 LN -1 -1 -1 -1.000000 1 0
864 IN 865 868 8 0.500000 3 0
865 IN 866 867 15 0.500000 2 1
866 LN -1 -1 -1 -1.000000 1 0
867 LN -1 -1 -1 -1.000000 1 1
868 IN 869 870 15 0.500000 2 0
869 LN -1 -1 -1 -1.000000 1 0
870 LN -1 -1 -1 -1.000000 1 0
871 IN 872 875 7 0.500000 4 0
872 IN 873 874 8 0.500000 2 0
873 LN -1 -1 -1 -1.000000 1 0
874 LN -1 -1 -1 -1.000000 1 0
875 IN 876 877 8 0.500000 3 0
876 LN -1 -1 -1 -1.000000 1 1
877 IN 878 879 15 0.500000 2 0
878 LN -1 -1 -1 -1.000000 1 0
879 LN -1 -1 -1 -1.000000 1 0
880 IN 881 888 8 0.500000 5 0
881 IN 882 883 15 0.500000 4 0
882 LN -1 -1 -1 -1.000000 1 1
883 IN 884 885 7 0.500000 3 0
884 LN -1 -1 -1 -1.000000 1 0
885 IN 886 887 10 0.500000 2 0
886 LN -1 -1 -1 -1.000000 1 0
887 LN -1 -1 -1 -1.000000 1 0
888 IN 889 890 7 0.500000 4 0
889 LN -1 -1 -1 -1.000000 1 0
890 IN 891 894 10 0.500000 3 0
891 IN 892 893 15 0.500000 2 0
892 LN -1 -1 -1 -1.000000 1 0
893 LN -1 -1 -1 -1.000000 1 1
894 LN -1 -1 -1 -1.000000 1 0
895 IN 896 897 14 0.500000 3 1
896 LN -1 -1 -1 -1.000000 1 1
897 IN 898 899 10 0.500000 2 1
898 LN -1 -1 -1 -1.000000 1 0
899 LN -1 -1 -1 -1.000000 1 1
900 IN 901 958 15 0.500000 11 0
901 IN 902 939 6 0.500000 9 0
902 IN 903 928 1 0.500000 8 0
903 IN 904 925 13 0.500000 7 0
904 IN 905 916 14 0.500000 6 0
905 IN 906 907 5 0.500000 5 0
906 LN -1 -1 -1 -1.000000 1 0
907 IN 908 909 7 0.500000 4 0
908 LN -1 -1 -1 -1.000000 1 0
909 IN 910 913 8 0.500000 3 0
910 IN 911 912 10 0.500000 2 0
911 LN -1 -1 -1 -1.000000 1 0
912 LN -1 -1 -1 -1.000000 1 0
913 IN 914 915 10 0.500000 2 0
914 LN -1 -1 -1 -1.000000 1 0
915 LN -1 -1 -1 -1.000000 1 0
916 IN 917 918 5 0.500000 4 0
917 LN -1 -1 -1 -1.000000 1 0
918 IN 919 922 8 0.500000 3 0
919 IN 920 921 7 0.500000 2 0
920 LN -1 -1 -1 -1.000000 1 0
921 LN -1 -1 -1 -1.000000 1 1
922 IN 923 924 10 0.500000 2 0
923 LN -1 -1 -1 -1.000000 1 1
924 LN -1 -1 -1 -1.000000 1 0
925 IN 926 927 5 0.500000 2 0
926 LN -1 -1 -1 -1.000000 1 0
927 LN -1 -1 -1 -1.000000 1 1
928 IN 929 938 13 0.500000 5 1
929 IN 930 935 14 0.500000 4 1
930 IN 931 932 10 0.500000 3 0
931 LN -1 -1 -1 -1.000000 1 0
932 IN 933 934 8 0.500000 2 1
933 LN -1 -1 -1 -1.000000 1 0
934 LN -1 -1 -1 -1.000000 1 1
935 IN 936 937 8 0.500000 2 1
936 LN -1 -1 -1 -1.000000 1 1
937 LN -1 -1 -1 -1.000000 1 1
938 LN -1 -1 -1 -1.000000 1 1
939 IN 940 953 1 0.500000 5 0
940 IN 941 948 10 0.500000 4 0
941 IN 942 945 8 0.500000 3 0
942 IN 943 944 14 0.500000 2 0
943 LN -1 -1 -1 -1.000000 1 0
944 LN -1 -1 -1 -1.000000 1 1
945 IN 946 947 14 0.500000 2 0
946 LN -1 -1 -1 -1.000000 1 0
947 LN -1 -1 -1 -1.000000 1 0
948 IN 949 952 8 0.500000 3 0
949 IN 950 951 14 0.500000 2 0
950 LN -1 -1 -1 -1.000000 1 0
951 LN -1 -1 -1 -1.000000 1 1
952 LN -1 -1 -1 -1.000000 1 0
953 IN 954 955 8 0.500000 3 0
954 LN -1 -1 -1 -1.000000 1 0
955 IN 956 957 10 0.500000 2 1
956 LN -1 -1 -1 -1.000000 1 0
957 LN -1 -1 -1 -1.000000 1 1
958 IN 959 1066 6 0.500000 10 0
959 IN 960 999 7 0.500000 9 0
960 IN 961 968 9 0.500000 8 0
961 IN 962 965 10 0.500000 3 1
962 IN 963 964 14 0.500000 2 1
963 LN -1 -1 -1 -1.000000 1 1
964 LN -1 -1 -1 -1.000000 1 0
965 IN 966 967 13 0.500000 2 0
966 LN -1 -1 -1 -1.000000 1 1
967 LN -1 -1 -1 -1.000000 1 0
968 IN 969 990 1 0.500000 7 0
969 IN 970 971 5 0.500000 6 0
970 LN -1 -1 -1 -1.000000 1 0
971 IN 972 981 10 0.500000 5 0
972 IN 973 978 8 0.500000 4 0
973 IN 974 975 14 0.500000 3 0
974 LN -1 -1 -1 -1.000000 1 0
975 IN 976 977 13 0.500000 2 0
976 LN -1 -1 -1 -1.000000 1 0
977 LN -1 -1 -1 -1.000000 1 0
978 IN 979 980 14 0.500000 2 0
979 LN -1 -1 -1 -1.000000 1 1
980 LN -1 -1 -1 -1.000000 1 0
981 IN 982 985 14 0.500000 4 0
982 IN 983 984 8 0.500000 2 0
983 LN -1 -1 -1 -1.000000 1 0
984 LN -1 -1 -1 -1.000000 1 0
985 IN 986 987 13 0.500000 3 0
986 LN -1 -1 -1 -1.000000 1 0
987 IN 988 989 8 0.500000 2 0
988 LN -1 -1 -1 -1.000000 1 0
989 LN -1 -1 -1 -1.000000 1 1
990 IN 991 992 10 0.500000 5 0
991 LN -1 -1 -1 -1.000000 1 0
992 IN 993 994 14 0.500000 4 0
993 LN -1 -1 -1 -1.000000 1 0
994 IN 995 998 13 0.500000 3 0
995 IN 996 997 8 0.500000 2 0
996 LN -1 -1 -1 -1.000000 1 0
997 LN -1 -1 -1 -1.000000 1 1
998 LN -1 -1 -1 -1.000000 1 1
999 IN 1000 1037 8 0.500000 8 0
1000 IN 1001 1024 1 0.500000 7 0
1001 IN 1002 1007 9 0.500000 6 0
1002 IN 1003 1004 14 0.500000 3 0
1003 LN -1 -1 -1 -1.000000 1 0
1004 IN 1005 1006 13 0.500000 2 0
1005 LN -1 -1 -1 -1.000000 1 1
1006 LN -1 -1 -1 -1.000000 1 0
1007 IN 1008 1015 14 0.500000 5 0
1008 IN 1009 1012 10 0.500000 3 0
1009 IN 1010 1011 5 0.500000 2 0
1010 LN -1 -1 -1 -1.000000 1 0
1011 LN -1 -1 -1 -1.000000 1 0
1012 IN 1013 1014 5 0.500000 2 0
1013 LN -1 -1 -1 -1.000000 1 0
1014 LN -1 -1 -1 -1.000000 1 0
1015 IN 1016 1021 10 0.500000 4 1
1016 IN 1017 1020 13 0.500000 3 1
1017 IN 1018 1019 5 0.500000 2 1
1018 LN -1 -1 -1 -1.000000 1 1
1019 LN -1 -1 -1 -1.000000 1 0
1020 LN -1 -1 -1 -1.000000 1 1
1021 IN 1022 1023 13 0.500000 2 0
1022 LN -1 -1 -1 -1.000000 1 0
1023 LN -1 -1 -1 -1.000000 1 0
1024 IN 1025 1032 10 0.500000 5 1
1025 IN 1026 1027 9 0.500000 4 1
1026 LN -1 -1 -1 -1.000000 1 0
1027 IN 1028 1029 14 0.500000 3 1
1028 LN -1 -1 -1 -1.000000 1 0
1029 IN 1030 1031 13 0.500000 2 1
1030 LN -1 -1 -1 -1.000000 1 0
1031 LN -1 -1 -1 -1.000000 1 1
1032 IN 1033 1034 14 0.500000 3 1
1033 LN -1 -1 -1 -1.000000 1 0
1034 IN 1035 1036 13 0.500000 2 1
1035 LN -1 -1 -1 -1.000000 1 0
1036 LN -1 -1 -1 -1.000000 1 1
1037 IN 1038 1045 5 0.500000 6 0
1038 IN 1039 1042 14 0.500000 3 0
1039 IN 1040 1041 10 0.500000 2 0
1040 LN -1 -1 -1 -1.000000 1 1
1041 LN -1 -1 -1 -1.000000 1 0
1042 IN 1043 1044 10 0.500000 2 0
1043 LN -1 -1 -1 -1.000000 1 0
1044 LN -1 -1 -1 -1.000000 1 1
1045 IN 1046 1055 10 0.500000 5 0
1046 IN 1047 1050 14 0.500000 4 0
1047 IN 1048 1049 1 0.500000 2 0
1048 LN -1 -1 -1 -1.000000 1 0
1049 LN -1 -1 -1 -1.000000 1 0
1050 IN 1051 1054 1 0.500000 3 0
1051 IN 1052 1053 13 0.500000 2 1
1052 LN -1 -1 -1 -1.000000 1 0
1053 LN -1 -1 -1 -1.000000 1 1
1054 LN -1 -1 -1 -1.000000 1 0
1055 IN 1056 1063 13 0.500000 4 0
1056 IN 1057 1060 14 0.500000 3 0
1057 IN 1058 1059 1 0.500000 2 0
1058 LN -1 -1 -1 -1.000000 1 0
1059 LN -1 -1 -1 -1.000000 1 0
1060 IN 1061 1062 1 0.500000 2 0
1061 LN -1 -1 -1 -1.000000 1 0
1062 LN -1 -1 -1 -1.000000 1 0
1063 IN 1064 1065 1 0.500000 2 1
1064 LN -1 -1 -1 -1.000000 1 1
1065 LN -1 -1 -1 -1.000000 1 1
1066 IN 1067 1100 13 0.500000 7 0
1067 IN 1068 1087 8 0.500000 6 0
1068 IN 1069 1076 10 0.500000 5 0
1069 IN 1070 1073 14 0.500000 3 0
1070 IN 1071 1072 1 0.500000 2 0
1071 LN -1 -1 -1 -1.000000 1 0
1072 LN -1 -1 -1 -1.000000 1 0
1073 IN 1074 1075 1 0.500000 2 1
1074 LN -1 -1 -1 -1.000000 1 1
1075 LN -1 -1 -1 -1.000000 1 0
1076 IN 1077 1084 1 0.500000 4 0
1077 IN 1078 1081 9 0.500000 3 0
1078 IN 1079 1080 14 0.500000 2 0
1079 LN -1 -1 -1 -1.000000 1 1
1080 LN -1 -1 -1 -1.000000 1 0
1081 IN 1082 1083 14 0.500000 2 0
1082 LN -1 -1 -1 -1.000000 1 0
1083 LN -1 -1 -1 -1.000000 1 0
1084 IN 1085 1086 14 0.500000 2 1
1085 LN -1 -1 -1 -1.000000 1 1
1086 LN -1 -1 -1 -1.000000 1 1
1087 IN 1088 1093 10 0.500000 4 1
1088 IN 1089 1092 1 0.500000 3 1
1089 IN 1090 1091 14 0.500000 2 1
1090 LN -1 -1 -1 -1.000000 1 1
1091 LN -1 -1 -1 -1.000000 1 1
1092 LN -1 -1 -1 -1.000000 1 0
1093 IN 1094 1097 14 0.500000 3 1
1094 IN 1095 1096 1 0.500000 2 0
1095 LN -1 -1 -1 -1.000000 1 0
1096 LN -1 -1 -1 -1.000000 1 1
1097 IN 1098 1099 1 0.500000 2 1
1098 LN -1 -1 -1 -1.000000 1 1
1099 LN -1 -1 -1 -1.000000 1 1
1100 IN 1101 1102 1 0.500000 2 1
1101 LN -1 -1 -1 -1.000000 1 1
1102 LN -1 -1 -1 -1.000000 1 1
1103 IN 1104 1125 9 0.500000 12 0
1104 IN 1105 1118 3 0.500000 6 0
1105 IN 1106 1107 7 0.500000 5 0
1106 LN -1 -1 -1 -1.000000 1 0
1107 IN 1108 1113 13 0.500000 4 0
1108 IN 1109 1112 1 0.500000 3 0
1109 IN 1110 1111 10 0.500000 2 0
1110 LN -1 -1 -1 -1.000000 1 0
1111 LN -1 -1 -1 -1.000000 1 1
1112 LN -1 -1 -1 -1.000000 1 0
1113 IN 1114 1115 1 0.500000 3 0
1114 LN -1 -1 -1 -1.000000 1 0
1115 IN 1116 1117 10 0.500000 2 0
1116 LN -1 -1 -1 -1.000000 1 0
1117 LN -1 -1 -1 -1.000000 1 0
1118 IN 1119 1124 1 0.500000 4 0
1119 IN 1120 1121 7 0.500000 3 0
1120 LN -1 -1 -1 -1.000000 1 0
1121 IN 1122 1123 13 0.500000 2 0
1122 LN -1 -1 -1 -1.000000 1 0
1123 LN -1 -1 -1 -1.000000 1 0
1124 LN -1 -1 -1 -1.000000 1 0
1125 IN 1126 1175 1 0.500000 11 0
1126 IN 1127 1160 8 0.500000 8 0
1127 IN 1128 1139 3 0.500000 7 0
1128 IN 1129 1134 7 0.500000 4 1
1129 IN 1130 1133 13 0.500000 3 1
1130 IN 1131 1132 14 0.500000 2 1
1131 LN -1 -1 -1 -1.000000 1 0
1132 LN -1 -1 -1 -1.000000 1 1
1133 LN -1 -1 -1 -1.000000 1 1
1134 IN 1135 1138 13 0.500000 3 0
1135 IN 1136 1137 14 0.500000 2 0
1136 LN -1 -1 -1 -1.000000 1 0
1137 LN -1 -1 -1 -1.000000 1 0
1138 LN -1 -1 -1 -1.000000 1 1
1139 IN 1140 1145 14 0.500000 6 0
1140 IN 1141 1144 6 0.500000 3 0
1141 IN 1142 1143 15 0.500000 2 0
1142 LN -1 -1 -1 -1.000000 1 1
1143 LN -1 -1 -1 -1.000000 1 0
1144 LN -1 -1 -1 -1.000000 1 0
1145 IN 1146 1149 7 0.500000 5 0
1146 IN 1147 1148 13 0.500000 2 0
1147 LN -1 -1 -1 -1.000000 1 0
1148 LN -1 -1 -1 -1.000000 1 1
1149 IN 1150 1155 10 0.500000 4 0
1150 IN 1151 1152 13 0.500000 3 0
1151 LN -1 -1 -1 -1.000000 1 0
1152 IN 1153 1154 6 0.500000 2 0
1153 LN -1 -1 -1 -1.000000 1 0
1154 LN -1 -1 -1 -1.000000 1 0
1155 IN 1156 1159 6 0.500000 3 0
1156 IN 1157 1158 13 0.500000 2 0
1157 LN -1 -1 -1 -1.000000 1 0
1158 LN -1 -1 -1 -1.000000 1 0
1159 LN -1 -1 -1 -1.000000 1 1
1160 IN 1161 1162 3 0.500000 6 0
1161 LN -1 -1 -1 -1.000000 1 0
1162 IN 1163 1164 10 0.500000 5 0
1163 LN -1 -1 -1 -1.000000 1 0
1164 IN 1165 1170 15 0.500000 4 0
1165 IN 1166 1169 6 0.500000 3 0
1166 IN 1167 1168 14 0.500000 2 0
1167 LN -1 -1 -1 -1.000000 1 0
1168 LN -1 -1 -1 -1.000000 1 1
1169 LN -1 -1 -1 -1.000000 1 0
1170 IN 1171 1172 14 0.500000 3 0
1171 LN -1 -1 -1 -1.000000 1 0
1172 IN 1173 1174 6 0.500000 2 0
1173 LN -1 -1 -1 -1.000000 1 0
1174 LN -1 -1 -1 -1.000000 1 0
1175 IN 1176 1199 3 0.500000 10 0
1176 IN 1177 1188 13 0.500000 6 0
1177 IN 1178 1181 5 0.500000 5 0
1178 IN 1179 1180 14 0.500000 2 0
1179 LN -1 -1 -1 -1.000000 1 1
1180 LN -1 -1 -1 -1.000000 1 0
1181 IN 1182 1183 14 0.500000 4 0
1182 LN -1 -1 -1 -1.000000 1 0
1183 IN 1184 1187 10 0.500000 3 0
1184 IN 1185 1186 8 0.500000 2 0
1185 LN -1 -1 -1 -1.000000 1 0
1186 LN -1 -1 -1 -1.000000 1 1
1187 LN -1 -1 -1 -1.000000 1 0
1188 IN 1189 1192 7 0.500000 5 0
1189 IN 1190 1191 15 0.500000 2 0
1190 LN -1 -1 -1 -1.000000 1 1
1191 LN -1 -1 -1 -1.000000 1 0
1192 IN 1193 1194 10 0.500000 4 0
1193 LN -1 -1 -1 -1.000000 1 0
1194 IN 1195 1196 15 0.500000 3 0
1195 LN -1 -1 -1 -1.000000 1 1
1196 IN 1197 1198 8 0.500000 2 0
1197 LN -1 -1 -1 -1.000000 1 0
1198 LN -1 -1 -1 -1.000000 1 0
1199 IN 1200 1207 10 0.500000 9 1
1200 IN 1201 1202 14 0.500000 4 1
1201 LN -1 -1 -1 -1.000000 1 1
1202 IN 1203 1206 6 0.500000 3 1
1203 IN 1204 1205 8 0.500000 2 0
1204 LN -1 -1 -1 -1.000000 1 0
1205 LN -1 -1 -1 -1.000000 1 0
1206 LN -1 -1 -1 -1.000000 1 1
1207 IN 1208 1229 8 0.500000 8 1
1208 IN 1209 1224 6 0.500000 7 0
1209 IN 1210 1213 15 0.500000 6 1
1210 IN 1211 1212 7 0.500000 2 1
1211 LN -1 -1 -1 -1.000000 1 1
1212 LN -1 -1 -1 -1.000000 1 0
1213 IN 1214 1215 14 0.500000 5 1
1214 LN -1 -1 -1 -1.000000 1 0
1215 IN 1216 1219 7 0.500000 4 1
1216 IN 1217 1218 13 0.500000 2 0
1217 LN -1 -1 -1 -1.000000 1 1
1218 LN -1 -1 -1 -1.000000 1 0
1219 IN 1220 1223 13 0.500000 3 1
1220 IN 1221 1222 5 0.500000 2 1
1221 LN -1 -1 -1 -1.000000 1 0
1222 LN -1 -1 -1 -1.000000 1 1
1223 LN -1 -1 -1 -1.000000 1 1
1224 IN 1225 1226 13 0.500000 3 0
1225 LN -1 -1 -1 -1.000000 1 0
1226 IN 1227 1228 5 0.500000 2 1
1227 LN -1 -1 -1 -1.000000 1 0
1228 LN -1 -1 -1 -1.000000 1 1
1229 IN 1230 1241 6 0.500000 5 1
1230 IN 1231 1234 7 0.500000 4 0
1231 IN 1232 1233 13 0.500000 2 1
1232 LN -1 -1 -1 -1.000000 1 0
1233 LN -1 -1 -1 -1.000000 1 1
1234 IN 1235 1238 5 0.500000 3 0
1235 IN 1236 1237 14 0.500000 2 1
1236 LN -1 -1 -1 -1.000000 1 0
1237 LN -1 -1 -1 -1.000000 1 1
1238 IN 1239 1240 13 0.500000 2 0
1239 LN -1 -1 -1 -1.000000 1 0
1240 LN -1 -1 -1 -1.000000 1 0
1241 IN 1242 1243 15 0.500000 3 1
1242 LN -1 -1 -1 -1.000000 1 1
1243 IN 1244 1245 13 0.500000 2 1
1244 LN -1 -1 -1 -1.000000 1 1
1245 LN -1 -1 -1 -1.000000 1 1
1246 IN 1247 1480 8 0.500000 13 0
1247 IN 1248 1293 15 0.500000 12 0
1248 IN 1249 1258 9 0.500000 9 0
1249 IN 1250 1251 5 0.500000 5 0
1250 LN -1 -1 -1 -1.000000 1 0
1251 IN 1252 1257 14 0.500000 4 0
1252 IN 1253 1256 10 0.500000 3 0
1253 IN 1254 1255 11 0.500000 2 0
1254 LN -1 -1 -1 -1.000000 1 1
1255 LN -1 -1 -1 -1.000000 1 0
1256 LN -1 -1 -1 -1.000000 1 0
1257 LN -1 -1 -1 -1.000000 1 0
1258 IN 1259 1282 3 0.500000 8 0
1259 IN 1260 1261 5 0.500000 7 0
1260 LN -1 -1 -1 -1.000000 1 0
1261 IN 1262 1275 1 0.500000 6 0
1262 IN 1263 1264 11 0.500000 5 0
1263 LN -1 -1 -1 -1.000000 1 0
1264 IN 1265 1272 14 0.500000 4 0
1265 IN 1266 1269 10 0.500000 3 0
1266 IN 1267 1268 7 0.500000 2 0
1267 LN -1 -1 -1 -1.000000 1 0
1268 LN -1 -1 -1 -1.000000 1 0
1269 IN 1270 1271 7 0.500000 2 0
1270 LN -1 -1 -1 -1.000000 1 0
1271 LN -1 -1 -1 -1.000000 1 0
1272 IN 1273 1274 10 0.500000 2 0
1273 LN -1 -1 -1 -1.000000 1 0
1274 LN -1 -1 -1 -1.000000 1 1
1275 IN 1276 1277 14 0.500000 4 1
1276 LN -1 -1 -1 -1.000000 1 1
1277 IN 1278 1279 13 0.500000 3 1
1278 LN -1 -1 -1 -1.000000 1 1
1279 IN 1280 1281 10 0.500000 2 0
1280 LN -1 -1 -1 -1.000000 1 1
1281 LN -1 -1 -1 -1.000000 1 0
1282 IN 1283 1284 10 0.500000 5 0
1283 LN -1 -1 -1 -1.000000 1 0
1284 IN 1285 1290 6 0.500000 4 0
1285 IN 1286 1289 14 0.500000 3 0
1286 IN 1287 1288 7 0.500000 2 0
1287 LN -1 -1 -1 -1.000000 1 0
1288 LN -1 -1 -1 -1.000000 1 1
1289 LN -1 -1 -1 -1.000000 1 0
1290 IN 1291 1292 14 0.500000 2 0
1291 LN -1 -1 -1 -1.000000 1 1
1292 LN -1 -1 -1 -1.000000 1 0
1293 IN 1294 1345 14 0.500000 11 0
1294 IN 1295 1300 5 0.500000 9 0
1295 IN 1296 1297 7 0.500000 3 0
1296 LN -1 -1 -1 -1.000000 1 0
1297 IN 1298 1299 10 0.500000 2 0
1298 LN -1 -1 -1 -1.000000 1 0
1299 LN -1 -1 -1 -1.000000 1 0
1300 IN 1301 1324 3 0.500000 8 0
1301 IN 1302 1309 7 0.500000 6 0
1302 IN 1303 1304 9 0.500000 4 0
1303 LN -1 -1 -1 -1.000000 1 0
1304 IN 1305 1308 1 0.500000 3 0
1305 IN 1306 1307 10 0.500000 2 0
1306 LN -1 -1 -1 -1.000000 1 0
1307 LN -1 -1 -1 -1.000000 1 0
1308 LN -1 -1 -1 -1.000000 1 0
1309 IN 1310 1319 6 0.500000 5 0
1310 IN 1311 1312 9 0.500000 4 0
1311 LN -1 -1 -1 -1.000000 1 0
1312 IN 1313 1316 10 0.500000 3 0
1313 IN 1314 1315 1 0.500000 2 0
1314 LN -1 -1 -1 -1.000000 1 1
1315 LN -1 -1 -1 -1.000000 1 0
1316 IN 1317 1318 1 0.500000 2 0
1317 LN -1 -1 -1 -1.000000 1 0
1318 LN -1 -1 -1 -1.000000 1 1
1319 IN 1320 1321 1 0.500000 3 1
1320 LN -1 -1 -1 -1.000000 1 1
1321 IN 1322 1323 10 0.500000 2 1
1322 LN -1 -1 -1 -1.000000 1 0
1323 LN -1 -1 -1 -1.000000 1 1
1324 IN 1325 1340 1 0.500000 7 1
1325 IN 1326 1339 16 0.500000 6 1
1326 IN 1327 1336 6 0.500000 5 1
1327 IN 1328 1333 10 0.500000 4 1
1328 IN 1329 1330 9 0.500000 3 1
1329 LN -1 -1 -1 -1.000000 1 1
1330 IN 1331 1332 7 0.500000 2 0
1331 LN -1 -1 -1 -1.000000 1 0
1332 LN -1 -1 -1 -1.000000 1 0
1333 IN 1334 1335 7 0.500000 2 1
1334 LN -1 -1 -1 -1.000000 1 0
1335 LN -1 -1 -1 -1.000000 1 1
1336 IN 1337 1338 10 0.500000 2 1
1337 LN -1 -1 -1 -1.000000 1 1
1338 LN -1 -1 -1 -1.000000 1 0
1339 LN -1 -1 -1 -1.000000 1 0
1340 IN 1341 1342 16 0.500000 3 0
1341 LN -1 -1 -1 -1.000000 1 0
1342 IN 1343 1344 6 0.500000 2 0
1343 LN -1 -1 -1 -1.000000 1 0
1344 LN -1 -1 -1 -1.000000 1 1
1345 IN 1346 1397 9 0.500000 10 1
1346 IN 1347 1378 3 0.500000 9 0
1347 IN 1348 1373 16 0.500000 8 0
1348 IN 1349 1370 6 0.500000 7 0
1349 IN 1350 1355 7 0.500000 6 0
1350 IN 1351 1354 13 0.500000 3 0
1351 IN 1352 1353 10 0.500000 2 0
1352 LN -1 -1 -1 -1.000000 1 1
1353 LN -1 -1 -1 -1.000000 1 0
1354 LN -1 -1 -1 -1.000000 1 0
1355 IN 1356 1357 5 0.500000 5 0
1356 LN -1 -1 -1 -1.000000 1 0
1357 IN 1358 1365 1 0.500000 4 0
1358 IN 1359 1362 13 0.500000 3 0
1359 IN 1360 1361 10 0.500000 2 0
1360 LN -1 -1 -1 -1.000000 1 0
1361 LN -1 -1 -1 -1.000000 1 1
1362 IN 1363 1364 10 0.500000 2 0
1363 LN -1 -1 -1 -1.000000 1 0
1364 LN -1 -1 -1 -1.000000 1 0
1365 IN 1366 1367 10 0.500000 3 0
1366 LN -1 -1 -1 -1.000000 1 0
1367 IN 1368 1369 13 0.500000 2 0
1368 LN -1 -1 -1 -1.000000 1 0
1369 LN -1 -1 -1 -1.000000 1 0
1370 IN 1371 1372 1 0.500000 2 0
1371 LN -1 -1 -1 -1.000000 1 0
1372 LN -1 -1 -1 -1.000000 1 1
1373 IN 1374 1375 10 0.500000 3 1
1374 LN -1 -1 -1 -1.000000 1 0
1375 IN 1376 1377 13 0.500000 2 1
1376 LN -1 -1 -1 -1.000000 1 1
1377 LN -1 -1 -1 -1.000000 1 1
1378 IN 1379 1396 1 0.500000 7 1
1379 IN 1380 1395 6 0.500000 6 1
1380 IN 1381 1382 10 0.500000 5 1
1381 LN -1 -1 -1 -1.000000 1 1
1382 IN 1383 1388 7 0.500000 4 1
1383 IN 1384 1387 13 0.500000 3 1
1384 IN 1385 1386 16 0.500000 2 0
1385 LN -1 -1 -1 -1.000000 1 0
1386 LN -1 -1 -1 -1.000000 1 1
1387 LN -1 -1 -1 -1.000000 1 1
1388 IN 1389 1392 16 0.500000 3 1
1389 IN 1390 1391 13 0.500000 2 1
1390 LN -1 -1 -1 -1.000000 1 1
1391 LN -1 -1 -1 -1.000000 1 0
1392 IN 1393 1394 13 0.500000 2 0
1393 LN -1 -1 -1 -1.000000 1 0
1394 LN -1 -1 -1 -1.000000 1 1
1395 LN -1 -1 -1 -1.000000 1 0
1396 LN -1 -1 -1 -1.000000 1 1
1397 IN 1398 1443 1 0.500000 9 1
1398 IN 1399 1420 3 0.500000 7 1
1399 IN 1400 1403 5 0.500000 6 1
1400 IN 1401 1402 7 0.500000 2 1
1401 LN -1 -1 -1 -1.000000 1 0
1402 LN -1 -1 -1 -1.000000 1 1
1403 IN 1404 1411 10 0.500000 5 1
1404 IN 1405 1410 13 0.500000 4 0
1405 IN 1406 1407 7 0.500000 3 0
1406 LN -1 -1 -1 -1.000000 1 1
1407 IN 1408 1409 6 0.500000 2 0
1408 LN -1 -1 -1 -1.000000 1 0
1409 LN -1 -1 -1 -1.000000 1 1
1410 LN -1 -1 -1 -1.000000 1 0
1411 IN 1412 1417 13 0.500000 4 1
1412 IN 1413 1414 7 0.500000 3 1
1413 LN -1 -1 -1 -1.000000 1 1
1414 IN 1415 1416 6 0.500000 2 1
1415 LN -1 -1 -1 -1.000000 1 1
1416 LN -1 -1 -1 -1.000000 1 0
1417 IN 1418 1419 16 0.500000 2 1
1418 LN -1 -1 -1 -1.000000 1 0
1419 LN -1 -1 -1 -1.000000 1 1
1420 IN 1421 1434 13 0.500000 6 1
1421 IN 1422 1425 7 0.500000 5 0
1422 IN 1423 1424 16 0.500000 2 0
1423 LN -1 -1 -1 -1.000000 1 0
1424 LN -1 -1 -1 -1.000000 1 1
1425 IN 1426 1431 6 0.500000 4 0
1426 IN 1427 1430 16 0.500000 3 0
1427 IN 1428 1429 10 0.500000 2 0
1428 LN -1 -1 -1 -1.000000 1 0
1429 LN -1 -1 -1 -1.000000 1 0
1430 LN -1 -1 -1 -1.000000 1 1
1431 IN 1432 1433 10 0.500000 2 0
1432 LN -1 -1 -1 -1.000000 1 0
1433 LN -1 -1 -1 -1.000000 1 0
1434 IN 1435 1438 7 0.500000 4 1
1435 IN 1436 1437 10 0.500000 2 1
1436 LN -1 -1 -1 -1.000000 1 0
1437 LN -1 -1 -1 -1.000000 1 1
1438 IN 1439 1442 6 0.500000 3 1
1439 IN 1440 1441 16 0.500000 2 1
1440 LN -1 -1 -1 -1.000000 1 1
1441 LN -1 -1 -1 -1.000000 1 1
1442 LN -1 -1 -1 -1.000000 1 1
1443 IN 1444 1449 5 0.500000 8 1
1444 IN 1445 1448 13 0.500000 3 0
1445 IN 1446 1447 10 0.500000 2 0
1446 LN -1 -1 -1 -1.000000 1 0
1447 LN -1 -1 -1 -1.000000 1 1
1448 LN -1 -1 -1 -1.000000 1 0
1449 IN 1450 1471 16 0.500000 7 1
1450 IN 1451 1452 7 0.500000 6 1
1451 LN -1 -1 -1 -1.000000 1 1
1452 IN 1453 1464 6 0.500000 5 1
1453 IN 1454 1459 10 0.500000 4 1
1454 IN 1455 1456 3 0.500000 3 1
1455 LN -1 -1 -1 -1.000000 1 1
1456 IN 1457 1458 13 0.500000 2 1
1457 LN -1 -1 -1 -1.000000 1 1
1458 LN -1 -1 -1 -1.000000 1 0
1459 IN 1460 1463 3 0.500000 3 0
1460 IN 1461 1462 13 0.500000 2 0
1461 LN -1 -1 -1 -1.000000 1 0
1462 LN -1 -1 -1 -1.000000 1 0
1463 LN -1 -1 -1 -1.000000 1 1
1464 IN 1465 1468 10 0.500000 3 1
1465 IN 1466 1467 13 0.500000 2 0
1466 LN -1 -1 -1 -1.000000 1 0
1467 LN -1 -1 -1 -1.000000 1 0
1468 IN 1469 1470 13 0.500000 2 1
1469 LN -1 -1 -1 -1.000000 1 1
1470 LN -1 -1 -1 -1.000000 1 1
1471 IN 1472 1473 13 0.500000 5 1
1472 LN -1 -1 -1 -1.000000 1 0
1473 IN 1474 1479 6 0.500000 4 1
1474 IN 1475 1478 3 0.500000 3 1
1475 IN 1476 1477 7 0.500000 2 0
1476 LN -1 -1 -1 -1.000000 1 0
1477 LN -1 -1 -1 -1.000000 1 1
1478 LN -1 -1 -1 -1.000000 1 1
1479 LN -1 -1 -1 -1.000000 1 1
1480 IN 1481 1614 6 0.500000 11 1
1481 IN 1482 1563 3 0.500000 10 1
1482 IN 1483 1488 11 0.500000 9 0
1483 IN 1484 1485 5 0.500000 3 0
1484 LN -1 -1 -1 -1.000000 1 0
1485 IN 1486 1487 15 0.500000 2 0
1486 LN -1 -1 -1 -1.000000 1 1
1487 LN -1 -1 -1 -1.000000 1 0
1488 IN 1489 1520 5 0.500000 8 0
1489 IN 1490 1505 7 0.500000 7 0
1490 IN 1491 1504 13 0.500000 6 1
1491 IN 1492 1495 15 0.500000 5 0
1492 IN 1493 1494 14 0.500000 2 0
1493 LN -1 -1 -1 -1.000000 1 0
1494 LN -1 -1 -1 -1.000000 1 0
1495 IN 1496 1501 1 0.500000 4 0
1496 IN 1497 1498 10 0.500000 3 0
1497 LN -1 -1 -1 -1.000000 1 0
1498 IN 1499 1500 14 0.500000 2 0
1499 LN -1 -1 -1 -1.000000 1 0
1500 LN -1 -1 -1 -1.000000 1 1
1501 IN 1502 1503 14 0.500000 2 1
1502 LN -1 -1 -1 -1.000000 1 1
1503 LN -1 -1 -1 -1.000000 1 0
1504 LN -1 -1 -1 -1.000000 1 1
1505 IN 1506 1517 14 0.500000 5 0
1506 IN 1507 1514 1 0.500000 4 1
1507 IN 1508 1511 15 0.500000 3 1
1508 IN 1509 1510 16 0.500000 2 1
1509 LN -1 -1 -1 -1.000000 1 0
1510 LN -1 -1 -1 -1.000000 1 1
1511 IN 1512 1513 10 0.500000 2 1
1512 LN -1 -1 -1 -1.000000 1 0
1513 LN -1 -1 -1 -1.000000 1 1
1514 IN 1515 1516 10 0.500000 2 0
1515 LN -1 -1 -1 -1.000000 1 0
1516 LN -1 -1 -1 -1.000000 1 1
1517 IN 1518 1519 16 0.500000 2 0
1518 LN -1 -1 -1 -1.000000 1 0
1519 LN -1 -1 -1 -1.000000 1 1
1520 IN 1521 1540 1 0.500000 7 0
1521 IN 1522 1533 14 0.500000 5 0
1522 IN 1523 1526 7 0.500000 4 0
1523 IN 1524 1525 15 0.500000 2 0
1524 LN -1 -1 -1 -1.000000 1 0
1525 LN -1 -1 -1 -1.000000 1 0
1526 IN 1527 1530 15 0.500000 3 0
1527 IN 1528 1529 10 0.500000 2 0
1528 LN -1 -1 -1 -1.000000 1 1
1529 LN -1 -1 -1 -1.000000 1 0
1530 IN 1531 1532 10 0.500000 2 0
1531 LN -1 -1 -1 -1.000000 1 0
1532 LN -1 -1 -1 -1.000000 1 0
1533 IN 1534 1537 7 0.500000 3 0
1534 IN 1535 1536 16 0.500000 2 0
1535 LN -1 -1 -1 -1.000000 1 0
1536 LN -1 -1 -1 -1.000000 1 0
1537 IN 1538 1539 10 0.500000 2 0
1538 LN -1 -1 -1 -1.000000 1 1
1539 LN -1 -1 -1 -1.000000 1 0
1540 IN 1541 1546 7 0.500000 6 0
1541 IN 1542 1543 15 0.500000 3 0
1542 LN -1 -1 -1 -1.000000 1 0
1543 IN 1544 1545 14 0.500000 2 0
1544 LN -1 -1 -1 -1.000000 1 0
1545 LN -1 -1 -1 -1.000000 1 0
1546 IN 1547 1554 14 0.500000 5 0
1547 IN 1548 1553 16 0.500000 4 1
1548 IN 1549 1550 15 0.500000 3 1
1549 LN -1 -1 -1 -1.000000 1 0
1550 IN 1551 1552 10 0.500000 2 1
1551 LN -1 -1 -1 -1.000000 1 1
1552 LN -1 -1 -1 -1.000000 1 1
1553 LN -1 -1 -1 -1.000000 1 1
1554 IN 1555 1556 15 0.500000 4 0
1555 LN -1 -1 -1 -1.000000 1 0
1556 IN 1557 1560 10 0.500000 3 0
1557 IN 1558 1559 13 0.500000 2 1
1558 LN -1 -1 -1 -1.000000 1 1
1559 LN -1 -1 -1 -1.000000 1 0
1560 IN 1561 1562 13 0.500000 2 0
1561 LN -1 -1 -1 -1.000000 1 0
1562 LN -1 -1 -1 -1.000000 1 1
1563 IN 1564 1591 1 0.500000 8 1
1564 IN 1565 1574 10 0.500000 7 0
1565 IN 1566 1567 15 0.500000 5 0
1566 LN -1 -1 -1 -1.000000 1 0
1567 IN 1568 1569 14 0.500000 4 0
1568 LN -1 -1 -1 -1.000000 1 0
1569 IN 1570 1573 7 0.500000 3 0
1570 IN 1571 1572 13 0.500000 2 1
1571 LN -1 -1 -1 -1.000000 1 0
1572 LN -1 -1 -1 -1.000000 1 1
1573 LN -1 -1 -1 -1.000000 1 0
1574 IN 1575 1580 7 0.500000 6 1
1575 IN 1576 1579 14 0.500000 3 1
1576 IN 1577 1578 15 0.500000 2 1
1577 LN -1 -1 -1 -1.000000 1 0
1578 LN -1 -1 -1 -1.000000 1 1
1579 LN -1 -1 -1 -1.000000 1 1
1580 IN 1581 1590 16 0.500000 5 0
1581 IN 1582 1585 14 0.500000 4 1
1582 IN 1583 1584 15 0.500000 2 1
1583 LN -1 -1 -1 -1.000000 1 0
1584 LN -1 -1 -1 -1.000000 1 1
1585 IN 1586 1587 5 0.500000 3 0
1586 LN -1 -1 -1 -1.000000 1 0
1587 IN 1588 1589 15 0.500000 2 0
1588 LN -1 -1 -1 -1.000000 1 1
1589 LN -1 -1 -1 -1.000000 1 0
1590 LN -1 -1 -1 -1.000000 1 0
1591 IN 1592 1611 13 0.500000 7 1
1592 IN 1593 1598 14 0.500000 6 1
1593 IN 1594 1595 15 0.500000 3 1
1594 LN -1 -1 -1 -1.000000 1 0
1595 IN 1596 1597 10 0.500000 2 1
1596 LN -1 -1 -1 -1.000000 1 1
1597 LN -1 -1 -1 -1.000000 1 1
1598 IN 1599 1600 15 0.500000 5 1
1599 LN -1 -1 -1 -1.000000 1 1
1600 IN 1601 1606 10 0.500000 4 1
1601 IN 1602 1603 7 0.500000 3 1
1602 LN -1 -1 -1 -1.000000 1 1
1603 IN 1604 1605 16 0.500000 2 1
1604 LN -1 -1 -1 -1.000000 1 1
1605 LN -1 -1 -1 -1.000000 1 1
1606 IN 1607 1610 16 0.500000 3 1
1607 IN 1608 1609 7 0.500000 2 1
1608 LN -1 -1 -1 -1.000000 1 0
1609 LN -1 -1 -1 -1.000000 1 1
1610 LN -1 -1 -1 -1.000000 1 1
1611 IN 1612 1613 16 0.500000 2 1
1612 LN -1 -1 -1 -1.000000 1 1
1613 LN -1 -1 -1 -1.000000 1 0
1614 IN 1615 1626 10 0.500000 6 1
1615 IN 1616 1623 14 0.500000 4 1
1616 IN 1617 1620 15 0.500000 3 1
1617 IN 1618 1619 1 0.500000 2 0
1618 LN -1 -1 -1 -1.000000 1 0
1619 LN -1 -1 -1 -1.000000 1 1
1620 IN 1621 1622 1 0.500000 2 1
1621 LN -1 -1 -1 -1.000000 1 1
1622 LN -1 -1 -1 -1.000000 1 1
1623 IN 1624 1625 13 0.500000 2 1
1624 LN -1 -1 -1 -1.000000 1 1
1625 LN -1 -1 -1 -1.000000 1 0
1626 IN 1627 1636 14 0.500000 5 1
1627 IN 1628 1631 1 0.500000 4 1
1628 IN 1629 1630 15 0.500000 2 0
1629 LN -1 -1 -1 -1.000000 1 0
1630 LN -1 -1 -1 -1.000000 1 1
1631 IN 1632 1633 3 0.500000 3 1
1632 LN -1 -1 -1 -1.000000 1 0
1633 IN 1634 1635 15 0.500000 2 1
1634 LN -1 -1 -1 -1.000000 1 1
1635 LN -1 -1 -1 -1.000000 1 1
1636 IN 1637 1638 3 0.500000 3 1
1637 LN -1 -1 -1 -1.000000 1 0
1638 IN 1639 1640 13 0.500000 2 1
1639 LN -1 -1 -1 -1.000000 1 1
1640 LN -1 -1 -1 -1.000000 1 1
1641 IN 1642 1845 13 0.500000 14 1
1642 IN 1643 1756 12 0.500000 13 1
1643 IN 1644 1691 10 0.500000 12 1
1644 IN 1645 1672 3 0.500000 11 1
1645 IN 1646 1647 9 0.500000 10 0
1646 LN -1 -1 -1 -1.000000 1 0
1647 IN 1648 1649 11 0.500000 9 0
1648 LN -1 -1 -1 -1.000000 1 0
1649 IN 1650 1671 6 0.500000 8 0
1650 IN 1651 1668 16 0.500000 7 0
1651 IN 1652 1653 8 0.500000 6 0
1652 LN -1 -1 -1 -1.000000 1 0
1653 IN 1654 1655 5 0.500000 5 0
1654 LN -1 -1 -1 -1.000000 1 0
1655 IN 1656 1661 15 0.500000 4 0
1656 IN 1657 1660 14 0.500000 3 1
1657 IN 1658 1659 7 0.500000 2 1
1658 LN -1 -1 -1 -1.000000 1 0
1659 LN -1 -1 -1 -1.000000 1 1
1660 LN -1 -1 -1 -1.000000 1 1
1661 IN 1662 1665 7 0.500000 3 0
1662 IN 1663 1664 14 0.500000 2 0
1663 LN -1 -1 -1 -1.000000 1 0
1664 LN -1 -1 -1 -1.000000 1 0
1665 IN 1666 1667 14 0.500000 2 1
1666 LN -1 -1 -1 -1.000000 1 0
1667 LN -1 -1 -1 -1.000000 1 1
1668 IN 1669 1670 15 0.500000 2 0
1669 LN -1 -1 -1 -1.000000 1 0
1670 LN -1 -1 -1 -1.000000 1 0
1671 LN -1 -1 -1 -1.000000 1 0
1672 IN 1673 1690 16 0.500000 7 1
1673 IN 1674 1675 7 0.500000 6 1
1674 LN -1 -1 -1 -1.000000 1 1
1675 IN 1676 1681 14 0.500000 5 1
1676 IN 1677 1678 15 0.500000 3 1
1677 LN -1 -1 -1 -1.000000 1 0
1678 IN 1679 1680 6 0.500000 2 1
1679 LN -1 -1 -1 -1.000000 1 1
1680 LN -1 -1 -1 -1.000000 1 1
1681 IN 1682 1687 6 0.500000 4 1
1682 IN 1683 1684 8 0.500000 3 1
1683 LN -1 -1 -1 -1.000000 1 1
1684 IN 1685 1686 15 0.500000 2 1
1685 LN -1 -1 -1 -1.000000 1 0
1686 LN -1 -1 -1 -1.000000 1 1
1687 IN 1688 1689 8 0.500000 2 1
1688 LN -1 -1 -1 -1.000000 1 1
1689 LN -1 -1 -1 -1.000000 1 1
1690 LN -1 -1 -1 -1.000000 1 1
1691 IN 1692 1715 14 0.500000 9 1
1692 IN 1693 1710 3 0.500000 8 0
1693 IN 1694 1695 5 0.500000 7 0
1694 LN -1 -1 -1 -1.000000 1 0
1695 IN 1696 1699 7 0.500000 6 0
1696 IN 1697 1698 8 0.500000 2 0
1697 LN -1 -1 -1 -1.000000 1 1
1698 LN -1 -1 -1 -1.000000 1 0
1699 IN 1700 1701 8 0.500000 5 0
1700 LN -1 -1 -1 -1.000000 1 0
1701 IN 1702 1707 16 0.500000 4 0
1702 IN 1703 1706 6 0.500000 3 0
1703 IN 1704 1705 15 0.500000 2 0
1704 LN -1 -1 -1 -1.000000 1 0
1705 LN -1 -1 -1 -1.000000 1 0
1706 LN -1 -1 -1 -1.000000 1 0
1707 IN 1708 1709 6 0.500000 2 1
1708 LN -1 -1 -1 -1.000000 1 0
1709 LN -1 -1 -1 -1.000000 1 1
1710 IN 1711 1712 8 0.500000 3 0
1711 LN -1 -1 -1 -1.000000 1 0
1712 IN 1713 1714 6 0.500000 2 0
1713 LN -1 -1 -1 -1.000000 1 0
1714 LN -1 -1 -1 -1.000000 1 0
1715 IN 1716 1723 8 0.500000 8 1
1716 IN 1717 1722 6 0.500000 4 1
1717 IN 1718 1721 3 0.500000 3 0
1718 IN 1719 1720 16 0.500000 2 1
1719 LN -1 -1 -1 -1.000000 1 1
1720 LN -1 -1 -1 -1.000000 1 1
1721 LN -1 -1 -1 -1.000000 1 0
1722 LN -1 -1 -1 -1.000000 1 1
1723 IN 1724 1737 7 0.500000 7 1
1724 IN 1725 1736 3 0.500000 5 0
1725 IN 1726 1729 15 0.500000 4 0
1726 IN 1727 1728 5 0.500000 2 0
1727 LN -1 -1 -1 -1.000000 1 0
1728 LN -1 -1 -1 -1.000000 1 1
1729 IN 1730 1733 5 0.500000 3 0
1730 IN 1731 1732 16 0.500000 2 0
1731 LN -1 -1 -1 -1.000000 1 0
1732 LN -1 -1 -1 -1.000000 1 1
1733 IN 1734 1735 16 0.500000 2 0
1734 LN -1 -1 -1 -1.000000 1 0
1735 LN -1 -1 -1 -1.000000 1 1
1736 LN -1 -1 -1 -1.000000 1 1
1737 IN 1738 1747 16 0.500000 6 1
1738 IN 1739 1746 3 0.500000 5 1
1739 IN 1740 1741 5 0.500000 4 1
1740 LN -1 -1 -1 -1.000000 1 0
1741 IN 1742 1743 15 0.500000 3 1
1742 LN -1 -1 -1 -1.000000 1 1
1743 IN 1744 1745 6 0.500000 2 1
1744 LN -1 -1 -1 -1.000000 1 1
1745 LN -1 -1 -1 -1.000000 1 1
1746 LN -1 -1 -1 -1.000000 1 1
1747 IN 1748 1753 3 0.500000 4 1
1748 IN 1749 1752 6 0.500000 3 0
1749 IN 1750 1751 5 0.500000 2 0
1750 LN -1 -1 -1 -1.000000 1 0
1751 LN -1 -1 -1 -1.000000 1 0
1752 LN -1 -1 -1 -1.000000 1 1
1753 IN 1754 1755 6 0.500000 2 1
1754 LN -1 -1 -1 -1.000000 1 1
1755 LN -1 -1 -1 -1.000000 1 0
1756 IN 1757 1762 5 0.500000 10 1
1757 IN 1758 1761 15 0.500000 3 1
1758 IN 1759 1760 10 0.500000 2 0
1759 LN -1 -1 -1 -1.000000 1 1
1760 LN -1 -1 -1 -1.000000 1 0
1761 LN -1 -1 -1 -1.000000 1 1
1762 IN 1763 1826 6 0.500000 9 1
1763 IN 1764 1775 15 0.500000 8 1
1764 IN 1765 1774 16 0.500000 5 1
1765 IN 1766 1769 8 0.500000 4 1
1766 IN 1767 1768 14 0.500000 2 1
1767 LN -1 -1 -1 -1.000000 1 1
1768 LN -1 -1 -1 -1.000000 1 0
1769 IN 1770 1771 7 0.500000 3 1
1770 LN -1 -1 -1 -1.000000 1 1
1771 IN 1772 1773 14 0.500000 2 1
1772 LN -1 -1 -1 -1.000000 1 0
1773 LN -1 -1 -1 -1.000000 1 1
1774 LN -1 -1 -1 -1.000000 1 1
1775 IN 1776 1791 7 0.500000 7 1
1776 IN 1777 1784 10 0.500000 5 1
1777 IN 1778 1779 8 0.500000 4 1
1778 LN -1 -1 -1 -1.000000 1 1
1779 IN 1780 1783 3 0.500000 3 1
1780 IN 1781 1782 14 0.500000 2 0
1781 LN -1 -1 -1 -1.000000 1 0
1782 LN -1 -1 -1 -1.000000 1 0
1783 LN -1 -1 -1 -1.000000 1 1
1784 IN 1785 1786 14 0.500000 4 1
1785 LN -1 -1 -1 -1.000000 1 1
1786 IN 1787 1790 3 0.500000 3 1
1787 IN 1788 1789 8 0.500000 2 1
1788 LN -1 -1 -1 -1.000000 1 0
1789 LN -1 -1 -1 -1.000000 1 1
1790 LN -1 -1 -1 -1.000000 1 1
1791 IN 1792 1807 10 0.500000 6 1
1792 IN 1793 1800 3 0.500000 5 1
1793 IN 1794 1799 16 0.500000 4 1
1794 IN 1795 1798 14 0.500000 3 1
1795 IN 1796 1797 8 0.500000 2 1
1796 LN -1 -1 -1 -1.000000 1 1
1797 LN -1 -1 -1 -1.000000 1 1
1798 LN -1 -1 -1 -1.000000 1 1
1799 LN -1 -1 -1 -1.000000 1 1
1800 IN 1801 1806 16 0.500000 4 1
1801 IN 1802 1803 14 0.500000 3 1
1802 LN -1 -1 -1 -1.000000 1 0
1803 IN 1804 1805 8 0.500000 2 1
1804 LN -1 -1 -1 -1.000000 1 0
1805 LN -1 -1 -1 -1.000000 1 1
1806 LN -1 -1 -1 -1.000000 1 1
1807 IN 1808 1817 3 0.500000 5 1
1808 IN 1809 1814 16 0.500000 4 1
1809 IN 1810 1811 8 0.500000 3 1
1810 LN -1 -1 -1 -1.000000 1 1
1811 IN 1812 1813 14 0.500000 2 1
1812 LN -1 -1 -1 -1.000000 1 1
1813 LN -1 -1 -1 -1.000000 1 1
1814 IN 1815 1816 8 0.500000 2 0
1815 LN -1 -1 -1 -1.000000 1 0
1816 LN -1 -1 -1 -1.000000 1 0
1817 IN 1818 1823 16 0.500000 4 1
1818 IN 1819 1820 14 0.500000 3 1
1819 LN -1 -1 -1 -1.000000 1 0
1820 IN 1821 1822 8 0.500000 2 1
1821 LN -1 -1 -1 -1.000000 1 0
1822 LN -1 -1 -1 -1.000000 1 1
1823 IN 1824 1825 14 0.500000 2 1
1824 LN -1 -1 -1 -1.000000 1 1
1825 LN -1 -1 -1 -1.000000 1 1
1826 IN 1827 1838 16 0.500000 6 1
1827 IN 1828 1831 3 0.500000 5 1
1828 IN 1829 1830 10 0.500000 2 0
1829 LN -1 -1 -1 -1.000000 1 1
1830 LN -1 -1 -1 -1.000000 1 0
1831 IN 1832 1833 14 0.500000 4 1
1832 LN -1 -1 -1 -1.000000 1 0
1833 IN 1834 1835 8 0.500000 3 1
1834 LN -1 -1 -1 -1.000000 1 0
1835 IN 1836 1837 10 0.500000 2 1
1836 LN -1 -1 -1 -1.000000 1 1
1837 LN -1 -1 -1 -1.000000 1 1
1838 IN 1839 1840 14 0.500000 4 1
1839 LN -1 -1 -1 -1.000000 1 1
1840 IN 1841 1842 3 0.500000 3 1
1841 LN -1 -1 -1 -1.000000 1 0
1842 IN 1843 1844 8 0.500000 2 1
1843 LN -1 -1 -1 -1.000000 1 1
1844 LN -1 -1 -1 -1.000000 1 1
1845 IN 1846 1883 5 0.500000 11 1
1846 IN 1847 1878 3 0.500000 8 1
1847 IN 1848 1851 8 0.500000 7 1
1848 IN 1849 1850 10 0.500000 2 1
1849 LN -1 -1 -1 -1.000000 1 1
1850 LN -1 -1 -1 -1.000000 1 0
1851 IN 1852 1871 16 0.500000 6 1
1852 IN 1853 1864 10 0.500000 5 1
1853 IN 1854 1859 12 0.500000 4 1
1854 IN 1855 1858 7 0.500000 3 0
1855 IN 1856 1857 15 0.500000 2 0
1856 LN -1 -1 -1 -1.000000 1 0
1857 LN -1 -1 -1 -1.000000 1 1
1858 LN -1 -1 -1 -1.000000 1 0
1859 IN 1860 1863 7 0.500000 3 1
1860 IN 1861 1862 15 0.500000 2 1
1861 LN -1 -1 -1 -1.000000 1 1
1862 LN -1 -1 -1 -1.000000 1 0
1863 LN -1 -1 -1 -1.000000 1 1
1864 IN 1865 1868 7 0.500000 3 1
1865 IN 1866 1867 12 0.500000 2 1
1866 LN -1 -1 -1 -1.000000 1 1
1867 LN -1 -1 -1 -1.000000 1 1
1868 IN 1869 1870 12 0.500000 2 0
1869 LN -1 -1 -1 -1.000000 1 0
1870 LN -1 -1 -1 -1.000000 1 0
1871 IN 1872 1875 10 0.500000 3 1
1872 IN 1873 1874 12 0.500000 2 1
1873 LN -1 -1 -1 -1.000000 1 0
1874 LN -1 -1 -1 -1.000000 1 1
1875 IN 1876 1877 7 0.500000 2 0
1876 LN -1 -1 -1 -1.000000 1 0
1877 LN -1 -1 -1 -1.000000 1 1
1878 IN 1879 1880 8 0.500000 3 0
1879 LN -1 -1 -1 -1.000000 1 0
1880 IN 1881 1882 16 0.500000 2 0
1881 LN -1 -1 -1 -1.000000 1 0
1882 LN -1 -1 -1 -1.000000 1 1
1883 IN 1884 1961 10 0.500000 10 1
1884 IN 1885 1924 12 0.500000 9 1
1885 IN 1886 1901 8 0.500000 7 1
1886 IN 1887 1888 15 0.500000 5 1
1887 LN -1 -1 -1 -1.000000 1 1
1888 IN 1889 1896 6 0.500000 4 0
1889 IN 1890 1893 3 0.500000 3 0
1890 IN 1891 1892 16 0.500000 2 1
1891 LN -1 -1 -1 -1.000000 1 1
1892 LN -1 -1 -1 -1.000000 1 0
1893 IN 1894 1895 16 0.500000 2 0
1894 LN -1 -1 -1 -1.000000 1 0
1895 LN -1 -1 -1 -1.000000 1 0
1896 IN 1897 1898 3 0.500000 3 1
1897 LN -1 -1 -1 -1.000000 1 0
1898 IN 1899 1900 16 0.500000 2 1
1899 LN -1 -1 -1 -1.000000 1 0
1900 LN -1 -1 -1 -1.000000 1 1
1901 IN 1902 1907 15 0.500000 6 1
1902 IN 1903 1904 3 0.500000 3 0
1903 LN -1 -1 -1 -1.000000 1 0
1904 IN 1905 1906 16 0.500000 2 0
1905 LN -1 -1 -1 -1.000000 1 0
1906 LN -1 -1 -1 -1.000000 1 1
1907 IN 1908 1911 7 0.500000 5 1
1908 IN 1909 1910 16 0.500000 2 1
1909 LN -1 -1 -1 -1.000000 1 1
1910 LN -1 -1 -1 -1.000000 1 1
1911 IN 1912 1919 6 0.500000 4 1
1912 IN 1913 1916 16 0.500000 3 1
1913 IN 1914 1915 3 0.500000 2 1
1914 LN -1 -1 -1 -1.000000 1 1
1915 LN -1 -1 -1 -1.000000 1 1
1916 IN 1917 1918 3 0.500000 2 1
1917 LN -1 -1 -1 -1.000000 1 1
1918 LN -1 -1 -1 -1.000000 1 0
1919 IN 1920 1921 3 0.500000 3 0
1920 LN -1 -1 -1 -1.000000 1 1
1921 IN 1922 1923 16 0.500000 2 0
1922 LN -1 -1 -1 -1.000000 1 0
1923 LN -1 -1 -1 -1.000000 1 0
1924 IN 1925 1938 8 0.500000 8 1
1925 IN 1926 1937 16 0.500000 7 1
1926 IN 1927 1928 7 0.500000 6 1
1927 LN -1 -1 -1 -1.000000 1 1
1928 IN 1929 1936 6 0.500000 5 1
1929 IN 1930 1931 15 0.500000 4 1
1930 LN -1 -1 -1 -1.000000 1 0
1931 IN 1932 1935 3 0.500000 3 1
1932 IN 1933 1934 9 0.500000 2 0
1933 LN -1 -1 -1 -1.000000 1 1
1934 LN -1 -1 -1 -1.000000 1 0
1935 LN -1 -1 -1 -1.000000 1 1
1936 LN -1 -1 -1 -1.000000 1 0
1937 LN -1 -1 -1 -1.000000 1 1
1938 IN 1939 1952 3 0.500000 6 1
1939 IN 1940 1943 15 0.500000 5 1
1940 IN 1941 1942 7 0.500000 2 1
1941 LN -1 -1 -1 -1.000000 1 1
1942 LN -1 -1 -1 -1.000000 1 0
1943 IN 1944 1947 7 0.500000 4 1
1944 IN 1945 1946 16 0.500000 2 1
1945 LN -1 -1 -1 -1.000000 1 1
1946 LN -1 -1 -1 -1.000000 1 1
1947 IN 1948 1951 6 0.500000 3 1
1948 IN 1949 1950 16 0.500000 2 1
1949 LN -1 -1 -1 -1.000000 1 1
1950 LN -1 -1 -1 -1.000000 1 1
1951 LN -1 -1 -1 -1.000000 1 1
1952 IN 1953 1954 15 0.500000 4 1
1953 LN -1 -1 -1 -1.000000 1 1
1954 IN 1955 1958 6 0.500000 3 1
1955 IN 1956 1957 16 0.500000 2 1
1956 LN -1 -1 -1 -1.000000 1 1
1957 LN -1 -1 -1 -1.000000 1 1
1958 IN 1959 1960 16 0.500000 2 1
1959 LN -1 -1 -1 -1.000000 1 1
1960 LN -1 -1 -1 -1.000000 1 0
1961 IN 1962 2007 8 0.500000 8 1
1962 IN 1963 1982 3 0.500000 7 1
1963 IN 1964 1965 15 0.500000 6 1
1964 LN -1 -1 -1 -1.000000 1 0
1965 IN 1966 1973 12 0.500000 5 1
1966 IN 1967 1970 16 0.500000 3 1
1967 IN 1968 1969 9 0.500000 2 1
1968 LN -1 -1 -1 -1.000000 1 1
1969 LN -1 -1 -1 -1.000000 1 1
1970 IN 1971 1972 7 0.500000 2 0
1971 LN -1 -1 -1 -1.000000 1 0
1972 LN -1 -1 -1 -1.000000 1 0
1973 IN 1974 1975 9 0.500000 4 1
1974 LN -1 -1 -1 -1.000000 1 1
1975 IN 1976 1979 16 0.500000 3 1
1976 IN 1977 1978 7 0.500000 2 0
1977 LN -1 -1 -1 -1.000000 1 1
1978 LN -1 -1 -1 -1.000000 1 0
1979 IN 1980 1981 7 0.500000 2 1
1980 LN -1 -1 -1 -1.000000 1 1
1981 LN -1 -1 -1 -1.000000 1 1
1982 IN 1983 1994 16 0.500000 6 1
1983 IN 1984 1989 6 0.500000 4 1
1984 IN 1985 1986 12 0.500000 3 1
1985 LN -1 -1 -1 -1.000000 1 1
1986 IN 1987 1988 7 0.500000 2 1
1987 LN -1 -1 -1 -1.000000 1 1
1988 LN -1 -1 -1 -1.000000 1 1
1989 IN 1990 1991 9 0.500000 3 0
1990 LN -1 -1 -1 -1.000000 1 1
1991 IN 1992 1993 12 0.500000 2 0
1992 LN -1 -1 -1 -1.000000 1 0
1993 LN -1 -1 -1 -1.000000 1 1
1994 IN 1995 1996 9 0.500000 5 1
1995 LN -1 -1 -1 -1.000000 1 0
1996 IN 1997 2004 6 0.500000 4 1
1997 IN 1998 2001 12 0.500000 3 1
1998 IN 1999 2000 7 0.500000 2 1
1999 LN -1 -1 -1 -1.000000 1 1
2000 LN -1 -1 -1 -1.000000 1 1
2001 IN 2002 2003 7 0.500000 2 1
2002 LN -1 -1 -1 -1.000000 1 1
2003 LN -1 -1 -1 -1.000000 1 1
2004 IN 2005 2006 12 0.500000 2 1
2005 LN -1 -1 -1 -1.000000 1 1
2006 LN -1 -1 -1 -1.000000 1 0
2007 IN 2008 2037 12 0.500000 7 1
2008 IN 2009 2016 15 0.500000 6 1
2009 IN 2010 2015 16 0.500000 4 1
2010 IN 2011 2014 3 0.500000 3 1
2011 IN 2012 2013 7 0.500000 2 1
2012 LN -1 -1 -1 -1.000000 1 1
2013 LN -1 -1 -1 -1.000000 1 0
2014 LN -1 -1 -1 -1.000000 1 1
2015 LN -1 -1 -1 -1.000000 1 1
2016 IN 2017 2026 16 0.500000 5 1
2017 IN 2018 2021 7 0.500000 4 1
2018 IN 2019 2020 3 0.500000 2 1
2019 LN -1 -1 -1 -1.000000 1 1
2020 LN -1 -1 -1 -1.000000 1 1
2021 IN 2022 2025 6 0.500000 3 1
2022 IN 2023 2024 3 0.500000 2 1
2023 LN -1 -1 -1 -1.000000 1 1
2024 LN -1 -1 -1 -1.000000 1 1
2025 LN -1 -1 -1 -1.000000 1 1
2026 IN 2027 2034 6 0.500000 4 1
2027 IN 2028 2031 3 0.500000 3 1
2028 IN 2029 2030 7 0.500000 2 1
2029 LN -1 -1 -1 -1.000000 1 1
2030 LN -1 -1 -1 -1.000000 1 1
2031 IN 2032 2033 7 0.500000 2 1
2032 LN -1 -1 -1 -1.000000 1 1
2033 LN -1 -1 -1 -1.000000 1 1
2034 IN 2035 2036 3 0.500000 2 1
2035 LN -1 -1 -1 -1.000000 1 1
2036 LN -1 -1 -1 -1.000000 1 1
2037 IN 2038 2059 6 0.500000 6 1
2038 IN 2039 2046 15 0.500000 5 1
2039 IN 2040 2045 3 0.500000 4 1
2040 IN 2041 2044 16 0.500000 3 1
2041 IN 2042 2043 7 0.500000 2 0
2042 LN -1 -1 -1 -1.000000 1 0
2043 LN -1 -1 -1 -1.000000 1 1
2044 LN -1 -1 -1 -1.000000 1 1
2045 LN -1 -1 -1 -1.000000 1 1
2046 IN 2047 2052 7 0.500000 4 1
2047 IN 2048 2051 3 0.500000 3 1
2048 IN 2049 2050 16 0.500000 2 1
2049 LN -1 -1 -1 -1.000000 1 1
2050 LN -1 -1 -1 -1.000000 1 1
2051 LN -1 -1 -1 -1.000000 1 1
2052 IN 2053 2056 16 0.500000 3 1
2053 IN 2054 2055 3 0.500000 2 1
2054 LN -1 -1 -1 -1.000000 1 1
2055 LN -1 -1 -1 -1.000000 1 1
2056 IN 2057 2058 3 0.500000 2 1
2057 LN -1 -1 -1 -1.000000 1 1
2058 LN -1 -1 -1 -1.000000 1 1
2059 LN -1 -1 -1 -1.000000 1 1
2060 IN 2061 2356 14 0.500000 15 1
2061 IN 2062 2171 15 0.500000 12 1
2062 IN 2063 2096 10 0.500000 11 0
2063 IN 2064 2087 1 0.500000 8 0
2064 IN 2065 2066 9 0.500000 7 0
2065 LN -1 -1 -1 -1.000000 1 0
2066 IN 2067 2076 3 0.500000 6 0
2067 IN 2068 2075 12 0.500000 5 0
2068 IN 2069 2074 7 0.500000 4 0
2069 IN 2070 2071 11 0.500000 3 0
2070 LN -1 -1 -1 -1.000000 1 0
2071 IN 2072 2073 8 0.500000 2 0
2072 LN -1 -1 -1 -1.000000 1 1
2073 LN -1 -1 -1 -1.000000 1 0
2074 LN -1 -1 -1 -1.000000 1 0
2075 LN -1 -1 -1 -1.000000 1 0
2076 IN 2077 2084 12 0.500000 4 0
2077 IN 2078 2081 6 0.500000 3 0
2078 IN 2079 2080 8 0.500000 2 1
2079 LN -1 -1 -1 -1.000000 1 1
2080 LN -1 -1 -1 -1.000000 1 0
2081 IN 2082 2083 8 0.500000 2 0
2082 LN -1 -1 -1 -1.000000 1 0
2083 LN -1 -1 -1 -1.000000 1 0
2084 IN 2085 2086 8 0.500000 2 0
2085 LN -1 -1 -1 -1.000000 1 0
2086 LN -1 -1 -1 -1.000000 1 0
2087 IN 2088 2091 9 0.500000 4 0
2088 IN 2089 2090 11 0.500000 2 0
2089 LN -1 -1 -1 -1.000000 1 1
2090 LN -1 -1 -1 -1.000000 1 0
2091 IN 2092 2093 12 0.500000 3 0
2092 LN -1 -1 -1 -1.000000 1 0
2093 IN 2094 2095 11 0.500000 2 0
2094 LN -1 -1 -1 -1.000000 1 0
2095 LN -1 -1 -1 -1.000000 1 0
2096 IN 2097 2126 3 0.500000 10 0
2097 IN 2098 2125 16 0.500000 9 0
2098 IN 2099 2124 6 0.500000 8 0
2099 IN 2100 2103 9 0.500000 7 0
2100 IN 2101 2102 7 0.500000 2 0
2101 LN -1 -1 -1 -1.000000 1 1
2102 LN -1 -1 -1 -1.000000 1 0
2103 IN 2104 2123 0 0.500000 6 0
2104 IN 2105 2116 1 0.500000 5 0
2105 IN 2106 2113 12 0.500000 4 0
2106 IN 2107 2110 7 0.500000 3 0
2107 IN 2108 2109 8 0.500000 2 0
2108 LN -1 -1 -1 -1.000000 1 0
2109 LN -1 -1 -1 -1.000000 1 0
2110 IN 2111 2112 8 0.500000 2 0
2111 LN -1 -1 -1 -1.000000 1 1
2112 LN -1 -1 -1 -1.000000 1 0
2113 IN 2114 2115 8 0.500000 2 0
2114 LN -1 -1 -1 -1.000000 1 0
2115 LN -1 -1 -1 -1.000000 1 0
2116 IN 2117 2118 7 0.500000 4 1
2117 LN -1 -1 -1 -1.000000 1 0
2118 IN 2119 2120 8 0.500000 3 1
2119 LN -1 -1 -1 -1.000000 1 1
2120 IN 2121 2122 12 0.500000 2 0
2121 LN -1 -1 -1 -1.000000 1 0
2122 LN -1 -1 -1 -1.000000 1 1
2123 LN -1 -1 -1 -1.000000 1 1
2124 LN -1 -1 -1 -1.000000 1 0
2125 LN -1 -1 -1 -1.000000 1 1
2126 IN 2127 2142 8 0.500000 8 0
2127 IN 2128 2129 9 0.500000 7 0
2128 LN -1 -1 -1 -1.000000 1 0
2129 IN 2130 2141 0 0.500000 6 0
2130 IN 2131 2138 12 0.500000 5 0
2131 IN 2132 2133 7 0.500000 4 0
2132 LN -1 -1 -1 -1.000000 1 1
2133 IN 2134 2135 6 0.500000 3 0
2134 LN -1 -1 -1 -1.000000 1 0
2135 IN 2136 2137 1 0.500000 2 0
2136 LN -1 -1 -1 -1.000000 1 0
2137 LN -1 -1 -1 -1.000000 1 1
2138 IN 2139 2140 6 0.500000 2 0
2139 LN -1 -1 -1 -1.000000 1 0
2140 LN -1 -1 -1 -1.000000 1 0
2141 LN -1 -1 -1 -1.000000 1 0
2142 IN 2143 2158 1 0.500000 6 1
2143 IN 2144 2153 6 0.500000 5 1
2144 IN 2145 2152 16 0.500000 4 0
2145 IN 2146 2149 7 0.500000 3 0
2146 IN 2147 2148 12 0.500000 2 1
2147 LN -1 -1 -1 -1.000000 1 1
2148 LN -1 -1 -1 -1.000000 1 0
2149 IN 2150 2151 12 0.500000 2 0
2150 LN -1 -1 -1 -1.000000 1 0
2151 LN -1 -1 -1 -1.000000 1 1
2152 LN -1 -1 -1 -1.000000 1 0
2153 IN 2154 2157 12 0.500000 3 1
2154 IN 2155 2156 16 0.500000 2 1
2155 LN -1 -1 -1 -1.000000 1 1
2156 LN -1 -1 -1 -1.000000 1 1
2157 LN -1 -1 -1 -1.000000 1 1
2158 IN 2159 2164 6 0.500000 4 1
2159 IN 2160 2161 12 0.500000 3 1
2160 LN -1 -1 -1 -1.000000 1 0
2161 IN 2162 2163 0 0.500000 2 1
2162 LN -1 -1 -1 -1.000000 1 1
2163 LN -1 -1 -1 -1.000000 1 0
2164 IN 2165 2168 0 0.500000 3 1
2165 IN 2166 2167 12 0.500000 2 1
2166 LN -1 -1 -1 -1.000000 1 1
2167 LN -1 -1 -1 -1.000000 1 1
2168 IN 2169 2170 12 0.500000 2 0
2169 LN -1 -1 -1 -1.000000 1 0
2170 LN -1 -1 -1 -1.000000 1 0
2171 IN 2172 2311 0 0.500000 11 1
2172 IN 2173 2306 16 0.500000 10 1
2173 IN 2174 2233 10 0.500000 9 1
2174 IN 2175 2216 8 0.500000 8 0
2175 IN 2176 2199 3 0.500000 7 1
2176 IN 2177 2188 12 0.500000 6 0
2177 IN 2178 2183 1 0.500000 4 0
2178 IN 2179 2180 9 0.500000 3 0
2179 LN -1 -1 -1 -1.000000 1 0
2180 IN 2181 2182 7 0.500000 2 0
2181 LN -1 -1 -1 -1.000000 1 0
2182 LN -1 -1 -1 -1.000000 1 0
2183 IN 2184 2185 7 0.500000 3 0
2184 LN -1 -1 -1 -1.000000 1 0
2185 IN 2186 2187 9 0.500000 2 0
2186 LN -1 -1 -1 -1.000000 1 1
2187 LN -1 -1 -1 -1.000000 1 0
2188 IN 2189 2192 9 0.500000 5 1
2189 IN 2190 2191 1 0.500000 2 1
2190 LN -1 -1 -1 -1.000000 1 1
2191 LN -1 -1 -1 -1.000000 1 0
2192 IN 2193 2198 6 0.500000 4 1
2193 IN 2194 2195 1 0.500000 3 1
2194 LN -1 -1 -1 -1.000000 1 1
2195 IN 2196 2197 7 0.500000 2 1
2196 LN -1 -1 -1 -1.000000 1 1
2197 LN -1 -1 -1 -1.000000 1 0
2198 LN -1 -1 -1 -1.000000 1 1
2199 IN 2200 2203 7 0.500000 6 1
2200 IN 2201 2202 12 0.500000 2 1
2201 LN -1 -1 -1 -1.000000 1 1
2202 LN -1 -1 -1 -1.000000 1 1
2203 IN 2204 2209 6 0.500000 5 1
2204 IN 2205 2206 9 0.500000 3 0
2205 LN -1 -1 -1 -1.000000 1 1
2206 IN 2207 2208 12 0.500000 2 0
2207 LN -1 -1 -1 -1.000000 1 0
2208 LN -1 -1 -1 -1.000000 1 0
2209 IN 2210 2211 9 0.500000 4 1
2210 LN -1 -1 -1 -1.000000 1 0
2211 IN 2212 2215 12 0.500000 3 1
2212 IN 2213 2214 1 0.500000 2 0
2213 LN -1 -1 -1 -1.000000 1 0
2214 LN -1 -1 -1 -1.000000 1 1
2215 LN -1 -1 -1 -1.000000 1 1
2216 IN 2217 2224 1 0.500000 5 0
2217 IN 2218 2223 6 0.500000 4 0
2218 IN 2219 2220 7 0.500000 3 0
2219 LN -1 -1 -1 -1.000000 1 0
2220 IN 2221 2222 3 0.500000 2 0
2221 LN -1 -1 -1 -1.000000 1 0
2222 LN -1 -1 -1 -1.000000 1 1
2223 LN -1 -1 -1 -1.000000 1 1
2224 IN 2225 2226 7 0.500000 4 0
2225 LN -1 -1 -1 -1.000000 1 0
2226 IN 2227 2230 3 0.500000 3 0
2227 IN 2228 2229 12 0.500000 2 1
2228 LN -1 -1 -1 -1.000000 1 1
2229 LN -1 -1 -1 -1.000000 1 0
2230 IN 2231 2232 12 0.500000 2 0
2231 LN -1 -1 -1 -1.000000 1 0
2232 LN -1 -1 -1 -1.000000 1 1
2233 IN 2234 2275 1 0.500000 8 1
2234 IN 2235 2264 8 0.500000 7 0
2235 IN 2236 2261 6 0.500000 6 0
2236 IN 2237 2252 12 0.500000 5 0
2237 IN 2238 2245 9 0.500000 4 0
2238 IN 2239 2242 3 0.500000 3 0
2239 IN 2240 2241 7 0.500000 2 0
2240 LN -1 -1 -1 -1.000000 1 0
2241 LN -1 -1 -1 -1.000000 1 0
2242 IN 2243 2244 7 0.500000 2 1
2243 LN -1 -1 -1 -1.000000 1 1
2244 LN -1 -1 -1 -1.000000 1 0
2245 IN 2246 2249 7 0.500000 3 1
2246 IN 2247 2248 3 0.500000 2 1
2247 LN -1 -1 -1 -1.000000 1 0
2248 LN -1 -1 -1 -1.000000 1 1
2249 IN 2250 2251 3 0.500000 2 0
2250 LN -1 -1 -1 -1.000000 1 0
2251 LN -1 -1 -1 -1.000000 1 0
2252 IN 2253 2256 9 0.500000 4 1
2253 IN 2254 2255 7 0.500000 2 0
2254 LN -1 -1 -1 -1.000000 1 1
2255 LN -1 -1 -1 -1.000000 1 0
2256 IN 2257 2258 7 0.500000 3 1
2257 LN -1 -1 -1 -1.000000 1 0
2258 IN 2259 2260 3 0.500000 2 1
2259 LN -1 -1 -1 -1.000000 1 0
2260 LN -1 -1 -1 -1.000000 1 1
2261 IN 2262 2263 12 0.500000 2 0
2262 LN -1 -1 -1 -1.000000 1 0
2263 LN -1 -1 -1 -1.000000 1 1
2264 IN 2265 2270 12 0.500000 4 0
2265 IN 2266 2269 3 0.500000 3 0
2266 IN 2267 2268 7 0.500000 2 0
2267 LN -1 -1 -1 -1.000000 1 1
2268 LN -1 -1 -1 -1.000000 1 0
2269 LN -1 -1 -1 -1.000000 1 1
2270 IN 2271 2272 7 0.500000 3 0
2271 LN -1 -1 -1 -1.000000 1 0
2272 IN 2273 2274 3 0.500000 2 0
2273 LN -1 -1 -1 -1.000000 1 0
2274 LN -1 -1 -1 -1.000000 1 0
2275 IN 2276 2295 12 0.500000 6 1
2276 IN 2277 2282 7 0.500000 5 0
2277 IN 2278 2279 8 0.500000 3 0
2278 LN -1 -1 -1 -1.000000 1 0
2279 IN 2280 2281 3 0.500000 2 0
2280 LN -1 -1 -1 -1.000000 1 0
2281 LN -1 -1 -1 -1.000000 1 1
2282 IN 2283 2288 3 0.500000 4 0
2283 IN 2284 2287 8 0.500000 3 1
2284 IN 2285 2286 9 0.500000 2 0
2285 LN -1 -1 -1 -1.000000 1 1
2286 LN -1 -1 -1 -1.000000 1 0
2287 LN -1 -1 -1 -1.000000 1 1
2288 IN 2289 2292 6 0.500000 3 0
2289 IN 2290 2291 8 0.500000 2 0
2290 LN -1 -1 -1 -1.000000 1 0
2291 LN -1 -1 -1 -1.000000 1 0
2292 IN 2293 2294 8 0.500000 2 0
2293 LN -1 -1 -1 -1.000000 1 0
2294 LN -1 -1 -1 -1.000000 1 0
2295 IN 2296 2305 3 0.500000 5 1
2296 IN 2297 2300 9 0.500000 4 1
2297 IN 2298 2299 7 0.500000 2 0
2298 LN -1 -1 -1 -1.000000 1 1
2299 LN -1 -1 -1 -1.000000 1 0
2300 IN 2301 2304 8 0.500000 3 1
2301 IN 2302 2303 7 0.500000 2 1
2302 LN -1 -1 -1 -1.000000 1 1
2303 LN -1 -1 -1 -1.000000 1 1
2304 LN -1 -1 -1 -1.000000 1 1
2305 LN -1 -1 -1 -1.000000 1 1
2306 IN 2307 2310 1 0.500000 3 1
2307 IN 2308 2309 7 0.500000 2 0
2308 LN -1 -1 -1 -1.000000 1 1
2309 LN -1 -1 -1 -1.000000 1 0
2310 LN -1 -1 -1 -1.000000 1 1
2311 IN 2312 2339 3 0.500000 8 1
2312 IN 2313 2320 8 0.500000 7 1
2313 IN 2314 2319 16 0.500000 4 1
2314 IN 2315 2316 10 0.500000 3 1
2315 LN -1 -1 -1 -1.000000 1 1
2316 IN 2317 2318 9 0.500000 2 1
2317 LN -1 -1 -1 -1.000000 1 1
2318 LN -1 -1 -1 -1.000000 1 1
2319 LN -1 -1 -1 -1.000000 1 1
2320 IN 2321 2328 12 0.500000 6 1
2321 IN 2322 2323 7 0.500000 4 1
2322 LN -1 -1 -1 -1.000000 1 0
2323 IN 2324 2327 16 0.500000 3 1
2324 IN 2325 2326 10 0.500000 2 1
2325 LN -1 -1 -1 -1.000000 1 0
2326 LN -1 -1 -1 -1.000000 1 1
2327 LN -1 -1 -1 -1.000000 1 1
2328 IN 2329 2332 7 0.500000 5 1
2329 IN 2330 2331 16 0.500000 2 1
2330 LN -1 -1 -1 -1.000000 1 1
2331 LN -1 -1 -1 -1.000000 1 1
2332 IN 2333 2334 10 0.500000 4 1
2333 LN -1 -1 -1 -1.000000 1 1
2334 IN 2335 2338 16 0.500000 3 1
2335 IN 2336 2337 6 0.500000 2 1
2336 LN -1 -1 -1 -1.000000 1 0
2337 LN -1 -1 -1 -1.000000 1 1
2338 LN -1 -1 -1 -1.000000 1 0
2339 IN 2340 2341 8 0.500000 6 1
2340 LN -1 -1 -1 -1.000000 1 1
2341 IN 2342 2349 10 0.500000 5 1
2342 IN 2343 2348 12 0.500000 4 1
2343 IN 2344 2347 6 0.500000 3 1
2344 IN 2345 2346 7 0.500000 2 0
2345 LN -1 -1 -1 -1.000000 1 0
2346 LN -1 -1 -1 -1.000000 1 0
2347 LN -1 -1 -1 -1.000000 1 1
2348 LN -1 -1 -1 -1.000000 1 1
2349 IN 2350 2355 12 0.500000 4 1
2350 IN 2351 2354 16 0.500000 3 1
2351 IN 2352 2353 6 0.500000 2 1
2352 LN -1 -1 -1 -1.000000 1 1
2353 LN -1 -1 -1 -1.000000 1 1
2354 LN -1 -1 -1 -1.000000 1 0
2355 LN -1 -1 -1 -1.000000 1 1
2356 IN 2357 2562 10 0.500000 14 1
2357 IN 2358 2523 16 0.500000 13 1
2358 IN 2359 2406 1 0.500000 12 1
2359 IN 2360 2381 7 0.500000 8 0
2360 IN 2361 2372 12 0.500000 6 0
2361 IN 2362 2367 13 0.500000 4 0
2362 IN 2363 2366 3 0.500000 3 0
2363 IN 2364 2365 9 0.500000 2 0
2364 LN -1 -1 -1 -1.000000 1 0
2365 LN -1 -1 -1 -1.000000 1 1
2366 LN -1 -1 -1 -1.000000 1 0
2367 IN 2368 2371 9 0.500000 3 0
2368 IN 2369 2370 15 0.500000 2 0
2369 LN -1 -1 -1 -1.000000 1 0
2370 LN -1 -1 -1 -1.000000 1 0
2371 LN -1 -1 -1 -1.000000 1 0
2372 IN 2373 2374 15 0.500000 5 1
2373 LN -1 -1 -1 -1.000000 1 0
2374 IN 2375 2380 9 0.500000 4 1
2375 IN 2376 2379 13 0.500000 3 1
2376 IN 2377 2378 3 0.500000 2 0
2377 LN -1 -1 -1 -1.000000 1 0
2378 LN -1 -1 -1 -1.000000 1 1
2379 LN -1 -1 -1 -1.000000 1 1
2380 LN -1 -1 -1 -1.000000 1 1
2381 IN 2382 2401 13 0.500000 7 0
2382 IN 2383 2396 6 0.500000 6 0
2383 IN 2384 2393 8 0.500000 5 0
2384 IN 2385 2392 12 0.500000 4 0
2385 IN 2386 2389 9 0.500000 3 0
2386 IN 2387 2388 3 0.500000 2 0
2387 LN -1 -1 -1 -1.000000 1 0
2388 LN -1 -1 -1 -1.000000 1 1
2389 IN 2390 2391 3 0.500000 2 0
2390 LN -1 -1 -1 -1.000000 1 0
2391 LN -1 -1 -1 -1.000000 1 0
2392 LN -1 -1 -1 -1.000000 1 0
2393 IN 2394 2395 3 0.500000 2 0
2394 LN -1 -1 -1 -1.000000 1 0
2395 LN -1 -1 -1 -1.000000 1 1
2396 IN 2397 2400 12 0.500000 3 1
2397 IN 2398 2399 9 0.500000 2 0
2398 LN -1 -1 -1 -1.000000 1 0
2399 LN -1 -1 -1 -1.000000 1 1
2400 LN -1 -1 -1 -1.000000 1 1
2401 IN 2402 2403 3 0.500000 3 0
2402 LN -1 -1 -1 -1.000000 1 1
2403 IN 2404 2405 9 0.500000 2 0
2404 LN -1 -1 -1 -1.000000 1 0
2405 LN -1 -1 -1 -1.000000 1 1
2406 IN 2407 2488 6 0.500000 11 1
2407 IN 2408 2451 8 0.500000 10 1
2408 IN 2409 2410 11 0.500000 9 1
2409 LN -1 -1 -1 -1.000000 1 1
2410 IN 2411 2414 15 0.500000 8 1
2411 IN 2412 2413 0 0.500000 2 0
2412 LN -1 -1 -1 -1.000000 1 0
2413 LN -1 -1 -1 -1.000000 1 1
2414 IN 2415 2440 3 0.500000 7 1
2415 IN 2416 2429 7 0.500000 6 1
2416 IN 2417 2422 9 0.500000 4 1
2417 IN 2418 2419 12 0.500000 3 1
2418 LN -1 -1 -1 -1.000000 1 1
2419 IN 2420 2421 0 0.500000 2 0
2420 LN -1 -1 -1 -1.000000 1 0
2421 LN -1 -1 -1 -1.000000 1 1
2422 IN 2423 2426 12 0.500000 3 1
2423 IN 2424 2425 0 0.500000 2 0
2424 LN -1 -1 -1 -1.000000 1 1
2425 LN -1 -1 -1 -1.000000 1 0
2426 IN 2427 2428 0 0.500000 2 1
2427 LN -1 -1 -1 -1.000000 1 1
2428 LN -1 -1 -1 -1.000000 1 0
2429 IN 2430 2437 12 0.500000 5 1
2430 IN 2431 2436 0 0.500000 4 1
2431 IN 2432 2433 9 0.500000 3 1
2432 LN -1 -1 -1 -1.000000 1 1
2433 IN 2434 2435 13 0.500000 2 1
2434 LN -1 -1 -1 -1.000000 1 1
2435 LN -1 -1 -1 -1.000000 1 0
2436 LN -1 -1 -1 -1.000000 1 1
2437 IN 2438 2439 0 0.500000 2 1
2438 LN -1 -1 -1 -1.000000 1 0
2439 LN -1 -1 -1 -1.000000 1 1
2440 IN 2441 2446 0 0.500000 4 1
2441 IN 2442 2443 12 0.500000 3 0
2442 LN -1 -1 -1 -1.000000 1 0
2443 IN 2444 2445 7 0.500000 2 0
2444 LN -1 -1 -1 -1.000000 1 0
2445 LN -1 -1 -1 -1.000000 1 1
2446 IN 2447 2448 13 0.500000 3 1
2447 LN -1 -1 -1 -1.000000 1 1
2448 IN 2449 2450 9 0.500000 2 1
2449 LN -1 -1 -1 -1.000000 1 0
2450 LN -1 -1 -1 -1.000000 1 1
2451 IN 2452 2459 0 0.500000 7 1
2452 IN 2453 2458 12 0.500000 4 1
2453 IN 2454 2455 3 0.500000 3 1
2454 LN -1 -1 -1 -1.000000 1 0
2455 IN 2456 2457 7 0.500000 2 1
2456 LN -1 -1 -1 -1.000000 1 1
2457 LN -1 -1 -1 -1.000000 1 1
2458 LN -1 -1 -1 -1.000000 1 1
2459 IN 2460 2477 12 0.500000 6 1
2460 IN 2461 2470 13 0.500000 5 1
2461 IN 2462 2467 3 0.500000 4 1
2462 IN 2463 2464 7 0.500000 3 0
2463 LN -1 -1 -1 -1.000000 1 0
2464 IN 2465 2466 15 0.500000 2 0
2465 LN -1 -1 -1 -1.000000 1 1
2466 LN -1 -1 -1 -1.000000 1 0
2467 IN 2468 2469 15 0.500000 2 1
2468 LN -1 -1 -1 -1.000000 1 0
2469 LN -1 -1 -1 -1.000000 1 1
2470 IN 2471 2472 7 0.500000 4 1
2471 LN -1 -1 -1 -1.000000 1 1
2472 IN 2473 2476 3 0.500000 3 1
2473 IN 2474 2475 15 0.500000 2 1
2474 LN -1 -1 -1 -1.000000 1 0
2475 LN -1 -1 -1 -1.000000 1 1
2476 LN -1 -1 -1 -1.000000 1 1
2477 IN 2478 2481 13 0.500000 4 1
2478 IN 2479 2480 3 0.500000 2 1
2479 LN -1 -1 -1 -1.000000 1 1
2480 LN -1 -1 -1 -1.000000 1 0
2481 IN 2482 2485 3 0.500000 3 1
2482 IN 2483 2484 7 0.500000 2 1
2483 LN -1 -1 -1 -1.000000 1 1
2484 LN -1 -1 -1 -1.000000 1 1
2485 IN 2486 2487 7 0.500000 2 1
2486 LN -1 -1 -1 -1.000000 1 1
2487 LN -1 -1 -1 -1.000000 1 1
2488 IN 2489 2508 13 0.500000 7 1
2489 IN 2490 2497 0 0.500000 5 1
2490 IN 2491 2494 8 0.500000 3 1
2491 IN 2492 2493 12 0.500000 2 1
2492 LN -1 -1 -1 -1.000000 1 0
2493 LN -1 -1 -1 -1.000000 1 1
2494 IN 2495 2496 15 0.500000 2 1
2495 LN -1 -1 -1 -1.000000 1 0
2496 LN -1 -1 -1 -1.000000 1 1
2497 IN 2498 2503 12 0.500000 4 1
2498 IN 2499 2500 8 0.500000 3 1
2499 LN -1 -1 -1 -1.000000 1 1
2500 IN 2501 2502 3 0.500000 2 0
2501 LN -1 -1 -1 -1.000000 1 1
2502 LN -1 -1 -1 -1.000000 1 0
2503 IN 2504 2505 8 0.500000 3 1
2504 LN -1 -1 -1 -1.000000 1 1
2505 IN 2506 2507 3 0.500000 2 1
2506 LN -1 -1 -1 -1.000000 1 0
2507 LN -1 -1 -1 -1.000000 1 1
2508 IN 2509 2512 0 0.500000 6 1
2509 IN 2510 2511 3 0.500000 2 0
2510 LN -1 -1 -1 -1.000000 1 0
2511 LN -1 -1 -1 -1.000000 1 1
2512 IN 2513 2514 8 0.500000 5 1
2513 LN -1 -1 -1 -1.000000 1 1
2514 IN 2515 2516 15 0.500000 4 1
2515 LN -1 -1 -1 -1.000000 1 1
2516 IN 2517 2520 12 0.500000 3 1
2517 IN 2518 2519 3 0.500000 2 1
2518 LN -1 -1 -1 -1.000000 1 1
2519 LN -1 -1 -1 -1.000000 1 1
2520 IN 2521 2522 3 0.500000 2 1
2521 LN -1 -1 -1 -1.000000 1 1
2522 LN -1 -1 -1 -1.000000 1 1
2523 IN 2524 2525 7 0.500000 9 1
2524 LN -1 -1 -1 -1.000000 1 1
2525 IN 2526 2547 12 0.500000 8 1
2526 IN 2527 2540 6 0.500000 7 1
2527 IN 2528 2529 1 0.500000 6 1
2528 LN -1 -1 -1 -1.000000 1 1
2529 IN 2530 2533 0 0.500000 5 1
2530 IN 2531 2532 9 0.500000 2 0
2531 LN -1 -1 -1 -1.000000 1 1
2532 LN -1 -1 -1 -1.000000 1 0
2533 IN 2534 2539 3 0.500000 4 1
2534 IN 2535 2536 13 0.500000 3 1
2535 LN -1 -1 -1 -1.000000 1 0
2536 IN 2537 2538 8 0.500000 2 1
2537 LN -1 -1 -1 -1.000000 1 1
2538 LN -1 -1 -1 -1.000000 1 1
2539 LN -1 -1 -1 -1.000000 1 1
2540 IN 2541 2542 8 0.500000 4 1
2541 LN -1 -1 -1 -1.000000 1 1
2542 IN 2543 2544 0 0.500000 3 1
2543 LN -1 -1 -1 -1.000000 1 1
2544 IN 2545 2546 13 0.500000 2 1
2545 LN -1 -1 -1 -1.000000 1 0
2546 LN -1 -1 -1 -1.000000 1 1
2547 IN 2548 2555 3 0.500000 5 1
2548 IN 2549 2550 9 0.500000 4 1
2549 LN -1 -1 -1 -1.000000 1 1
2550 IN 2551 2554 6 0.500000 3 1
2551 IN 2552 2553 8 0.500000 2 1
2552 LN -1 -1 -1 -1.000000 1 1
2553 LN -1 -1 -1 -1.000000 1 1
2554 LN -1 -1 -1 -1.000000 1 1
2555 IN 2556 2557 8 0.500000 4 1
2556 LN -1 -1 -1 -1.000000 1 1
2557 IN 2558 2559 13 0.500000 3 1
2558 LN -1 -1 -1 -1.000000 1 1
2559 IN 2560 2561 6 0.500000 2 1
2560 LN -1 -1 -1 -1.000000 1 1
2561 LN -1 -1 -1 -1.000000 1 1
2562 IN 2563 2668 1 0.500000 12 1
2563 IN 2564 2615 9 0.500000 10 0
2564 IN 2565 2584 7 0.500000 7 0
2565 IN 2566 2567 15 0.500000 6 0
2566 LN -1 -1 -1 -1.000000 1 0
2567 IN 2568 2579 16 0.500000 5 0
2568 IN 2569 2576 3 0.500000 4 0
2569 IN 2570 2573 13 0.500000 3 0
2570 IN 2571 2572 12 0.500000 2 0
2571 LN -1 -1 -1 -1.000000 1 0
2572 LN -1 -1 -1 -1.000000 1 0
2573 IN 2574 2575 12 0.500000 2 1
2574 LN -1 -1 -1 -1.000000 1 0
2575 LN -1 -1 -1 -1.000000 1 1
2576 IN 2577 2578 13 0.500000 2 0
2577 LN -1 -1 -1 -1.000000 1 0
2578 LN -1 -1 -1 -1.000000 1 0
2579 IN 2580 2581 13 0.500000 3 0
2580 LN -1 -1 -1 -1.000000 1 0
2581 IN 2582 2583 12 0.500000 2 0
2582 LN -1 -1 -1 -1.000000 1 0
2583 LN -1 -1 -1 -1.000000 1 0
2584 IN 2585 2600 12 0.500000 6 0
2585 IN 2586 2593 13 0.500000 5 0
2586 IN 2587 2592 6 0.500000 4 0
2587 IN 2588 2589 3 0.500000 3 0
2588 LN -1 -1 -1 -1.000000 1 0
2589 IN 2590 2591 16 0.500000 2 1
2590 LN -1 -1 -1 -1.000000 1 0
2591 LN -1 -1 -1 -1.000000 1 1
2592 LN -1 -1 -1 -1.000000 1 0
2593 IN 2594 2595 3 0.500000 4 0
2594 LN -1 -1 -1 -1.000000 1 0
2595 IN 2596 2599 6 0.500000 3 0
2596 IN 2597 2598 16 0.500000 2 0
2597 LN -1 -1 -1 -1.000000 1 1
2598 LN -1 -1 -1 -1.000000 1 0
2599 LN -1 -1 -1 -1.000000 1 0
2600 IN 2601 2608 16 0.500000 5 1
2601 IN 2602 2605 3 0.500000 3 1
2602 IN 2603 2604 13 0.500000 2 0
2603 LN -1 -1 -1 -1.000000 1 0
2604 LN -1 -1 -1 -1.000000 1 1
2605 IN 2606 2607 13 0.500000 2 1
2606 LN -1 -1 -1 -1.000000 1 0
2607 LN -1 -1 -1 -1.000000 1 1
2608 IN 2609 2614 6 0.500000 4 1
2609 IN 2610 2611 15 0.500000 3 1
2610 LN -1 -1 -1 -1.000000 1 1
2611 IN 2612 2613 3 0.500000 2 1
2612 LN -1 -1 -1 -1.000000 1 1
2613 LN -1 -1 -1 -1.000000 1 1
2614 LN -1 -1 -1 -1.000000 1 1
2615 IN 2616 2625 3 0.500000 9 1
2616 IN 2617 2624 13 0.500000 4 1
2617 IN 2618 2621 7 0.500000 3 1
2618 IN 2619 2620 12 0.500000 2 0
2619 LN -1 -1 -1 -1.000000 1 0
2620 LN -1 -1 -1 -1.000000 1 1
2621 IN 2622 2623 12 0.500000 2 1
2622 LN -1 -1 -1 -1.000000 1 1
2623 LN -1 -1 -1 -1.000000 1 0
2624 LN -1 -1 -1 -1.000000 1 1
2625 IN 2626 2659 13 0.500000 8 1
2626 IN 2627 2636 7 0.500000 7 0
2627 IN 2628 2635 8 0.500000 4 0
2628 IN 2629 2632 16 0.500000 3 0
2629 IN 2630 2631 12 0.500000 2 0
2630 LN -1 -1 -1 -1.000000 1 1
2631 LN -1 -1 -1 -1.000000 1 0
2632 IN 2633 2634 12 0.500000 2 0
2633 LN -1 -1 -1 -1.000000 1 0
2634 LN -1 -1 -1 -1.000000 1 1
2635 LN -1 -1 -1 -1.000000 1 0
2636 IN 2637 2650 12 0.500000 6 0
2637 IN 2638 2645 8 0.500000 4 0
2638 IN 2639 2642 6 0.500000 3 0
2639 IN 2640 2641 16 0.500000 2 0
2640 LN -1 -1 -1 -1.000000 1 0
2641 LN -1 -1 -1 -1.000000 1 0
2642 IN 2643 2644 16 0.500000 2 0
2643 LN -1 -1 -1 -1.000000 1 0
2644 LN -1 -1 -1 -1.000000 1 1
2645 IN 2646 2647 6 0.500000 3 1
2646 LN -1 -1 -1 -1.000000 1 1
2647 IN 2648 2649 16 0.500000 2 1
2648 LN -1 -1 -1 -1.000000 1 1
2649 LN -1 -1 -1 -1.000000 1 0
2650 IN 2651 2658 8 0.500000 5 0
2651 IN 2652 2657 16 0.500000 4 0
2652 IN 2653 2654 15 0.500000 3 0
2653 LN -1 -1 -1 -1.000000 1 0
2654 IN 2655 2656 6 0.500000 2 1
2655 LN -1 -1 -1 -1.000000 1 0
2656 LN -1 -1 -1 -1.000000 1 1
2657 LN -1 -1 -1 -1.000000 1 0
2658 LN -1 -1 -1 -1.000000 1 1
2659 IN 2660 2667 12 0.500000 5 1
2660 IN 2661 2666 6 0.500000 4 1
2661 IN 2662 2663 7 0.500000 3 1
2662 LN -1 -1 -1 -1.000000 1 1
2663 IN 2664 2665 16 0.500000 2 1
2664 LN -1 -1 -1 -1.000000 1 1
2665 LN -1 -1 -1 -1.000000 1 1
2666 LN -1 -1 -1 -1.000000 1 1
2667 LN -1 -1 -1 -1.000000 1 1
2668 IN 2669 2834 12 0.500000 11 1
2669 IN 2670 2695 9 0.500000 10 1
2670 IN 2671 2694 6 0.500000 7 1
2671 IN 2672 2681 7 0.500000 6 0
2672 IN 2673 2680 0 0.500000 5 0
2673 IN 2674 2679 3 0.500000 4 0
2674 IN 2675 2676 13 0.500000 3 0
2675 LN -1 -1 -1 -1.000000 1 0
2676 IN 2677 2678 16 0.500000 2 0
2677 LN -1 -1 -1 -1.000000 1 0
2678 LN -1 -1 -1 -1.000000 1 1
2679 LN -1 -1 -1 -1.000000 1 1
2680 LN -1 -1 -1 -1.000000 1 0
2681 IN 2682 2687 16 0.500000 5 0
2682 IN 2683 2684 13 0.500000 3 0
2683 LN -1 -1 -1 -1.000000 1 1
2684 IN 2685 2686 0 0.500000 2 0
2685 LN -1 -1 -1 -1.000000 1 0
2686 LN -1 -1 -1 -1.000000 1 1
2687 IN 2688 2693 3 0.500000 4 1
2688 IN 2689 2690 0 0.500000 3 1
2689 LN -1 -1 -1 -1.000000 1 0
2690 IN 2691 2692 13 0.500000 2 1
2691 LN -1 -1 -1 -1.000000 1 1
2692 LN -1 -1 -1 -1.000000 1 1
2693 LN -1 -1 -1 -1.000000 1 0
2694 LN -1 -1 -1 -1.000000 1 1
2695 IN 2696 2763 13 0.500000 9 1
2696 IN 2697 2738 16 0.500000 8 1
2697 IN 2698 2701 15 0.500000 7 1
2698 IN 2699 2700 0 0.500000 2 0
2699 LN -1 -1 -1 -1.000000 1 0
2700 LN -1 -1 -1 -1.000000 1 1
2701 IN 2702 2727 6 0.500000 6 1
2702 IN 2703 2714 8 0.500000 5 1
2703 IN 2704 2709 0 0.500000 4 0
2704 IN 2705 2706 7 0.500000 3 1
2705 LN -1 -1 -1 -1.000000 1 0
2706 IN 2707 2708 3 0.500000 2 1
2707 LN -1 -1 -1 -1.000000 1 1
2708 LN -1 -1 -1 -1.000000 1 1
2709 IN 2710 2713 3 0.500000 3 0
2710 IN 2711 2712 7 0.500000 2 1
2711 LN -1 -1 -1 -1.000000 1 0
2712 LN -1 -1 -1 -1.000000 1 1
2713 LN -1 -1 -1 -1.000000 1 0
2714 IN 2715 2722 3 0.500000 4 1
2715 IN 2716 2719 7 0.500000 3 1
2716 IN 2717 2718 0 0.500000 2 1
2717 LN -1 -1 -1 -1.000000 1 1
2718 LN -1 -1 -1 -1.000000 1 1
2719 IN 2720 2721 0 0.500000 2 1
2720 LN -1 -1 -1 -1.000000 1 1
2721 LN -1 -1 -1 -1.000000 1 1
2722 IN 2723 2726 0 0.500000 3 1
2723 IN 2724 2725 7 0.500000 2 0
2724 LN -1 -1 -1 -1.000000 1 1
2725 LN -1 -1 -1 -1.000000 1 0
2726 LN -1 -1 -1 -1.000000 1 1
2727 IN 2728 2733 8 0.500000 4 1
2728 IN 2729 2730 0 0.500000 3 1
2729 LN -1 -1 -1 -1.000000 1 1
2730 IN 2731 2732 3 0.500000 2 1
2731 LN -1 -1 -1 -1.000000 1 0
2732 LN -1 -1 -1 -1.000000 1 1
2733 IN 2734 2735 0 0.500000 3 1
2734 LN -1 -1 -1 -1.000000 1 1
2735 IN 2736 2737 3 0.500000 2 1
2736 LN -1 -1 -1 -1.000000 1 1
2737 LN -1 -1 -1 -1.000000 1 1
2738 IN 2739 2756 6 0.500000 6 1
2739 IN 2740 2747 8 0.500000 5 1
2740 IN 2741 2742 7 0.500000 4 1
2741 LN -1 -1 -1 -1.000000 1 1
2742 IN 2743 2746 0 0.500000 3 0
2743 IN 2744 2745 3 0.500000 2 0
2744 LN -1 -1 -1 -1.000000 1 0
2745 LN -1 -1 -1 -1.000000 1 0
2746 LN -1 -1 -1 -1.000000 1 0
2747 IN 2748 2751 3 0.500000 4 1
2748 IN 2749 2750 7 0.500000 2 1
2749 LN -1 -1 -1 -1.000000 1 0
2750 LN -1 -1 -1 -1.000000 1 1
2751 IN 2752 2753 7 0.500000 3 1
2752 LN -1 -1 -1 -1.000000 1 1
2753 IN 2754 2755 0 0.500000 2 1
2754 LN -1 -1 -1 -1.000000 1 1
2755 LN -1 -1 -1 -1.000000 1 1
2756 IN 2757 2760 8 0.500000 3 1
2757 IN 2758 2759 0 0.500000 2 0
2758 LN -1 -1 -1 -1.000000 1 0
2759 LN -1 -1 -1 -1.000000 1 1
2760 IN 2761 2762 0 0.500000 2 1
2761 LN -1 -1 -1 -1.000000 1 0
2762 LN -1 -1 -1 -1.000000 1 1
2763 IN 2764 2799 16 0.500000 8 1
2764 IN 2765 2784 8 0.500000 7 1
2765 IN 2766 2779 6 0.500000 6 1
2766 IN 2767 2776 3 0.500000 5 0
2767 IN 2768 2769 15 0.500000 4 0
2768 LN -1 -1 -1 -1.000000 1 1
2769 IN 2770 2773 0 0.500000 3 0
2770 IN 2771 2772 7 0.500000 2 0
2771 LN -1 -1 -1 -1.000000 1 0
2772 LN -1 -1 -1 -1.000000 1 0
2773 IN 2774 2775 7 0.500000 2 0
2774 LN -1 -1 -1 -1.000000 1 0
2775 LN -1 -1 -1 -1.000000 1 0
2776 IN 2777 2778 0 0.500000 2 1
2777 LN -1 -1 -1 -1.000000 1 0
2778 LN -1 -1 -1 -1.000000 1 1
2779 IN 2780 2781 3 0.500000 3 1
2780 LN -1 -1 -1 -1.000000 1 1
2781 IN 2782 2783 0 0.500000 2 1
2782 LN -1 -1 -1 -1.000000 1 0
2783 LN -1 -1 -1 -1.000000 1 1
2784 IN 2785 2786 0 0.500000 6 1
2785 LN -1 -1 -1 -1.000000 1 1
2786 IN 2787 2790 7 0.500000 5 1
2787 IN 2788 2789 15 0.500000 2 1
2788 LN -1 -1 -1 -1.000000 1 1
2789 LN -1 -1 -1 -1.000000 1 1
2790 IN 2791 2796 3 0.500000 4 1
2791 IN 2792 2795 6 0.500000 3 1
2792 IN 2793 2794 15 0.500000 2 1
2793 LN -1 -1 -1 -1.000000 1 0
2794 LN -1 -1 -1 -1.000000 1 1
2795 LN -1 -1 -1 -1.000000 1 1
2796 IN 2797 2798 6 0.500000 2 1
2797 LN -1 -1 -1 -1.000000 1 1
2798 LN -1 -1 -1 -1.000000 1 1
2799 IN 2800 2817 8 0.500000 6 1
2800 IN 2801 2808 3 0.500000 5 1
2801 IN 2802 2805 7 0.500000 3 1
2802 IN 2803 2804 0 0.500000 2 0
2803 LN -1 -1 -1 -1.000000 1 1
2804 LN -1 -1 -1 -1.000000 1 0
2805 IN 2806 2807 0 0.500000 2 1
2806 LN -1 -1 -1 -1.000000 1 0
2807 LN -1 -1 -1 -1.000000 1 1
2808 IN 2809 2814 0 0.500000 4 1
2809 IN 2810 2811 7 0.500000 3 1
2810 LN -1 -1 -1 -1.000000 1 1
2811 IN 2812 2813 6 0.500000 2 1
2812 LN -1 -1 -1 -1.000000 1 1
2813 LN -1 -1 -1 -1.000000 1 1
2814 IN 2815 2816 6 0.500000 2 1
2815 LN -1 -1 -1 -1.000000 1 1
2816 LN -1 -1 -1 -1.000000 1 1
2817 IN 2818 2827 3 0.500000 5 1
2818 IN 2819 2826 6 0.500000 4 1
2819 IN 2820 2823 7 0.500000 3 1
2820 IN 2821 2822 15 0.500000 2 1
2821 LN -1 -1 -1 -1.000000 1 1
2822 LN -1 -1 -1 -1.000000 1 1
2823 IN 2824 2825 15 0.500000 2 1
2824 LN -1 -1 -1 -1.000000 1 0
2825 LN -1 -1 -1 -1.000000 1 1
2826 LN -1 -1 -1 -1.000000 1 1
2827 IN 2828 2833 6 0.500000 4 1
2828 IN 2829 2830 0 0.500000 3 1
2829 LN -1 -1 -1 -1.000000 1 1
2830 IN 2831 2832 7 0.500000 2 1
2831 LN -1 -1 -1 -1.000000 1 0
2832 LN -1 -1 -1 -1.000000 1 1
2833 LN -1 -1 -1 -1.000000 1 1
2834 IN 2835 2846 9 0.500000 10 1
2835 IN 2836 2839 7 0.500000 5 0
2836 IN 2837 2838 3 0.500000 2 0
2837 LN -1 -1 -1 -1.000000 1 0
2838 LN -1 -1 -1 -1.000000 1 0
2839 IN 2840 2845 0 0.500000 4 0
2840 IN 2841 2844 3 0.500000 3 0
2841 IN 2842 2843 16 0.500000 2 0
2842 LN -1 -1 -1 -1.000000 1 0
2843 LN -1 -1 -1 -1.000000 1 1
2844 LN -1 -1 -1 -1.000000 1 0
2845 LN -1 -1 -1 -1.000000 1 1
2846 IN 2847 2874 7 0.500000 9 1
2847 IN 2848 2851 15 0.500000 7 1
2848 IN 2849 2850 16 0.500000 2 0
2849 LN -1 -1 -1 -1.000000 1 0
2850 LN -1 -1 -1 -1.000000 1 0
2851 IN 2852 2857 13 0.500000 6 1
2852 IN 2853 2856 0 0.500000 3 1
2853 IN 2854 2855 16 0.500000 2 1
2854 LN -1 -1 -1 -1.000000 1 1
2855 LN -1 -1 -1 -1.000000 1 0
2856 LN -1 -1 -1 -1.000000 1 1
2857 IN 2858 2861 0 0.500000 5 1
2858 IN 2859 2860 16 0.500000 2 0
2859 LN -1 -1 -1 -1.000000 1 0
2860 LN -1 -1 -1 -1.000000 1 1
2861 IN 2862 2869 16 0.500000 4 1
2862 IN 2863 2866 8 0.500000 3 1
2863 IN 2864 2865 3 0.500000 2 1
2864 LN -1 -1 -1 -1.000000 1 0
2865 LN -1 -1 -1 -1.000000 1 1
2866 IN 2867 2868 3 0.500000 2 1
2867 LN -1 -1 -1 -1.000000 1 1
2868 LN -1 -1 -1 -1.000000 1 1
2869 IN 2870 2871 8 0.500000 3 1
2870 LN -1 -1 -1 -1.000000 1 1
2871 IN 2872 2873 3 0.500000 2 1
2872 LN -1 -1 -1 -1.000000 1 1
2873 LN -1 -1 -1 -1.000000 1 1
2874 IN 2875 2914 8 0.500000 8 1
2875 IN 2876 2889 13 0.500000 7 1
2876 IN 2877 2884 0 0.500000 4 1
2877 IN 2878 2881 6 0.500000 3 1
2878 IN 2879 2880 3 0.500000 2 0
2879 LN -1 -1 -1 -1.000000 1 1
2880 LN -1 -1 -1 -1.000000 1 0
2881 IN 2882 2883 16 0.500000 2 1
2882 LN -1 -1 -1 -1.000000 1 1
2883 LN -1 -1 -1 -1.000000 1 1
2884 IN 2885 2888 6 0.500000 3 1
2885 IN 2886 2887 3 0.500000 2 1
2886 LN -1 -1 -1 -1.000000 1 1
2887 LN -1 -1 -1 -1.000000 1 1
2888 LN -1 -1 -1 -1.000000 1 1
2889 IN 2890 2891 15 0.500000 6 1
2890 LN -1 -1 -1 -1.000000 1 1
2891 IN 2892 2901 3 0.500000 5 1
2892 IN 2893 2896 16 0.500000 4 1
2893 IN 2894 2895 0 0.500000 2 1
2894 LN -1 -1 -1 -1.000000 1 1
2895 LN -1 -1 -1 -1.000000 1 1
2896 IN 2897 2898 0 0.500000 3 1
2897 LN -1 -1 -1 -1.000000 1 1
2898 IN 2899 2900 6 0.500000 2 1
2899 LN -1 -1 -1 -1.000000 1 1
2900 LN -1 -1 -1 -1.000000 1 1
2901 IN 2902 2907 0 0.500000 4 1
2902 IN 2903 2906 6 0.500000 3 0
2903 IN 2904 2905 16 0.500000 2 1
2904 LN -1 -1 -1 -1.000000 1 1
2905 LN -1 -1 -1 -1.000000 1 1
2906 LN -1 -1 -1 -1.000000 1 0
2907 IN 2908 2911 16 0.500000 3 1
2908 IN 2909 2910 6 0.500000 2 1
2909 LN -1 -1 -1 -1.000000 1 1
2910 LN -1 -1 -1 -1.000000 1 1
2911 IN 2912 2913 6 0.500000 2 1
2912 LN -1 -1 -1 -1.000000 1 1
2913 LN -1 -1 -1 -1.000000 1 0
2914 IN 2915 2920 15 0.500000 7 1
2915 IN 2916 2917 13 0.500000 3 1
2916 LN -1 -1 -1 -1.000000 1 1
2917 IN 2918 2919 16 0.500000 2 0
2918 LN -1 -1 -1 -1.000000 1 1
2919 LN -1 -1 -1 -1.000000 1 0
2920 IN 2921 2936 6 0.500000 6 1
2921 IN 2922 2929 13 0.500000 5 1
2922 IN 2923 2928 16 0.500000 4 1
2923 IN 2924 2925 0 0.500000 3 1
2924 LN -1 -1 -1 -1.000000 1 1
2925 IN 2926 2927 3 0.500000 2 1
2926 LN -1 -1 -1 -1.000000 1 1
2927 LN -1 -1 -1 -1.000000 1 1
2928 LN -1 -1 -1 -1.000000 1 1
2929 IN 2930 2933 3 0.500000 3 1
2930 IN 2931 2932 16 0.500000 2 1
2931 LN -1 -1 -1 -1.000000 1 1
2932 LN -1 -1 -1 -1.000000 1 1
2933 IN 2934 2935 16 0.500000 2 1
2934 LN -1 -1 -1 -1.000000 1 1
2935 LN -1 -1 -1 -1.000000 1 1
2936 IN 2937 2942 0 0.500000 5 1
2937 IN 2938 2941 13 0.500000 3 1
2938 IN 2939 2940 16 0.500000 2 1
2939 LN -1 -1 -1 -1.000000 1 1
2940 LN -1 -1 -1 -1.000000 1 1
2941 LN -1 -1 -1 -1.000000 1 1
2942 IN 2943 2950 3 0.500000 4 1
2943 IN 2944 2947 13 0.500000 3 1
2944 IN 2945 2946 16 0.500000 2 1
2945 LN -1 -1 -1 -1.000000 1 1
2946 LN -1 -1 -1 -1.000000 1 1
2947 IN 2948 2949 16 0.500000 2 1
2948 LN -1 -1 -1 -1.000000 1 1
2949 LN -1 -1 -1 -1.000000 1 1
2950 IN 2951 2954 16 0.500000 3 1
2951 IN 2952 2953 13 0.500000 2 1
2952 LN -1 -1 -1 -1.000000 1 1
2953 LN -1 -1 -1 -1.000000 1 1
2954 IN 2955 2956 13 0.500000 2 1
2955 LN -1 -1 -1 -1.000000 1 1
2956 LN -1 -1 -1 -1.000000 1 1

[TREE 3]
NB_NODES: 2977
0 IN 1 1792 12 0.500000 17 0
1 IN 2 1371 0 0.500000 16 0
2 IN 3 412 2 0.500000 15 0
3 IN 4 291 4 0.500000 13 0
4 IN 5 6 11 0.500000 12 0
5 LN -1 -1 -1 -1.000000 1 0
6 IN 7 88 5 0.500000 11 0
7 IN 8 55 14 0.500000 9 0
8 IN 9 32 7 0.500000 8 0
9 IN 10 21 15 0.500000 7 0
10 IN 11 20 3 0.500000 5 0
11 IN 12 15 10 0.500000 4 0
12 IN 13 14 8 0.500000 2 0
13 LN -1 -1 -1 -1.000000 1 0
14 LN -1 -1 -1 -1.000000 1 0
15 IN 16 19 8 0.500000 3 0
16 IN 17 18 9 0.500000 2 0
17 LN -1 -1 -1 -1.000000 1 1
18 LN -1 -1 -1 -1.000000 1 0
19 LN -1 -1 -1 -1.000000 1 0
20 LN -1 -1 -1 -1.000000 1 0
21 IN 22 31 16 0.500000 6 0
22 IN 23 30 3 0.500000 5 0
23 IN 24 29 8 0.500000 4 0
24 IN 25 28 9 0.500000 3 0
25 IN 26 27 10 0.500000 2 0
26 LN -1 -1 -1 -1.000000 1 0
27 LN -1 -1 -1 -1.000000 1 0
28 LN -1 -1 -1 -1.000000 1 0
29 LN -1 -1 -1 -1.000000 1 0
30 LN -1 -1 -1 -1.000000 1 0
31 LN -1 -1 -1 -1.000000 1 0
32 IN 33 54 6 0.500000 7 0
33 IN 34 43 15 0.500000 6 0
34 IN 35 42 10 0.500000 5 0
35 IN 36 41 3 0.500000 4 0
36 IN 37 38 9 0.500000 3 0
37 LN -1 -1 -1 -1.000000 1 0
38 IN 39 40 8 0.500000 2 0
39 LN -1 -1 -1 -1.000000 1 0
40 LN -1 -1 -1 -1.000000 1 0
41 LN -1 -1 -1 -1.000000 1 0
42 LN -1 -1 -1 -1.000000 1 0
43 IN 44 45 9 0.500000 5 0
44 LN -1 -1 -1 -1.000000 1 0
45 IN 46 51 8 0.500000 4 0
46 IN 47 48 10 0.500000 3 0
47 LN -1 -1 -1 -1.000000 1 0
48 IN 49 50 3 0.500000 2 0
49 LN -1 -1 -1 -1.000000 1 0
50 LN -1 -1 -1 -1.000000 1 0
51 IN 52 53 10 0.500000 2 0
52 LN -1 -1 -1 -1.000000 1 0
53 LN -1 -1 -1 -1.000000 1 0
54 LN -1 -1 -1 -1.000000 1 0
55 IN 56 75 7 0.500000 8 0
56 IN 57 72 8 0.500000 6 0
57 IN 58 67 13 0.500000 5 0
58 IN 59 60 15 0.500000 4 0
59 LN -1 -1 -1 -1.000000 1 0
60 IN 61 64 10 0.500000 3 0
61 IN 62 63 9 0.500000 2 0
62 LN -1 -1 -1 -1.000000 1 0
63 LN -1 -1 -1 -1.000000 1 0
64 IN 65 66 9 0.500000 2 0
65 LN -1 -1 -1 -1.000000 1 0
66 LN -1 -1 -1 -1.000000 1 0
67 IN 68 69 10 0.500000 3 0
68 LN -1 -1 -1 -1.000000 1 0
69 IN 70 71 9 0.500000 2 0
70 LN -1 -1 -1 -1.000000 1 0
71 LN -1 -1 -1 -1.000000 1 1
72 IN 73 74 10 0.500000 2 0
73 LN -1 -1 -1 -1.000000 1 1
74 LN -1 -1 -1 -1.000000 1 0
75 IN 76 77 9 0.500000 7 0
76 LN -1 -1 -1 -1.000000 1 0
77 IN 78 87 8 0.500000 6 0
78 IN 79 80 15 0.500000 5 0
79 LN -1 -1 -1 -1.000000 1 0
80 IN 81 82 10 0.500000 4 0
81 LN -1 -1 -1 -1.000000 1 0
82 IN 83 86 3 0.500000 3 0
83 IN 84 85 16 0.500000 2 1
84 LN -1 -1 -1 -1.000000 1 1
85 LN -1 -1 -1 -1.000000 1 1
86 LN -1 -1 -1 -1.000000 1 0
87 LN -1 -1 -1 -1.000000 1 0
88 IN 89 264 16 0.500000 10 0
89 IN 90 161 7 0.500000 9 0
90 IN 91 126 10 0.500000 8 0
91 IN 92 125 8 0.500000 7 0
92 IN 93 110 9 0.500000 6 0
93 IN 94 105 13 0.500000 5 0
94 IN 95 100 3 0.500000 4 0
95 IN 96 97 15 0.500000 3 0
96 LN -1 -1 -1 -1.000000 1 0
97 IN 98 99 14 0.500000 2 0
98 LN -1 -1 -1 -1.000000 1 0
99 LN -1 -1 -1 -1.000000 1 0
100 IN 101 102 15 0.500000 3 0
101 LN -1 -1 -1 -1.000000 1 0
102 IN 103 104 14 0.500000 2 0
103 LN -1 -1 -1 -1.000000 1 0
104 LN -1 -1 -1 -1.000000 1 0
105 IN 106 107 15 0.500000 3 0
106 LN -1 -1 -1 -1.000000 1 0
107 IN 108 109 3 0.500000 2 0
108 LN -1 -1 -1 -1.000000 1 0
109 LN -1 -1 -1 -1.000000 1 0
110 IN 111 122 13 0.500000 5 0
111 IN 112 119 14 0.500000 4 0
112 IN 113 116 3 0.500000 3 0
113 IN 114 115 15 0.500000 2 0
114 LN -1 -1 -1 -1.000000 1 0
115 LN -1 -1 -1 -1.000000 1 0
116 IN 117 118 15 0.500000 2 0
117 LN -1 -1 -1 -1.000000 1 0
118 LN -1 -1 -1 -1.000000 1 0
119 IN 120 121 3 0.500000 2 0
120 LN -1 -1 -1 -1.000000 1 0
121 LN -1 -1 -1 -1.000000 1 0
122 IN 123 124 15 0.500000 2 0
123 LN -1 -1 -1 -1.000000 1 1
124 LN -1 -1 -1 -1.000000 1 0
125 LN -1 -1 -1 -1.000000 1 0
126 IN 127 140 9 0.500000 6 0
127 IN 128 139 13 0.500000 5 0
128 IN 129 132 15 0.500000 4 0
129 IN 130 131 3 0.500000 2 0
130 LN -1 -1 -1 -1.000000 1 0
131 LN -1 -1 -1 -1.000000 1 0
132 IN 133 136 3 0.500000 3 0
133 IN 134 135 14 0.500000 2 0
134 LN -1 -1 -1 -1.000000 1 0
135 LN -1 -1 -1 -1.000000 1 0
136 IN 137 138 14 0.500000 2 0
137 LN -1 -1 -1 -1.000000 1 0
138 LN -1 -1 -1 -1.000000 1 0
139 LN -1 -1 -1 -1.000000 1 0
140 IN 141 154 14 0.500000 5 0
141 IN 142 149 3 0.500000 4 0
142 IN 143 146 15 0.500000 3 0
143 IN 144 145 8 0.500000 2 0
144 LN -1 -1 -1 -1.000000 1 0
145 LN -1 -1 -1 -1.000000 1 0
146 IN 147 148 8 0.500000 2 0
147 LN -1 -1 -1 -1.000000 1 0
148 LN -1 -1 -1 -1.000000 1 0
149 IN 150 151 15 0.500000 3 0
150 LN -1 -1 -1 -1.000000 1 0
151 IN 152 153 8 0.500000 2 1
152 LN -1 -1 -1 -1.000000 1 1
153 LN -1 -1 -1 -1.000000 1 0
154 IN 155 160 13 0.500000 4 0
155 IN 156 157 8 0.500000 3 0
156 LN -1 -1 -1 -1.000000 1 0
157 IN 158 159 3 0.500000 2 0
158 LN -1 -1 -1 -1.000000 1 0
159 LN -1 -1 -1 -1.000000 1 1
160 LN -1 -1 -1 -1.000000 1 1
161 IN 162 229 6 0.500000 8 0
162 IN 163 198 3 0.500000 7 0
163 IN 164 183 14 0.500000 6 0
164 IN 165 178 8 0.500000 5 0
165 IN 166 171 15 0.500000 4 0
166 IN 167 170 10 0.500000 3 0
167 IN 168 169 9 0.500000 2 0
168 LN -1 -1 -1 -1.000000 1 0
169 LN -1 -1 -1 -1.000000 1 0
170 LN -1 -1 -1 -1.000000 1 0
171 IN 172 175 9 0.500000 3 0
172 IN 173 174 10 0.500000 2 0
173 LN -1 -1 -1 -1.000000 1 0
174 LN -1 -1 -1 -1.000000 1 0
175 IN 176 177 10 0.500000 2 0
176 LN -1 -1 -1 -1.000000 1 0
177 LN -1 -1 -1 -1.000000 1 0
178 IN 179 180 15 0.500000 3 0
179 LN -1 -1 -1 -1.000000 1 0
180 IN 181 182 10 0.500000 2 0
181 LN -1 -1 -1 -1.000000 1 0
182 LN -1 -1 -1 -1.000000 1 1
183 IN 184 193 13 0.500000 5 0
184 IN 185 190 9 0.500000 4 0
185 IN 186 187 15 0.500000 3 0
186 LN -1 -1 -1 -1.000000 1 0
187 IN 188 189 10 0.500000 2 0
188 LN -1 -1 -1 -1.000000 1 0
189 LN -1 -1 -1 -1.000000 1 0
190 IN 191 192 10 0.500000 2 0
191 LN -1 -1 -1 -1.000000 1 0
192 LN -1 -1 -1 -1.000000 1 0
193 IN 194 197 9 0.500000 3 1
194 IN 195 196 15 0.500000 2 0
195 LN -1 -1 -1 -1.000000 1 1
196 LN -1 -1 -1 -1.000000 1 0
197 LN -1 -1 -1 -1.000000 1 1
198 IN 199 218 15 0.500000 6 0
199 IN 200 215 8 0.500000 5 0
200 IN 201 208 10 0.500000 4 0
201 IN 202 205 14 0.500000 3 0
202 IN 203 204 9 0.500000 2 0
203 LN -1 -1 -1 -1.000000 1 0
204 LN -1 -1 -1 -1.000000 1 0
205 IN 206 207 9 0.500000 2 0
206 LN -1 -1 -1 -1.000000 1 0
207 LN -1 -1 -1 -1.000000 1 1
208 IN 209 212 14 0.500000 3 0
209 IN 210 211 9 0.500000 2 0
210 LN -1 -1 -1 -1.000000 1 0
211 LN -1 -1 -1 -1.000000 1 0
212 IN 213 214 9 0.500000 2 0
213 LN -1 -1 -1 -1.000000 1 1
214 LN -1 -1 -1 -1.000000 1 0
215 IN 216 217 10 0.500000 2 0
216 LN -1 -1 -1 -1.000000 1 0
217 LN -1 -1 -1 -1.000000 1 0
218 IN 219 228 14 0.500000 5 0
219 IN 220 225 10 0.500000 4 0
220 IN 221 224 8 0.500000 3 0
221 IN 222 223 9 0.500000 2 0
222 LN -1 -1 -1 -1.000000 1 0
223 LN -1 -1 -1 -1.000000 1 0
224 LN -1 -1 -1 -1.000000 1 0
225 IN 226 227 9 0.500000 2 0
226 LN -1 -1 -1 -1.000000 1 0
227 LN -1 -1 -1 -1.000000 1 0
228 LN -1 -1 -1 -1.000000 1 0
229 IN 230 251 14 0.500000 7 0
230 IN 231 240 10 0.500000 6 0
231 IN 232 233 3 0.500000 5 0
232 LN -1 -1 -1 -1.000000 1 0
233 IN 234 235 9 0.500000 4 0
234 LN -1 -1 -1 -1.000000 1 0
235 IN 236 237 15 0.500000 3 0
236 LN -1 -1 -1 -1.000000 1 0
237 IN 238 239 8 0.500000 2 0
238 LN -1 -1 -1 -1.000000 1 1
239 LN -1 -1 -1 -1.000000 1 0
240 IN 241 242 3 0.500000 5 0
241 LN -1 -1 -1 -1.000000 1 0
242 IN 243 248 15 0.500000 4 0
243 IN 244 247 8 0.500000 3 0
244 IN 245 246 9 0.500000 2 0
245 LN -1 -1 -1 -1.000000 1 0
246 LN -1 -1 -1 -1.000000 1 0
247 LN -1 -1 -1 -1.000000 1 0
248 IN 249 250 9 0.500000 2 0
249 LN -1 -1 -1 -1.000000 1 0
250 LN -1 -1 -1 -1.000000 1 0
251 IN 252 263 13 0.500000 5 0
252 IN 253 258 10 0.500000 4 0
253 IN 254 255 15 0.500000 3 0
254 LN -1 -1 -1 -1.000000 1 0
255 IN 256 257 9 0.500000 2 0
256 LN -1 -1 -1 -1.000000 1 0
257 LN -1 -1 -1 -1.000000 1 1
258 IN 259 262 15 0.500000 3 0
259 IN 260 261 8 0.500000 2 0
260 LN -1 -1 -1 -1.000000 1 1
261 LN -1 -1 -1 -1.000000 1 0
262 LN -1 -1 -1 -1.000000 1 0
263 LN -1 -1 -1 -1.000000 1 0
264 IN 265 278 13 0.500000 7 0
265 IN 266 267 15 0.500000 6 0
266 LN -1 -1 -1 -1.000000 1 0
267 IN 268 269 14 0.500000 5 0
268 LN -1 -1 -1 -1.000000 1 0
269 IN 270 271 10 0.500000 4 1
270 LN -1 -1 -1 -1.000000 1 0
271 IN 272 275 3 0.500000 3 1
272 IN 273 274 7 0.500000 2 0
273 LN -1 -1 -1 -1.000000 1 1
274 LN -1 -1 -1 -1.000000 1 0
275 IN 276 277 9 0.500000 2 1
276 LN -1 -1 -1 -1.000000 1 1
277 LN -1 -1 -1 -1.000000 1 0
278 IN 279 288 3 0.500000 5 0
279 IN 280 285 9 0.500000 4 0
280 IN 281 282 15 0.500000 3 0
281 LN -1 -1 -1 -1.000000 1 0
282 IN 283 284 7 0.500000 2 0
283 LN -1 -1 -1 -1.000000 1 0
284 LN -1 -1 -1 -1.000000 1 0
285 IN 286 287 8 0.500000 2 1
286 LN -1 -1 -1 -1.000000 1 1
287 LN -1 -1 -1 -1.000000 1 0
288 IN 289 290 9 0.500000 2 1
289 LN -1 -1 -1 -1.000000 1 0
290 LN -1 -1 -1 -1.000000 1 1
291 IN 292 347 15 0.500000 11 0
292 IN 293 334 6 0.500000 9 0
293 IN 294 313 3 0.500000 8 0
294 IN 295 312 13 0.500000 7 0
295 IN 296 311 8 0.500000 6 0
296 IN 297 302 10 0.500000 5 0
297 IN 298 299 14 0.500000 3 0
298 LN -1 -1 -1 -1.000000 1 0
299 IN 300 301 16 0.500000 2 0
300 LN -1 -1 -1 -1.000000 1 0
301 LN -1 -1 -1 -1.000000 1 1
302 IN 303 308 9 0.500000 4 0
303 IN 304 305 7 0.500000 3 0
304 LN -1 -1 -1 -1.000000 1 0
305 IN 306 307 14 0.500000 2 0
306 LN -1 -1 -1 -1.000000 1 0
307 LN -1 -1 -1 -1.000000 1 0
308 IN 309 310 14 0.500000 2 0
309 LN -1 -1 -1 -1.000000 1 0
310 LN -1 -1 -1 -1.000000 1 0
311 LN -1 -1 -1 -1.000000 1 1
312 LN -1 -1 -1 -1.000000 1 0
313 IN 314 333 13 0.500000 6 0
314 IN 315 324 9 0.500000 5 0
315 IN 316 323 14 0.500000 4 0
316 IN 317 320 10 0.500000 3 0
317 IN 318 319 7 0.500000 2 0
318 LN -1 -1 -1 -1.000000 1 0
319 LN -1 -1 -1 -1.000000 1 0
320 IN 321 322 7 0.500000 2 0
321 LN -1 -1 -1 -1.000000 1 0
322 LN -1 -1 -1 -1.000000 1 0
323 LN -1 -1 -1 -1.000000 1 1
324 IN 325 332 14 0.500000 4 0
325 IN 326 329 7 0.500000 3 0
326 IN 327 328 10 0.500000 2 1
327 LN -1 -1 -1 -1.000000 1 1
328 LN -1 -1 -1 -1.000000 1 0
329 IN 330 331 10 0.500000 2 0
330 LN -1 -1 -1 -1.000000 1 0
331 LN -1 -1 -1 -1.000000 1 0
332 LN -1 -1 -1 -1.000000 1 0
333 LN -1 -1 -1 -1.000000 1 0
334 IN 335 336 10 0.500000 6 0
335 LN -1 -1 -1 -1.000000 1 0
336 IN 337 338 3 0.500000 5 0
337 LN -1 -1 -1 -1.000000 1 0
338 IN 339 346 8 0.500000 4 0
339 IN 340 343 14 0.500000 3 0
340 IN 341 342 9 0.500000 2 0
341 LN -1 -1 -1 -1.000000 1 0
342 LN -1 -1 -1 -1.000000 1 0
343 IN 344 345 9 0.500000 2 0
344 LN -1 -1 -1 -1.000000 1 0
345 LN -1 -1 -1 -1.000000 1 0
346 LN -1 -1 -1 -1.000000 1 0
347 IN 348 411 8 0.500000 10 0
348 IN 349 392 9 0.500000 9 0
349 IN 350 385 13 0.500000 8 0
350 IN 351 382 6 0.500000 7 0
351 IN 352 365 10 0.500000 6 0
352 IN 353 358 7 0.500000 4 0
353 IN 354 357 3 0.500000 3 0
354 IN 355 356 14 0.500000 2 0
355 LN -1 -1 -1 -1.000000 1 0
356 LN -1 -1 -1 -1.000000 1 0
357 LN -1 -1 -1 -1.000000 1 0
358 IN 359 362 14 0.500000 3 0
359 IN 360 361 3 0.500000 2 0
360 LN -1 -1 -1 -1.000000 1 0
361 LN -1 -1 -1 -1.000000 1 1
362 IN 363 364 3 0.500000 2 0
363 LN -1 -1 -1 -1.000000 1 1
364 LN -1 -1 -1 -1.000000 1 0
365 IN 366 377 7 0.500000 5 0
366 IN 367 372 14 0.500000 4 0
367 IN 368 371 3 0.500000 3 0
368 IN 369 370 16 0.500000 2 0
369 LN -1 -1 -1 -1.000000 1 0
370 LN -1 -1 -1 -1.000000 1 1
371 LN -1 -1 -1 -1.000000 1 0
372 IN 373 376 3 0.500000 3 1
373 IN 374 375 16 0.500000 2 0
374 LN -1 -1 -1 -1.000000 1 0
375 LN -1 -1 -1 -1.000000 1 1
376 LN -1 -1 -1 -1.000000 1 1
377 IN 378 381 3 0.500000 3 0
378 IN 379 380 14 0.500000 2 0
379 LN -1 -1 -1 -1.000000 1 0
380 LN -1 -1 -1 -1.000000 1 0
381 LN -1 -1 -1 -1.000000 1 0
382 IN 383 384 14 0.500000 2 0
383 LN -1 -1 -1 -1.000000 1 0
384 LN -1 -1 -1 -1.000000 1 1
385 IN 386 391 16 0.500000 4 0
386 IN 387 390 3 0.500000 3 0
387 IN 388 389 10 0.500000 2 0
388 LN -1 -1 -1 -1.000000 1 1
389 LN -1 -1 -1 -1.000000 1 0
390 LN -1 -1 -1 -1.000000 1 1
391 LN -1 -1 -1 -1.000000 1 0
392 IN 393 410 16 0.500000 6 0
393 IN 394 401 7 0.500000 5 0
394 IN 395 400 3 0.500000 4 0
395 IN 396 399 13 0.500000 3 0
396 IN 397 398 14 0.500000 2 0
397 LN -1 -1 -1 -1.000000 1 0
398 LN -1 -1 -1 -1.000000 1 0
399 LN -1 -1 -1 -1.000000 1 0
400 LN -1 -1 -1 -1.000000 1 0
401 IN 402 407 6 0.500000 4 0
402 IN 403 404 14 0.500000 3 0
403 LN -1 -1 -1 -1.000000 1 0
404 IN 405 406 10 0.500000 2 1
405 LN -1 -1 -1 -1.000000 1 0
406 LN -1 -1 -1 -1.000000 1 1
407 IN 408 409 10 0.500000 2 0
408 LN -1 -1 -1 -1.000000 1 1
409 LN -1 -1 -1 -1.000000 1 0
410 LN -1 -1 -1 -1.000000 1 0
411 LN -1 -1 -1 -1.000000 1 1
412 IN 413 956 1 0.500000 14 0
413 IN 414 777 4 0.500000 13 0
414 IN 415 702 16 0.500000 12 0
415 IN 416 489 5 0.500000 11 0
416 IN 417 480 3 0.500000 9 0
417 IN 418 429 9 0.500000 8 0
418 IN 419 424 10 0.500000 4 0
419 IN 420 423 13 0.500000 3 0
420 IN 421 422 14 0.500000 2 0
421 LN -1 -1 -1 -1.000000 1 0
422 LN -1 -1 -1 -1.000000 1 1
423 LN -1 -1 -1 -1.000000 1 0
424 IN 425 428 13 0.500000 3 1
425 IN 426 427 15 0.500000 2 1
426 LN -1 -1 -1 -1.000000 1 0
427 LN -1 -1 -1 -1.000000 1 1
428 LN -1 -1 -1 -1.000000 1 0
429 IN 430 463 7 0.500000 7 0
430 IN 431 446 15 0.500000 6 0
431 IN 432 443 10 0.500000 5 0
432 IN 433 438 8 0.500000 4 0
433 IN 434 435 14 0.500000 3 0
434 LN -1 -1 -1 -1.000000 1 0
435 IN 436 437 13 0.500000 2 0
436 LN -1 -1 -1 -1.000000 1 0
437 LN -1 -1 -1 -1.000000 1 1
438 IN 439 442 14 0.500000 3 0
439 IN 440 441 11 0.500000 2 0
440 LN -1 -1 -1 -1.000000 1 0
441 LN -1 -1 -1 -1.000000 1 0
442 LN -1 -1 -1 -1.000000 1 0
443 IN 444 445 14 0.500000 2 0
444 LN -1 -1 -1 -1.000000 1 0
445 LN -1 -1 -1 -1.000000 1 0
446 IN 447 454 8 0.500000 5 0
447 IN 448 449 14 0.500000 4 0
448 LN -1 -1 -1 -1.000000 1 0
449 IN 450 453 13 0.500000 3 0
450 IN 451 452 10 0.500000 2 0
451 LN -1 -1 -1 -1.000000 1 0
452 LN -1 -1 -1 -1.000000 1 0
453 LN -1 -1 -1 -1.000000 1 0
454 IN 455 458 10 0.500000 4 0
455 IN 456 457 14 0.500000 2 0
456 LN -1 -1 -1 -1.000000 1 0
457 LN -1 -1 -1 -1.000000 1 0
458 IN 459 462 13 0.500000 3 0
459 IN 460 461 14 0.500000 2 0
460 LN -1 -1 -1 -1.000000 1 0
461 LN -1 -1 -1 -1.000000 1 0
462 LN -1 -1 -1 -1.000000 1 0
463 IN 464 473 14 0.500000 5 0
464 IN 465 468 10 0.500000 4 0
465 IN 466 467 8 0.500000 2 0
466 LN -1 -1 -1 -1.000000 1 0
467 LN -1 -1 -1 -1.000000 1 0
468 IN 469 470 8 0.500000 3 0
469 LN -1 -1 -1 -1.000000 1 0
470 IN 471 472 15 0.500000 2 0
471 LN -1 -1 -1 -1.000000 1 0
472 LN -1 -1 -1 -1.000000 1 1
473 IN 474 475 10 0.500000 4 0
474 LN -1 -1 -1 -1.000000 1 0
475 IN 476 479 13 0.500000 3 0
476 IN 477 478 8 0.500000 2 0
477 LN -1 -1 -1 -1.000000 1 0
478 LN -1 -1 -1 -1.000000 1 1
479 LN -1 -1 -1 -1.000000 1 0
480 IN 481 482 15 0.500000 5 0
481 LN -1 -1 -1 -1.000000 1 0
482 IN 483 484 9 0.500000 4 0
483 LN -1 -1 -1 -1.000000 1 0
484 IN 485 486 8 0.500000 3 0
485 LN -1 -1 -1 -1.000000 1 0
486 IN 487 488 13 0.500000 2 0
487 LN -1 -1 -1 -1.000000 1 0
488 LN -1 -1 -1 -1.000000 1 1
489 IN 490 567 7 0.500000 10 0
490 IN 491 532 10 0.500000 9 0
491 IN 492 505 9 0.500000 8 0
492 IN 493 494 11 0.500000 5 0
493 LN -1 -1 -1 -1.000000 1 0
494 IN 495 500 3 0.500000 4 0
495 IN 496 497 15 0.500000 3 0
496 LN -1 -1 -1 -1.000000 1 0
497 IN 498 499 13 0.500000 2 0
498 LN -1 -1 -1 -1.000000 1 0
499 LN -1 -1 -1 -1.000000 1 0
500 IN 501 504 13 0.500000 3 0
501 IN 502 503 14 0.500000 2 0
502 LN -1 -1 -1 -1.000000 1 1
503 LN -1 -1 -1 -1.000000 1 0
504 LN -1 -1 -1 -1.000000 1 0
505 IN 506 521 3 0.500000 7 0
506 IN 507 508 11 0.500000 6 0
507 LN -1 -1 -1 -1.000000 1 0
508 IN 509 512 15 0.500000 5 0
509 IN 510 511 14 0.500000 2 0
510 LN -1 -1 -1 -1.000000 1 0
511 LN -1 -1 -1 -1.000000 1 0
512 IN 513 518 8 0.500000 4 0
513 IN 514 515 14 0.500000 3 0
514 LN -1 -1 -1 -1.000000 1 0
515 IN 516 517 13 0.500000 2 0
516 LN -1 -1 -1 -1.000000 1 0
517 LN -1 -1 -1 -1.000000 1 0
518 IN 519 520 14 0.500000 2 0
519 LN -1 -1 -1 -1.000000 1 0
520 LN -1 -1 -1 -1.000000 1 1
521 IN 522 527 14 0.500000 4 0
522 IN 523 524 15 0.500000 3 0
523 LN -1 -1 -1 -1.000000 1 0
524 IN 525 526 8 0.500000 2 1
525 LN -1 -1 -1 -1.000000 1 1
526 LN -1 -1 -1 -1.000000 1 0
527 IN 528 529 15 0.500000 3 0
528 LN -1 -1 -1 -1.000000 1 0
529 IN 530 531 8 0.500000 2 0
530 LN -1 -1 -1 -1.000000 1 0
531 LN -1 -1 -1 -1.000000 1 0
532 IN 533 550 14 0.500000 7 0
533 IN 534 545 8 0.500000 5 0
534 IN 535 538 15 0.500000 4 0
535 IN 536 537 9 0.500000 2 0
536 LN -1 -1 -1 -1.000000 1 0
537 LN -1 -1 -1 -1.000000 1 0
538 IN 539 542 3 0.500000 3 0
539 IN 540 541 9 0.500000 2 0
540 LN -1 -1 -1 -1.000000 1 0
541 LN -1 -1 -1 -1.000000 1 0
542 IN 543 544 9 0.500000 2 0
543 LN -1 -1 -1 -1.000000 1 1
544 LN -1 -1 -1 -1.000000 1 0
545 IN 546 549 3 0.500000 3 0
546 IN 547 548 15 0.500000 2 0
547 LN -1 -1 -1 -1.000000 1 0
548 LN -1 -1 -1 -1.000000 1 0
549 LN -1 -1 -1 -1.000000 1 0
550 IN 551 552 15 0.500000 6 0
551 LN -1 -1 -1 -1.000000 1 0
552 IN 553 560 13 0.500000 5 0
553 IN 554 559 3 0.500000 4 0
554 IN 555 556 9 0.500000 3 0
555 LN -1 -1 -1 -1.000000 1 0
556 IN 557 558 8 0.500000 2 0
557 LN -1 -1 -1 -1.000000 1 0
558 LN -1 -1 -1 -1.000000 1 0
559 LN -1 -1 -1 -1.000000 1 0
560 IN 561 564 9 0.500000 3 0
561 IN 562 563 3 0.500000 2 0
562 LN -1 -1 -1 -1.000000 1 0
563 LN -1 -1 -1 -1.000000 1 0
564 IN 565 566 3 0.500000 2 0
565 LN -1 -1 -1 -1.000000 1 0
566 LN -1 -1 -1 -1.000000 1 0
567 IN 568 631 14 0.500000 9 0
568 IN 569 610 6 0.500000 7 0
569 IN 570 589 10 0.500000 6 0
570 IN 571 578 15 0.500000 5 0
571 IN 572 573 3 0.500000 4 0
572 LN -1 -1 -1 -1.000000 1 0
573 IN 574 575 9 0.500000 3 0
574 LN -1 -1 -1 -1.000000 1 0
575 IN 576 577 8 0.500000 2 0
576 LN -1 -1 -1 -1.000000 1 0
577 LN -1 -1 -1 -1.000000 1 0
578 IN 579 582 9 0.500000 4 0
579 IN 580 581 3 0.500000 2 0
580 LN -1 -1 -1 -1.000000 1 0
581 LN -1 -1 -1 -1.000000 1 0
582 IN 583 586 8 0.500000 3 0
583 IN 584 585 3 0.500000 2 0
584 LN -1 -1 -1 -1.000000 1 0
585 LN -1 -1 -1 -1.000000 1 0
586 IN 587 588 3 0.500000 2 0
587 LN -1 -1 -1 -1.000000 1 0
588 LN -1 -1 -1 -1.000000 1 0
589 IN 590 603 8 0.500000 5 0
590 IN 591 596 15 0.500000 4 0
591 IN 592 595 3 0.500000 3 0
592 IN 593 594 9 0.500000 2 0
593 LN -1 -1 -1 -1.000000 1 0
594 LN -1 -1 -1 -1.000000 1 0
595 LN -1 -1 -1 -1.000000 1 0
596 IN 597 600 9 0.500000 3 0
597 IN 598 599 3 0.500000 2 1
598 LN -1 -1 -1 -1.000000 1 0
599 LN -1 -1 -1 -1.000000 1 1
600 IN 601 602 3 0.500000 2 0
601 LN -1 -1 -1 -1.000000 1 0
602 LN -1 -1 -1 -1.000000 1 0
603 IN 604 607 3 0.500000 3 0
604 IN 605 606 15 0.500000 2 0
605 LN -1 -1 -1 -1.000000 1 0
606 LN -1 -1 -1 -1.000000 1 0
607 IN 608 609 15 0.500000 2 0
608 LN -1 -1 -1 -1.000000 1 0
609 LN -1 -1 -1 -1.000000 1 1
610 IN 611 616 3 0.500000 6 0
611 IN 612 613 10 0.500000 3 0
612 LN -1 -1 -1 -1.000000 1 0
613 IN 614 615 9 0.500000 2 0
614 LN -1 -1 -1 -1.000000 1 1
615 LN -1 -1 -1 -1.000000 1 0
616 IN 617 618 9 0.500000 5 0
617 LN -1 -1 -1 -1.000000 1 1
618 IN 619 626 8 0.500000 4 0
619 IN 620 623 10 0.500000 3 0
620 IN 621 622 15 0.500000 2 0
621 LN -1 -1 -1 -1.000000 1 0
622 LN -1 -1 -1 -1.000000 1 0
623 IN 624 625 15 0.500000 2 0
624 LN -1 -1 -1 -1.000000 1 0
625 LN -1 -1 -1 -1.000000 1 0
626 IN 627 630 10 0.500000 3 0
627 IN 628 629 15 0.500000 2 0
628 LN -1 -1 -1 -1.000000 1 0
629 LN -1 -1 -1 -1.000000 1 0
630 LN -1 -1 -1 -1.000000 1 1
631 IN 632 673 13 0.500000 8 0
632 IN 633 642 15 0.500000 7 0
633 IN 634 635 3 0.500000 4 0
634 LN -1 -1 -1 -1.000000 1 0
635 IN 636 639 8 0.500000 3 0
636 IN 637 638 10 0.500000 2 0
637 LN -1 -1 -1 -1.000000 1 0
638 LN -1 -1 -1 -1.000000 1 1
639 IN 640 641 6 0.500000 2 0
640 LN -1 -1 -1 -1.000000 1 0
641 LN -1 -1 -1 -1.000000 1 1
642 IN 643 656 3 0.500000 6 0
643 IN 644 651 10 0.500000 5 0
644 IN 645 650 6 0.500000 4 0
645 IN 646 649 8 0.500000 3 1
646 IN 647 648 9 0.500000 2 0
647 LN -1 -1 -1 -1.000000 1 0
648 LN -1 -1 -1 -1.000000 1 1
649 LN -1 -1 -1 -1.000000 1 1
650 LN -1 -1 -1 -1.000000 1 0
651 IN 652 653 9 0.500000 3 0
652 LN -1 -1 -1 -1.000000 1 0
653 IN 654 655 8 0.500000 2 0
654 LN -1 -1 -1 -1.000000 1 0
655 LN -1 -1 -1 -1.000000 1 0
656 IN 657 668 8 0.500000 5 0
657 IN 658 663 6 0.500000 4 0
658 IN 659 660 9 0.500000 3 0
659 LN -1 -1 -1 -1.000000 1 0
660 IN 661 662 10 0.500000 2 0
661 LN -1 -1 -1 -1.000000 1 0
662 LN -1 -1 -1 -1.000000 1 0
663 IN 664 665 9 0.500000 3 1
664 LN -1 -1 -1 -1.000000 1 0
665 IN 666 667 10 0.500000 2 1
666 LN -1 -1 -1 -1.000000 1 1
667 LN -1 -1 -1 -1.000000 1 1
668 IN 669 672 6 0.500000 3 0
669 IN 670 671 10 0.500000 2 0
670 LN -1 -1 -1 -1.000000 1 0
671 LN -1 -1 -1 -1.000000 1 0
672 LN -1 -1 -1 -1.000000 1 0
673 IN 674 683 9 0.500000 6 0
674 IN 675 680 3 0.500000 4 0
675 IN 676 677 15 0.500000 3 0
676 LN -1 -1 -1 -1.000000 1 0
677 IN 678 679 10 0.500000 2 0
678 LN -1 -1 -1 -1.000000 1 0
679 LN -1 -1 -1 -1.000000 1 0
680 IN 681 682 6 0.500000 2 0
681 LN -1 -1 -1 -1.000000 1 0
682 LN -1 -1 -1 -1.000000 1 1
683 IN 684 691 15 0.500000 5 1
684 IN 685 688 10 0.500000 3 0
685 IN 686 687 3 0.500000 2 0
686 LN -1 -1 -1 -1.000000 1 0
687 LN -1 -1 -1 -1.000000 1 1
688 IN 689 690 6 0.500000 2 0
689 LN -1 -1 -1 -1.000000 1 0
690 LN -1 -1 -1 -1.000000 1 1
691 IN 692 697 10 0.500000 4 1
692 IN 693 696 8 0.500000 3 1
693 IN 694 695 3 0.500000 2 1
694 LN -1 -1 -1 -1.000000 1 1
695 LN -1 -1 -1 -1.000000 1 0
696 LN -1 -1 -1 -1.000000 1 1
697 IN 698 699 3 0.500000 3 1
698 LN -1 -1 -1 -1.000000 1 1
699 IN 700 701 6 0.500000 2 0
700 LN -1 -1 -1 -1.000000 1 0
701 LN -1 -1 -1 -1.000000 1 0
702 IN 703 768 6 0.500000 10 0
703 IN 704 723 9 0.500000 9 0
704 IN 705 716 3 0.500000 7 0
705 IN 706 707 5 0.500000 6 0
706 LN -1 -1 -1 -1.000000 1 0
707 IN 708 709 14 0.500000 5 0
708 LN -1 -1 -1 -1.000000 1 0
709 IN 710 711 10 0.500000 4 0
710 LN -1 -1 -1 -1.000000 1 0
711 IN 712 715 13 0.500000 3 0
712 IN 713 714 7 0.500000 2 0
713 LN -1 -1 -1 -1.000000 1 0
714 LN -1 -1 -1 -1.000000 1 0
715 LN -1 -1 -1 -1.000000 1 0
716 IN 717 720 7 0.500000 3 0
717 IN 718 719 10 0.500000 2 0
718 LN -1 -1 -1 -1.000000 1 1
719 LN -1 -1 -1 -1.000000 1 0
720 IN 721 722 13 0.500000 2 0
721 LN -1 -1 -1 -1.000000 1 0
722 LN -1 -1 -1 -1.000000 1 0
723 IN 724 731 5 0.500000 8 0
724 IN 725 730 7 0.500000 4 0
725 IN 726 727 15 0.500000 3 0
726 LN -1 -1 -1 -1.000000 1 0
727 IN 728 729 8 0.500000 2 1
728 LN -1 -1 -1 -1.000000 1 1
729 LN -1 -1 -1 -1.000000 1 0
730 LN -1 -1 -1 -1.000000 1 0
731 IN 732 743 14 0.500000 7 0
732 IN 733 740 8 0.500000 5 0
733 IN 734 735 7 0.500000 4 0
734 LN -1 -1 -1 -1.000000 1 0
735 IN 736 737 3 0.500000 3 0
736 LN -1 -1 -1 -1.000000 1 0
737 IN 738 739 15 0.500000 2 0
738 LN -1 -1 -1 -1.000000 1 1
739 LN -1 -1 -1 -1.000000 1 0
740 IN 741 742 15 0.500000 2 1
741 LN -1 -1 -1 -1.000000 1 0
742 LN -1 -1 -1 -1.000000 1 1
743 IN 744 753 3 0.500000 6 0
744 IN 745 750 7 0.500000 4 1
745 IN 746 747 13 0.500000 3 1
746 LN -1 -1 -1 -1.000000 1 1
747 IN 748 749 8 0.500000 2 0
748 LN -1 -1 -1 -1.000000 1 1
749 LN -1 -1 -1 -1.000000 1 0
750 IN 751 752 13 0.500000 2 0
751 LN -1 -1 -1 -1.000000 1 0
752 LN -1 -1 -1 -1.000000 1 0
753 IN 754 759 7 0.500000 5 0
754 IN 755 756 10 0.500000 3 0
755 LN -1 -1 -1 -1.000000 1 0
756 IN 757 758 13 0.500000 2 0
757 LN -1 -1 -1 -1.000000 1 0
758 LN -1 -1 -1 -1.000000 1 1
759 IN 760 765 13 0.500000 4 0
760 IN 761 762 8 0.500000 3 0
761 LN -1 -1 -1 -1.000000 1 0
762 IN 763 764 10 0.500000 2 0
763 LN -1 -1 -1 -1.000000 1 0
764 LN -1 -1 -1 -1.000000 1 0
765 IN 766 767 10 0.500000 2 1
766 LN -1 -1 -1 -1.000000 1 1
767 LN -1 -1 -1 -1.000000 1 1
768 IN 769 770 10 0.500000 5 0
769 LN -1 -1 -1 -1.000000 1 0
770 IN 771 772 15 0.500000 4 0
771 LN -1 -1 -1 -1.000000 1 0
772 IN 773 774 8 0.500000 3 0
773 LN -1 -1 -1 -1.000000 1 0
774 IN 775 776 14 0.500000 2 0
775 LN -1 -1 -1 -1.000000 1 0
776 LN -1 -1 -1 -1.000000 1 1
777 IN 778 923 16 0.500000 11 0
778 IN 779 902 13 0.500000 10 0
779 IN 780 871 8 0.500000 9 0
780 IN 781 852 6 0.500000 8 0
781 IN 782 819 3 0.500000 7 0
782 IN 783 790 15 0.500000 6 0
783 IN 784 785 9 0.500000 4 0
784 LN -1 -1 -1 -1.000000 1 0
785 IN 786 787 10 0.500000 3 0
786 LN -1 -1 -1 -1.000000 1 0
787 IN 788 789 7 0.500000 2 0
788 LN -1 -1 -1 -1.000000 1 0
789 LN -1 -1 -1 -1.000000 1 0
790 IN 791 804 9 0.500000 5 0
791 IN 792 797 14 0.500000 4 0
792 IN 793 794 7 0.500000 3 0
793 LN -1 -1 -1 -1.000000 1 1
794 IN 795 796 10 0.500000 2 0
795 LN -1 -1 -1 -1.000000 1 0
796 LN -1 -1 -1 -1.000000 1 0
797 IN 798 801 7 0.500000 3 0
798 IN 799 800 10 0.500000 2 0
799 LN -1 -1 -1 -1.000000 1 0
800 LN -1 -1 -1 -1.000000 1 1
801 IN 802 803 10 0.500000 2 0
802 LN -1 -1 -1 -1.000000 1 0
803 LN -1 -1 -1 -1.000000 1 0
804 IN 805 812 7 0.500000 4 0
805 IN 806 809 10 0.500000 3 0
806 IN 807 808 14 0.500000 2 0
807 LN -1 -1 -1 -1.000000 1 0
808 LN -1 -1 -1 -1.000000 1 0
809 IN 810 811 14 0.500000 2 0
810 LN -1 -1 -1 -1.000000 1 0
811 LN -1 -1 -1 -1.000000 1 0
812 IN 813 816 10 0.500000 3 0
813 IN 814 815 14 0.500000 2 0
814 LN -1 -1 -1 -1.000000 1 0
815 LN -1 -1 -1 -1.000000 1 0
816 IN 817 818 14 0.500000 2 0
817 LN -1 -1 -1 -1.000000 1 0
818 LN -1 -1 -1 -1.000000 1 0
819 IN 820 835 10 0.500000 6 0
820 IN 821 824 15 0.500000 5 1
821 IN 822 823 14 0.500000 2 1
822 LN -1 -1 -1 -1.000000 1 1
823 LN -1 -1 -1 -1.000000 1 0
824 IN 825 828 14 0.500000 4 0
825 IN 826 827 7 0.500000 2 0
826 LN -1 -1 -1 -1.000000 1 1
827 LN -1 -1 -1 -1.000000 1 0
828 IN 829 832 9 0.500000 3 0
829 IN 830 831 7 0.500000 2 0
830 LN -1 -1 -1 -1.000000 1 0
831 LN -1 -1 -1 -1.000000 1 1
832 IN 833 834 7 0.500000 2 0
833 LN -1 -1 -1 -1.000000 1 0
834 LN -1 -1 -1 -1.000000 1 0
835 IN 836 845 14 0.500000 5 0
836 IN 837 838 9 0.500000 4 0
837 LN -1 -1 -1 -1.000000 1 0
838 IN 839 842 7 0.500000 3 1
839 IN 840 841 15 0.500000 2 1
840 LN -1 -1 -1 -1.000000 1 1
841 LN -1 -1 -1 -1.000000 1 0
842 IN 843 844 15 0.500000 2 0
843 LN -1 -1 -1 -1.000000 1 0
844 LN -1 -1 -1 -1.000000 1 1
845 IN 846 849 9 0.500000 3 0
846 IN 847 848 7 0.500000 2 1
847 LN -1 -1 -1 -1.000000 1 0
848 LN -1 -1 -1 -1.000000 1 1
849 IN 850 851 7 0.500000 2 0
850 LN -1 -1 -1 -1.000000 1 0
851 LN -1 -1 -1 -1.000000 1 0
852 IN 853 864 14 0.500000 6 0
853 IN 854 855 3 0.500000 5 0
854 LN -1 -1 -1 -1.000000 1 0
855 IN 856 859 15 0.500000 4 0
856 IN 857 858 10 0.500000 2 0
857 LN -1 -1 -1 -1.000000 1 0
858 LN -1 -1 -1 -1.000000 1 0
859 IN 860 863 10 0.500000 3 0
860 IN 861 862 9 0.500000 2 0
861 LN -1 -1 -1 -1.000000 1 0
862 LN -1 -1 -1 -1.000000 1 0
863 LN -1 -1 -1 -1.000000 1 0
864 IN 865 868 10 0.500000 3 0
865 IN 866 867 9 0.500000 2 0
866 LN -1 -1 -1 -1.000000 1 0
867 LN -1 -1 -1 -1.000000 1 1
868 IN 869 870 9 0.500000 2 0
869 LN -1 -1 -1 -1.000000 1 0
870 LN -1 -1 -1 -1.000000 1 0
871 IN 872 879 7 0.500000 7 0
872 IN 873 874 10 0.500000 4 0
873 LN -1 -1 -1 -1.000000 1 0
874 IN 875 878 3 0.500000 3 0
875 IN 876 877 15 0.500000 2 1
876 LN -1 -1 -1 -1.000000 1 0
877 LN -1 -1 -1 -1.000000 1 1
878 LN -1 -1 -1 -1.000000 1 0
879 IN 880 889 3 0.500000 6 0
880 IN 881 884 10 0.500000 4 0
881 IN 882 883 15 0.500000 2 0
882 LN -1 -1 -1 -1.000000 1 0
883 LN -1 -1 -1 -1.000000 1 0
884 IN 885 888 6 0.500000 3 0
885 IN 886 887 15 0.500000 2 0
886 LN -1 -1 -1 -1.000000 1 0
887 LN -1 -1 -1 -1.000000 1 0
888 LN -1 -1 -1 -1.000000 1 0
889 IN 890 901 14 0.500000 5 1
890 IN 891 896 6 0.500000 4 0
891 IN 892 893 10 0.500000 3 0
892 LN -1 -1 -1 -1.000000 1 0
893 IN 894 895 15 0.500000 2 0
894 LN -1 -1 -1 -1.000000 1 0
895 LN -1 -1 -1 -1.000000 1 1
896 IN 897 900 15 0.500000 3 0
897 IN 898 899 10 0.500000 2 0
898 LN -1 -1 -1 -1.000000 1 0
899 LN -1 -1 -1 -1.000000 1 0
900 LN -1 -1 -1 -1.000000 1 1
901 LN -1 -1 -1 -1.000000 1 1
902 IN 903 922 6 0.500000 6 0
903 IN 904 913 10 0.500000 5 0
904 IN 905 910 7 0.500000 4 0
905 IN 906 907 15 0.500000 3 0
906 LN -1 -1 -1 -1.000000 1 0
907 IN 908 909 9 0.500000 2 0
908 LN -1 -1 -1 -1.000000 1 0
909 LN -1 -1 -1 -1.000000 1 0
910 IN 911 912 3 0.500000 2 1
911 LN -1 -1 -1 -1.000000 1 1
912 LN -1 -1 -1 -1.000000 1 1
913 IN 914 919 9 0.500000 4 1
914 IN 915 916 7 0.500000 3 0
915 LN -1 -1 -1 -1.000000 1 1
916 IN 917 918 3 0.500000 2 0
917 LN -1 -1 -1 -1.000000 1 0
918 LN -1 -1 -1 -1.000000 1 1
919 IN 920 921 3 0.500000 2 1
920 LN -1 -1 -1 -1.000000 1 1
921 LN -1 -1 -1 -1.000000 1 0
922 LN -1 -1 -1 -1.000000 1 1
923 IN 924 931 7 0.500000 8 1
924 IN 925 928 13 0.500000 3 0
925 IN 926 927 3 0.500000 2 1
926 LN -1 -1 -1 -1.000000 1 1
927 LN -1 -1 -1 -1.000000 1 0
928 IN 929 930 9 0.500000 2 0
929 LN -1 -1 -1 -1.000000 1 0
930 LN -1 -1 -1 -1.000000 1 1
931 IN 932 933 3 0.500000 7 1
932 LN -1 -1 -1 -1.000000 1 1
933 IN 934 949 13 0.500000 6 1
934 IN 935 940 14 0.500000 5 1
935 IN 936 937 6 0.500000 3 0
936 LN -1 -1 -1 -1.000000 1 0
937 IN 938 939 8 0.500000 2 0
938 LN -1 -1 -1 -1.000000 1 0
939 LN -1 -1 -1 -1.000000 1 1
940 IN 941 946 8 0.500000 4 1
941 IN 942 945 6 0.500000 3 1
942 IN 943 944 9 0.500000 2 1
943 LN -1 -1 -1 -1.000000 1 1
944 LN -1 -1 -1 -1.000000 1 0
945 LN -1 -1 -1 -1.000000 1 1
946 IN 947 948 15 0.500000 2 1
947 LN -1 -1 -1 -1.000000 1 1
948 LN -1 -1 -1 -1.000000 1 1
949 IN 950 955 8 0.500000 4 0
950 IN 951 952 6 0.500000 3 1
951 LN -1 -1 -1 -1.000000 1 1
952 IN 953 954 9 0.500000 2 0
953 LN -1 -1 -1 -1.000000 1 0
954 LN -1 -1 -1 -1.000000 1 1
955 LN -1 -1 -1 -1.000000 1 0
956 IN 957 1098 14 0.500000 13 0
957 IN 958 989 7 0.500000 11 0
958 IN 959 974 10 0.500000 7 0
959 IN 960 973 4 0.500000 6 0
960 IN 961 972 3 0.500000 5 0
961 IN 962 967 15 0.500000 4 0
962 IN 963 966 5 0.500000 3 0
963 IN 964 965 11 0.500000 2 0
964 LN -1 -1 -1 -1.000000 1 0
965 LN -1 -1 -1 -1.000000 1 0
966 LN -1 -1 -1 -1.000000 1 0
967 IN 968 969 8 0.500000 3 0
968 LN -1 -1 -1 -1.000000 1 1
969 IN 970 971 5 0.500000 2 0
970 LN -1 -1 -1 -1.000000 1 0
971 LN -1 -1 -1 -1.000000 1 0
972 LN -1 -1 -1 -1.000000 1 0
973 LN -1 -1 -1 -1.000000 1 0
974 IN 975 976 5 0.500000 6 0
975 LN -1 -1 -1 -1.000000 1 0
976 IN 977 986 4 0.500000 5 0
977 IN 978 981 15 0.500000 4 0
978 IN 979 980 8 0.500000 2 0
979 LN -1 -1 -1 -1.000000 1 1
980 LN -1 -1 -1 -1.000000 1 0
981 IN 982 983 8 0.500000 3 0
982 LN -1 -1 -1 -1.000000 1 0
983 IN 984 985 16 0.500000 2 0
984 LN -1 -1 -1 -1.000000 1 0
985 LN -1 -1 -1 -1.000000 1 0
986 IN 987 988 3 0.500000 2 0
987 LN -1 -1 -1 -1.000000 1 0
988 LN -1 -1 -1 -1.000000 1 1
989 IN 990 1025 10 0.500000 10 0
990 IN 991 1006 15 0.500000 7 0
991 IN 992 997 8 0.500000 5 0
992 IN 993 996 4 0.500000 3 1
993 IN 994 995 11 0.500000 2 0
994 LN -1 -1 -1 -1.000000 1 1
995 LN -1 -1 -1 -1.000000 1 0
996 LN -1 -1 -1 -1.000000 1 1
997 IN 998 1003 4 0.500000 4 0
998 IN 999 1002 6 0.500000 3 0
999 IN 1000 1001 3 0.500000 2 0
1000 LN -1 -1 -1 -1.000000 1 0
1001 LN -1 -1 -1 -1.000000 1 1
1002 LN -1 -1 -1 -1.000000 1 0
1003 IN 1004 1005 6 0.500000 2 1
1004 LN -1 -1 -1 -1.000000 1 0
1005 LN -1 -1 -1 -1.000000 1 1
1006 IN 1007 1016 3 0.500000 6 0
1007 IN 1008 1015 4 0.500000 5 0
1008 IN 1009 1010 5 0.500000 4 0
1009 LN -1 -1 -1 -1.000000 1 0
1010 IN 1011 1012 9 0.500000 3 0
1011 LN -1 -1 -1 -1.000000 1 0
1012 IN 1013 1014 8 0.500000 2 0
1013 LN -1 -1 -1 -1.000000 1 0
1014 LN -1 -1 -1 -1.000000 1 0
1015 LN -1 -1 -1 -1.000000 1 1
1016 IN 1017 1024 4 0.500000 4 0
1017 IN 1018 1021 8 0.500000 3 0
1018 IN 1019 1020 6 0.500000 2 0
1019 LN -1 -1 -1 -1.000000 1 0
1020 LN -1 -1 -1 -1.000000 1 0
1021 IN 1022 1023 6 0.500000 2 0
1022 LN -1 -1 -1 -1.000000 1 0
1023 LN -1 -1 -1 -1.000000 1 1
1024 LN -1 -1 -1 -1.000000 1 0
1025 IN 1026 1033 5 0.500000 9 0
1026 IN 1027 1030 16 0.500000 3 0
1027 IN 1028 1029 8 0.500000 2 0
1028 LN -1 -1 -1 -1.000000 1 0
1029 LN -1 -1 -1 -1.000000 1 0
1030 IN 1031 1032 3 0.500000 2 0
1031 LN -1 -1 -1 -1.000000 1 1
1032 LN -1 -1 -1 -1.000000 1 0
1033 IN 1034 1065 3 0.500000 8 0
1034 IN 1035 1038 9 0.500000 7 0
1035 IN 1036 1037 15 0.500000 2 0
1036 LN -1 -1 -1 -1.000000 1 0
1037 LN -1 -1 -1 -1.000000 1 1
1038 IN 1039 1060 6 0.500000 6 0
1039 IN 1040 1045 15 0.500000 5 0
1040 IN 1041 1042 8 0.500000 3 0
1041 LN -1 -1 -1 -1.000000 1 1
1042 IN 1043 1044 4 0.500000 2 0
1043 LN -1 -1 -1 -1.000000 1 0
1044 LN -1 -1 -1 -1.000000 1 0
1045 IN 1046 1053 16 0.500000 4 0
1046 IN 1047 1050 4 0.500000 3 0
1047 IN 1048 1049 8 0.500000 2 0
1048 LN -1 -1 -1 -1.000000 1 0
1049 LN -1 -1 -1 -1.000000 1 0
1050 IN 1051 1052 8 0.500000 2 0
1051 LN -1 -1 -1 -1.000000 1 0
1052 LN -1 -1 -1 -1.000000 1 1
1053 IN 1054 1057 4 0.500000 3 1
1054 IN 1055 1056 8 0.500000 2 1
1055 LN -1 -1 -1 -1.000000 1 1
1056 LN -1 -1 -1 -1.000000 1 1
1057 IN 1058 1059 8 0.500000 2 1
1058 LN -1 -1 -1 -1.000000 1 1
1059 LN -1 -1 -1 -1.000000 1 1
1060 IN 1061 1064 4 0.500000 3 0
1061 IN 1062 1063 16 0.500000 2 0
1062 LN -1 -1 -1 -1.000000 1 0
1063 LN -1 -1 -1 -1.000000 1 0
1064 LN -1 -1 -1 -1.000000 1 0
1065 IN 1066 1095 16 0.500000 6 1
1066 IN 1067 1080 15 0.500000 5 1
1067 IN 1068 1075 6 0.500000 4 1
1068 IN 1069 1072 8 0.500000 3 1
1069 IN 1070 1071 4 0.500000 2 0
1070 LN -1 -1 -1 -1.000000 1 0
1071 LN -1 -1 -1 -1.000000 1 0
1072 IN 1073 1074 4 0.500000 2 1
1073 LN -1 -1 -1 -1.000000 1 1
1074 LN -1 -1 -1 -1.000000 1 1
1075 IN 1076 1077 8 0.500000 3 1
1076 LN -1 -1 -1 -1.000000 1 0
1077 IN 1078 1079 4 0.500000 2 1
1078 LN -1 -1 -1 -1.000000 1 1
1079 LN -1 -1 -1 -1.000000 1 0
1080 IN 1081 1088 8 0.500000 4 1
1081 IN 1082 1085 4 0.500000 3 1
1082 IN 1083 1084 6 0.500000 2 0
1083 LN -1 -1 -1 -1.000000 1 0
1084 LN -1 -1 -1 -1.000000 1 1
1085 IN 1086 1087 6 0.500000 2 1
1086 LN -1 -1 -1 -1.000000 1 1
1087 LN -1 -1 -1 -1.000000 1 0
1088 IN 1089 1092 4 0.500000 3 0
1089 IN 1090 1091 6 0.500000 2 0
1090 LN -1 -1 -1 -1.000000 1 0
1091 LN -1 -1 -1 -1.000000 1 1
1092 IN 1093 1094 6 0.500000 2 1
1093 LN -1 -1 -1 -1.000000 1 0
1094 LN -1 -1 -1 -1.000000 1 1
1095 IN 1096 1097 6 0.500000 2 1
1096 LN -1 -1 -1 -1.000000 1 1
1097 LN -1 -1 -1 -1.000000 1 0
1098 IN 1099 1234 3 0.500000 12 0
1099 IN 1100 1233 6 0.500000 11 0
1100 IN 1101 1140 9 0.500000 10 0
1101 IN 1102 1125 4 0.500000 7 0
1102 IN 1103 1110 10 0.500000 6 0
1103 IN 1104 1105 15 0.500000 4 0
1104 LN -1 -1 -1 -1.000000 1 0
1105 IN 1106 1107 7 0.500000 3 0
1106 LN -1 -1 -1 -1.000000 1 0
1107 IN 1108 1109 16 0.500000 2 0
1108 LN -1 -1 -1 -1.000000 1 0
1109 LN -1 -1 -1 -1.000000 1 0
1110 IN 1111 1118 16 0.500000 5 0
1111 IN 1112 1113 5 0.500000 4 0
1112 LN -1 -1 -1 -1.000000 1 0
1113 IN 1114 1115 7 0.500000 3 0
1114 LN -1 -1 -1 -1.000000 1 0
1115 IN 1116 1117 13 0.500000 2 0
1116 LN -1 -1 -1 -1.000000 1 1
1117 LN -1 -1 -1 -1.000000 1 0
1118 IN 1119 1120 13 0.500000 4 0
1119 LN -1 -1 -1 -1.000000 1 0
1120 IN 1121 1122 7 0.500000 3 0
1121 LN -1 -1 -1 -1.000000 1 0
1122 IN 1123 1124 15 0.500000 2 1
1123 LN -1 -1 -1 -1.000000 1 1
1124 LN -1 -1 -1 -1.000000 1 1
1125 IN 1126 1137 16 0.500000 6 1
1126 IN 1127 1128 7 0.500000 5 0
1127 LN -1 -1 -1 -1.000000 1 1
1128 IN 1129 1134 10 0.500000 4 0
1129 IN 1130 1131 15 0.500000 3 1
1130 LN -1 -1 -1 -1.000000 1 0
1131 IN 1132 1133 13 0.500000 2 1
1132 LN -1 -1 -1 -1.000000 1 0
1133 LN -1 -1 -1 -1.000000 1 1
1134 IN 1135 1136 13 0.500000 2 0
1135 LN -1 -1 -1 -1.000000 1 0
1136 LN -1 -1 -1 -1.000000 1 0
1137 IN 1138 1139 7 0.500000 2 1
1138 LN -1 -1 -1 -1.000000 1 1
1139 LN -1 -1 -1 -1.000000 1 0
1140 IN 1141 1172 10 0.500000 9 0
1141 IN 1142 1151 7 0.500000 7 0
1142 IN 1143 1146 8 0.500000 4 0
1143 IN 1144 1145 15 0.500000 2 0
1144 LN -1 -1 -1 -1.000000 1 1
1145 LN -1 -1 -1 -1.000000 1 0
1146 IN 1147 1148 15 0.500000 3 0
1147 LN -1 -1 -1 -1.000000 1 0
1148 IN 1149 1150 5 0.500000 2 0
1149 LN -1 -1 -1 -1.000000 1 0
1150 LN -1 -1 -1 -1.000000 1 0
1151 IN 1152 1165 13 0.500000 6 0
1152 IN 1153 1162 16 0.500000 5 0
1153 IN 1154 1157 8 0.500000 4 0
1154 IN 1155 1156 4 0.500000 2 0
1155 LN -1 -1 -1 -1.000000 1 0
1156 LN -1 -1 -1 -1.000000 1 1
1157 IN 1158 1161 4 0.500000 3 0
1158 IN 1159 1160 5 0.500000 2 0
1159 LN -1 -1 -1 -1.000000 1 0
1160 LN -1 -1 -1 -1.000000 1 0
1161 LN -1 -1 -1 -1.000000 1 0
1162 IN 1163 1164 8 0.500000 2 0
1163 LN -1 -1 -1 -1.000000 1 0
1164 LN -1 -1 -1 -1.000000 1 1
1165 IN 1166 1171 16 0.500000 4 0
1166 IN 1167 1168 8 0.500000 3 0
1167 LN -1 -1 -1 -1.000000 1 0
1168 IN 1169 1170 5 0.500000 2 1
1169 LN -1 -1 -1 -1.000000 1 1
1170 LN -1 -1 -1 -1.000000 1 0
1171 LN -1 -1 -1 -1.000000 1 1
1172 IN 1173 1210 16 0.500000 8 0
1173 IN 1174 1199 4 0.500000 7 0
1174 IN 1175 1188 8 0.500000 6 0
1175 IN 1176 1177 15 0.500000 5 0
1176 LN -1 -1 -1 -1.000000 1 1
1177 IN 1178 1183 7 0.500000 4 0
1178 IN 1179 1180 5 0.500000 3 0
1179 LN -1 -1 -1 -1.000000 1 0
1180 IN 1181 1182 13 0.500000 2 0
1181 LN -1 -1 -1 -1.000000 1 1
1182 LN -1 -1 -1 -1.000000 1 0
1183 IN 1184 1185 5 0.500000 3 0
1184 LN -1 -1 -1 -1.000000 1 1
1185 IN 1186 1187 13 0.500000 2 0
1186 LN -1 -1 -1 -1.000000 1 1
1187 LN -1 -1 -1 -1.000000 1 0
1188 IN 1189 1194 7 0.500000 4 0
1189 IN 1190 1193 5 0.500000 3 0
1190 IN 1191 1192 13 0.500000 2 0
1191 LN -1 -1 -1 -1.000000 1 1
1192 LN -1 -1 -1 -1.000000 1 0
1193 LN -1 -1 -1 -1.000000 1 0
1194 IN 1195 1198 13 0.500000 3 1
1195 IN 1196 1197 5 0.500000 2 1
1196 LN -1 -1 -1 -1.000000 1 1
1197 LN -1 -1 -1 -1.000000 1 0
1198 LN -1 -1 -1 -1.000000 1 0
1199 IN 1200 1201 15 0.500000 5 1
1200 LN -1 -1 -1 -1.000000 1 1
1201 IN 1202 1207 13 0.500000 4 1
1202 IN 1203 1206 8 0.500000 3 1
1203 IN 1204 1205 7 0.500000 2 1
1204 LN -1 -1 -1 -1.000000 1 0
1205 LN -1 -1 -1 -1.000000 1 1
1206 LN -1 -1 -1 -1.000000 1 1
1207 IN 1208 1209 7 0.500000 2 0
1208 LN -1 -1 -1 -1.000000 1 0
1209 LN -1 -1 -1 -1.000000 1 1
1210 IN 1211 1220 7 0.500000 6 0
1211 IN 1212 1213 15 0.500000 5 1
1212 LN -1 -1 -1 -1.000000 1 1
1213 IN 1214 1219 4 0.500000 4 1
1214 IN 1215 1218 13 0.500000 3 0
1215 IN 1216 1217 5 0.500000 2 0
1216 LN -1 -1 -1 -1.000000 1 0
1217 LN -1 -1 -1 -1.000000 1 1
1218 LN -1 -1 -1 -1.000000 1 0
1219 LN -1 -1 -1 -1.000000 1 1
1220 IN 1221 1228 8 0.500000 4 0
1221 IN 1222 1225 4 0.500000 3 0
1222 IN 1223 1224 13 0.500000 2 0
1223 LN -1 -1 -1 -1.000000 1 0
1224 LN -1 -1 -1 -1.000000 1 0
1225 IN 1226 1227 13 0.500000 2 0
1226 LN -1 -1 -1 -1.000000 1 0
1227 LN -1 -1 -1 -1.000000 1 0
1228 IN 1229 1230 13 0.500000 3 0
1229 LN -1 -1 -1 -1.000000 1 0
1230 IN 1231 1232 4 0.500000 2 1
1231 LN -1 -1 -1 -1.000000 1 0
1232 LN -1 -1 -1 -1.000000 1 1
1233 LN -1 -1 -1 -1.000000 1 0
1234 IN 1235 1304 16 0.500000 11 1
1235 IN 1236 1273 8 0.500000 10 1
1236 IN 1237 1242 15 0.500000 9 0
1237 IN 1238 1241 13 0.500000 3 0
1238 IN 1239 1240 7 0.500000 2 0
1239 LN -1 -1 -1 -1.000000 1 0
1240 LN -1 -1 -1 -1.000000 1 0
1241 LN -1 -1 -1 -1.000000 1 1
1242 IN 1243 1244 11 0.500000 8 0
1243 LN -1 -1 -1 -1.000000 1 1
1244 IN 1245 1246 7 0.500000 7 0
1245 LN -1 -1 -1 -1.000000 1 0
1246 IN 1247 1262 4 0.500000 6 0
1247 IN 1248 1255 13 0.500000 5 0
1248 IN 1249 1252 10 0.500000 3 0
1249 IN 1250 1251 6 0.500000 2 0
1250 LN -1 -1 -1 -1.000000 1 0
1251 LN -1 -1 -1 -1.000000 1 0
1252 IN 1253 1254 6 0.500000 2 0
1253 LN -1 -1 -1 -1.000000 1 1
1254 LN -1 -1 -1 -1.000000 1 0
1255 IN 1256 1261 10 0.500000 4 1
1256 IN 1257 1260 6 0.500000 3 1
1257 IN 1258 1259 9 0.500000 2 1
1258 LN -1 -1 -1 -1.000000 1 0
1259 LN -1 -1 -1 -1.000000 1 1
1260 LN -1 -1 -1 -1.000000 1 1
1261 LN -1 -1 -1 -1.000000 1 0
1262 IN 1263 1264 10 0.500000 5 0
1263 LN -1 -1 -1 -1.000000 1 0
1264 IN 1265 1268 6 0.500000 4 0
1265 IN 1266 1267 13 0.500000 2 0
1266 LN -1 -1 -1 -1.000000 1 0
1267 LN -1 -1 -1 -1.000000 1 1
1268 IN 1269 1270 13 0.500000 3 1
1269 LN -1 -1 -1 -1.000000 1 0
1270 IN 1271 1272 9 0.500000 2 1
1271 LN -1 -1 -1 -1.000000 1 1
1272 LN -1 -1 -1 -1.000000 1 1
1273 IN 1274 1299 6 0.500000 7 1
1274 IN 1275 1290 13 0.500000 6 1
1275 IN 1276 1279 10 0.500000 5 1
1276 IN 1277 1278 4 0.500000 2 1
1277 LN -1 -1 -1 -1.000000 1 1
1278 LN -1 -1 -1 -1.000000 1 1
1279 IN 1280 1283 7 0.500000 4 0
1280 IN 1281 1282 4 0.500000 2 1
1281 LN -1 -1 -1 -1.000000 1 1
1282 LN -1 -1 -1 -1.000000 1 1
1283 IN 1284 1287 4 0.500000 3 0
1284 IN 1285 1286 15 0.500000 2 0
1285 LN -1 -1 -1 -1.000000 1 1
1286 LN -1 -1 -1 -1.000000 1 0
1287 IN 1288 1289 15 0.500000 2 0
1288 LN -1 -1 -1 -1.000000 1 1
1289 LN -1 -1 -1 -1.000000 1 0
1290 IN 1291 1292 7 0.500000 5 1
1291 LN -1 -1 -1 -1.000000 1 1
1292 IN 1293 1298 10 0.500000 4 1
1293 IN 1294 1295 15 0.500000 3 0
1294 LN -1 -1 -1 -1.000000 1 0
1295 IN 1296 1297 4 0.500000 2 0
1296 LN -1 -1 -1 -1.000000 1 0
1297 LN -1 -1 -1 -1.000000 1 1
1298 LN -1 -1 -1 -1.000000 1 1
1299 IN 1300 1303 10 0.500000 3 1
1300 IN 1301 1302 15 0.500000 2 1
1301 LN -1 -1 -1 -1.000000 1 0
1302 LN -1 -1 -1 -1.000000 1 1
1303 LN -1 -1 -1 -1.000000 1 1
1304 IN 1305 1306 15 0.500000 10 1
1305 LN -1 -1 -1 -1.000000 1 1
1306 IN 1307 1320 10 0.500000 9 1
1307 IN 1308 1313 13 0.500000 5 1
1308 IN 1309 1312 8 0.500000 3 1
1309 IN 1310 1311 4 0.500000 2 0
1310 LN -1 -1 -1 -1.000000 1 1
1311 LN -1 -1 -1 -1.000000 1 0
1312 LN -1 -1 -1 -1.000000 1 1
1313 IN 1314 1315 9 0.500000 4 0
1314 LN -1 -1 -1 -1.000000 1 1
1315 IN 1316 1319 8 0.500000 3 0
1316 IN 1317 1318 4 0.500000 2 0
1317 LN -1 -1 -1 -1.000000 1 1
1318 LN -1 -1 -1 -1.000000 1 0
1319 LN -1 -1 -1 -1.000000 1 0
1320 IN 1321 1330 9 0.500000 8 1
1321 IN 1322 1323 7 0.500000 4 1
1322 LN -1 -1 -1 -1.000000 1 1
1323 IN 1324 1327 6 0.500000 3 0
1324 IN 1325 1326 4 0.500000 2 0
1325 LN -1 -1 -1 -1.000000 1 0
1326 LN -1 -1 -1 -1.000000 1 1
1327 IN 1328 1329 4 0.500000 2 0
1328 LN -1 -1 -1 -1.000000 1 0
1329 LN -1 -1 -1 -1.000000 1 1
1330 IN 1331 1354 13 0.500000 7 1
1331 IN 1332 1335 5 0.500000 6 1
1332 IN 1333 1334 8 0.500000 2 0
1333 LN -1 -1 -1 -1.000000 1 0
1334 LN -1 -1 -1 -1.000000 1 1
1335 IN 1336 1345 8 0.500000 5 1
1336 IN 1337 1342 6 0.500000 4 0
1337 IN 1338 1339 4 0.500000 3 1
1338 LN -1 -1 -1 -1.000000 1 1
1339 IN 1340 1341 7 0.500000 2 0
1340 LN -1 -1 -1 -1.000000 1 1
1341 LN -1 -1 -1 -1.000000 1 0
1342 IN 1343 1344 4 0.500000 2 0
1343 LN -1 -1 -1 -1.000000 1 0
1344 LN -1 -1 -1 -1.000000 1 0
1345 IN 1346 1347 7 0.500000 4 1
1346 LN -1 -1 -1 -1.000000 1 0
1347 IN 1348 1351 4 0.500000 3 1
1348 IN 1349 1350 6 0.500000 2 0
1349 LN -1 -1 -1 -1.000000 1 0
1350 LN -1 -1 -1 -1.000000 1 0
1351 IN 1352 1353 6 0.500000 2 1
1352 LN -1 -1 -1 -1.000000 1 1
1353 LN -1 -1 -1 -1.000000 1 1
1354 IN 1355 1366 8 0.500000 5 1
1355 IN 1356 1361 4 0.500000 4 1
1356 IN 1357 1360 6 0.500000 3 1
1357 IN 1358 1359 7 0.500000 2 1
1358 LN -1 -1 -1 -1.000000 1 0
1359 LN -1 -1 -1 -1.000000 1 1
1360 LN -1 -1 -1 -1.000000 1 1
1361 IN 1362 1365 6 0.500000 3 1
1362 IN 1363 1364 7 0.500000 2 1
1363 LN -1 -1 -1 -1.000000 1 1
1364 LN -1 -1 -1 -1.000000 1 1
1365 LN -1 -1 -1 -1.000000 1 0
1366 IN 1367 1370 4 0.500000 3 1
1367 IN 1368 1369 6 0.500000 2 1
1368 LN -1 -1 -1 -1.000000 1 1
1369 LN -1 -1 -1 -1.000000 1 1
1370 LN -1 -1 -1 -1.000000 1 0
1371 IN 1372 1407 5 0.500000 12 1
1372 IN 1373 1374 15 0.500000 8 0
1373 LN -1 -1 -1 -1.000000 1 0
1374 IN 1375 1384 13 0.500000 7 0
1375 IN 1376 1383 16 0.500000 5 0
1376 IN 1377 1378 14 0.500000 4 0
1377 LN -1 -1 -1 -1.000000 1 0
1378 IN 1379 1382 10 0.500000 3 0
1379 IN 1380 1381 7 0.500000 2 0
1380 LN -1 -1 -1 -1.000000 1 0
1381 LN -1 -1 -1 -1.000000 1 0
1382 LN -1 -1 -1 -1.000000 1 0
1383 LN -1 -1 -1 -1.000000 1 1
1384 IN 1385 1388 8 0.500000 6 0
1385 IN 1386 1387 16 0.500000 2 0
1386 LN -1 -1 -1 -1.000000 1 1
1387 LN -1 -1 -1 -1.000000 1 0
1388 IN 1389 1402 3 0.500000 5 0
1389 IN 1390 1397 7 0.500000 4 0
1390 IN 1391 1394 16 0.500000 3 0
1391 IN 1392 1393 10 0.500000 2 0
1392 LN -1 -1 -1 -1.000000 1 0
1393 LN -1 -1 -1 -1.000000 1 0
1394 IN 1395 1396 10 0.500000 2 0
1395 LN -1 -1 -1 -1.000000 1 0
1396 LN -1 -1 -1 -1.000000 1 0
1397 IN 1398 1401 16 0.500000 3 1
1398 IN 1399 1400 10 0.500000 2 0
1399 LN -1 -1 -1 -1.000000 1 0
1400 LN -1 -1 -1 -1.000000 1 0
1401 LN -1 -1 -1 -1.000000 1 1
1402 IN 1403 1404 10 0.500000 3 0
1403 LN -1 -1 -1 -1.000000 1 0
1404 IN 1405 1406 16 0.500000 2 0
1405 LN -1 -1 -1 -1.000000 1 0
1406 LN -1 -1 -1 -1.000000 1 0
1407 IN 1408 1633 3 0.500000 11 1
1408 IN 1409 1522 13 0.500000 10 1
1409 IN 1410 1453 10 0.500000 9 1
1410 IN 1411 1422 8 0.500000 8 0
1411 IN 1412 1421 6 0.500000 5 0
1412 IN 1413 1414 9 0.500000 4 0
1413 LN -1 -1 -1 -1.000000 1 0
1414 IN 1415 1418 14 0.500000 3 0
1415 IN 1416 1417 4 0.500000 2 0
1416 LN -1 -1 -1 -1.000000 1 0
1417 LN -1 -1 -1 -1.000000 1 1
1418 IN 1419 1420 4 0.500000 2 0
1419 LN -1 -1 -1 -1.000000 1 0
1420 LN -1 -1 -1 -1.000000 1 1
1421 LN -1 -1 -1 -1.000000 1 0
1422 IN 1423 1432 15 0.500000 7 1
1423 IN 1424 1425 7 0.500000 5 0
1424 LN -1 -1 -1 -1.000000 1 0
1425 IN 1426 1427 11 0.500000 4 0
1426 LN -1 -1 -1 -1.000000 1 0
1427 IN 1428 1431 4 0.500000 3 0
1428 IN 1429 1430 14 0.500000 2 0
1429 LN -1 -1 -1 -1.000000 1 0
1430 LN -1 -1 -1 -1.000000 1 1
1431 LN -1 -1 -1 -1.000000 1 1
1432 IN 1433 1440 14 0.500000 6 1
1433 IN 1434 1437 7 0.500000 3 0
1434 IN 1435 1436 4 0.500000 2 0
1435 LN -1 -1 -1 -1.000000 1 0
1436 LN -1 -1 -1 -1.000000 1 0
1437 IN 1438 1439 4 0.500000 2 1
1438 LN -1 -1 -1 -1.000000 1 0
1439 LN -1 -1 -1 -1.000000 1 1
1440 IN 1441 1448 4 0.500000 5 1
1441 IN 1442 1447 16 0.500000 4 1
1442 IN 1443 1446 6 0.500000 3 1
1443 IN 1444 1445 7 0.500000 2 1
1444 LN -1 -1 -1 -1.000000 1 0
1445 LN -1 -1 -1 -1.000000 1 1
1446 LN -1 -1 -1 -1.000000 1 0
1447 LN -1 -1 -1 -1.000000 1 0
1448 IN 1449 1452 16 0.500000 3 0
1449 IN 1450 1451 6 0.500000 2 1
1450 LN -1 -1 -1 -1.000000 1 0
1451 LN -1 -1 -1 -1.000000 1 1
1452 LN -1 -1 -1 -1.000000 1 0
1453 IN 1454 1483 14 0.500000 8 1
1454 IN 1455 1474 16 0.500000 7 1
1455 IN 1456 1467 4 0.500000 6 1
1456 IN 1457 1460 8 0.500000 5 1
1457 IN 1458 1459 7 0.500000 2 0
1458 LN -1 -1 -1 -1.000000 1 1
1459 LN -1 -1 -1 -1.000000 1 0
1460 IN 1461 1462 15 0.500000 4 1
1461 LN -1 -1 -1 -1.000000 1 0
1462 IN 1463 1464 7 0.500000 3 1
1463 LN -1 -1 -1 -1.000000 1 0
1464 IN 1465 1466 6 0.500000 2 1
1465 LN -1 -1 -1 -1.000000 1 1
1466 LN -1 -1 -1 -1.000000 1 0
1467 IN 1468 1469 7 0.500000 4 1
1468 LN -1 -1 -1 -1.000000 1 0
1469 IN 1470 1473 6 0.500000 3 1
1470 IN 1471 1472 8 0.500000 2 1
1471 LN -1 -1 -1 -1.000000 1 1
1472 LN -1 -1 -1 -1.000000 1 1
1473 LN -1 -1 -1 -1.000000 1 1
1474 IN 1475 1476 7 0.500000 5 0
1475 LN -1 -1 -1 -1.000000 1 1
1476 IN 1477 1482 6 0.500000 4 0
1477 IN 1478 1479 9 0.500000 3 0
1478 LN -1 -1 -1 -1.000000 1 0
1479 IN 1480 1481 4 0.500000 2 0
1480 LN -1 -1 -1 -1.000000 1 0
1481 LN -1 -1 -1 -1.000000 1 0
1482 LN -1 -1 -1 -1.000000 1 1
1483 IN 1484 1499 8 0.500000 7 1
1484 IN 1485 1492 7 0.500000 5 1
1485 IN 1486 1487 9 0.500000 4 0
1486 LN -1 -1 -1 -1.000000 1 0
1487 IN 1488 1491 16 0.500000 3 1
1488 IN 1489 1490 15 0.500000 2 0
1489 LN -1 -1 -1 -1.000000 1 1
1490 LN -1 -1 -1 -1.000000 1 0
1491 LN -1 -1 -1 -1.000000 1 1
1492 IN 1493 1496 4 0.500000 3 1
1493 IN 1494 1495 16 0.500000 2 1
1494 LN -1 -1 -1 -1.000000 1 1
1495 LN -1 -1 -1 -1.000000 1 1
1496 IN 1497 1498 16 0.500000 2 0
1497 LN -1 -1 -1 -1.000000 1 1
1498 LN -1 -1 -1 -1.000000 1 0
1499 IN 1500 1511 4 0.500000 6 1
1500 IN 1501 1508 16 0.500000 5 1
1501 IN 1502 1503 15 0.500000 4 1
1502 LN -1 -1 -1 -1.000000 1 1
1503 IN 1504 1505 7 0.500000 3 1
1504 LN -1 -1 -1 -1.000000 1 1
1505 IN 1506 1507 6 0.500000 2 1
1506 LN -1 -1 -1 -1.000000 1 1
1507 LN -1 -1 -1 -1.000000 1 1
1508 IN 1509 1510 7 0.500000 2 1
1509 LN -1 -1 -1 -1.000000 1 0
1510 LN -1 -1 -1 -1.000000 1 1
1511 IN 1512 1513 15 0.500000 5 1
1512 LN -1 -1 -1 -1.000000 1 1
1513 IN 1514 1519 16 0.500000 4 1
1514 IN 1515 1516 7 0.500000 3 1
1515 LN -1 -1 -1 -1.000000 1 1
1516 IN 1517 1518 6 0.500000 2 1
1517 LN -1 -1 -1 -1.000000 1 1
1518 LN -1 -1 -1 -1.000000 1 1
1519 IN 1520 1521 7 0.500000 2 1
1520 LN -1 -1 -1 -1.000000 1 0
1521 LN -1 -1 -1 -1.000000 1 1
1522 IN 1523 1620 6 0.500000 9 1
1523 IN 1524 1567 7 0.500000 8 1
1524 IN 1525 1542 4 0.500000 7 1
1525 IN 1526 1535 8 0.500000 5 0
1526 IN 1527 1532 16 0.500000 4 0
1527 IN 1528 1529 15 0.500000 3 0
1528 LN -1 -1 -1 -1.000000 1 0
1529 IN 1530 1531 10 0.500000 2 0
1530 LN -1 -1 -1 -1.000000 1 0
1531 LN -1 -1 -1 -1.000000 1 0
1532 IN 1533 1534 9 0.500000 2 0
1533 LN -1 -1 -1 -1.000000 1 0
1534 LN -1 -1 -1 -1.000000 1 1
1535 IN 1536 1537 15 0.500000 4 0
1536 LN -1 -1 -1 -1.000000 1 0
1537 IN 1538 1539 10 0.500000 3 0
1538 LN -1 -1 -1 -1.000000 1 0
1539 IN 1540 1541 16 0.500000 2 0
1540 LN -1 -1 -1 -1.000000 1 1
1541 LN -1 -1 -1 -1.000000 1 0
1542 IN 1543 1556 8 0.500000 6 1
1543 IN 1544 1551 16 0.500000 5 0
1544 IN 1545 1546 9 0.500000 4 1
1545 LN -1 -1 -1 -1.000000 1 1
1546 IN 1547 1548 15 0.500000 3 1
1547 LN -1 -1 -1 -1.000000 1 1
1548 IN 1549 1550 10 0.500000 2 0
1549 LN -1 -1 -1 -1.000000 1 0
1550 LN -1 -1 -1 -1.000000 1 1
1551 IN 1552 1553 15 0.500000 3 0
1552 LN -1 -1 -1 -1.000000 1 0
1553 IN 1554 1555 9 0.500000 2 0
1554 LN -1 -1 -1 -1.000000 1 0
1555 LN -1 -1 -1 -1.000000 1 0
1556 IN 1557 1562 15 0.500000 4 1
1557 IN 1558 1559 10 0.500000 3 1
1558 LN -1 -1 -1 -1.000000 1 1
1559 IN 1560 1561 16 0.500000 2 1
1560 LN -1 -1 -1 -1.000000 1 1
1561 LN -1 -1 -1 -1.000000 1 1
1562 IN 1563 1564 10 0.500000 3 1
1563 LN -1 -1 -1 -1.000000 1 1
1564 IN 1565 1566 16 0.500000 2 1
1565 LN -1 -1 -1 -1.000000 1 1
1566 LN -1 -1 -1 -1.000000 1 1
1567 IN 1568 1595 4 0.500000 7 1
1568 IN 1569 1582 10 0.500000 6 1
1569 IN 1570 1575 8 0.500000 4 1
1570 IN 1571 1574 16 0.500000 3 1
1571 IN 1572 1573 15 0.500000 2 1
1572 LN -1 -1 -1 -1.000000 1 1
1573 LN -1 -1 -1 -1.000000 1 1
1574 LN -1 -1 -1 -1.000000 1 0
1575 IN 1576 1579 15 0.500000 3 1
1576 IN 1577 1578 16 0.500000 2 0
1577 LN -1 -1 -1 -1.000000 1 0
1578 LN -1 -1 -1 -1.000000 1 1
1579 IN 1580 1581 16 0.500000 2 1
1580 LN -1 -1 -1 -1.000000 1 1
1581 LN -1 -1 -1 -1.000000 1 1
1582 IN 1583 1584 9 0.500000 5 1
1583 LN -1 -1 -1 -1.000000 1 0
1584 IN 1585 1588 8 0.500000 4 1
1585 IN 1586 1587 16 0.500000 2 1
1586 LN -1 -1 -1 -1.000000 1 0
1587 LN -1 -1 -1 -1.000000 1 1
1588 IN 1589 1592 16 0.500000 3 1
1589 IN 1590 1591 15 0.500000 2 1
1590 LN -1 -1 -1 -1.000000 1 0
1591 LN -1 -1 -1 -1.000000 1 1
1592 IN 1593 1594 15 0.500000 2 1
1593 LN -1 -1 -1 -1.000000 1 1
1594 LN -1 -1 -1 -1.000000 1 1
1595 IN 1596 1609 16 0.500000 6 1
1596 IN 1597 1598 9 0.500000 5 1
1597 LN -1 -1 -1 -1.000000 1 0
1598 IN 1599 1604 8 0.500000 4 1
1599 IN 1600 1601 15 0.500000 3 0
1600 LN -1 -1 -1 -1.000000 1 1
1601 IN 1602 1603 10 0.500000 2 0
1602 LN -1 -1 -1 -1.000000 1 1
1603 LN -1 -1 -1 -1.000000 1 0
1604 IN 1605 1606 15 0.500000 3 1
1605 LN -1 -1 -1 -1.000000 1 1
1606 IN 1607 1608 10 0.500000 2 1
1607 LN -1 -1 -1 -1.000000 1 1
1608 LN -1 -1 -1 -1.000000 1 1
1609 IN 1610 1611 15 0.500000 5 1
1610 LN -1 -1 -1 -1.000000 1 0
1611 IN 1612 1615 10 0.500000 4 1
1612 IN 1613 1614 8 0.500000 2 1
1613 LN -1 -1 -1 -1.000000 1 0
1614 LN -1 -1 -1 -1.000000 1 1
1615 IN 1616 1619 8 0.500000 3 1
1616 IN 1617 1618 9 0.500000 2 1
1617 LN -1 -1 -1 -1.000000 1 1
1618 LN -1 -1 -1 -1.000000 1 1
1619 LN -1 -1 -1 -1.000000 1 1
1620 IN 1621 1626 8 0.500000 5 1
1621 IN 1622 1625 4 0.500000 3 0
1622 IN 1623 1624 10 0.500000 2 0
1623 LN -1 -1 -1 -1.000000 1 0
1624 LN -1 -1 -1 -1.000000 1 1
1625 LN -1 -1 -1 -1.000000 1 1
1626 IN 1627 1632 16 0.500000 4 1
1627 IN 1628 1629 10 0.500000 3 0
1628 LN -1 -1 -1 -1.000000 1 1
1629 IN 1630 1631 4 0.500000 2 0
1630 LN -1 -1 -1 -1.000000 1 0
1631 LN -1 -1 -1 -1.000000 1 0
1632 LN -1 -1 -1 -1.000000 1 1
1633 IN 1634 1693 8 0.500000 10 1
1634 IN 1635 1636 9 0.500000 9 1
1635 LN -1 -1 -1 -1.000000 1 0
1636 IN 1637 1662 6 0.500000 8 1
1637 IN 1638 1639 7 0.500000 7 1
1638 LN -1 -1 -1 -1.000000 1 1
1639 IN 1640 1647 13 0.500000 6 1
1640 IN 1641 1642 14 0.500000 4 1
1641 LN -1 -1 -1 -1.000000 1 1
1642 IN 1643 1646 16 0.500000 3 1
1643 IN 1644 1645 10 0.500000 2 1
1644 LN -1 -1 -1 -1.000000 1 1
1645 LN -1 -1 -1 -1.000000 1 0
1646 LN -1 -1 -1 -1.000000 1 0
1647 IN 1648 1655 16 0.500000 5 1
1648 IN 1649 1650 15 0.500000 4 1
1649 LN -1 -1 -1 -1.000000 1 1
1650 IN 1651 1654 4 0.500000 3 1
1651 IN 1652 1653 10 0.500000 2 1
1652 LN -1 -1 -1 -1.000000 1 0
1653 LN -1 -1 -1 -1.000000 1 1
1654 LN -1 -1 -1 -1.000000 1 1
1655 IN 1656 1659 10 0.500000 3 1
1656 IN 1657 1658 4 0.500000 2 0
1657 LN -1 -1 -1 -1.000000 1 0
1658 LN -1 -1 -1 -1.000000 1 1
1659 IN 1660 1661 4 0.500000 2 1
1660 LN -1 -1 -1 -1.000000 1 1
1661 LN -1 -1 -1 -1.000000 1 1
1662 IN 1663 1684 16 0.500000 7 1
1663 IN 1664 1665 15 0.500000 6 1
1664 LN -1 -1 -1 -1.000000 1 0
1665 IN 1666 1677 13 0.500000 5 1
1666 IN 1667 1672 4 0.500000 4 1
1667 IN 1668 1671 10 0.500000 3 1
1668 IN 1669 1670 14 0.500000 2 1
1669 LN -1 -1 -1 -1.000000 1 0
1670 LN -1 -1 -1 -1.000000 1 1
1671 LN -1 -1 -1 -1.000000 1 1
1672 IN 1673 1674 14 0.500000 3 1
1673 LN -1 -1 -1 -1.000000 1 0
1674 IN 1675 1676 10 0.500000 2 1
1675 LN -1 -1 -1 -1.000000 1 0
1676 LN -1 -1 -1 -1.000000 1 1
1677 IN 1678 1681 4 0.500000 3 0
1678 IN 1679 1680 10 0.500000 2 0
1679 LN -1 -1 -1 -1.000000 1 0
1680 LN -1 -1 -1 -1.000000 1 0
1681 IN 1682 1683 10 0.500000 2 1
1682 LN -1 -1 -1 -1.000000 1 1
1683 LN -1 -1 -1 -1.000000 1 0
1684 IN 1685 1686 13 0.500000 4 1
1685 LN -1 -1 -1 -1.000000 1 1
1686 IN 1687 1690 4 0.500000 3 1
1687 IN 1688 1689 10 0.500000 2 1
1688 LN -1 -1 -1 -1.000000 1 0
1689 LN -1 -1 -1 -1.000000 1 1
1690 IN 1691 1692 10 0.500000 2 1
1691 LN -1 -1 -1 -1.000000 1 0
1692 LN -1 -1 -1 -1.000000 1 1
1693 IN 1694 1753 13 0.500000 9 1
1694 IN 1695 1716 10 0.500000 8 1
1695 IN 1696 1703 14 0.500000 6 1
1696 IN 1697 1700 4 0.500000 3 1
1697 IN 1698 1699 6 0.500000 2 1
1698 LN -1 -1 -1 -1.000000 1 1
1699 LN -1 -1 -1 -1.000000 1 0
1700 IN 1701 1702 7 0.500000 2 1
1701 LN -1 -1 -1 -1.000000 1 0
1702 LN -1 -1 -1 -1.000000 1 1
1703 IN 1704 1711 4 0.500000 5 1
1704 IN 1705 1710 16 0.500000 4 1
1705 IN 1706 1707 7 0.500000 3 1
1706 LN -1 -1 -1 -1.000000 1 1
1707 IN 1708 1709 6 0.500000 2 1
1708 LN -1 -1 -1 -1.000000 1 1
1709 LN -1 -1 -1 -1.000000 1 1
1710 LN -1 -1 -1 -1.000000 1 1
1711 IN 1712 1715 6 0.500000 3 1
1712 IN 1713 1714 15 0.500000 2 1
1713 LN -1 -1 -1 -1.000000 1 0
1714 LN -1 -1 -1 -1.000000 1 1
1715 LN -1 -1 -1 -1.000000 1 0
1716 IN 1717 1734 4 0.500000 7 1
1717 IN 1718 1725 14 0.500000 5 1
1718 IN 1719 1724 16 0.500000 4 1
1719 IN 1720 1721 7 0.500000 3 1
1720 LN -1 -1 -1 -1.000000 1 1
1721 IN 1722 1723 6 0.500000 2 1
1722 LN -1 -1 -1 -1.000000 1 0
1723 LN -1 -1 -1 -1.000000 1 1
1724 LN -1 -1 -1 -1.000000 1 0
1725 IN 1726 1731 16 0.500000 4 1
1726 IN 1727 1730 6 0.500000 3 1
1727 IN 1728 1729 7 0.500000 2 1
1728 LN -1 -1 -1 -1.000000 1 1
1729 LN -1 -1 -1 -1.000000 1 1
1730 LN -1 -1 -1 -1.000000 1 1
1731 IN 1732 1733 6 0.500000 2 0
1732 LN -1 -1 -1 -1.000000 1 0
1733 LN -1 -1 -1 -1.000000 1 1
1734 IN 1735 1736 7 0.500000 6 1
1735 LN -1 -1 -1 -1.000000 1 1
1736 IN 1737 1750 16 0.500000 5 1
1737 IN 1738 1745 14 0.500000 4 1
1738 IN 1739 1742 6 0.500000 3 1
1739 IN 1740 1741 15 0.500000 2 1
1740 LN -1 -1 -1 -1.000000 1 1
1741 LN -1 -1 -1 -1.000000 1 1
1742 IN 1743 1744 15 0.500000 2 1
1743 LN -1 -1 -1 -1.000000 1 0
1744 LN -1 -1 -1 -1.000000 1 1
1745 IN 1746 1747 15 0.500000 3 1
1746 LN -1 -1 -1 -1.000000 1 1
1747 IN 1748 1749 6 0.500000 2 1
1748 LN -1 -1 -1 -1.000000 1 1
1749 LN -1 -1 -1 -1.000000 1 1
1750 IN 1751 1752 14 0.500000 2 1
1751 LN -1 -1 -1 -1.000000 1 0
1752 LN -1 -1 -1 -1.000000 1 1
1753 IN 1754 1773 4 0.500000 6 1
1754 IN 1755 1764 16 0.500000 5 1
1755 IN 1756 1757 7 0.500000 4 1
1756 LN -1 -1 -1 -1.000000 1 1
1757 IN 1758 1761 10 0.500000 3 1
1758 IN 1759 1760 6 0.500000 2 1
1759 LN -1 -1 -1 -1.000000 1 0
1760 LN -1 -1 -1 -1.000000 1 1
1761 IN 1762 1763 6 0.500000 2 1
1762 LN -1 -1 -1 -1.000000 1 1
1763 LN -1 -1 -1 -1.000000 1 1
1764 IN 1765 1766 7 0.500000 4 1
1765 LN -1 -1 -1 -1.000000 1 0
1766 IN 1767 1770 10 0.500000 3 1
1767 IN 1768 1769 6 0.500000 2 1
1768 LN -1 -1 -1 -1.000000 1 1
1769 LN -1 -1 -1 -1.000000 1 0
1770 IN 1771 1772 6 0.500000 2 1
1771 LN -1 -1 -1 -1.000000 1 1
1772 LN -1 -1 -1 -1.000000 1 1
1773 IN 1774 1783 16 0.500000 5 1
1774 IN 1775 1776 15 0.500000 4 1
1775 LN -1 -1 -1 -1.000000 1 1
1776 IN 1777 1780 10 0.500000 3 1
1777 IN 1778 1779 6 0.500000 2 1
1778 LN -1 -1 -1 -1.000000 1 1
1779 LN -1 -1 -1 -1.000000 1 1
1780 IN 1781 1782 6 0.500000 2 1
1781 LN -1 -1 -1 -1.000000 1 1
1782 LN -1 -1 -1 -1.000000 1 1
1783 IN 1784 1787 10 0.500000 4 1
1784 IN 1785 1786 6 0.500000 2 1
1785 LN -1 -1 -1 -1.000000 1 1
1786 LN -1 -1 -1 -1.000000 1 1
1787 IN 1788 1791 6 0.500000 3 1
1788 IN 1789 1790 7 0.500000 2 1
1789 LN -1 -1 -1 -1.000000 1 0
1790 LN -1 -1 -1 -1.000000 1 1
1791 LN -1 -1 -1 -1.000000 1 1
1792 IN 1793 2354 1 0.500000 16 1
1793 IN 1794 1997 2 0.500000 15 0
1794 IN 1795 1878 10 0.500000 12 0
1795 IN 1796 1873 16 0.500000 11 0
1796 IN 1797 1840 9 0.500000 10 0
1797 IN 1798 1799 5 0.500000 9 0
1798 LN -1 -1 -1 -1.000000 1 0
1799 IN 1800 1801 11 0.500000 8 0
1800 LN -1 -1 -1 -1.000000 1 0
1801 IN 1802 1815 7 0.500000 7 0
1802 IN 1803 1812 13 0.500000 6 0
1803 IN 1804 1811 3 0.500000 5 0
1804 IN 1805 1810 14 0.500000 4 0
1805 IN 1806 1807 15 0.500000 3 0
1806 LN -1 -1 -1 -1.000000 1 0
1807 IN 1808 1809 4 0.500000 2 0
1808 LN -1 -1 -1 -1.000000 1 0
1809 LN -1 -1 -1 -1.000000 1 0
1810 LN -1 -1 -1 -1.000000 1 0
1811 LN -1 -1 -1 -1.000000 1 0
1812 IN 1813 1814 15 0.500000 2 0
1813 LN -1 -1 -1 -1.000000 1 0
1814 LN -1 -1 -1 -1.000000 1 1
1815 IN 1816 1827 14 0.500000 6 0
1816 IN 1817 1822 3 0.500000 4 0
1817 IN 1818 1821 6 0.500000 3 0
1818 IN 1819 1820 4 0.500000 2 0
1819 LN -1 -1 -1 -1.000000 1 0
1820 LN -1 -1 -1 -1.000000 1 0
1821 LN -1 -1 -1 -1.000000 1 0
1822 IN 1823 1826 6 0.500000 3 0
1823 IN 1824 1825 4 0.500000 2 0
1824 LN -1 -1 -1 -1.000000 1 0
1825 LN -1 -1 -1 -1.000000 1 0
1826 LN -1 -1 -1 -1.000000 1 0
1827 IN 1828 1835 3 0.500000 5 0
1828 IN 1829 1834 13 0.500000 4 1
1829 IN 1830 1831 6 0.500000 3 1
1830 LN -1 -1 -1 -1.000000 1 1
1831 IN 1832 1833 4 0.500000 2 1
1832 LN -1 -1 -1 -1.000000 1 0
1833 LN -1 -1 -1 -1.000000 1 1
1834 LN -1 -1 -1 -1.000000 1 0
1835 IN 1836 1837 4 0.500000 3 0
1836 LN -1 -1 -1 -1.000000 1 0
1837 IN 1838 1839 6 0.500000 2 0
1838 LN -1 -1 -1 -1.000000 1 1
1839 LN -1 -1 -1 -1.000000 1 0
1840 IN 1841 1852 3 0.500000 7 0
1841 IN 1842 1851 15 0.500000 6 0
1842 IN 1843 1850 4 0.500000 5 0
1843 IN 1844 1845 8 0.500000 4 0
1844 LN -1 -1 -1 -1.000000 1 0
1845 IN 1846 1847 7 0.500000 3 0
1846 LN -1 -1 -1 -1.000000 1 0
1847 IN 1848 1849 5 0.500000 2 0
1848 LN -1 -1 -1 -1.000000 1 1
1849 LN -1 -1 -1 -1.000000 1 0
1850 LN -1 -1 -1 -1.000000 1 0
1851 LN -1 -1 -1 -1.000000 1 0
1852 IN 1853 1858 7 0.500000 6 0
1853 IN 1854 1857 5 0.500000 3 0
1854 IN 1855 1856 8 0.500000 2 0
1855 LN -1 -1 -1 -1.000000 1 0
1856 LN -1 -1 -1 -1.000000 1 1
1857 LN -1 -1 -1 -1.000000 1 0
1858 IN 1859 1866 8 0.500000 5 0
1859 IN 1860 1865 15 0.500000 4 0
1860 IN 1861 1864 6 0.500000 3 0
1861 IN 1862 1863 4 0.500000 2 0
1862 LN -1 -1 -1 -1.000000 1 0
1863 LN -1 -1 -1 -1.000000 1 0
1864 LN -1 -1 -1 -1.000000 1 0
1865 LN -1 -1 -1 -1.000000 1 0
1866 IN 1867 1870 6 0.500000 3 0
1867 IN 1868 1869 15 0.500000 2 0
1868 LN -1 -1 -1 -1.000000 1 0
1869 LN -1 -1 -1 -1.000000 1 0
1870 IN 1871 1872 4 0.500000 2 1
1871 LN -1 -1 -1 -1.000000 1 0
1872 LN -1 -1 -1 -1.000000 1 1
1873 IN 1874 1877 9 0.500000 3 0
1874 IN 1875 1876 6 0.500000 2 0
1875 LN -1 -1 -1 -1.000000 1 0
1876 LN -1 -1 -1 -1.000000 1 1
1877 LN -1 -1 -1 -1.000000 1 1
1878 IN 1879 1928 3 0.500000 10 0
1879 IN 1880 1895 7 0.500000 9 0
1880 IN 1881 1892 9 0.500000 6 0
1881 IN 1882 1891 14 0.500000 5 0
1882 IN 1883 1886 15 0.500000 4 0
1883 IN 1884 1885 4 0.500000 2 0
1884 LN -1 -1 -1 -1.000000 1 0
1885 LN -1 -1 -1 -1.000000 1 0
1886 IN 1887 1890 4 0.500000 3 0
1887 IN 1888 1889 5 0.500000 2 0
1888 LN -1 -1 -1 -1.000000 1 0
1889 LN -1 -1 -1 -1.000000 1 0
1890 LN -1 -1 -1 -1.000000 1 0
1891 LN -1 -1 -1 -1.000000 1 0
1892 IN 1893 1894 14 0.500000 2 0
1893 LN -1 -1 -1 -1.000000 1 0
1894 LN -1 -1 -1 -1.000000 1 1
1895 IN 1896 1919 14 0.500000 8 0
1896 IN 1897 1918 6 0.500000 7 0
1897 IN 1898 1913 4 0.500000 6 0
1898 IN 1899 1904 9 0.500000 5 0
1899 IN 1900 1903 16 0.500000 3 0
1900 IN 1901 1902 15 0.500000 2 0
1901 LN -1 -1 -1 -1.000000 1 0
1902 LN -1 -1 -1 -1.000000 1 0
1903 LN -1 -1 -1 -1.000000 1 0
1904 IN 1905 1910 8 0.500000 4 0
1905 IN 1906 1909 15 0.500000 3 0
1906 IN 1907 1908 5 0.500000 2 0
1907 LN -1 -1 -1 -1.000000 1 0
1908 LN -1 -1 -1 -1.000000 1 0
1909 LN -1 -1 -1 -1.000000 1 0
1910 IN 1911 1912 15 0.500000 2 0
1911 LN -1 -1 -1 -1.000000 1 0
1912 LN -1 -1 -1 -1.000000 1 0
1913 IN 1914 1917 9 0.500000 3 0
1914 IN 1915 1916 15 0.500000 2 0
1915 LN -1 -1 -1 -1.000000 1 0
1916 LN -1 -1 -1 -1.000000 1 0
1917 LN -1 -1 -1 -1.000000 1 0
1918 LN -1 -1 -1 -1.000000 1 0
1919 IN 1920 1921 15 0.500000 4 0
1920 LN -1 -1 -1 -1.000000 1 0
1921 IN 1922 1925 4 0.500000 3 0
1922 IN 1923 1924 13 0.500000 2 0
1923 LN -1 -1 -1 -1.000000 1 0
1924 LN -1 -1 -1 -1.000000 1 0
1925 IN 1926 1927 6 0.500000 2 0
1926 LN -1 -1 -1 -1.000000 1 0
1927 LN -1 -1 -1 -1.000000 1 0
1928 IN 1929 1966 14 0.500000 9 0
1929 IN 1930 1931 7 0.500000 8 0
1930 LN -1 -1 -1 -1.000000 1 0
1931 IN 1932 1937 5 0.500000 7 0
1932 IN 1933 1936 15 0.500000 3 0
1933 IN 1934 1935 8 0.500000 2 1
1934 LN -1 -1 -1 -1.000000 1 0
1935 LN -1 -1 -1 -1.000000 1 1
1936 LN -1 -1 -1 -1.000000 1 0
1937 IN 1938 1959 8 0.500000 6 0
1938 IN 1939 1952 4 0.500000 5 0
1939 IN 1940 1945 6 0.500000 4 0
1940 IN 1941 1944 15 0.500000 3 0
1941 IN 1942 1943 9 0.500000 2 0
1942 LN -1 -1 -1 -1.000000 1 1
1943 LN -1 -1 -1 -1.000000 1 0
1944 LN -1 -1 -1 -1.000000 1 1
1945 IN 1946 1949 9 0.500000 3 0
1946 IN 1947 1948 15 0.500000 2 0
1947 LN -1 -1 -1 -1.000000 1 0
1948 LN -1 -1 -1 -1.000000 1 1
1949 IN 1950 1951 15 0.500000 2 0
1950 LN -1 -1 -1 -1.000000 1 0
1951 LN -1 -1 -1 -1.000000 1 0
1952 IN 1953 1956 6 0.500000 3 0
1953 IN 1954 1955 9 0.500000 2 0
1954 LN -1 -1 -1 -1.000000 1 0
1955 LN -1 -1 -1 -1.000000 1 0
1956 IN 1957 1958 9 0.500000 2 1
1957 LN -1 -1 -1 -1.000000 1 0
1958 LN -1 -1 -1 -1.000000 1 1
1959 IN 1960 1965 4 0.500000 4 0
1960 IN 1961 1964 6 0.500000 3 0
1961 IN 1962 1963 15 0.500000 2 0
1962 LN -1 -1 -1 -1.000000 1 0
1963 LN -1 -1 -1 -1.000000 1 0
1964 LN -1 -1 -1 -1.000000 1 0
1965 LN -1 -1 -1 -1.000000 1 0
1966 IN 1967 1982 9 0.500000 8 1
1967 IN 1968 1973 4 0.500000 6 0
1968 IN 1969 1972 16 0.500000 3 0
1969 IN 1970 1971 7 0.500000 2 0
1970 LN -1 -1 -1 -1.000000 1 1
1971 LN -1 -1 -1 -1.000000 1 0
1972 LN -1 -1 -1 -1.000000 1 0
1973 IN 1974 1975 15 0.500000 5 1
1974 LN -1 -1 -1 -1.000000 1 1
1975 IN 1976 1977 7 0.500000 4 1
1976 LN -1 -1 -1 -1.000000 1 1
1977 IN 1978 1979 6 0.500000 3 1
1978 LN -1 -1 -1 -1.000000 1 1
1979 IN 1980 1981 13 0.500000 2 0
1980 LN -1 -1 -1 -1.000000 1 1
1981 LN -1 -1 -1 -1.000000 1 0
1982 IN 1983 1984 15 0.500000 7 1
1983 LN -1 -1 -1 -1.000000 1 0
1984 IN 1985 1988 7 0.500000 6 1
1985 IN 1986 1987 4 0.500000 2 1
1986 LN -1 -1 -1 -1.000000 1 1
1987 LN -1 -1 -1 -1.000000 1 0
1988 IN 1989 1996 4 0.500000 5 1
1989 IN 1990 1995 8 0.500000 4 1
1990 IN 1991 1994 13 0.500000 3 1
1991 IN 1992 1993 5 0.500000 2 1
1992 LN -1 -1 -1 -1.000000 1 0
1993 LN -1 -1 -1 -1.000000 1 1
1994 LN -1 -1 -1 -1.000000 1 1
1995 LN -1 -1 -1 -1.000000 1 1
1996 LN -1 -1 -1 -1.000000 1 1
1997 IN 1998 2249 8 0.500000 14 0
1998 IN 1999 2048 15 0.500000 13 1
1999 IN 2000 2041 6 0.500000 8 0
2000 IN 2001 2028 4 0.500000 7 0
2001 IN 2002 2021 7 0.500000 6 0
2002 IN 2003 2014 14 0.500000 5 0
2003 IN 2004 2009 10 0.500000 4 0
2004 IN 2005 2006 5 0.500000 3 0
2005 LN -1 -1 -1 -1.000000 1 0
2006 IN 2007 2008 9 0.500000 2 1
2007 LN -1 -1 -1 -1.000000 1 1
2008 LN -1 -1 -1 -1.000000 1 0
2009 IN 2010 2013 3 0.500000 3 0
2010 IN 2011 2012 9 0.500000 2 0
2011 LN -1 -1 -1 -1.000000 1 0
2012 LN -1 -1 -1 -1.000000 1 0
2013 LN -1 -1 -1 -1.000000 1 0
2014 IN 2015 2020 13 0.500000 4 0
2015 IN 2016 2017 9 0.500000 3 0
2016 LN -1 -1 -1 -1.000000 1 0
2017 IN 2018 2019 3 0.500000 2 0
2018 LN -1 -1 -1 -1.000000 1 1
2019 LN -1 -1 -1 -1.000000 1 0
2020 LN -1 -1 -1 -1.000000 1 0
2021 IN 2022 2023 10 0.500000 4 0
2022 LN -1 -1 -1 -1.000000 1 0
2023 IN 2024 2025 3 0.500000 3 1
2024 LN -1 -1 -1 -1.000000 1 0
2025 IN 2026 2027 14 0.500000 2 1
2026 LN -1 -1 -1 -1.000000 1 1
2027 LN -1 -1 -1 -1.000000 1 0
2028 IN 2029 2032 10 0.500000 6 0
2029 IN 2030 2031 14 0.500000 2 0
2030 LN -1 -1 -1 -1.000000 1 0
2031 LN -1 -1 -1 -1.000000 1 1
2032 IN 2033 2040 14 0.500000 5 0
2033 IN 2034 2035 9 0.500000 4 0
2034 LN -1 -1 -1 -1.000000 1 0
2035 IN 2036 2039 16 0.500000 3 0
2036 IN 2037 2038 3 0.500000 2 0
2037 LN -1 -1 -1 -1.000000 1 0
2038 LN -1 -1 -1 -1.000000 1 0
2039 LN -1 -1 -1 -1.000000 1 0
2040 LN -1 -1 -1 -1.000000 1 0
2041 IN 2042 2043 10 0.500000 4 1
2042 LN -1 -1 -1 -1.000000 1 0
2043 IN 2044 2047 4 0.500000 3 1
2044 IN 2045 2046 14 0.500000 2 1
2045 LN -1 -1 -1 -1.000000 1 1
2046 LN -1 -1 -1 -1.000000 1 0
2047 LN -1 -1 -1 -1.000000 1 1
2048 IN 2049 2196 13 0.500000 12 1
2049 IN 2050 2139 4 0.500000 11 1
2050 IN 2051 2124 6 0.500000 10 0
2051 IN 2052 2111 16 0.500000 9 0
2052 IN 2053 2068 9 0.500000 8 0
2053 IN 2054 2057 14 0.500000 5 0
2054 IN 2055 2056 3 0.500000 2 0
2055 LN -1 -1 -1 -1.000000 1 0
2056 LN -1 -1 -1 -1.000000 1 1
2057 IN 2058 2063 7 0.500000 4 1
2058 IN 2059 2060 10 0.500000 3 0
2059 LN -1 -1 -1 -1.000000 1 0
2060 IN 2061 2062 3 0.500000 2 1
2061 LN -1 -1 -1 -1.000000 1 1
2062 LN -1 -1 -1 -1.000000 1 1
2063 IN 2064 2065 5 0.500000 3 1
2064 LN -1 -1 -1 -1.000000 1 0
2065 IN 2066 2067 3 0.500000 2 1
2066 LN -1 -1 -1 -1.000000 1 0
2067 LN -1 -1 -1 -1.000000 1 1
2068 IN 2069 2090 7 0.500000 7 0
2069 IN 2070 2081 14 0.500000 6 0
2070 IN 2071 2080 3 0.500000 5 0
2071 IN 2072 2077 10 0.500000 4 0
2072 IN 2073 2074 11 0.500000 3 0
2073 LN -1 -1 -1 -1.000000 1 1
2074 IN 2075 2076 5 0.500000 2 0
2075 LN -1 -1 -1 -1.000000 1 0
2076 LN -1 -1 -1 -1.000000 1 0
2077 IN 2078 2079 5 0.500000 2 0
2078 LN -1 -1 -1 -1.000000 1 0
2079 LN -1 -1 -1 -1.000000 1 0
2080 LN -1 -1 -1 -1.000000 1 1
2081 IN 2082 2087 10 0.500000 4 1
2082 IN 2083 2084 5 0.500000 3 0
2083 LN -1 -1 -1 -1.000000 1 0
2084 IN 2085 2086 3 0.500000 2 1
2085 LN -1 -1 -1 -1.000000 1 1
2086 LN -1 -1 -1 -1.000000 1 0
2087 IN 2088 2089 3 0.500000 2 1
2088 LN -1 -1 -1 -1.000000 1 1
2089 LN -1 -1 -1 -1.000000 1 0
2090 IN 2091 2102 3 0.500000 5 1
2091 IN 2092 2097 10 0.500000 4 1
2092 IN 2093 2094 5 0.500000 3 0
2093 LN -1 -1 -1 -1.000000 1 0
2094 IN 2095 2096 14 0.500000 2 1
2095 LN -1 -1 -1 -1.000000 1 1
2096 LN -1 -1 -1 -1.000000 1 0
2097 IN 2098 2099 5 0.500000 3 1
2098 LN -1 -1 -1 -1.000000 1 1
2099 IN 2100 2101 14 0.500000 2 1
2100 LN -1 -1 -1 -1.000000 1 0
2101 LN -1 -1 -1 -1.000000 1 1
2102 IN 2103 2104 5 0.500000 4 0
2103 LN -1 -1 -1 -1.000000 1 0
2104 IN 2105 2108 10 0.500000 3 0
2105 IN 2106 2107 14 0.500000 2 0
2106 LN -1 -1 -1 -1.000000 1 0
2107 LN -1 -1 -1 -1.000000 1 0
2108 IN 2109 2110 14 0.500000 2 0
2109 LN -1 -1 -1 -1.000000 1 1
2110 LN -1 -1 -1 -1.000000 1 0
2111 IN 2112 2115 7 0.500000 6 1
2112 IN 2113 2114 9 0.500000 2 1
2113 LN -1 -1 -1 -1.000000 1 1
2114 LN -1 -1 -1 -1.000000 1 0
2115 IN 2116 2117 14 0.500000 5 1
2116 LN -1 -1 -1 -1.000000 1 1
2117 IN 2118 2119 5 0.500000 4 1
2118 LN -1 -1 -1 -1.000000 1 1
2119 IN 2120 2121 3 0.500000 3 0
2120 LN -1 -1 -1 -1.000000 1 0
2121 IN 2122 2123 9 0.500000 2 0
2122 LN -1 -1 -1 -1.000000 1 0
2123 LN -1 -1 -1 -1.000000 1 1
2124 IN 2125 2132 3 0.500000 5 0
2125 IN 2126 2127 14 0.500000 4 1
2126 LN -1 -1 -1 -1.000000 1 1
2127 IN 2128 2129 9 0.500000 3 1
2128 LN -1 -1 -1 -1.000000 1 0
2129 IN 2130 2131 10 0.500000 2 1
2130 LN -1 -1 -1 -1.000000 1 1
2131 LN -1 -1 -1 -1.000000 1 0
2132 IN 2133 2134 14 0.500000 4 0
2133 LN -1 -1 -1 -1.000000 1 1
2134 IN 2135 2138 10 0.500000 3 0
2135 IN 2136 2137 9 0.500000 2 0
2136 LN -1 -1 -1 -1.000000 1 0
2137 LN -1 -1 -1 -1.000000 1 0
2138 LN -1 -1 -1 -1.000000 1 0
2139 IN 2140 2167 14 0.500000 7 1
2140 IN 2141 2152 7 0.500000 6 1
2141 IN 2142 2149 3 0.500000 4 1
2142 IN 2143 2146 9 0.500000 3 1
2143 IN 2144 2145 10 0.500000 2 1
2144 LN -1 -1 -1 -1.000000 1 1
2145 LN -1 -1 -1 -1.000000 1 0
2146 IN 2147 2148 10 0.500000 2 1
2147 LN -1 -1 -1 -1.000000 1 0
2148 LN -1 -1 -1 -1.000000 1 1
2149 IN 2150 2151 10 0.500000 2 0
2150 LN -1 -1 -1 -1.000000 1 1
2151 LN -1 -1 -1 -1.000000 1 0
2152 IN 2153 2160 6 0.500000 5 1
2153 IN 2154 2159 3 0.500000 4 1
2154 IN 2155 2156 9 0.500000 3 1
2155 LN -1 -1 -1 -1.000000 1 0
2156 IN 2157 2158 10 0.500000 2 1
2157 LN -1 -1 -1 -1.000000 1 1
2158 LN -1 -1 -1 -1.000000 1 1
2159 LN -1 -1 -1 -1.000000 1 1
2160 IN 2161 2164 3 0.500000 3 1
2161 IN 2162 2163 9 0.500000 2 0
2162 LN -1 -1 -1 -1.000000 1 0
2163 LN -1 -1 -1 -1.000000 1 1
2164 IN 2165 2166 10 0.500000 2 1
2165 LN -1 -1 -1 -1.000000 1 1
2166 LN -1 -1 -1 -1.000000 1 1
2167 IN 2168 2191 6 0.500000 6 0
2168 IN 2169 2180 9 0.500000 5 0
2169 IN 2170 2175 7 0.500000 4 0
2170 IN 2171 2174 3 0.500000 3 0
2171 IN 2172 2173 10 0.500000 2 0
2172 LN -1 -1 -1 -1.000000 1 0
2173 LN -1 -1 -1 -1.000000 1 0
2174 LN -1 -1 -1 -1.000000 1 1
2175 IN 2176 2177 16 0.500000 3 0
2176 LN -1 -1 -1 -1.000000 1 0
2177 IN 2178 2179 3 0.500000 2 1
2178 LN -1 -1 -1 -1.000000 1 0
2179 LN -1 -1 -1 -1.000000 1 1
2180 IN 2181 2184 3 0.500000 4 0
2181 IN 2182 2183 7 0.500000 2 0
2182 LN -1 -1 -1 -1.000000 1 1
2183 LN -1 -1 -1 -1.000000 1 0
2184 IN 2185 2188 7 0.500000 3 0
2185 IN 2186 2187 16 0.500000 2 0
2186 LN -1 -1 -1 -1.000000 1 0
2187 LN -1 -1 -1 -1.000000 1 0
2188 IN 2189 2190 16 0.500000 2 0
2189 LN -1 -1 -1 -1.000000 1 0
2190 LN -1 -1 -1 -1.000000 1 0
2191 IN 2192 2193 10 0.500000 3 1
2192 LN -1 -1 -1 -1.000000 1 1
2193 IN 2194 2195 9 0.500000 2 1
2194 LN -1 -1 -1 -1.000000 1 1
2195 LN -1 -1 -1 -1.000000 1 1
2196 IN 2197 2240 6 0.500000 9 1
2197 IN 2198 2201 5 0.500000 8 1
2198 IN 2199 2200 9 0.500000 2 0
2199 LN -1 -1 -1 -1.000000 1 0
2200 LN -1 -1 -1 -1.000000 1 0
2201 IN 2202 2211 10 0.500000 7 1
2202 IN 2203 2208 7 0.500000 4 0
2203 IN 2204 2205 3 0.500000 3 1
2204 LN -1 -1 -1 -1.000000 1 1
2205 IN 2206 2207 4 0.500000 2 0
2206 LN -1 -1 -1 -1.000000 1 0
2207 LN -1 -1 -1 -1.000000 1 1
2208 IN 2209 2210 9 0.500000 2 0
2209 LN -1 -1 -1 -1.000000 1 1
2210 LN -1 -1 -1 -1.000000 1 0
2211 IN 2212 2227 4 0.500000 6 1
2212 IN 2213 2218 7 0.500000 5 1
2213 IN 2214 2217 9 0.500000 3 1
2214 IN 2215 2216 16 0.500000 2 1
2215 LN -1 -1 -1 -1.000000 1 0
2216 LN -1 -1 -1 -1.000000 1 1
2217 LN -1 -1 -1 -1.000000 1 1
2218 IN 2219 2226 16 0.500000 4 1
2219 IN 2220 2223 3 0.500000 3 1
2220 IN 2221 2222 9 0.500000 2 1
2221 LN -1 -1 -1 -1.000000 1 1
2222 LN -1 -1 -1 -1.000000 1 1
2223 IN 2224 2225 9 0.500000 2 0
2224 LN -1 -1 -1 -1.000000 1 0
2225 LN -1 -1 -1 -1.000000 1 1
2226 LN -1 -1 -1 -1.000000 1 1
2227 IN 2228 2239 7 0.500000 5 1
2228 IN 2229 2236 3 0.500000 4 1
2229 IN 2230 2233 9 0.500000 3 1
2230 IN 2231 2232 16 0.500000 2 1
2231 LN -1 -1 -1 -1.000000 1 1
2232 LN -1 -1 -1 -1.000000 1 0
2233 IN 2234 2235 16 0.500000 2 1
2234 LN -1 -1 -1 -1.000000 1 0
2235 LN -1 -1 -1 -1.000000 1 1
2236 IN 2237 2238 16 0.500000 2 1
2237 LN -1 -1 -1 -1.000000 1 0
2238 LN -1 -1 -1 -1.000000 1 1
2239 LN -1 -1 -1 -1.000000 1 1
2240 IN 2241 2246 4 0.500000 4 1
2241 IN 2242 2243 16 0.500000 3 1
2242 LN -1 -1 -1 -1.000000 1 1
2243 IN 2244 2245 3 0.500000 2 0
2244 LN -1 -1 -1 -1.000000 1 0
2245 LN -1 -1 -1 -1.000000 1 1
2246 IN 2247 2248 16 0.500000 2 0
2247 LN -1 -1 -1 -1.000000 1 0
2248 LN -1 -1 -1 -1.000000 1 1
2249 IN 2250 2341 6 0.500000 10 0
2250 IN 2251 2272 5 0.500000 9 0
2251 IN 2252 2253 11 0.500000 7 0
2252 LN -1 -1 -1 -1.000000 1 0
2253 IN 2254 2271 16 0.500000 6 0
2254 IN 2255 2262 14 0.500000 5 0
2255 IN 2256 2257 10 0.500000 4 0
2256 LN -1 -1 -1 -1.000000 1 0
2257 IN 2258 2259 15 0.500000 3 0
2258 LN -1 -1 -1 -1.000000 1 0
2259 IN 2260 2261 7 0.500000 2 1
2260 LN -1 -1 -1 -1.000000 1 0
2261 LN -1 -1 -1 -1.000000 1 1
2262 IN 2263 2266 3 0.500000 4 0
2263 IN 2264 2265 10 0.500000 2 0
2264 LN -1 -1 -1 -1.000000 1 0
2265 LN -1 -1 -1 -1.000000 1 0
2266 IN 2267 2268 7 0.500000 3 0
2267 LN -1 -1 -1 -1.000000 1 0
2268 IN 2269 2270 10 0.500000 2 0
2269 LN -1 -1 -1 -1.000000 1 1
2270 LN -1 -1 -1 -1.000000 1 0
2271 LN -1 -1 -1 -1.000000 1 1
2272 IN 2273 2300 10 0.500000 8 0
2273 IN 2274 2293 14 0.500000 7 0
2274 IN 2275 2292 16 0.500000 6 0
2275 IN 2276 2283 3 0.500000 5 0
2276 IN 2277 2278 7 0.500000 4 1
2277 LN -1 -1 -1 -1.000000 1 1
2278 IN 2279 2280 11 0.500000 3 0
2279 LN -1 -1 -1 -1.000000 1 0
2280 IN 2281 2282 15 0.500000 2 1
2281 LN -1 -1 -1 -1.000000 1 1
2282 LN -1 -1 -1 -1.000000 1 0
2283 IN 2284 2289 4 0.500000 4 0
2284 IN 2285 2286 7 0.500000 3 0
2285 LN -1 -1 -1 -1.000000 1 0
2286 IN 2287 2288 15 0.500000 2 0
2287 LN -1 -1 -1 -1.000000 1 0
2288 LN -1 -1 -1 -1.000000 1 1
2289 IN 2290 2291 15 0.500000 2 0
2290 LN -1 -1 -1 -1.000000 1 0
2291 LN -1 -1 -1 -1.000000 1 1
2292 LN -1 -1 -1 -1.000000 1 0
2293 IN 2294 2299 4 0.500000 4 0
2294 IN 2295 2298 7 0.500000 3 1
2295 IN 2296 2297 13 0.500000 2 0
2296 LN -1 -1 -1 -1.000000 1 0
2297 LN -1 -1 -1 -1.000000 1 1
2298 LN -1 -1 -1 -1.000000 1 1
2299 LN -1 -1 -1 -1.000000 1 0
2300 IN 2301 2330 4 0.500000 7 1
2301 IN 2302 2315 3 0.500000 6 1
2302 IN 2303 2308 7 0.500000 5 1
2303 IN 2304 2305 15 0.500000 3 1
2304 LN -1 -1 -1 -1.000000 1 1
2305 IN 2306 2307 14 0.500000 2 0
2306 LN -1 -1 -1 -1.000000 1 0
2307 LN -1 -1 -1 -1.000000 1 1
2308 IN 2309 2310 15 0.500000 4 1
2309 LN -1 -1 -1 -1.000000 1 0
2310 IN 2311 2314 14 0.500000 3 1
2311 IN 2312 2313 16 0.500000 2 1
2312 LN -1 -1 -1 -1.000000 1 1
2313 LN -1 -1 -1 -1.000000 1 1
2314 LN -1 -1 -1 -1.000000 1 1
2315 IN 2316 2327 16 0.500000 5 1
2316 IN 2317 2322 15 0.500000 4 1
2317 IN 2318 2321 7 0.500000 3 0
2318 IN 2319 2320 14 0.500000 2 0
2319 LN -1 -1 -1 -1.000000 1 0
2320 LN -1 -1 -1 -1.000000 1 1
2321 LN -1 -1 -1 -1.000000 1 0
2322 IN 2323 2324 14 0.500000 3 1
2323 LN -1 -1 -1 -1.000000 1 1
2324 IN 2325 2326 7 0.500000 2 0
2325 LN -1 -1 -1 -1.000000 1 1
2326 LN -1 -1 -1 -1.000000 1 0
2327 IN 2328 2329 13 0.500000 2 1
2328 LN -1 -1 -1 -1.000000 1 0
2329 LN -1 -1 -1 -1.000000 1 1
2330 IN 2331 2338 16 0.500000 5 0
2331 IN 2332 2333 3 0.500000 4 0
2332 LN -1 -1 -1 -1.000000 1 0
2333 IN 2334 2337 7 0.500000 3 0
2334 IN 2335 2336 15 0.500000 2 0
2335 LN -1 -1 -1 -1.000000 1 0
2336 LN -1 -1 -1 -1.000000 1 0
2337 LN -1 -1 -1 -1.000000 1 0
2338 IN 2339 2340 14 0.500000 2 1
2339 LN -1 -1 -1 -1.000000 1 0
2340 LN -1 -1 -1 -1.000000 1 1
2341 IN 2342 2345 10 0.500000 6 1
2342 IN 2343 2344 15 0.500000 2 1
2343 LN -1 -1 -1 -1.000000 1 0
2344 LN -1 -1 -1 -1.000000 1 1
2345 IN 2346 2353 14 0.500000 5 1
2346 IN 2347 2352 15 0.500000 4 1
2347 IN 2348 2349 3 0.500000 3 1
2348 LN -1 -1 -1 -1.000000 1 1
2349 IN 2350 2351 4 0.500000 2 1
2350 LN -1 -1 -1 -1.000000 1 0
2351 LN -1 -1 -1 -1.000000 1 1
2352 LN -1 -1 -1 -1.000000 1 1
2353 LN -1 -1 -1 -1.000000 1 1
2354 IN 2355 2510 14 0.500000 14 1
2355 IN 2356 2395 8 0.500000 10 1
2356 IN 2357 2376 10 0.500000 9 1
2357 IN 2358 2373 6 0.500000 8 1
2358 IN 2359 2360 11 0.500000 7 0
2359 LN -1 -1 -1 -1.000000 1 0
2360 IN 2361 2372 0 0.500000 6 1
2361 IN 2362 2365 7 0.500000 5 1
2362 IN 2363 2364 9 0.500000 2 1
2363 LN -1 -1 -1 -1.000000 1 0
2364 LN -1 -1 -1 -1.000000 1 1
2365 IN 2366 2371 4 0.500000 4 0
2366 IN 2367 2368 15 0.500000 3 1
2367 LN -1 -1 -1 -1.000000 1 1
2368 IN 2369 2370 9 0.500000 2 1
2369 LN -1 -1 -1 -1.000000 1 0
2370 LN -1 -1 -1 -1.000000 1 1
2371 LN -1 -1 -1 -1.000000 1 0
2372 LN -1 -1 -1 -1.000000 1 1
2373 IN 2374 2375 4 0.500000 2 1
2374 LN -1 -1 -1 -1.000000 1 0
2375 LN -1 -1 -1 -1.000000 1 1
2376 IN 2377 2390 3 0.500000 6 1
2377 IN 2378 2389 0 0.500000 5 1
2378 IN 2379 2384 7 0.500000 4 1
2379 IN 2380 2383 9 0.500000 3 1
2380 IN 2381 2382 16 0.500000 2 1
2381 LN -1 -1 -1 -1.000000 1 1
2382 LN -1 -1 -1 -1.000000 1 0
2383 LN -1 -1 -1 -1.000000 1 1
2384 IN 2385 2388 6 0.500000 3 1
2385 IN 2386 2387 16 0.500000 2 1
2386 LN -1 -1 -1 -1.000000 1 0
2387 LN -1 -1 -1 -1.000000 1 1
2388 LN -1 -1 -1 -1.000000 1 1
2389 LN -1 -1 -1 -1.000000 1 1
2390 IN 2391 2392 4 0.500000 3 1
2391 LN -1 -1 -1 -1.000000 1 1
2392 IN 2393 2394 15 0.500000 2 1
2393 LN -1 -1 -1 -1.000000 1 0
2394 LN -1 -1 -1 -1.000000 1 1
2395 IN 2396 2431 7 0.500000 9 1
2396 IN 2397 2404 5 0.500000 7 1
2397 IN 2398 2399 11 0.500000 4 1
2398 LN -1 -1 -1 -1.000000 1 0
2399 IN 2400 2403 10 0.500000 3 1
2400 IN 2401 2402 15 0.500000 2 1
2401 LN -1 -1 -1 -1.000000 1 0
2402 LN -1 -1 -1 -1.000000 1 1
2403 LN -1 -1 -1 -1.000000 1 0
2404 IN 2405 2416 10 0.500000 6 1
2405 IN 2406 2415 3 0.500000 5 1
2406 IN 2407 2408 0 0.500000 4 1
2407 LN -1 -1 -1 -1.000000 1 0
2408 IN 2409 2412 11 0.500000 3 1
2409 IN 2410 2411 4 0.500000 2 1
2410 LN -1 -1 -1 -1.000000 1 1
2411 LN -1 -1 -1 -1.000000 1 0
2412 IN 2413 2414 4 0.500000 2 1
2413 LN -1 -1 -1 -1.000000 1 1
2414 LN -1 -1 -1 -1.000000 1 1
2415 LN -1 -1 -1 -1.000000 1 1
2416 IN 2417 2424 0 0.500000 5 0
2417 IN 2418 2423 4 0.500000 4 0
2418 IN 2419 2422 16 0.500000 3 0
2419 IN 2420 2421 3 0.500000 2 0
2420 LN -1 -1 -1 -1.000000 1 0
2421 LN -1 -1 -1 -1.000000 1 1
2422 LN -1 -1 -1 -1.000000 1 0
2423 LN -1 -1 -1 -1.000000 1 0
2424 IN 2425 2426 15 0.500000 4 1
2425 LN -1 -1 -1 -1.000000 1 1
2426 IN 2427 2428 4 0.500000 3 1
2427 LN -1 -1 -1 -1.000000 1 1
2428 IN 2429 2430 16 0.500000 2 0
2429 LN -1 -1 -1 -1.000000 1 0
2430 LN -1 -1 -1 -1.000000 1 0
2431 IN 2432 2467 3 0.500000 8 1
2432 IN 2433 2450 0 0.500000 7 1
2433 IN 2434 2445 4 0.500000 5 0
2434 IN 2435 2438 15 0.500000 4 0
2435 IN 2436 2437 10 0.500000 2 0
2436 LN -1 -1 -1 -1.000000 1 1
2437 LN -1 -1 -1 -1.000000 1 0
2438 IN 2439 2442 5 0.500000 3 0
2439 IN 2440 2441 10 0.500000 2 0
2440 LN -1 -1 -1 -1.000000 1 0
2441 LN -1 -1 -1 -1.000000 1 1
2442 IN 2443 2444 10 0.500000 2 0
2443 LN -1 -1 -1 -1.000000 1 0
2444 LN -1 -1 -1 -1.000000 1 0
2445 IN 2446 2447 15 0.500000 3 0
2446 LN -1 -1 -1 -1.000000 1 1
2447 IN 2448 2449 10 0.500000 2 0
2448 LN -1 -1 -1 -1.000000 1 0
2449 LN -1 -1 -1 -1.000000 1 1
2450 IN 2451 2466 6 0.500000 6 1
2451 IN 2452 2457 4 0.500000 5 1
2452 IN 2453 2454 15 0.500000 3 1
2453 LN -1 -1 -1 -1.000000 1 0
2454 IN 2455 2456 10 0.500000 2 1
2455 LN -1 -1 -1 -1.000000 1 1
2456 LN -1 -1 -1 -1.000000 1 0
2457 IN 2458 2465 16 0.500000 4 1
2458 IN 2459 2462 15 0.500000 3 1
2459 IN 2460 2461 10 0.500000 2 0
2460 LN -1 -1 -1 -1.000000 1 1
2461 LN -1 -1 -1 -1.000000 1 0
2462 IN 2463 2464 10 0.500000 2 1
2463 LN -1 -1 -1 -1.000000 1 1
2464 LN -1 -1 -1 -1.000000 1 1
2465 LN -1 -1 -1 -1.000000 1 0
2466 LN -1 -1 -1 -1.000000 1 1
2467 IN 2468 2487 4 0.500000 7 1
2468 IN 2469 2482 16 0.500000 6 1
2469 IN 2470 2477 0 0.500000 5 1
2470 IN 2471 2472 15 0.500000 4 1
2471 LN -1 -1 -1 -1.000000 1 1
2472 IN 2473 2476 10 0.500000 3 1
2473 IN 2474 2475 6 0.500000 2 1
2474 LN -1 -1 -1 -1.000000 1 1
2475 LN -1 -1 -1 -1.000000 1 1
2476 LN -1 -1 -1 -1.000000 1 1
2477 IN 2478 2479 10 0.500000 3 1
2478 LN -1 -1 -1 -1.000000 1 0
2479 IN 2480 2481 6 0.500000 2 1
2480 LN -1 -1 -1 -1.000000 1 1
2481 LN -1 -1 -1 -1.000000 1 1
2482 IN 2483 2484 6 0.500000 3 1
2483 LN -1 -1 -1 -1.000000 1 1
2484 IN 2485 2486 15 0.500000 2 0
2485 LN -1 -1 -1 -1.000000 1 0
2486 LN -1 -1 -1 -1.000000 1 1
2487 IN 2488 2495 15 0.500000 6 1
2488 IN 2489 2490 6 0.500000 4 1
2489 LN -1 -1 -1 -1.000000 1 1
2490 IN 2491 2494 0 0.500000 3 1
2491 IN 2492 2493 16 0.500000 2 1
2492 LN -1 -1 -1 -1.000000 1 1
2493 LN -1 -1 -1 -1.000000 1 1
2494 LN -1 -1 -1 -1.000000 1 0
2495 IN 2496 2501 10 0.500000 5 1
2496 IN 2497 2498 0 0.500000 3 1
2497 LN -1 -1 -1 -1.000000 1 0
2498 IN 2499 2500 6 0.500000 2 1
2499 LN -1 -1 -1 -1.000000 1 1
2500 LN -1 -1 -1 -1.000000 1 1
2501 IN 2502 2509 16 0.500000 4 1
2502 IN 2503 2506 0 0.500000 3 1
2503 IN 2504 2505 6 0.500000 2 1
2504 LN -1 -1 -1 -1.000000 1 1
2505 LN -1 -1 -1 -1.000000 1 1
2506 IN 2507 2508 6 0.500000 2 1
2507 LN -1 -1 -1 -1.000000 1 1
2508 LN -1 -1 -1 -1.000000 1 1
2509 LN -1 -1 -1 -1.000000 1 1
2510 IN 2511 2830 16 0.500000 13 1
2511 IN 2512 2707 4 0.500000 12 1
2512 IN 2513 2552 15 0.500000 11 1
2513 IN 2514 2545 3 0.500000 8 1
2514 IN 2515 2528 0 0.500000 7 1
2515 IN 2516 2521 8 0.500000 4 0
2516 IN 2517 2518 7 0.500000 3 0
2517 LN -1 -1 -1 -1.000000 1 1
2518 IN 2519 2520 13 0.500000 2 0
2519 LN -1 -1 -1 -1.000000 1 1
2520 LN -1 -1 -1 -1.000000 1 0
2521 IN 2522 2525 10 0.500000 3 0
2522 IN 2523 2524 5 0.500000 2 0
2523 LN -1 -1 -1 -1.000000 1 1
2524 LN -1 -1 -1 -1.000000 1 0
2525 IN 2526 2527 7 0.500000 2 1
2526 LN -1 -1 -1 -1.000000 1 1
2527 LN -1 -1 -1 -1.000000 1 0
2528 IN 2529 2530 8 0.500000 6 1
2529 LN -1 -1 -1 -1.000000 1 0
2530 IN 2531 2538 7 0.500000 5 1
2531 IN 2532 2535 5 0.500000 3 0
2532 IN 2533 2534 10 0.500000 2 0
2533 LN -1 -1 -1 -1.000000 1 1
2534 LN -1 -1 -1 -1.000000 1 0
2535 IN 2536 2537 10 0.500000 2 1
2536 LN -1 -1 -1 -1.000000 1 1
2537 LN -1 -1 -1 -1.000000 1 0
2538 IN 2539 2544 6 0.500000 4 1
2539 IN 2540 2541 13 0.500000 3 1
2540 LN -1 -1 -1 -1.000000 1 1
2541 IN 2542 2543 10 0.500000 2 1
2542 LN -1 -1 -1 -1.000000 1 0
2543 LN -1 -1 -1 -1.000000 1 1
2544 LN -1 -1 -1 -1.000000 1 1
2545 IN 2546 2547 0 0.500000 4 1
2546 LN -1 -1 -1 -1.000000 1 1
2547 IN 2548 2551 6 0.500000 3 1
2548 IN 2549 2550 8 0.500000 2 0
2549 LN -1 -1 -1 -1.000000 1 0
2550 LN -1 -1 -1 -1.000000 1 1
2551 LN -1 -1 -1 -1.000000 1 1
2552 IN 2553 2620 8 0.500000 10 1
2553 IN 2554 2563 9 0.500000 9 1
2554 IN 2555 2562 0 0.500000 5 0
2555 IN 2556 2557 10 0.500000 4 0
2556 LN -1 -1 -1 -1.000000 1 0
2557 IN 2558 2561 3 0.500000 3 0
2558 IN 2559 2560 13 0.500000 2 0
2559 LN -1 -1 -1 -1.000000 1 0
2560 LN -1 -1 -1 -1.000000 1 0
2561 LN -1 -1 -1 -1.000000 1 0
2562 LN -1 -1 -1 -1.000000 1 1
2563 IN 2564 2603 6 0.500000 8 1
2564 IN 2565 2580 10 0.500000 7 1
2565 IN 2566 2571 0 0.500000 5 1
2566 IN 2567 2570 13 0.500000 3 1
2567 IN 2568 2569 3 0.500000 2 1
2568 LN -1 -1 -1 -1.000000 1 1
2569 LN -1 -1 -1 -1.000000 1 1
2570 LN -1 -1 -1 -1.000000 1 0
2571 IN 2572 2575 7 0.500000 4 1
2572 IN 2573 2574 3 0.500000 2 0
2573 LN -1 -1 -1 -1.000000 1 1
2574 LN -1 -1 -1 -1.000000 1 0
2575 IN 2576 2577 13 0.500000 3 1
2576 LN -1 -1 -1 -1.000000 1 0
2577 IN 2578 2579 3 0.500000 2 1
2578 LN -1 -1 -1 -1.000000 1 1
2579 LN -1 -1 -1 -1.000000 1 0
2580 IN 2581 2592 13 0.500000 6 1
2581 IN 2582 2583 5 0.500000 5 1
2582 LN -1 -1 -1 -1.000000 1 0
2583 IN 2584 2589 3 0.500000 4 1
2584 IN 2585 2586 0 0.500000 3 1
2585 LN -1 -1 -1 -1.000000 1 1
2586 IN 2587 2588 7 0.500000 2 1
2587 LN -1 -1 -1 -1.000000 1 0
2588 LN -1 -1 -1 -1.000000 1 1
2589 IN 2590 2591 7 0.500000 2 0
2590 LN -1 -1 -1 -1.000000 1 1
2591 LN -1 -1 -1 -1.000000 1 0
2592 IN 2593 2598 0 0.500000 4 1
2593 IN 2594 2595 3 0.500000 3 0
2594 LN -1 -1 -1 -1.000000 1 0
2595 IN 2596 2597 7 0.500000 2 0
2596 LN -1 -1 -1 -1.000000 1 1
2597 LN -1 -1 -1 -1.000000 1 0
2598 IN 2599 2600 3 0.500000 3 1
2599 LN -1 -1 -1 -1.000000 1 1
2600 IN 2601 2602 7 0.500000 2 1
2601 LN -1 -1 -1 -1.000000 1 1
2602 LN -1 -1 -1 -1.000000 1 1
2603 IN 2604 2611 0 0.500000 5 1
2604 IN 2605 2606 3 0.500000 4 1
2605 LN -1 -1 -1 -1.000000 1 0
2606 IN 2607 2610 10 0.500000 3 1
2607 IN 2608 2609 13 0.500000 2 0
2608 LN -1 -1 -1 -1.000000 1 1
2609 LN -1 -1 -1 -1.000000 1 0
2610 LN -1 -1 -1 -1.000000 1 1
2611 IN 2612 2613 13 0.500000 4 0
2612 LN -1 -1 -1 -1.000000 1 0
2613 IN 2614 2617 3 0.500000 3 1
2614 IN 2615 2616 10 0.500000 2 1
2615 LN -1 -1 -1 -1.000000 1 0
2616 LN -1 -1 -1 -1.000000 1 1
2617 IN 2618 2619 10 0.500000 2 1
2618 LN -1 -1 -1 -1.000000 1 1
2619 LN -1 -1 -1 -1.000000 1 0
2620 IN 2621 2650 0 0.500000 8 1
2621 IN 2622 2623 5 0.500000 7 1
2622 LN -1 -1 -1 -1.000000 1 0
2623 IN 2624 2639 10 0.500000 6 1
2624 IN 2625 2630 7 0.500000 5 1
2625 IN 2626 2627 3 0.500000 3 1
2626 LN -1 -1 -1 -1.000000 1 1
2627 IN 2628 2629 13 0.500000 2 1
2628 LN -1 -1 -1 -1.000000 1 1
2629 LN -1 -1 -1 -1.000000 1 1
2630 IN 2631 2636 13 0.500000 4 1
2631 IN 2632 2635 6 0.500000 3 1
2632 IN 2633 2634 3 0.500000 2 1
2633 LN -1 -1 -1 -1.000000 1 1
2634 LN -1 -1 -1 -1.000000 1 1
2635 LN -1 -1 -1 -1.000000 1 1
2636 IN 2637 2638 6 0.500000 2 0
2637 LN -1 -1 -1 -1.000000 1 0
2638 LN -1 -1 -1 -1.000000 1 1
2639 IN 2640 2649 13 0.500000 5 1
2640 IN 2641 2644 7 0.500000 4 1
2641 IN 2642 2643 3 0.500000 2 0
2642 LN -1 -1 -1 -1.000000 1 0
2643 LN -1 -1 -1 -1.000000 1 1
2644 IN 2645 2648 6 0.500000 3 1
2645 IN 2646 2647 3 0.500000 2 1
2646 LN -1 -1 -1 -1.000000 1 0
2647 LN -1 -1 -1 -1.000000 1 1
2648 LN -1 -1 -1 -1.000000 1 1
2649 LN -1 -1 -1 -1.000000 1 1
2650 IN 2651 2678 13 0.500000 7 1
2651 IN 2652 2659 7 0.500000 6 1
2652 IN 2653 2658 3 0.500000 4 1
2653 IN 2654 2655 10 0.500000 3 1
2654 LN -1 -1 -1 -1.000000 1 0
2655 IN 2656 2657 5 0.500000 2 1
2656 LN -1 -1 -1 -1.000000 1 1
2657 LN -1 -1 -1 -1.000000 1 0
2658 LN -1 -1 -1 -1.000000 1 1
2659 IN 2660 2671 3 0.500000 5 1
2660 IN 2661 2664 5 0.500000 4 1
2661 IN 2662 2663 10 0.500000 2 1
2662 LN -1 -1 -1 -1.000000 1 1
2663 LN -1 -1 -1 -1.000000 1 1
2664 IN 2665 2668 10 0.500000 3 1
2665 IN 2666 2667 6 0.500000 2 1
2666 LN -1 -1 -1 -1.000000 1 1
2667 LN -1 -1 -1 -1.000000 1 1
2668 IN 2669 2670 6 0.500000 2 1
2669 LN -1 -1 -1 -1.000000 1 1
2670 LN -1 -1 -1 -1.000000 1 0
2671 IN 2672 2675 10 0.500000 3 1
2672 IN 2673 2674 6 0.500000 2 1
2673 LN -1 -1 -1 -1.000000 1 1
2674 LN -1 -1 -1 -1.000000 1 1
2675 IN 2676 2677 6 0.500000 2 1
2676 LN -1 -1 -1 -1.000000 1 1
2677 LN -1 -1 -1 -1.000000 1 1
2678 IN 2679 2698 3 0.500000 6 1
2679 IN 2680 2687 5 0.500000 5 1
2680 IN 2681 2684 7 0.500000 3 1
2681 IN 2682 2683 10 0.500000 2 1
2682 LN -1 -1 -1 -1.000000 1 1
2683 LN -1 -1 -1 -1.000000 1 1
2684 IN 2685 2686 10 0.500000 2 1
2685 LN -1 -1 -1 -1.000000 1 1
2686 LN -1 -1 -1 -1.000000 1 1
2687 IN 2688 2691 7 0.500000 4 1
2688 IN 2689 2690 10 0.500000 2 1
2689 LN -1 -1 -1 -1.000000 1 1
2690 LN -1 -1 -1 -1.000000 1 1
2691 IN 2692 2695 6 0.500000 3 1
2692 IN 2693 2694 10 0.500000 2 1
2693 LN -1 -1 -1 -1.000000 1 1
2694 LN -1 -1 -1 -1.000000 1 1
2695 IN 2696 2697 10 0.500000 2 1
2696 LN -1 -1 -1 -1.000000 1 1
2697 LN -1 -1 -1 -1.000000 1 1
2698 IN 2699 2702 10 0.500000 4 1
2699 IN 2700 2701 6 0.500000 2 1
2700 LN -1 -1 -1 -1.000000 1 1
2701 LN -1 -1 -1 -1.000000 1 1
2702 IN 2703 2706 6 0.500000 3 1
2703 IN 2704 2705 7 0.500000 2 1
2704 LN -1 -1 -1 -1.000000 1 1
2705 LN -1 -1 -1 -1.000000 1 1
2706 LN -1 -1 -1 -1.000000 1 1
2707 IN 2708 2773 8 0.500000 9 1
2708 IN 2709 2748 3 0.500000 8 1
2709 IN 2710 2729 0 0.500000 7 1
2710 IN 2711 2712 15 0.500000 6 1
2711 LN -1 -1 -1 -1.000000 1 0
2712 IN 2713 2720 10 0.500000 5 1
2713 IN 2714 2717 7 0.500000 3 0
2714 IN 2715 2716 9 0.500000 2 0
2715 LN -1 -1 -1 -1.000000 1 0
2716 LN -1 -1 -1 -1.000000 1 1
2717 IN 2718 2719 13 0.500000 2 0
2718 LN -1 -1 -1 -1.000000 1 0
2719 LN -1 -1 -1 -1.000000 1 1
2720 IN 2721 2722 7 0.500000 4 1
2721 LN -1 -1 -1 -1.000000 1 1
2722 IN 2723 2726 9 0.500000 3 1
2723 IN 2724 2725 13 0.500000 2 1
2724 LN -1 -1 -1 -1.000000 1 1
2725 LN -1 -1 -1 -1.000000 1 1
2726 IN 2727 2728 13 0.500000 2 1
2727 LN -1 -1 -1 -1.000000 1 0
2728 LN -1 -1 -1 -1.000000 1 1
2729 IN 2730 2735 7 0.500000 6 1
2730 IN 2731 2732 10 0.500000 3 0
2731 LN -1 -1 -1 -1.000000 1 0
2732 IN 2733 2734 13 0.500000 2 0
2733 LN -1 -1 -1 -1.000000 1 1
2734 LN -1 -1 -1 -1.000000 1 0
2735 IN 2736 2745 6 0.500000 5 1
2736 IN 2737 2742 13 0.500000 4 1
2737 IN 2738 2739 9 0.500000 3 1
2738 LN -1 -1 -1 -1.000000 1 1
2739 IN 2740 2741 10 0.500000 2 1
2740 LN -1 -1 -1 -1.000000 1 0
2741 LN -1 -1 -1 -1.000000 1 1
2742 IN 2743 2744 10 0.500000 2 1
2743 LN -1 -1 -1 -1.000000 1 1
2744 LN -1 -1 -1 -1.000000 1 1
2745 IN 2746 2747 13 0.500000 2 0
2746 LN -1 -1 -1 -1.000000 1 1
2747 LN -1 -1 -1 -1.000000 1 0
2748 IN 2749 2758 10 0.500000 6 1
2749 IN 2750 2755 0 0.500000 4 1
2750 IN 2751 2754 6 0.500000 3 1
2751 IN 2752 2753 7 0.500000 2 1
2752 LN -1 -1 -1 -1.000000 1 0
2753 LN -1 -1 -1 -1.000000 1 1
2754 LN -1 -1 -1 -1.000000 1 1
2755 IN 2756 2757 13 0.500000 2 1
2756 LN -1 -1 -1 -1.000000 1 1
2757 LN -1 -1 -1 -1.000000 1 1
2758 IN 2759 2768 6 0.500000 5 1
2759 IN 2760 2763 13 0.500000 4 1
2760 IN 2761 2762 0 0.500000 2 1
2761 LN -1 -1 -1 -1.000000 1 1
2762 LN -1 -1 -1 -1.000000 1 1
2763 IN 2764 2767 9 0.500000 3 1
2764 IN 2765 2766 7 0.500000 2 1
2765 LN -1 -1 -1 -1.000000 1 0
2766 LN -1 -1 -1 -1.000000 1 1
2767 LN -1 -1 -1 -1.000000 1 1
2768 IN 2769 2772 13 0.500000 3 0
2769 IN 2770 2771 9 0.500000 2 0
2770 LN -1 -1 -1 -1.000000 1 0
2771 LN -1 -1 -1 -1.000000 1 0
2772 LN -1 -1 -1 -1.000000 1 1
2773 IN 2774 2781 15 0.500000 8 1
2774 IN 2775 2778 3 0.500000 3 1
2775 IN 2776 2777 7 0.500000 2 0
2776 LN -1 -1 -1 -1.000000 1 0
2777 LN -1 -1 -1 -1.000000 1 1
2778 IN 2779 2780 13 0.500000 2 1
2779 LN -1 -1 -1 -1.000000 1 1
2780 LN -1 -1 -1 -1.000000 1 0
2781 IN 2782 2803 3 0.500000 7 1
2782 IN 2783 2798 6 0.500000 6 1
2783 IN 2784 2791 13 0.500000 5 1
2784 IN 2785 2786 10 0.500000 4 1
2785 LN -1 -1 -1 -1.000000 1 1
2786 IN 2787 2788 7 0.500000 3 1
2787 LN -1 -1 -1 -1.000000 1 1
2788 IN 2789 2790 0 0.500000 2 1
2789 LN -1 -1 -1 -1.000000 1 1
2790 LN -1 -1 -1 -1.000000 1 1
2791 IN 2792 2795 10 0.500000 3 1
2792 IN 2793 2794 7 0.500000 2 1
2793 LN -1 -1 -1 -1.000000 1 1
2794 LN -1 -1 -1 -1.000000 1 1
2795 IN 2796 2797 7 0.500000 2 1
2796 LN -1 -1 -1 -1.000000 1 1
2797 LN -1 -1 -1 -1.000000 1 1
2798 IN 2799 2802 10 0.500000 3 1
2799 IN 2800 2801 13 0.500000 2 0
2800 LN -1 -1 -1 -1.000000 1 0
2801 LN -1 -1 -1 -1.000000 1 1
2802 LN -1 -1 -1 -1.000000 1 1
2803 IN 2804 2805 7 0.500000 6 1
2804 LN -1 -1 -1 -1.000000 1 1
2805 IN 2806 2815 0 0.500000 5 1
2806 IN 2807 2810 6 0.500000 4 1
2807 IN 2808 2809 10 0.500000 2 1
2808 LN -1 -1 -1 -1.000000 1 1
2809 LN -1 -1 -1 -1.000000 1 1
2810 IN 2811 2814 13 0.500000 3 1
2811 IN 2812 2813 10 0.500000 2 1
2812 LN -1 -1 -1 -1.000000 1 1
2813 LN -1 -1 -1 -1.000000 1 1
2814 LN -1 -1 -1 -1.000000 1 1
2815 IN 2816 2823 13 0.500000 4 1
2816 IN 2817 2820 6 0.500000 3 1
2817 IN 2818 2819 10 0.500000 2 1
2818 LN -1 -1 -1 -1.000000 1 1
2819 LN -1 -1 -1 -1.000000 1 1
2820 IN 2821 2822 10 0.500000 2 1
2821 LN -1 -1 -1 -1.000000 1 1
2822 LN -1 -1 -1 -1.000000 1 1
2823 IN 2824 2827 6 0.500000 3 1
2824 IN 2825 2826 10 0.500000 2 1
2825 LN -1 -1 -1 -1.000000 1 1
2826 LN -1 -1 -1 -1.000000 1 1
2827 IN 2828 2829 10 0.500000 2 1
2828 LN -1 -1 -1 -1.000000 1 1
2829 LN -1 -1 -1 -1.000000 1 1
2830 IN 2831 2878 13 0.500000 12 1
2831 IN 2832 2841 10 0.500000 9 1
2832 IN 2833 2834 4 0.500000 5 1
2833 LN -1 -1 -1 -1.000000 1 1
2834 IN 2835 2836 9 0.500000 4 1
2835 LN -1 -1 -1 -1.000000 1 1
2836 IN 2837 2840 0 0.500000 3 1
2837 IN 2838 2839 6 0.500000 2 1
2838 LN -1 -1 -1 -1.000000 1 1
2839 LN -1 -1 -1 -1.000000 1 0
2840 LN -1 -1 -1 -1.000000 1 1
2841 IN 2842 2849 0 0.500000 8 1
2842 IN 2843 2848 8 0.500000 4 1
2843 IN 2844 2845 4 0.500000 3 0
2844 LN -1 -1 -1 -1.000000 1 0
2845 IN 2846 2847 7 0.500000 2 0
2846 LN -1 -1 -1 -1.000000 1 0
2847 LN -1 -1 -1 -1.000000 1 1
2848 LN -1 -1 -1 -1.000000 1 1
2849 IN 2850 2859 8 0.500000 7 1
2850 IN 2851 2852 15 0.500000 5 0
2851 LN -1 -1 -1 -1.000000 1 1
2852 IN 2853 2854 3 0.500000 4 0
2853 LN -1 -1 -1 -1.000000 1 0
2854 IN 2855 2856 6 0.500000 3 0
2855 LN -1 -1 -1 -1.000000 1 0
2856 IN 2857 2858 4 0.500000 2 1
2857 LN -1 -1 -1 -1.000000 1 0
2858 LN -1 -1 -1 -1.000000 1 1
2859 IN 2860 2869 3 0.500000 6 1
2860 IN 2861 2862 7 0.500000 4 1
2861 LN -1 -1 -1 -1.000000 1 1
2862 IN 2863 2866 6 0.500000 3 1
2863 IN 2864 2865 4 0.500000 2 1
2864 LN -1 -1 -1 -1.000000 1 1
2865 LN -1 -1 -1 -1.000000 1 1
2866 IN 2867 2868 4 0.500000 2 1
2867 LN -1 -1 -1 -1.000000 1 0
2868 LN -1 -1 -1 -1.000000 1 1
2869 IN 2870 2871 7 0.500000 5 1
2870 LN -1 -1 -1 -1.000000 1 1
2871 IN 2872 2873 15 0.500000 4 1
2872 LN -1 -1 -1 -1.000000 1 1
2873 IN 2874 2875 4 0.500000 3 1
2874 LN -1 -1 -1 -1.000000 1 1
2875 IN 2876 2877 6 0.500000 2 1
2876 LN -1 -1 -1 -1.000000 1 0
2877 LN -1 -1 -1 -1.000000 1 1
2878 IN 2879 2890 9 0.500000 11 1
2879 IN 2880 2881 10 0.500000 6 1
2880 LN -1 -1 -1 -1.000000 1 1
2881 IN 2882 2889 0 0.500000 5 0
2882 IN 2883 2884 7 0.500000 4 0
2883 LN -1 -1 -1 -1.000000 1 1
2884 IN 2885 2888 3 0.500000 3 0
2885 IN 2886 2887 4 0.500000 2 0
2886 LN -1 -1 -1 -1.000000 1 0
2887 LN -1 -1 -1 -1.000000 1 1
2888 LN -1 -1 -1 -1.000000 1 0
2889 LN -1 -1 -1 -1.000000 1 1
2890 IN 2891 2904 15 0.500000 10 1
2891 IN 2892 2903 6 0.500000 7 1
2892 IN 2893 2894 10 0.500000 6 1
2893 LN -1 -1 -1 -1.000000 1 1
2894 IN 2895 2896 0 0.500000 5 1
2895 LN -1 -1 -1 -1.000000 1 1
2896 IN 2897 2898 4 0.500000 4 1
2897 LN -1 -1 -1 -1.000000 1 1
2898 IN 2899 2900 7 0.500000 3 0
2899 LN -1 -1 -1 -1.000000 1 1
2900 IN 2901 2902 8 0.500000 2 0
2901 LN -1 -1 -1 -1.000000 1 1
2902 LN -1 -1 -1 -1.000000 1 0
2903 LN -1 -1 -1 -1.000000 1 0
2904 IN 2905 2938 3 0.500000 9 1
2905 IN 2906 2931 6 0.500000 7 1
2906 IN 2907 2908 0 0.500000 6 1
2907 LN -1 -1 -1 -1.000000 1 1
2908 IN 2909 2920 4 0.500000 5 1
2909 IN 2910 2913 8 0.500000 4 1
2910 IN 2911 2912 10 0.500000 2 1
2911 LN -1 -1 -1 -1.000000 1 0
2912 LN -1 -1 -1 -1.000000 1 1
2913 IN 2914 2917 10 0.500000 3 1
2914 IN 2915 2916 7 0.500000 2 1
2915 LN -1 -1 -1 -1.000000 1 1
2916 LN -1 -1 -1 -1.000000 1 1
2917 IN 2918 2919 7 0.500000 2 1
2918 LN -1 -1 -1 -1.000000 1 1
2919 LN -1 -1 -1 -1.000000 1 1
2920 IN 2921 2926 10 0.500000 4 1
2921 IN 2922 2923 7 0.500000 3 1
2922 LN -1 -1 -1 -1.000000 1 1
2923 IN 2924 2925 8 0.500000 2 1
2924 LN -1 -1 -1 -1.000000 1 1
2925 LN -1 -1 -1 -1.000000 1 1
2926 IN 2927 2928 7 0.500000 3 1
2927 LN -1 -1 -1 -1.000000 1 1
2928 IN 2929 2930 8 0.500000 2 1
2929 LN -1 -1 -1 -1.000000 1 1
2930 LN -1 -1 -1 -1.000000 1 1
2931 IN 2932 2935 4 0.500000 3 1
2932 IN 2933 2934 0 0.500000 2 0
2933 LN -1 -1 -1 -1.000000 1 0
2934 LN -1 -1 -1 -1.000000 1 1
2935 IN 2936 2937 8 0.500000 2 1
2936 LN -1 -1 -1 -1.000000 1 1
2937 LN -1 -1 -1 -1.000000 1 1
2938 IN 2939 2944 0 0.500000 8 1
2939 IN 2940 2943 7 0.500000 3 1
2940 IN 2941 2942 4 0.500000 2 1
2941 LN -1 -1 -1 -1.000000 1 1
2942 LN -1 -1 -1 -1.000000 1 1
2943 LN -1 -1 -1 -1.000000 1 1
2944 IN 2945 2958 8 0.500000 7 1
2945 IN 2946 2947 10 0.500000 6 1
2946 LN -1 -1 -1 -1.000000 1 1
2947 IN 2948 2949 7 0.500000 5 1
2948 LN -1 -1 -1 -1.000000 1 1
2949 IN 2950 2951 5 0.500000 4 1
2950 LN -1 -1 -1 -1.000000 1 1
2951 IN 2952 2955 4 0.500000 3 1
2952 IN 2953 2954 6 0.500000 2 1
2953 LN -1 -1 -1 -1.000000 1 1
2954 LN -1 -1 -1 -1.000000 1 1
2955 IN 2956 2957 6 0.500000 2 0
2956 LN -1 -1 -1 -1.000000 1 1
2957 LN -1 -1 -1 -1.000000 1 0
2958 IN 2959 2962 7 0.500000 5 1
2959 IN 2960 2961 4 0.500000 2 1
2960 LN -1 -1 -1 -1.000000 1 1
2961 LN -1 -1 -1 -1.000000 1 1
2962 IN 2963 2970 6 0.500000 4 1
2963 IN 2964 2967 4 0.500000 3 1
2964 IN 2965 2966 10 0.500000 2 1
2965 LN -1 -1 -1 -1.000000 1 1
2966 LN -1 -1 -1 -1.000000 1 1
2967 IN 2968 2969 10 0.500000 2 1
2968 LN -1 -1 -1 -1.000000 1 1
2969 LN -1 -1 -1 -1.000000 1 1
2970 IN 2971 2974 4 0.500000 3 1
2971 IN 2972 2973 10 0.500000 2 1
2972 LN -1 -1 -1 -1.000000 1 0
2973 LN -1 -1 -1 -1.000000 1 1
2974 IN 2975 2976 10 0.500000 2 1
2975 LN -1 -1 -1 -1.000000 1 1
2976 LN -1 -1 -1 -1.000000 1 1

[TREE 4]
NB_NODES: 2981
0 IN 1 1102 14 0.500000 17 0
1 IN 2 957 0 0.500000 16 0
2 IN 3 752 1 0.500000 15 0
3 IN 4 463 12 0.500000 14 0
4 IN 5 302 4 0.500000 13 0
5 IN 6 81 5 0.500000 12 0
6 IN 7 46 2 0.500000 9 0
7 IN 8 29 8 0.500000 7 0
8 IN 9 20 15 0.500000 6 0
9 IN 10 17 10 0.500000 5 0
10 IN 11 12 11 0.500000 4 0
11 LN -1 -1 -1 -1.000000 1 0
12 IN 13 14 9 0.500000 3 0
13 LN -1 -1 -1 -1.000000 1 0
14 IN 15 16 7 0.500000 2 0
15 LN -1 -1 -1 -1.000000 1 0
16 LN -1 -1 -1 -1.000000 1 1
17 IN 18 19 7 0.500000 2 0
18 LN -1 -1 -1 -1.000000 1 0
19 LN -1 -1 -1 -1.000000 1 0
20 IN 21 28 9 0.500000 5 0
21 IN 22 27 3 0.500000 4 0
22 IN 23 26 7 0.500000 3 0
23 IN 24 25 10 0.500000 2 0
24 LN -1 -1 -1 -1.000000 1 0
25 LN -1 -1 -1 -1.000000 1 0
26 LN -1 -1 -1 -1.000000 1 0
27 LN -1 -1 -1 -1.000000 1 0
28 LN -1 -1 -1 -1.000000 1 0
29 IN 30 39 15 0.500000 6 0
30 IN 31 32 11 0.500000 5 0
31 LN -1 -1 -1 -1.000000 1 0
32 IN 33 38 7 0.500000 4 0
33 IN 34 37 10 0.500000 3 0
34 IN 35 36 3 0.500000 2 0
35 LN -1 -1 -1 -1.000000 1 0
36 LN -1 -1 -1 -1.000000 1 0
37 LN -1 -1 -1 -1.000000 1 0
38 LN -1 -1 -1 -1.000000 1 0
39 IN 40 41 7 0.500000 4 0
40 LN -1 -1 -1 -1.000000 1 0
41 IN 42 45 6 0.500000 3 0
42 IN 43 44 10 0.500000 2 0
43 LN -1 -1 -1 -1.000000 1 0
44 LN -1 -1 -1 -1.000000 1 0
45 LN -1 -1 -1 -1.000000 1 0
46 IN 47 52 9 0.500000 8 0
47 IN 48 49 15 0.500000 3 0
48 LN -1 -1 -1 -1.000000 1 0
49 IN 50 51 10 0.500000 2 1
50 LN -1 -1 -1 -1.000000 1 0
51 LN -1 -1 -1 -1.000000 1 1
52 IN 53 76 3 0.500000 7 0
53 IN 54 57 11 0.500000 6 0
54 IN 55 56 8 0.500000 2 0
55 LN -1 -1 -1 -1.000000 1 0
56 LN -1 -1 -1 -1.000000 1 0
57 IN 58 65 8 0.500000 5 0
58 IN 59 60 15 0.500000 4 0
59 LN -1 -1 -1 -1.000000 1 0
60 IN 61 62 7 0.500000 3 0
61 LN -1 -1 -1 -1.000000 1 0
62 IN 63 64 10 0.500000 2 0
63 LN -1 -1 -1 -1.000000 1 0
64 LN -1 -1 -1 -1.000000 1 0
65 IN 66 69 10 0.500000 4 0
66 IN 67 68 15 0.500000 2 0
67 LN -1 -1 -1 -1.000000 1 0
68 LN -1 -1 -1 -1.000000 1 0
69 IN 70 73 7 0.500000 3 0
70 IN 71 72 15 0.500000 2 0
71 LN -1 -1 -1 -1.000000 1 0
72 LN -1 -1 -1 -1.000000 1 0
73 IN 74 75 15 0.500000 2 0
74 LN -1 -1 -1 -1.000000 1 0
75 LN -1 -1 -1 -1.000000 1 0
76 IN 77 80 10 0.500000 3 0
77 IN 78 79 8 0.500000 2 0
78 LN -1 -1 -1 -1.000000 1 0
79 LN -1 -1 -1 -1.000000 1 0
80 LN -1 -1 -1 -1.000000 1 0
81 IN 82 233 8 0.500000 11 0
82 IN 83 84 11 0.500000 10 0
83 LN -1 -1 -1 -1.000000 1 0
84 IN 85 150 3 0.500000 9 0
85 IN 86 143 6 0.500000 8 0
86 IN 87 118 2 0.500000 7 0
87 IN 88 101 10 0.500000 6 0
88 IN 89 96 9 0.500000 4 0
89 IN 90 93 15 0.500000 3 0
90 IN 91 92 7 0.500000 2 0
91 LN -1 -1 -1 -1.000000 1 0
92 LN -1 -1 -1 -1.000000 1 0
93 IN 94 95 7 0.500000 2 0
94 LN -1 -1 -1 -1.000000 1 0
95 LN -1 -1 -1 -1.000000 1 0
96 IN 97 98 15 0.500000 3 0
97 LN -1 -1 -1 -1.000000 1 0
98 IN 99 100 7 0.500000 2 0
99 LN -1 -1 -1 -1.000000 1 0
100 LN -1 -1 -1 -1.000000 1 0
101 IN 102 117 16 0.500000 5 0
102 IN 103 110 7 0.500000 4 0
103 IN 104 107 9 0.500000 3 0
104 IN 105 106 15 0.500000 2 0
105 LN -1 -1 -1 -1.000000 1 0
106 LN -1 -1 -1 -1.000000 1 0
107 IN 108 109 15 0.500000 2 0
108 LN -1 -1 -1 -1.000000 1 0
109 LN -1 -1 -1 -1.000000 1 0
110 IN 111 114 9 0.500000 3 0
111 IN 112 113 15 0.500000 2 0
112 LN -1 -1 -1 -1.000000 1 0
113 LN -1 -1 -1 -1.000000 1 0
114 IN 115 116 15 0.500000 2 0
115 LN -1 -1 -1 -1.000000 1 0
116 LN -1 -1 -1 -1.000000 1 0
117 LN -1 -1 -1 -1.000000 1 0
118 IN 119 142 16 0.500000 6 0
119 IN 120 129 15 0.500000 5 0
120 IN 121 122 9 0.500000 4 0
121 LN -1 -1 -1 -1.000000 1 0
122 IN 123 126 7 0.500000 3 0
123 IN 124 125 10 0.500000 2 0
124 LN -1 -1 -1 -1.000000 1 0
125 LN -1 -1 -1 -1.000000 1 0
126 IN 127 128 10 0.500000 2 0
127 LN -1 -1 -1 -1.000000 1 0
128 LN -1 -1 -1 -1.000000 1 0
129 IN 130 135 9 0.500000 4 0
130 IN 131 134 7 0.500000 3 0
131 IN 132 133 10 0.500000 2 0
132 LN -1 -1 -1 -1.000000 1 0
133 LN -1 -1 -1 -1.000000 1 1
134 LN -1 -1 -1 -1.000000 1 0
135 IN 136 139 7 0.500000 3 0
136 IN 137 138 10 0.500000 2 0
137 LN -1 -1 -1 -1.000000 1 0
138 LN -1 -1 -1 -1.000000 1 0
139 IN 140 141 10 0.500000 2 0
140 LN -1 -1 -1 -1.000000 1 0
141 LN -1 -1 -1 -1.000000 1 0
142 LN -1 -1 -1 -1.000000 1 0
143 IN 144 149 9 0.500000 4 0
144 IN 145 146 15 0.500000 3 0
145 LN -1 -1 -1 -1.000000 1 0
146 IN 147 148 2 0.500000 2 0
147 LN -1 -1 -1 -1.000000 1 0
148 LN -1 -1 -1 -1.000000 1 1
149 LN -1 -1 -1 -1.000000 1 0
150 IN 151 196 2 0.500000 8 0
151 IN 152 195 16 0.500000 7 0
152 IN 153 172 15 0.500000 6 0
153 IN 154 161 10 0.500000 5 0
154 IN 155 156 7 0.500000 4 0
155 LN -1 -1 -1 -1.000000 1 0
156 IN 157 158 9 0.500000 3 0
157 LN -1 -1 -1 -1.000000 1 0
158 IN 159 160 6 0.500000 2 0
159 LN -1 -1 -1 -1.000000 1 0
160 LN -1 -1 -1 -1.000000 1 0
161 IN 162 165 7 0.500000 4 0
162 IN 163 164 9 0.500000 2 0
163 LN -1 -1 -1 -1.000000 1 0
164 LN -1 -1 -1 -1.000000 1 0
165 IN 166 169 9 0.500000 3 0
166 IN 167 168 6 0.500000 2 0
167 LN -1 -1 -1 -1.000000 1 0
168 LN -1 -1 -1 -1.000000 1 0
169 IN 170 171 6 0.500000 2 0
170 LN -1 -1 -1 -1.000000 1 0
171 LN -1 -1 -1 -1.000000 1 0
172 IN 173 184 10 0.500000 5 0
173 IN 174 177 7 0.500000 4 0
174 IN 175 176 9 0.500000 2 0
175 LN -1 -1 -1 -1.000000 1 0
176 LN -1 -1 -1 -1.000000 1 1
177 IN 178 181 6 0.500000 3 0
178 IN 179 180 9 0.500000 2 0
179 LN -1 -1 -1 -1.000000 1 0
180 LN -1 -1 -1 -1.000000 1 0
181 IN 182 183 9 0.500000 2 0
182 LN -1 -1 -1 -1.000000 1 0
183 LN -1 -1 -1 -1.000000 1 1
184 IN 185 192 6 0.500000 4 0
185 IN 186 189 7 0.500000 3 0
186 IN 187 188 9 0.500000 2 0
187 LN -1 -1 -1 -1.000000 1 0
188 LN -1 -1 -1 -1.000000 1 0
189 IN 190 191 9 0.500000 2 0
190 LN -1 -1 -1 -1.000000 1 0
191 LN -1 -1 -1 -1.000000 1 0
192 IN 193 194 9 0.500000 2 0
193 LN -1 -1 -1 -1.000000 1 0
194 LN -1 -1 -1 -1.000000 1 0
195 LN -1 -1 -1 -1.000000 1 0
196 IN 197 208 7 0.500000 7 0
197 IN 198 199 15 0.500000 5 0
198 LN -1 -1 -1 -1.000000 1 0
199 IN 200 203 9 0.500000 4 0
200 IN 201 202 10 0.500000 2 1
201 LN -1 -1 -1 -1.000000 1 1
202 LN -1 -1 -1 -1.000000 1 0
203 IN 204 205 10 0.500000 3 0
204 LN -1 -1 -1 -1.000000 1 0
205 IN 206 207 16 0.500000 2 0
206 LN -1 -1 -1 -1.000000 1 0
207 LN -1 -1 -1 -1.000000 1 0
208 IN 209 218 15 0.500000 6 0
209 IN 210 215 16 0.500000 4 0
210 IN 211 214 10 0.500000 3 0
211 IN 212 213 6 0.500000 2 0
212 LN -1 -1 -1 -1.000000 1 0
213 LN -1 -1 -1 -1.000000 1 0
214 LN -1 -1 -1 -1.000000 1 0
215 IN 216 217 6 0.500000 2 0
216 LN -1 -1 -1 -1.000000 1 1
217 LN -1 -1 -1 -1.000000 1 0
218 IN 219 228 6 0.500000 5 0
219 IN 220 223 10 0.500000 4 0
220 IN 221 222 9 0.500000 2 0
221 LN -1 -1 -1 -1.000000 1 0
222 LN -1 -1 -1 -1.000000 1 0
223 IN 224 225 9 0.500000 3 0
224 LN -1 -1 -1 -1.000000 1 1
225 IN 226 227 16 0.500000 2 0
226 LN -1 -1 -1 -1.000000 1 0
227 LN -1 -1 -1 -1.000000 1 0
228 IN 229 230 9 0.500000 3 0
229 LN -1 -1 -1 -1.000000 1 1
230 IN 231 232 10 0.500000 2 0
231 LN -1 -1 -1 -1.000000 1 0
232 LN -1 -1 -1 -1.000000 1 0
233 IN 234 261 15 0.500000 9 0
234 IN 235 244 10 0.500000 7 0
235 IN 236 237 2 0.500000 4 0
236 LN -1 -1 -1 -1.000000 1 0
237 IN 238 241 6 0.500000 3 0
238 IN 239 240 3 0.500000 2 0
239 LN -1 -1 -1 -1.000000 1 0
240 LN -1 -1 -1 -1.000000 1 0
241 IN 242 243 11 0.500000 2 0
242 LN -1 -1 -1 -1.000000 1 0
243 LN -1 -1 -1 -1.000000 1 0
244 IN 245 252 2 0.500000 6 0
245 IN 246 249 3 0.500000 3 0
246 IN 247 248 7 0.500000 2 0
247 LN -1 -1 -1 -1.000000 1 0
248 LN -1 -1 -1 -1.000000 1 0
249 IN 250 251 6 0.500000 2 0
250 LN -1 -1 -1 -1.000000 1 0
251 LN -1 -1 -1 -1.000000 1 0
252 IN 253 260 16 0.500000 5 0
253 IN 254 259 6 0.500000 4 0
254 IN 255 256 7 0.500000 3 0
255 LN -1 -1 -1 -1.000000 1 1
256 IN 257 258 3 0.500000 2 0
257 LN -1 -1 -1 -1.000000 1 0
258 LN -1 -1 -1 -1.000000 1 0
259 LN -1 -1 -1 -1.000000 1 1
260 LN -1 -1 -1 -1.000000 1 0
261 IN 262 293 6 0.500000 8 0
262 IN 263 282 3 0.500000 7 0
263 IN 264 265 11 0.500000 6 0
264 LN -1 -1 -1 -1.000000 1 0
265 IN 266 273 7 0.500000 5 0
266 IN 267 270 10 0.500000 3 0
267 IN 268 269 2 0.500000 2 0
268 LN -1 -1 -1 -1.000000 1 0
269 LN -1 -1 -1 -1.000000 1 0
270 IN 271 272 2 0.500000 2 0
271 LN -1 -1 -1 -1.000000 1 0
272 LN -1 -1 -1 -1.000000 1 0
273 IN 274 277 10 0.500000 4 0
274 IN 275 276 2 0.500000 2 0
275 LN -1 -1 -1 -1.000000 1 0
276 LN -1 -1 -1 -1.000000 1 0
277 IN 278 281 16 0.500000 3 0
278 IN 279 280 2 0.500000 2 0
279 LN -1 -1 -1 -1.000000 1 0
280 LN -1 -1 -1 -1.000000 1 0
281 LN -1 -1 -1 -1.000000 1 0
282 IN 283 286 2 0.500000 4 0
283 IN 284 285 7 0.500000 2 0
284 LN -1 -1 -1 -1.000000 1 1
285 LN -1 -1 -1 -1.000000 1 0
286 IN 287 290 7 0.500000 3 0
287 IN 288 289 10 0.500000 2 0
288 LN -1 -1 -1 -1.000000 1 1
289 LN -1 -1 -1 -1.000000 1 0
290 IN 291 292 10 0.500000 2 0
291 LN -1 -1 -1 -1.000000 1 0
292 LN -1 -1 -1 -1.000000 1 0
293 IN 294 295 3 0.500000 5 0
294 LN -1 -1 -1 -1.000000 1 0
295 IN 296 301 16 0.500000 4 0
296 IN 297 298 10 0.500000 3 0
297 LN -1 -1 -1 -1.000000 1 0
298 IN 299 300 2 0.500000 2 0
299 LN -1 -1 -1 -1.000000 1 0
300 LN -1 -1 -1 -1.000000 1 1
301 LN -1 -1 -1 -1.000000 1 0
302 IN 303 360 9 0.500000 10 0
303 IN 304 357 16 0.500000 8 0
304 IN 305 348 6 0.500000 7 0
305 IN 306 335 2 0.500000 6 0
306 IN 307 320 3 0.500000 5 0
307 IN 308 313 7 0.500000 4 0
308 IN 309 310 10 0.500000 3 0
309 LN -1 -1 -1 -1.000000 1 0
310 IN 311 312 15 0.500000 2 0
311 LN -1 -1 -1 -1.000000 1 0
312 LN -1 -1 -1 -1.000000 1 0
313 IN 314 317 10 0.500000 3 0
314 IN 315 316 15 0.500000 2 0
315 LN -1 -1 -1 -1.000000 1 0
316 LN -1 -1 -1 -1.000000 1 0
317 IN 318 319 15 0.500000 2 0
318 LN -1 -1 -1 -1.000000 1 0
319 LN -1 -1 -1 -1.000000 1 0
320 IN 321 328 10 0.500000 4 0
321 IN 322 325 15 0.500000 3 0
322 IN 323 324 7 0.500000 2 0
323 LN -1 -1 -1 -1.000000 1 0
324 LN -1 -1 -1 -1.000000 1 0
325 IN 326 327 7 0.500000 2 1
326 LN -1 -1 -1 -1.000000 1 0
327 LN -1 -1 -1 -1.000000 1 1
328 IN 329 332 7 0.500000 3 0
329 IN 330 331 15 0.500000 2 0
330 LN -1 -1 -1 -1.000000 1 0
331 LN -1 -1 -1 -1.000000 1 1
332 IN 333 334 15 0.500000 2 0
333 LN -1 -1 -1 -1.000000 1 0
334 LN -1 -1 -1 -1.000000 1 0
335 IN 336 341 10 0.500000 5 0
336 IN 337 338 15 0.500000 3 0
337 LN -1 -1 -1 -1.000000 1 0
338 IN 339 340 7 0.500000 2 0
339 LN -1 -1 -1 -1.000000 1 0
340 LN -1 -1 -1 -1.000000 1 1
341 IN 342 347 7 0.500000 4 0
342 IN 343 346 3 0.500000 3 0
343 IN 344 345 15 0.500000 2 0
344 LN -1 -1 -1 -1.000000 1 0
345 LN -1 -1 -1 -1.000000 1 0
346 LN -1 -1 -1 -1.000000 1 0
347 LN -1 -1 -1 -1.000000 1 0
348 IN 349 356 15 0.500000 5 0
349 IN 350 355 2 0.500000 4 0
350 IN 351 352 3 0.500000 3 0
351 LN -1 -1 -1 -1.000000 1 0
352 IN 353 354 10 0.500000 2 0
353 LN -1 -1 -1 -1.000000 1 0
354 LN -1 -1 -1 -1.000000 1 0
355 LN -1 -1 -1 -1.000000 1 0
356 LN -1 -1 -1 -1.000000 1 0
357 IN 358 359 7 0.500000 2 0
358 LN -1 -1 -1 -1.000000 1 1
359 LN -1 -1 -1 -1.000000 1 0
360 IN 361 432 8 0.500000 9 0
361 IN 362 391 10 0.500000 8 0
362 IN 363 380 15 0.500000 7 0
363 IN 364 373 2 0.500000 6 1
364 IN 365 366 11 0.500000 5 0
365 LN -1 -1 -1 -1.000000 1 1
366 IN 367 372 6 0.500000 4 0
367 IN 368 369 3 0.500000 3 1
368 LN -1 -1 -1 -1.000000 1 0
369 IN 370 371 7 0.500000 2 1
370 LN -1 -1 -1 -1.000000 1 0
371 LN -1 -1 -1 -1.000000 1 1
372 LN -1 -1 -1 -1.000000 1 0
373 IN 374 379 6 0.500000 4 1
374 IN 375 378 7 0.500000 3 1
375 IN 376 377 3 0.500000 2 1
376 LN -1 -1 -1 -1.000000 1 1
377 LN -1 -1 -1 -1.000000 1 1
378 LN -1 -1 -1 -1.000000 1 1
379 LN -1 -1 -1 -1.000000 1 0
380 IN 381 390 6 0.500000 5 0
381 IN 382 385 2 0.500000 4 0
382 IN 383 384 3 0.500000 2 1
383 LN -1 -1 -1 -1.000000 1 1
384 LN -1 -1 -1 -1.000000 1 0
385 IN 386 389 7 0.500000 3 0
386 IN 387 388 3 0.500000 2 0
387 LN -1 -1 -1 -1.000000 1 1
388 LN -1 -1 -1 -1.000000 1 0
389 LN -1 -1 -1 -1.000000 1 0
390 LN -1 -1 -1 -1.000000 1 0
391 IN 392 429 16 0.500000 7 0
392 IN 393 420 6 0.500000 6 0
393 IN 394 407 15 0.500000 5 0
394 IN 395 400 7 0.500000 4 0
395 IN 396 397 2 0.500000 3 0
396 LN -1 -1 -1 -1.000000 1 0
397 IN 398 399 3 0.500000 2 0
398 LN -1 -1 -1 -1.000000 1 0
399 LN -1 -1 -1 -1.000000 1 0
400 IN 401 404 3 0.500000 3 0
401 IN 402 403 2 0.500000 2 0
402 LN -1 -1 -1 -1.000000 1 0
403 LN -1 -1 -1 -1.000000 1 1
404 IN 405 406 2 0.500000 2 0
405 LN -1 -1 -1 -1.000000 1 0
406 LN -1 -1 -1 -1.000000 1 0
407 IN 408 415 3 0.500000 4 0
408 IN 409 412 2 0.500000 3 0
409 IN 410 411 7 0.500000 2 0
410 LN -1 -1 -1 -1.000000 1 0
411 LN -1 -1 -1 -1.000000 1 0
412 IN 413 414 7 0.500000 2 0
413 LN -1 -1 -1 -1.000000 1 0
414 LN -1 -1 -1 -1.000000 1 0
415 IN 416 417 2 0.500000 3 0
416 LN -1 -1 -1 -1.000000 1 0
417 IN 418 419 7 0.500000 2 0
418 LN -1 -1 -1 -1.000000 1 0
419 LN -1 -1 -1 -1.000000 1 1
420 IN 421 426 15 0.500000 4 0
421 IN 422 423 3 0.500000 3 0
422 LN -1 -1 -1 -1.000000 1 0
423 IN 424 425 2 0.500000 2 0
424 LN -1 -1 -1 -1.000000 1 0
425 LN -1 -1 -1 -1.000000 1 0
426 IN 427 428 2 0.500000 2 0
427 LN -1 -1 -1 -1.000000 1 0
428 LN -1 -1 -1 -1.000000 1 0
429 IN 430 431 7 0.500000 2 0
430 LN -1 -1 -1 -1.000000 1 1
431 LN -1 -1 -1 -1.000000 1 0
432 IN 433 452 6 0.500000 8 0
433 IN 434 435 2 0.500000 7 0
434 LN -1 -1 -1 -1.000000 1 1
435 IN 436 451 16 0.500000 6 0
436 IN 437 438 10 0.500000 5 0
437 LN -1 -1 -1 -1.000000 1 0
438 IN 439 444 7 0.500000 4 0
439 IN 440 443 3 0.500000 3 0
440 IN 441 442 15 0.500000 2 0
441 LN -1 -1 -1 -1.000000 1 0
442 LN -1 -1 -1 -1.000000 1 1
443 LN -1 -1 -1 -1.000000 1 0
444 IN 445 448 15 0.500000 3 0
445 IN 446 447 3 0.500000 2 0
446 LN -1 -1 -1 -1.000000 1 0
447 LN -1 -1 -1 -1.000000 1 0
448 IN 449 450 3 0.500000 2 0
449 LN -1 -1 -1 -1.000000 1 0
450 LN -1 -1 -1 -1.000000 1 1
451 LN -1 -1 -1 -1.000000 1 1
452 IN 453 462 16 0.500000 5 1
453 IN 454 459 15 0.500000 4 1
454 IN 455 456 10 0.500000 3 0
455 LN -1 -1 -1 -1.000000 1 0
456 IN 457 458 3 0.500000 2 1
457 LN -1 -1 -1 -1.000000 1 0
458 LN -1 -1 -1 -1.000000 1 1
459 IN 460 461 10 0.500000 2 1
460 LN -1 -1 -1 -1.000000 1 1
461 LN -1 -1 -1 -1.000000 1 0
462 LN -1 -1 -1 -1.000000 1 1
463 IN 464 555 7 0.500000 13 0
464 IN 465 514 10 0.500000 9 0
465 IN 466 501 3 0.500000 8 0
466 IN 467 478 2 0.500000 7 0
467 IN 468 477 8 0.500000 6 0
468 IN 469 476 9 0.500000 5 0
469 IN 470 475 4 0.500000 4 0
470 IN 471 472 15 0.500000 3 0
471 LN -1 -1 -1 -1.000000 1 0
472 IN 473 474 5 0.500000 2 0
473 LN -1 -1 -1 -1.000000 1 1
474 LN -1 -1 -1 -1.000000 1 0
475 LN -1 -1 -1 -1.000000 1 0
476 LN -1 -1 -1 -1.000000 1 0
477 LN -1 -1 -1 -1.000000 1 0
478 IN 479 492 15 0.500000 6 0
479 IN 480 483 9 0.500000 5 0
480 IN 481 482 11 0.500000 2 0
481 LN -1 -1 -1 -1.000000 1 1
482 LN -1 -1 -1 -1.000000 1 0
483 IN 484 491 4 0.500000 4 0
484 IN 485 488 11 0.500000 3 0
485 IN 486 487 5 0.500000 2 0
486 LN -1 -1 -1 -1.000000 1 0
487 LN -1 -1 -1 -1.000000 1 1
488 IN 489 490 5 0.500000 2 0
489 LN -1 -1 -1 -1.000000 1 0
490 LN -1 -1 -1 -1.000000 1 1
491 LN -1 -1 -1 -1.000000 1 0
492 IN 493 500 4 0.500000 5 0
493 IN 494 495 9 0.500000 4 0
494 LN -1 -1 -1 -1.000000 1 0
495 IN 496 499 8 0.500000 3 0
496 IN 497 498 5 0.500000 2 0
497 LN -1 -1 -1 -1.000000 1 0
498 LN -1 -1 -1 -1.000000 1 0
499 LN -1 -1 -1 -1.000000 1 0
500 LN -1 -1 -1 -1.000000 1 0
501 IN 502 503 5 0.500000 6 0
502 LN -1 -1 -1 -1.000000 1 1
503 IN 504 505 15 0.500000 5 0
504 LN -1 -1 -1 -1.000000 1 0
505 IN 506 511 4 0.500000 4 0
506 IN 507 508 9 0.500000 3 0
507 LN -1 -1 -1 -1.000000 1 1
508 IN 509 510 2 0.500000 2 0
509 LN -1 -1 -1 -1.000000 1 0
510 LN -1 -1 -1 -1.000000 1 0
511 IN 512 513 2 0.500000 2 0
512 LN -1 -1 -1 -1.000000 1 0
513 LN -1 -1 -1 -1.000000 1 1
514 IN 515 530 2 0.500000 8 0
515 IN 516 517 5 0.500000 6 0
516 LN -1 -1 -1 -1.000000 1 0
517 IN 518 519 4 0.500000 5 0
518 LN -1 -1 -1 -1.000000 1 0
519 IN 520 525 3 0.500000 4 0
520 IN 521 524 9 0.500000 3 0
521 IN 522 523 15 0.500000 2 1
522 LN -1 -1 -1 -1.000000 1 1
523 LN -1 -1 -1 -1.000000 1 0
524 LN -1 -1 -1 -1.000000 1 0
525 IN 526 529 15 0.500000 3 0
526 IN 527 528 9 0.500000 2 0
527 LN -1 -1 -1 -1.000000 1 0
528 LN -1 -1 -1 -1.000000 1 0
529 LN -1 -1 -1 -1.000000 1 0
530 IN 531 532 5 0.500000 7 0
531 LN -1 -1 -1 -1.000000 1 0
532 IN 533 546 15 0.500000 6 0
533 IN 534 545 16 0.500000 5 0
534 IN 535 540 4 0.500000 4 0
535 IN 536 537 9 0.500000 3 0
536 LN -1 -1 -1 -1.000000 1 0
537 IN 538 539 3 0.500000 2 0
538 LN -1 -1 -1 -1.000000 1 1
539 LN -1 -1 -1 -1.000000 1 0
540 IN 541 542 8 0.500000 3 0
541 LN -1 -1 -1 -1.000000 1 0
542 IN 543 544 3 0.500000 2 0
543 LN -1 -1 -1 -1.000000 1 0
544 LN -1 -1 -1 -1.000000 1 0
545 LN -1 -1 -1 -1.000000 1 0
546 IN 547 554 3 0.500000 4 0
547 IN 548 551 4 0.500000 3 0
548 IN 549 550 8 0.500000 2 0
549 LN -1 -1 -1 -1.000000 1 0
550 LN -1 -1 -1 -1.000000 1 0
551 IN 552 553 9 0.500000 2 1
552 LN -1 -1 -1 -1.000000 1 1
553 LN -1 -1 -1 -1.000000 1 1
554 LN -1 -1 -1 -1.000000 1 0
555 IN 556 689 6 0.500000 12 0
556 IN 557 614 2 0.500000 11 0
557 IN 558 609 16 0.500000 9 0
558 IN 559 582 3 0.500000 8 0
559 IN 560 569 9 0.500000 7 0
560 IN 561 566 4 0.500000 4 0
561 IN 562 563 15 0.500000 3 0
562 LN -1 -1 -1 -1.000000 1 1
563 IN 564 565 10 0.500000 2 0
564 LN -1 -1 -1 -1.000000 1 0
565 LN -1 -1 -1 -1.000000 1 0
566 IN 567 568 10 0.500000 2 0
567 LN -1 -1 -1 -1.000000 1 0
568 LN -1 -1 -1 -1.000000 1 0
569 IN 570 581 4 0.500000 6 0
570 IN 571 572 10 0.500000 5 0
571 LN -1 -1 -1 -1.000000 1 0
572 IN 573 576 5 0.500000 4 0
573 IN 574 575 15 0.500000 2 0
574 LN -1 -1 -1 -1.000000 1 0
575 LN -1 -1 -1 -1.000000 1 1
576 IN 577 580 8 0.500000 3 0
577 IN 578 579 15 0.500000 2 0
578 LN -1 -1 -1 -1.000000 1 1
579 LN -1 -1 -1 -1.000000 1 0
580 LN -1 -1 -1 -1.000000 1 0
581 LN -1 -1 -1 -1.000000 1 0
582 IN 583 584 5 0.500000 7 0
583 LN -1 -1 -1 -1.000000 1 0
584 IN 585 590 9 0.500000 6 0
585 IN 586 589 15 0.500000 3 0
586 IN 587 588 4 0.500000 2 0
587 LN -1 -1 -1 -1.000000 1 1
588 LN -1 -1 -1 -1.000000 1 0
589 LN -1 -1 -1 -1.000000 1 0
590 IN 591 604 15 0.500000 5 0
591 IN 592 599 4 0.500000 4 0
592 IN 593 596 10 0.500000 3 0
593 IN 594 595 8 0.500000 2 0
594 LN -1 -1 -1 -1.000000 1 0
595 LN -1 -1 -1 -1.000000 1 0
596 IN 597 598 8 0.500000 2 0
597 LN -1 -1 -1 -1.000000 1 0
598 LN -1 -1 -1 -1.000000 1 0
599 IN 600 603 8 0.500000 3 0
600 IN 601 602 10 0.500000 2 0
601 LN -1 -1 -1 -1.000000 1 0
602 LN -1 -1 -1 -1.000000 1 0
603 LN -1 -1 -1 -1.000000 1 1
604 IN 605 608 8 0.500000 3 1
605 IN 606 607 10 0.500000 2 0
606 LN -1 -1 -1 -1.000000 1 0
607 LN -1 -1 -1 -1.000000 1 1
608 LN -1 -1 -1 -1.000000 1 1
609 IN 610 611 10 0.500000 3 1
610 LN -1 -1 -1 -1.000000 1 1
611 IN 612 613 9 0.500000 2 0
612 LN -1 -1 -1 -1.000000 1 0
613 LN -1 -1 -1 -1.000000 1 1
614 IN 615 658 8 0.500000 10 0
615 IN 616 657 16 0.500000 9 0
616 IN 617 620 5 0.500000 8 0
617 IN 618 619 10 0.500000 2 0
618 LN -1 -1 -1 -1.000000 1 0
619 LN -1 -1 -1 -1.000000 1 0
620 IN 621 622 11 0.500000 7 0
621 LN -1 -1 -1 -1.000000 1 0
622 IN 623 636 10 0.500000 6 0
623 IN 624 625 15 0.500000 5 1
624 LN -1 -1 -1 -1.000000 1 0
625 IN 626 631 4 0.500000 4 1
626 IN 627 630 3 0.500000 3 1
627 IN 628 629 9 0.500000 2 0
628 LN -1 -1 -1 -1.000000 1 0
629 LN -1 -1 -1 -1.000000 1 1
630 LN -1 -1 -1 -1.000000 1 1
631 IN 632 633 9 0.500000 3 1
632 LN -1 -1 -1 -1.000000 1 1
633 IN 634 635 3 0.500000 2 1
634 LN -1 -1 -1 -1.000000 1 1
635 LN -1 -1 -1 -1.000000 1 0
636 IN 637 646 15 0.500000 5 0
637 IN 638 643 3 0.500000 4 0
638 IN 639 640 9 0.500000 3 0
639 LN -1 -1 -1 -1.000000 1 0
640 IN 641 642 4 0.500000 2 0
641 LN -1 -1 -1 -1.000000 1 0
642 LN -1 -1 -1 -1.000000 1 0
643 IN 644 645 9 0.500000 2 0
644 LN -1 -1 -1 -1.000000 1 0
645 LN -1 -1 -1 -1.000000 1 0
646 IN 647 654 3 0.500000 4 0
647 IN 648 651 4 0.500000 3 0
648 IN 649 650 9 0.500000 2 0
649 LN -1 -1 -1 -1.000000 1 0
650 LN -1 -1 -1 -1.000000 1 0
651 IN 652 653 9 0.500000 2 0
652 LN -1 -1 -1 -1.000000 1 0
653 LN -1 -1 -1 -1.000000 1 1
654 IN 655 656 4 0.500000 2 0
655 LN -1 -1 -1 -1.000000 1 0
656 LN -1 -1 -1 -1.000000 1 0
657 LN -1 -1 -1 -1.000000 1 1
658 IN 659 664 5 0.500000 7 1
659 IN 660 661 15 0.500000 3 1
660 LN -1 -1 -1 -1.000000 1 0
661 IN 662 663 10 0.500000 2 1
662 LN -1 -1 -1 -1.000000 1 0
663 LN -1 -1 -1 -1.000000 1 1
664 IN 665 682 4 0.500000 6 1
665 IN 666 673 10 0.500000 5 1
666 IN 667 670 15 0.500000 3 1
667 IN 668 669 3 0.500000 2 1
668 LN -1 -1 -1 -1.000000 1 1
669 LN -1 -1 -1 -1.000000 1 0
670 IN 671 672 3 0.500000 2 1
671 LN -1 -1 -1 -1.000000 1 0
672 LN -1 -1 -1 -1.000000 1 1
673 IN 674 681 16 0.500000 4 1
674 IN 675 678 15 0.500000 3 1
675 IN 676 677 3 0.500000 2 0
676 LN -1 -1 -1 -1.000000 1 0
677 LN -1 -1 -1 -1.000000 1 0
678 IN 679 680 3 0.500000 2 1
679 LN -1 -1 -1 -1.000000 1 1
680 LN -1 -1 -1 -1.000000 1 1
681 LN -1 -1 -1 -1.000000 1 1
682 IN 683 684 3 0.500000 4 0
683 LN -1 -1 -1 -1.000000 1 0
684 IN 685 686 10 0.500000 3 0
685 LN -1 -1 -1 -1.000000 1 0
686 IN 687 688 15 0.500000 2 0
687 LN -1 -1 -1 -1.000000 1 0
688 LN -1 -1 -1 -1.000000 1 1
689 IN 690 735 8 0.500000 8 1
690 IN 691 706 15 0.500000 7 0
691 IN 692 695 9 0.500000 5 0
692 IN 693 694 4 0.500000 2 0
693 LN -1 -1 -1 -1.000000 1 0
694 LN -1 -1 -1 -1.000000 1 0
695 IN 696 701 4 0.500000 4 0
696 IN 697 700 2 0.500000 3 0
697 IN 698 699 10 0.500000 2 0
698 LN -1 -1 -1 -1.000000 1 1
699 LN -1 -1 -1 -1.000000 1 0
700 LN -1 -1 -1 -1.000000 1 0
701 IN 702 703 10 0.500000 3 0
702 LN -1 -1 -1 -1.000000 1 0
703 IN 704 705 2 0.500000 2 1
704 LN -1 -1 -1 -1.000000 1 0
705 LN -1 -1 -1 -1.000000 1 1
706 IN 707 718 4 0.500000 6 1
707 IN 708 717 16 0.500000 5 1
708 IN 709 712 9 0.500000 4 1
709 IN 710 711 2 0.500000 2 1
710 LN -1 -1 -1 -1.000000 1 1
711 LN -1 -1 -1 -1.000000 1 1
712 IN 713 714 2 0.500000 3 1
713 LN -1 -1 -1 -1.000000 1 1
714 IN 715 716 10 0.500000 2 1
715 LN -1 -1 -1 -1.000000 1 1
716 LN -1 -1 -1 -1.000000 1 0
717 LN -1 -1 -1 -1.000000 1 0
718 IN 719 726 10 0.500000 5 0
719 IN 720 723 9 0.500000 3 0
720 IN 721 722 2 0.500000 2 0
721 LN -1 -1 -1 -1.000000 1 1
722 LN -1 -1 -1 -1.000000 1 0
723 IN 724 725 2 0.500000 2 0
724 LN -1 -1 -1 -1.000000 1 0
725 LN -1 -1 -1 -1.000000 1 0
726 IN 727 730 2 0.500000 4 1
727 IN 728 729 9 0.500000 2 0
728 LN -1 -1 -1 -1.000000 1 0
729 LN -1 -1 -1 -1.000000 1 1
730 IN 731 734 3 0.500000 3 1
731 IN 732 733 9 0.500000 2 0
732 LN -1 -1 -1 -1.000000 1 0
733 LN -1 -1 -1 -1.000000 1 1
734 LN -1 -1 -1 -1.000000 1 1
735 IN 736 741 2 0.500000 5 1
736 IN 737 738 4 0.500000 3 0
737 LN -1 -1 -1 -1.000000 1 1
738 IN 739 740 10 0.500000 2 0
739 LN -1 -1 -1 -1.000000 1 1
740 LN -1 -1 -1 -1.000000 1 0
741 IN 742 749 4 0.500000 4 1
742 IN 743 746 15 0.500000 3 1
743 IN 744 745 10 0.500000 2 0
744 LN -1 -1 -1 -1.000000 1 0
745 LN -1 -1 -1 -1.000000 1 0
746 IN 747 748 10 0.500000 2 1
747 LN -1 -1 -1 -1.000000 1 1
748 LN -1 -1 -1 -1.000000 1 1
749 IN 750 751 3 0.500000 2 1
750 LN -1 -1 -1 -1.000000 1 1
751 LN -1 -1 -1 -1.000000 1 1
752 IN 753 878 12 0.500000 13 0
753 IN 754 767 5 0.500000 12 0
754 IN 755 762 10 0.500000 5 0
755 IN 756 761 7 0.500000 4 0
756 IN 757 758 11 0.500000 3 0
757 LN -1 -1 -1 -1.000000 1 0
758 IN 759 760 15 0.500000 2 0
759 LN -1 -1 -1 -1.000000 1 1
760 LN -1 -1 -1 -1.000000 1 0
761 LN -1 -1 -1 -1.000000 1 0
762 IN 763 764 7 0.500000 3 0
763 LN -1 -1 -1 -1.000000 1 0
764 IN 765 766 16 0.500000 2 1
765 LN -1 -1 -1 -1.000000 1 0
766 LN -1 -1 -1 -1.000000 1 1
767 IN 768 867 16 0.500000 11 0
768 IN 769 804 15 0.500000 10 0
769 IN 770 777 7 0.500000 9 0
770 IN 771 772 8 0.500000 4 0
771 LN -1 -1 -1 -1.000000 1 0
772 IN 773 774 4 0.500000 3 0
773 LN -1 -1 -1 -1.000000 1 0
774 IN 775 776 3 0.500000 2 0
775 LN -1 -1 -1 -1.000000 1 0
776 LN -1 -1 -1 -1.000000 1 1
777 IN 778 779 9 0.500000 8 0
778 LN -1 -1 -1 -1.000000 1 1
779 IN 780 781 11 0.500000 7 0
780 LN -1 -1 -1 -1.000000 1 0
781 IN 782 793 4 0.500000 6 0
782 IN 783 784 8 0.500000 5 0
783 LN -1 -1 -1 -1.000000 1 0
784 IN 785 788 3 0.500000 4 0
785 IN 786 787 10 0.500000 2 0
786 LN -1 -1 -1 -1.000000 1 0
787 LN -1 -1 -1 -1.000000 1 0
788 IN 789 790 10 0.500000 3 1
789 LN -1 -1 -1 -1.000000 1 0
790 IN 791 792 6 0.500000 2 1
791 LN -1 -1 -1 -1.000000 1 1
792 LN -1 -1 -1 -1.000000 1 1
793 IN 794 797 8 0.500000 5 0
794 IN 795 796 6 0.500000 2 0
795 LN -1 -1 -1 -1.000000 1 0
796 LN -1 -1 -1 -1.000000 1 1
797 IN 798 799 10 0.500000 4 0
798 LN -1 -1 -1 -1.000000 1 1
799 IN 800 803 6 0.500000 3 0
800 IN 801 802 3 0.500000 2 0
801 LN -1 -1 -1 -1.000000 1 0
802 LN -1 -1 -1 -1.000000 1 0
803 LN -1 -1 -1 -1.000000 1 0
804 IN 805 838 4 0.500000 7 0
805 IN 806 823 3 0.500000 6 0
806 IN 807 816 10 0.500000 5 0
807 IN 808 811 7 0.500000 4 0
808 IN 809 810 8 0.500000 2 0
809 LN -1 -1 -1 -1.000000 1 1
810 LN -1 -1 -1 -1.000000 1 0
811 IN 812 813 9 0.500000 3 0
812 LN -1 -1 -1 -1.000000 1 0
813 IN 814 815 8 0.500000 2 0
814 LN -1 -1 -1 -1.000000 1 0
815 LN -1 -1 -1 -1.000000 1 0
816 IN 817 822 6 0.500000 4 1
817 IN 818 819 7 0.500000 3 1
818 LN -1 -1 -1 -1.000000 1 1
819 IN 820 821 8 0.500000 2 1
820 LN -1 -1 -1 -1.000000 1 0
821 LN -1 -1 -1 -1.000000 1 1
822 LN -1 -1 -1 -1.000000 1 1
823 IN 824 831 8 0.500000 5 0
824 IN 825 830 6 0.500000 4 0
825 IN 826 829 10 0.500000 3 0
826 IN 827 828 7 0.500000 2 0
827 LN -1 -1 -1 -1.000000 1 0
828 LN -1 -1 -1 -1.000000 1 0
829 LN -1 -1 -1 -1.000000 1 0
830 LN -1 -1 -1 -1.000000 1 0
831 IN 832 835 10 0.500000 3 0
832 IN 833 834 7 0.500000 2 0
833 LN -1 -1 -1 -1.000000 1 0
834 LN -1 -1 -1 -1.000000 1 0
835 IN 836 837 6 0.500000 2 0
836 LN -1 -1 -1 -1.000000 1 0
837 LN -1 -1 -1 -1.000000 1 1
838 IN 839 854 8 0.500000 6 0
839 IN 840 847 10 0.500000 5 0
840 IN 841 842 7 0.500000 4 0
841 LN -1 -1 -1 -1.000000 1 0
842 IN 843 844 9 0.500000 3 0
843 LN -1 -1 -1 -1.000000 1 1
844 IN 845 846 6 0.500000 2 0
845 LN -1 -1 -1 -1.000000 1 0
846 LN -1 -1 -1 -1.000000 1 1
847 IN 848 853 3 0.500000 4 0
848 IN 849 850 7 0.500000 3 0
849 LN -1 -1 -1 -1.000000 1 0
850 IN 851 852 9 0.500000 2 0
851 LN -1 -1 -1 -1.000000 1 1
852 LN -1 -1 -1 -1.000000 1 0
853 LN -1 -1 -1 -1.000000 1 0
854 IN 855 860 3 0.500000 5 1
855 IN 856 857 10 0.500000 3 1
856 LN -1 -1 -1 -1.000000 1 0
857 IN 858 859 7 0.500000 2 1
858 LN -1 -1 -1 -1.000000 1 0
859 LN -1 -1 -1 -1.000000 1 1
860 IN 861 862 7 0.500000 4 0
861 LN -1 -1 -1 -1.000000 1 1
862 IN 863 864 6 0.500000 3 0
863 LN -1 -1 -1 -1.000000 1 0
864 IN 865 866 10 0.500000 2 1
865 LN -1 -1 -1 -1.000000 1 0
866 LN -1 -1 -1 -1.000000 1 1
867 IN 868 871 3 0.500000 5 1
868 IN 869 870 15 0.500000 2 1
869 LN -1 -1 -1 -1.000000 1 0
870 LN -1 -1 -1 -1.000000 1 1
871 IN 872 873 10 0.500000 4 1
872 LN -1 -1 -1 -1.000000 1 1
873 IN 874 877 6 0.500000 3 0
874 IN 875 876 8 0.500000 2 1
875 LN -1 -1 -1 -1.000000 1 1
876 LN -1 -1 -1 -1.000000 1 0
877 LN -1 -1 -1 -1.000000 1 0
878 IN 879 912 8 0.500000 10 1
879 IN 880 905 6 0.500000 9 0
880 IN 881 886 15 0.500000 8 0
881 IN 882 885 7 0.500000 3 1
882 IN 883 884 4 0.500000 2 0
883 LN -1 -1 -1 -1.000000 1 0
884 LN -1 -1 -1 -1.000000 1 1
885 LN -1 -1 -1 -1.000000 1 1
886 IN 887 904 16 0.500000 7 0
887 IN 888 895 10 0.500000 6 0
888 IN 889 890 7 0.500000 4 0
889 LN -1 -1 -1 -1.000000 1 1
890 IN 891 892 9 0.500000 3 0
891 LN -1 -1 -1 -1.000000 1 0
892 IN 893 894 4 0.500000 2 0
893 LN -1 -1 -1 -1.000000 1 0
894 LN -1 -1 -1 -1.000000 1 1
895 IN 896 897 5 0.500000 5 0
896 LN -1 -1 -1 -1.000000 1 0
897 IN 898 899 7 0.500000 4 0
898 LN -1 -1 -1 -1.000000 1 0
899 IN 900 901 9 0.500000 3 0
900 LN -1 -1 -1 -1.000000 1 0
901 IN 902 903 4 0.500000 2 0
902 LN -1 -1 -1 -1.000000 1 0
903 LN -1 -1 -1 -1.000000 1 0
904 LN -1 -1 -1 -1.000000 1 0
905 IN 906 911 4 0.500000 4 1
906 IN 907 908 10 0.500000 3 0
907 LN -1 -1 -1 -1.000000 1 0
908 IN 909 910 16 0.500000 2 1
909 LN -1 -1 -1 -1.000000 1 0
910 LN -1 -1 -1 -1.000000 1 1
911 LN -1 -1 -1 -1.000000 1 1
912 IN 913 922 7 0.500000 9 1
913 IN 914 917 10 0.500000 4 0
914 IN 915 916 5 0.500000 2 1
915 LN -1 -1 -1 -1.000000 1 0
916 LN -1 -1 -1 -1.000000 1 1
917 IN 918 919 5 0.500000 3 0
918 LN -1 -1 -1 -1.000000 1 0
919 IN 920 921 3 0.500000 2 0
920 LN -1 -1 -1 -1.000000 1 0
921 LN -1 -1 -1 -1.000000 1 1
922 IN 923 940 15 0.500000 8 1
923 IN 924 925 11 0.500000 7 1
924 LN -1 -1 -1 -1.000000 1 0
925 IN 926 931 4 0.500000 6 1
926 IN 927 928 3 0.500000 3 1
927 LN -1 -1 -1 -1.000000 1 1
928 IN 929 930 10 0.500000 2 0
929 LN -1 -1 -1 -1.000000 1 1
930 LN -1 -1 -1 -1.000000 1 0
931 IN 932 933 10 0.500000 5 1
932 LN -1 -1 -1 -1.000000 1 1
933 IN 934 939 16 0.500000 4 1
934 IN 935 938 6 0.500000 3 1
935 IN 936 937 3 0.500000 2 1
936 LN -1 -1 -1 -1.000000 1 1
937 LN -1 -1 -1 -1.000000 1 1
938 LN -1 -1 -1 -1.000000 1 1
939 LN -1 -1 -1 -1.000000 1 1
940 IN 941 942 5 0.500000 6 1
941 LN -1 -1 -1 -1.000000 1 1
942 IN 943 948 10 0.500000 5 1
943 IN 944 947 4 0.500000 3 0
944 IN 945 946 3 0.500000 2 0
945 LN -1 -1 -1 -1.000000 1 0
946 LN -1 -1 -1 -1.000000 1 0
947 LN -1 -1 -1 -1.000000 1 0
948 IN 949 952 3 0.500000 4 1
949 IN 950 951 4 0.500000 2 1
950 LN -1 -1 -1 -1.000000 1 1
951 LN -1 -1 -1 -1.000000 1 1
952 IN 953 956 6 0.500000 3 1
953 IN 954 955 4 0.500000 2 1
954 LN -1 -1 -1 -1.000000 1 1
955 LN -1 -1 -1 -1.000000 1 1
956 LN -1 -1 -1 -1.000000 1 1
957 IN 958 1033 12 0.500000 12 1
958 IN 959 968 15 0.500000 10 1
959 IN 960 961 10 0.500000 5 0
960 LN -1 -1 -1 -1.000000 1 0
961 IN 962 963 5 0.500000 4 0
962 LN -1 -1 -1 -1.000000 1 0
963 IN 964 967 6 0.500000 3 0
964 IN 965 966 4 0.500000 2 1
965 LN -1 -1 -1 -1.000000 1 1
966 LN -1 -1 -1 -1.000000 1 1
967 LN -1 -1 -1 -1.000000 1 0
968 IN 969 970 9 0.500000 9 1
969 LN -1 -1 -1 -1.000000 1 0
970 IN 971 1024 16 0.500000 8 1
971 IN 972 999 4 0.500000 7 1
972 IN 973 980 7 0.500000 6 1
973 IN 974 975 8 0.500000 4 0
974 LN -1 -1 -1 -1.000000 1 1
975 IN 976 977 5 0.500000 3 0
976 LN -1 -1 -1 -1.000000 1 0
977 IN 978 979 10 0.500000 2 0
978 LN -1 -1 -1 -1.000000 1 1
979 LN -1 -1 -1 -1.000000 1 0
980 IN 981 990 3 0.500000 5 1
981 IN 982 989 6 0.500000 4 0
982 IN 983 986 10 0.500000 3 0
983 IN 984 985 8 0.500000 2 0
984 LN -1 -1 -1 -1.000000 1 0
985 LN -1 -1 -1 -1.000000 1 0
986 IN 987 988 8 0.500000 2 1
987 LN -1 -1 -1 -1.000000 1 0
988 LN -1 -1 -1 -1.000000 1 1
989 LN -1 -1 -1 -1.000000 1 0
990 IN 991 994 6 0.500000 4 1
991 IN 992 993 10 0.500000 2 1
992 LN -1 -1 -1 -1.000000 1 1
993 LN -1 -1 -1 -1.000000 1 0
994 IN 995 996 8 0.500000 3 1
995 LN -1 -1 -1 -1.000000 1 0
996 IN 997 998 10 0.500000 2 1
997 LN -1 -1 -1 -1.000000 1 1
998 LN -1 -1 -1 -1.000000 1 1
999 IN 1000 1003 7 0.500000 6 1
1000 IN 1001 1002 10 0.500000 2 0
1001 LN -1 -1 -1 -1.000000 1 0
1002 LN -1 -1 -1 -1.000000 1 0
1003 IN 1004 1011 3 0.500000 5 1
1004 IN 1005 1008 8 0.500000 3 1
1005 IN 1006 1007 10 0.500000 2 0
1006 LN -1 -1 -1 -1.000000 1 1
1007 LN -1 -1 -1 -1.000000 1 0
1008 IN 1009 1010 10 0.500000 2 1
1009 LN -1 -1 -1 -1.000000 1 0
1010 LN -1 -1 -1 -1.000000 1 1
1011 IN 1012 1017 10 0.500000 4 1
1012 IN 1013 1014 8 0.500000 3 1
1013 LN -1 -1 -1 -1.000000 1 1
1014 IN 1015 1016 6 0.500000 2 1
1015 LN -1 -1 -1 -1.000000 1 1
1016 LN -1 -1 -1 -1.000000 1 1
1017 IN 1018 1021 6 0.500000 3 1
1018 IN 1019 1020 8 0.500000 2 1
1019 LN -1 -1 -1 -1.000000 1 1
1020 LN -1 -1 -1 -1.000000 1 0
1021 IN 1022 1023 8 0.500000 2 1
1022 LN -1 -1 -1 -1.000000 1 0
1023 LN -1 -1 -1 -1.000000 1 1
1024 IN 1025 1026 7 0.500000 5 0
1025 LN -1 -1 -1 -1.000000 1 1
1026 IN 1027 1032 3 0.500000 4 0
1027 IN 1028 1031 4 0.500000 3 0
1028 IN 1029 1030 6 0.500000 2 1
1029 LN -1 -1 -1 -1.000000 1 1
1030 LN -1 -1 -1 -1.000000 1 1
1031 LN -1 -1 -1 -1.000000 1 0
1032 LN -1 -1 -1 -1.000000 1 0
1033 IN 1034 1037 11 0.500000 11 1
1034 IN 1035 1036 4 0.500000 2 0
1035 LN -1 -1 -1 -1.000000 1 1
1036 LN -1 -1 -1 -1.000000 1 0
1037 IN 1038 1051 7 0.500000 10 1
1038 IN 1039 1050 16 0.500000 6 1
1039 IN 1040 1043 5 0.500000 5 1
1040 IN 1041 1042 10 0.500000 2 1
1041 LN -1 -1 -1 -1.000000 1 1
1042 LN -1 -1 -1 -1.000000 1 0
1043 IN 1044 1045 10 0.500000 4 1
1044 LN -1 -1 -1 -1.000000 1 1
1045 IN 1046 1047 15 0.500000 3 1
1046 LN -1 -1 -1 -1.000000 1 1
1047 IN 1048 1049 4 0.500000 2 1
1048 LN -1 -1 -1 -1.000000 1 1
1049 LN -1 -1 -1 -1.000000 1 1
1050 LN -1 -1 -1 -1.000000 1 0
1051 IN 1052 1053 9 0.500000 9 1
1052 LN -1 -1 -1 -1.000000 1 1
1053 IN 1054 1079 4 0.500000 8 1
1054 IN 1055 1074 16 0.500000 7 1
1055 IN 1056 1057 8 0.500000 6 1
1056 LN -1 -1 -1 -1.000000 1 0
1057 IN 1058 1069 3 0.500000 5 1
1058 IN 1059 1064 10 0.500000 4 1
1059 IN 1060 1061 15 0.500000 3 1
1060 LN -1 -1 -1 -1.000000 1 0
1061 IN 1062 1063 6 0.500000 2 1
1062 LN -1 -1 -1 -1.000000 1 1
1063 LN -1 -1 -1 -1.000000 1 1
1064 IN 1065 1068 6 0.500000 3 1
1065 IN 1066 1067 15 0.500000 2 1
1066 LN -1 -1 -1 -1.000000 1 1
1067 LN -1 -1 -1 -1.000000 1 1
1068 LN -1 -1 -1 -1.000000 1 1
1069 IN 1070 1071 10 0.500000 3 1
1070 LN -1 -1 -1 -1.000000 1 0
1071 IN 1072 1073 6 0.500000 2 1
1072 LN -1 -1 -1 -1.000000 1 1
1073 LN -1 -1 -1 -1.000000 1 0
1074 IN 1075 1076 6 0.500000 3 0
1075 LN -1 -1 -1 -1.000000 1 1
1076 IN 1077 1078 15 0.500000 2 0
1077 LN -1 -1 -1 -1.000000 1 0
1078 LN -1 -1 -1 -1.000000 1 1
1079 IN 1080 1091 3 0.500000 6 1
1080 IN 1081 1082 8 0.500000 5 1
1081 LN -1 -1 -1 -1.000000 1 1
1082 IN 1083 1086 10 0.500000 4 1
1083 IN 1084 1085 15 0.500000 2 1
1084 LN -1 -1 -1 -1.000000 1 0
1085 LN -1 -1 -1 -1.000000 1 1
1086 IN 1087 1090 6 0.500000 3 1
1087 IN 1088 1089 15 0.500000 2 1
1088 LN -1 -1 -1 -1.000000 1 0
1089 LN -1 -1 -1 -1.000000 1 1
1090 LN -1 -1 -1 -1.000000 1 0
1091 IN 1092 1093 15 0.500000 5 1
1092 LN -1 -1 -1 -1.000000 1 0
1093 IN 1094 1097 10 0.500000 4 1
1094 IN 1095 1096 6 0.500000 2 1
1095 LN -1 -1 -1 -1.000000 1 1
1096 LN -1 -1 -1 -1.000000 1 1
1097 IN 1098 1101 6 0.500000 3 1
1098 IN 1099 1100 16 0.500000 2 1
1099 LN -1 -1 -1 -1.000000 1 1
1100 LN -1 -1 -1 -1.000000 1 1
1101 LN -1 -1 -1 -1.000000 1 0
1102 IN 1103 1890 1 0.500000 15 1
1103 IN 1104 1235 15 0.500000 14 0
1104 IN 1105 1172 3 0.500000 12 0
1105 IN 1106 1163 12 0.500000 11 0
1106 IN 1107 1138 7 0.500000 10 0
1107 IN 1108 1133 16 0.500000 9 0
1108 IN 1109 1132 8 0.500000 8 0
1109 IN 1110 1111 11 0.500000 7 0
1110 LN -1 -1 -1 -1.000000 1 0
1111 IN 1112 1119 2 0.500000 6 0
1112 IN 1113 1114 13 0.500000 4 0
1113 LN -1 -1 -1 -1.000000 1 0
1114 IN 1115 1118 4 0.500000 3 0
1115 IN 1116 1117 9 0.500000 2 0
1116 LN -1 -1 -1 -1.000000 1 0
1117 LN -1 -1 -1 -1.000000 1 1
1118 LN -1 -1 -1 -1.000000 1 0
1119 IN 1120 1127 10 0.500000 5 0
1120 IN 1121 1122 13 0.500000 4 0
1121 LN -1 -1 -1 -1.000000 1 0
1122 IN 1123 1126 9 0.500000 3 0
1123 IN 1124 1125 4 0.500000 2 0
1124 LN -1 -1 -1 -1.000000 1 0
1125 LN -1 -1 -1 -1.000000 1 0
1126 LN -1 -1 -1 -1.000000 1 1
1127 IN 1128 1129 13 0.500000 3 0
1128 LN -1 -1 -1 -1.000000 1 0
1129 IN 1130 1131 9 0.500000 2 0
1130 LN -1 -1 -1 -1.000000 1 0
1131 LN -1 -1 -1 -1.000000 1 1
1132 LN -1 -1 -1 -1.000000 1 0
1133 IN 1134 1135 10 0.500000 3 0
1134 LN -1 -1 -1 -1.000000 1 0
1135 IN 1136 1137 9 0.500000 2 0
1136 LN -1 -1 -1 -1.000000 1 0
1137 LN -1 -1 -1 -1.000000 1 1
1138 IN 1139 1154 9 0.500000 6 0
1139 IN 1140 1145 13 0.500000 5 0
1140 IN 1141 1142 10 0.500000 3 0
1141 LN -1 -1 -1 -1.000000 1 0
1142 IN 1143 1144 4 0.500000 2 0
1143 LN -1 -1 -1 -1.000000 1 0
1144 LN -1 -1 -1 -1.000000 1 0
1145 IN 1146 1147 5 0.500000 4 0
1146 LN -1 -1 -1 -1.000000 1 0
1147 IN 1148 1151 2 0.500000 3 0
1148 IN 1149 1150 4 0.500000 2 0
1149 LN -1 -1 -1 -1.000000 1 1
1150 LN -1 -1 -1 -1.000000 1 0
1151 IN 1152 1153 4 0.500000 2 0
1152 LN -1 -1 -1 -1.000000 1 0
1153 LN -1 -1 -1 -1.000000 1 1
1154 IN 1155 1156 8 0.500000 5 0
1155 LN -1 -1 -1 -1.000000 1 0
1156 IN 1157 1158 5 0.500000 4 0
1157 LN -1 -1 -1 -1.000000 1 0
1158 IN 1159 1162 6 0.500000 3 0
1159 IN 1160 1161 10 0.500000 2 0
1160 LN -1 -1 -1 -1.000000 1 1
1161 LN -1 -1 -1 -1.000000 1 0
1162 LN -1 -1 -1 -1.000000 1 0
1163 IN 1164 1165 2 0.500000 5 0
1164 LN -1 -1 -1 -1.000000 1 0
1165 IN 1166 1171 7 0.500000 4 0
1166 IN 1167 1168 10 0.500000 3 0
1167 LN -1 -1 -1 -1.000000 1 0
1168 IN 1169 1170 16 0.500000 2 0
1169 LN -1 -1 -1 -1.000000 1 1
1170 LN -1 -1 -1 -1.000000 1 0
1171 LN -1 -1 -1 -1.000000 1 0
1172 IN 1173 1200 10 0.500000 10 0
1173 IN 1174 1195 8 0.500000 9 0
1174 IN 1175 1188 13 0.500000 8 0
1175 IN 1176 1187 12 0.500000 7 0
1176 IN 1177 1178 9 0.500000 6 0
1177 LN -1 -1 -1 -1.000000 1 0
1178 IN 1179 1186 4 0.500000 5 0
1179 IN 1180 1181 7 0.500000 4 0
1180 LN -1 -1 -1 -1.000000 1 0
1181 IN 1182 1183 2 0.500000 3 0
1182 LN -1 -1 -1 -1.000000 1 0
1183 IN 1184 1185 6 0.500000 2 0
1184 LN -1 -1 -1 -1.000000 1 0
1185 LN -1 -1 -1 -1.000000 1 0
1186 LN -1 -1 -1 -1.000000 1 0
1187 LN -1 -1 -1 -1.000000 1 0
1188 IN 1189 1194 16 0.500000 4 0
1189 IN 1190 1191 2 0.500000 3 0
1190 LN -1 -1 -1 -1.000000 1 0
1191 IN 1192 1193 5 0.500000 2 1
1192 LN -1 -1 -1 -1.000000 1 0
1193 LN -1 -1 -1 -1.000000 1 1
1194 LN -1 -1 -1 -1.000000 1 0
1195 IN 1196 1199 6 0.500000 3 0
1196 IN 1197 1198 7 0.500000 2 0
1197 LN -1 -1 -1 -1.000000 1 1
1198 LN -1 -1 -1 -1.000000 1 0
1199 LN -1 -1 -1 -1.000000 1 0
1200 IN 1201 1216 6 0.500000 9 0
1201 IN 1202 1203 9 0.500000 6 0
1202 LN -1 -1 -1 -1.000000 1 1
1203 IN 1204 1211 12 0.500000 5 0
1204 IN 1205 1206 7 0.500000 4 0
1205 LN -1 -1 -1 -1.000000 1 0
1206 IN 1207 1208 4 0.500000 3 0
1207 LN -1 -1 -1 -1.000000 1 0
1208 IN 1209 1210 8 0.500000 2 1
1209 LN -1 -1 -1 -1.000000 1 0
1210 LN -1 -1 -1 -1.000000 1 1
1211 IN 1212 1213 7 0.500000 3 0
1212 LN -1 -1 -1 -1.000000 1 0
1213 IN 1214 1215 8 0.500000 2 0
1214 LN -1 -1 -1 -1.000000 1 0
1215 LN -1 -1 -1 -1.000000 1 1
1216 IN 1217 1234 13 0.500000 8 1
1217 IN 1218 1231 8 0.500000 7 1
1218 IN 1219 1228 2 0.500000 6 0
1219 IN 1220 1227 16 0.500000 5 0
1220 IN 1221 1226 12 0.500000 4 1
1221 IN 1222 1223 4 0.500000 3 1
1222 LN -1 -1 -1 -1.000000 1 1
1223 IN 1224 1225 9 0.500000 2 0
1224 LN -1 -1 -1 -1.000000 1 1
1225 LN -1 -1 -1 -1.000000 1 0
1226 LN -1 -1 -1 -1.000000 1 0
1227 LN -1 -1 -1 -1.000000 1 0
1228 IN 1229 1230 12 0.500000 2 0
1229 LN -1 -1 -1 -1.000000 1 1
1230 LN -1 -1 -1 -1.000000 1 0
1231 IN 1232 1233 4 0.500000 2 1
1232 LN -1 -1 -1 -1.000000 1 0
1233 LN -1 -1 -1 -1.000000 1 1
1234 LN -1 -1 -1 -1.000000 1 1
1235 IN 1236 1659 4 0.500000 13 0
1236 IN 1237 1512 12 0.500000 12 0
1237 IN 1238 1383 3 0.500000 11 0
1238 IN 1239 1296 2 0.500000 10 0
1239 IN 1240 1273 13 0.500000 8 0
1240 IN 1241 1272 6 0.500000 7 0
1241 IN 1242 1253 5 0.500000 6 0
1242 IN 1243 1252 10 0.500000 5 0
1243 IN 1244 1249 7 0.500000 4 0
1244 IN 1245 1246 9 0.500000 3 0
1245 LN -1 -1 -1 -1.000000 1 0
1246 IN 1247 1248 8 0.500000 2 0
1247 LN -1 -1 -1 -1.000000 1 1
1248 LN -1 -1 -1 -1.000000 1 0
1249 IN 1250 1251 8 0.500000 2 0
1250 LN -1 -1 -1 -1.000000 1 0
1251 LN -1 -1 -1 -1.000000 1 0
1252 LN -1 -1 -1 -1.000000 1 0
1253 IN 1254 1265 9 0.500000 5 0
1254 IN 1255 1262 16 0.500000 4 0
1255 IN 1256 1259 10 0.500000 3 0
1256 IN 1257 1258 7 0.500000 2 0
1257 LN -1 -1 -1 -1.000000 1 0
1258 LN -1 -1 -1 -1.000000 1 0
1259 IN 1260 1261 7 0.500000 2 0
1260 LN -1 -1 -1 -1.000000 1 0
1261 LN -1 -1 -1 -1.000000 1 0
1262 IN 1263 1264 7 0.500000 2 0
1263 LN -1 -1 -1 -1.000000 1 1
1264 LN -1 -1 -1 -1.000000 1 0
1265 IN 1266 1271 8 0.500000 4 0
1266 IN 1267 1268 7 0.500000 3 0
1267 LN -1 -1 -1 -1.000000 1 0
1268 IN 1269 1270 10 0.500000 2 0
1269 LN -1 -1 -1 -1.000000 1 0
1270 LN -1 -1 -1 -1.000000 1 0
1271 LN -1 -1 -1 -1.000000 1 0
1272 LN -1 -1 -1 -1.000000 1 0
1273 IN 1274 1285 10 0.500000 6 0
1274 IN 1275 1276 5 0.500000 5 0
1275 LN -1 -1 -1 -1.000000 1 0
1276 IN 1277 1282 9 0.500000 4 0
1277 IN 1278 1281 16 0.500000 3 0
1278 IN 1279 1280 7 0.500000 2 0
1279 LN -1 -1 -1 -1.000000 1 0
1280 LN -1 -1 -1 -1.000000 1 0
1281 LN -1 -1 -1 -1.000000 1 0
1282 IN 1283 1284 7 0.500000 2 1
1283 LN -1 -1 -1 -1.000000 1 0
1284 LN -1 -1 -1 -1.000000 1 1
1285 IN 1286 1291 9 0.500000 4 0
1286 IN 1287 1290 16 0.500000 3 0
1287 IN 1288 1289 5 0.500000 2 0
1288 LN -1 -1 -1 -1.000000 1 0
1289 LN -1 -1 -1 -1.000000 1 0
1290 LN -1 -1 -1 -1.000000 1 0
1291 IN 1292 1295 7 0.500000 3 0
1292 IN 1293 1294 5 0.500000 2 0
1293 LN -1 -1 -1 -1.000000 1 1
1294 LN -1 -1 -1 -1.000000 1 0
1295 LN -1 -1 -1 -1.000000 1 1
1296 IN 1297 1366 16 0.500000 9 0
1297 IN 1298 1323 9 0.500000 8 0
1298 IN 1299 1312 10 0.500000 6 0
1299 IN 1300 1305 13 0.500000 4 0
1300 IN 1301 1302 7 0.500000 3 0
1301 LN -1 -1 -1 -1.000000 1 0
1302 IN 1303 1304 6 0.500000 2 0
1303 LN -1 -1 -1 -1.000000 1 0
1304 LN -1 -1 -1 -1.000000 1 0
1305 IN 1306 1309 5 0.500000 3 0
1306 IN 1307 1308 7 0.500000 2 0
1307 LN -1 -1 -1 -1.000000 1 0
1308 LN -1 -1 -1 -1.000000 1 0
1309 IN 1310 1311 7 0.500000 2 1
1310 LN -1 -1 -1 -1.000000 1 0
1311 LN -1 -1 -1 -1.000000 1 1
1312 IN 1313 1314 5 0.500000 5 0
1313 LN -1 -1 -1 -1.000000 1 0
1314 IN 1315 1320 13 0.500000 4 0
1315 IN 1316 1317 7 0.500000 3 0
1316 LN -1 -1 -1 -1.000000 1 0
1317 IN 1318 1319 6 0.500000 2 0
1318 LN -1 -1 -1 -1.000000 1 0
1319 LN -1 -1 -1 -1.000000 1 0
1320 IN 1321 1322 7 0.500000 2 0
1321 LN -1 -1 -1 -1.000000 1 1
1322 LN -1 -1 -1 -1.000000 1 0
1323 IN 1324 1345 10 0.500000 7 0
1324 IN 1325 1340 13 0.500000 6 0
1325 IN 1326 1335 8 0.500000 5 0
1326 IN 1327 1334 6 0.500000 4 0
1327 IN 1328 1331 7 0.500000 3 0
1328 IN 1329 1330 5 0.500000 2 0
1329 LN -1 -1 -1 -1.000000 1 0
1330 LN -1 -1 -1 -1.000000 1 0
1331 IN 1332 1333 5 0.500000 2 0
1332 LN -1 -1 -1 -1.000000 1 0
1333 LN -1 -1 -1 -1.000000 1 0
1334 LN -1 -1 -1 -1.000000 1 0
1335 IN 1336 1339 7 0.500000 3 0
1336 IN 1337 1338 5 0.500000 2 0
1337 LN -1 -1 -1 -1.000000 1 0
1338 LN -1 -1 -1 -1.000000 1 0
1339 LN -1 -1 -1 -1.000000 1 0
1340 IN 1341 1342 5 0.500000 3 1
1341 LN -1 -1 -1 -1.000000 1 1
1342 IN 1343 1344 7 0.500000 2 0
1343 LN -1 -1 -1 -1.000000 1 0
1344 LN -1 -1 -1 -1.000000 1 1
1345 IN 1346 1361 13 0.500000 5 0
1346 IN 1347 1354 7 0.500000 4 0
1347 IN 1348 1351 8 0.500000 3 0
1348 IN 1349 1350 5 0.500000 2 0
1349 LN -1 -1 -1 -1.000000 1 0
1350 LN -1 -1 -1 -1.000000 1 0
1351 IN 1352 1353 5 0.500000 2 0
1352 LN -1 -1 -1 -1.000000 1 0
1353 LN -1 -1 -1 -1.000000 1 0
1354 IN 1355 1358 5 0.500000 3 0
1355 IN 1356 1357 8 0.500000 2 0
1356 LN -1 -1 -1 -1.000000 1 0
1357 LN -1 -1 -1 -1.000000 1 0
1358 IN 1359 1360 8 0.500000 2 0
1359 LN -1 -1 -1 -1.000000 1 0
1360 LN -1 -1 -1 -1.000000 1 0
1361 IN 1362 1363 5 0.500000 3 0
1362 LN -1 -1 -1 -1.000000 1 0
1363 IN 1364 1365 7 0.500000 2 0
1364 LN -1 -1 -1 -1.000000 1 0
1365 LN -1 -1 -1 -1.000000 1 0
1366 IN 1367 1368 10 0.500000 7 0
1367 LN -1 -1 -1 -1.000000 1 0
1368 IN 1369 1374 9 0.500000 6 0
1369 IN 1370 1371 5 0.500000 3 0
1370 LN -1 -1 -1 -1.000000 1 0
1371 IN 1372 1373 7 0.500000 2 0
1372 LN -1 -1 -1 -1.000000 1 0
1373 LN -1 -1 -1 -1.000000 1 0
1374 IN 1375 1382 8 0.500000 5 1
1375 IN 1376 1381 7 0.500000 4 1
1376 IN 1377 1378 13 0.500000 3 1
1377 LN -1 -1 -1 -1.000000 1 1
1378 IN 1379 1380 5 0.500000 2 1
1379 LN -1 -1 -1 -1.000000 1 1
1380 LN -1 -1 -1 -1.000000 1 1
1381 LN -1 -1 -1 -1.000000 1 0
1382 LN -1 -1 -1 -1.000000 1 0
1383 IN 1384 1465 13 0.500000 10 0
1384 IN 1385 1412 9 0.500000 9 0
1385 IN 1386 1387 5 0.500000 7 0
1386 LN -1 -1 -1 -1.000000 1 0
1387 IN 1388 1405 16 0.500000 6 0
1388 IN 1389 1404 6 0.500000 5 0
1389 IN 1390 1397 2 0.500000 4 0
1390 IN 1391 1394 7 0.500000 3 0
1391 IN 1392 1393 10 0.500000 2 0
1392 LN -1 -1 -1 -1.000000 1 0
1393 LN -1 -1 -1 -1.000000 1 0
1394 IN 1395 1396 10 0.500000 2 0
1395 LN -1 -1 -1 -1.000000 1 0
1396 LN -1 -1 -1 -1.000000 1 0
1397 IN 1398 1401 10 0.500000 3 0
1398 IN 1399 1400 7 0.500000 2 1
1399 LN -1 -1 -1 -1.000000 1 0
1400 LN -1 -1 -1 -1.000000 1 1
1401 IN 1402 1403 7 0.500000 2 0
1402 LN -1 -1 -1 -1.000000 1 0
1403 LN -1 -1 -1 -1.000000 1 0
1404 LN -1 -1 -1 -1.000000 1 0
1405 IN 1406 1407 7 0.500000 4 0
1406 LN -1 -1 -1 -1.000000 1 1
1407 IN 1408 1411 2 0.500000 3 0
1408 IN 1409 1410 6 0.500000 2 0
1409 LN -1 -1 -1 -1.000000 1 1
1410 LN -1 -1 -1 -1.000000 1 0
1411 LN -1 -1 -1 -1.000000 1 0
1412 IN 1413 1426 7 0.500000 8 0
1413 IN 1414 1419 8 0.500000 4 0
1414 IN 1415 1418 10 0.500000 3 0
1415 IN 1416 1417 2 0.500000 2 0
1416 LN -1 -1 -1 -1.000000 1 0
1417 LN -1 -1 -1 -1.000000 1 0
1418 LN -1 -1 -1 -1.000000 1 0
1419 IN 1420 1423 2 0.500000 3 0
1420 IN 1421 1422 10 0.500000 2 0
1421 LN -1 -1 -1 -1.000000 1 0
1422 LN -1 -1 -1 -1.000000 1 1
1423 IN 1424 1425 10 0.500000 2 0
1424 LN -1 -1 -1 -1.000000 1 0
1425 LN -1 -1 -1 -1.000000 1 1
1426 IN 1427 1446 10 0.500000 7 0
1427 IN 1428 1445 16 0.500000 6 0
1428 IN 1429 1432 5 0.500000 5 0
1429 IN 1430 1431 8 0.500000 2 0
1430 LN -1 -1 -1 -1.000000 1 1
1431 LN -1 -1 -1 -1.000000 1 0
1432 IN 1433 1440 8 0.500000 4 0
1433 IN 1434 1437 2 0.500000 3 0
1434 IN 1435 1436 6 0.500000 2 0
1435 LN -1 -1 -1 -1.000000 1 0
1436 LN -1 -1 -1 -1.000000 1 1
1437 IN 1438 1439 6 0.500000 2 0
1438 LN -1 -1 -1 -1.000000 1 0
1439 LN -1 -1 -1 -1.000000 1 1
1440 IN 1441 1444 6 0.500000 3 0
1441 IN 1442 1443 2 0.500000 2 0
1442 LN -1 -1 -1 -1.000000 1 0
1443 LN -1 -1 -1 -1.000000 1 1
1444 LN -1 -1 -1 -1.000000 1 1
1445 LN -1 -1 -1 -1.000000 1 0
1446 IN 1447 1460 8 0.500000 5 0
1447 IN 1448 1455 16 0.500000 4 0
1448 IN 1449 1452 2 0.500000 3 0
1449 IN 1450 1451 6 0.500000 2 0
1450 LN -1 -1 -1 -1.000000 1 0
1451 LN -1 -1 -1 -1.000000 1 0
1452 IN 1453 1454 6 0.500000 2 1
1453 LN -1 -1 -1 -1.000000 1 1
1454 LN -1 -1 -1 -1.000000 1 0
1455 IN 1456 1459 6 0.500000 3 0
1456 IN 1457 1458 5 0.500000 2 0
1457 LN -1 -1 -1 -1.000000 1 0
1458 LN -1 -1 -1 -1.000000 1 0
1459 LN -1 -1 -1 -1.000000 1 0
1460 IN 1461 1462 6 0.500000 3 0
1461 LN -1 -1 -1 -1.000000 1 0
1462 IN 1463 1464 16 0.500000 2 0
1463 LN -1 -1 -1 -1.000000 1 0
1464 LN -1 -1 -1 -1.000000 1 0
1465 IN 1466 1505 6 0.500000 9 0
1466 IN 1467 1502 8 0.500000 8 0
1467 IN 1468 1479 9 0.500000 7 0
1468 IN 1469 1472 10 0.500000 5 0
1469 IN 1470 1471 2 0.500000 2 0
1470 LN -1 -1 -1 -1.000000 1 1
1471 LN -1 -1 -1 -1.000000 1 0
1472 IN 1473 1478 7 0.500000 4 0
1473 IN 1474 1475 16 0.500000 3 0
1474 LN -1 -1 -1 -1.000000 1 0
1475 IN 1476 1477 2 0.500000 2 0
1476 LN -1 -1 -1 -1.000000 1 1
1477 LN -1 -1 -1 -1.000000 1 0
1478 LN -1 -1 -1 -1.000000 1 0
1479 IN 1480 1493 16 0.500000 6 0
1480 IN 1481 1484 2 0.500000 5 0
1481 IN 1482 1483 7 0.500000 2 0
1482 LN -1 -1 -1 -1.000000 1 1
1483 LN -1 -1 -1 -1.000000 1 0
1484 IN 1485 1486 5 0.500000 4 0
1485 LN -1 -1 -1 -1.000000 1 0
1486 IN 1487 1490 10 0.500000 3 0
1487 IN 1488 1489 7 0.500000 2 0
1488 LN -1 -1 -1 -1.000000 1 0
1489 LN -1 -1 -1 -1.000000 1 0
1490 IN 1491 1492 7 0.500000 2 1
1491 LN -1 -1 -1 -1.000000 1 1
1492 LN -1 -1 -1 -1.000000 1 0
1493 IN 1494 1497 2 0.500000 4 1
1494 IN 1495 1496 10 0.500000 2 1
1495 LN -1 -1 -1 -1.000000 1 1
1496 LN -1 -1 -1 -1.000000 1 0
1497 IN 1498 1499 7 0.500000 3 1
1498 LN -1 -1 -1 -1.000000 1 1
1499 IN 1500 1501 10 0.500000 2 0
1500 LN -1 -1 -1 -1.000000 1 0
1501 LN -1 -1 -1 -1.000000 1 0
1502 IN 1503 1504 16 0.500000 2 1
1503 LN -1 -1 -1 -1.000000 1 1
1504 LN -1 -1 -1 -1.000000 1 0
1505 IN 1506 1507 2 0.500000 4 1
1506 LN -1 -1 -1 -1.000000 1 0
1507 IN 1508 1511 10 0.500000 3 1
1508 IN 1509 1510 16 0.500000 2 1
1509 LN -1 -1 -1 -1.000000 1 1
1510 LN -1 -1 -1 -1.000000 1 0
1511 LN -1 -1 -1 -1.000000 1 1
1512 IN 1513 1570 9 0.500000 11 0
1513 IN 1514 1535 7 0.500000 8 0
1514 IN 1515 1530 16 0.500000 6 0
1515 IN 1516 1525 13 0.500000 5 0
1516 IN 1517 1522 2 0.500000 4 0
1517 IN 1518 1519 3 0.500000 3 0
1518 LN -1 -1 -1 -1.000000 1 0
1519 IN 1520 1521 10 0.500000 2 0
1520 LN -1 -1 -1 -1.000000 1 0
1521 LN -1 -1 -1 -1.000000 1 1
1522 IN 1523 1524 3 0.500000 2 0
1523 LN -1 -1 -1 -1.000000 1 1
1524 LN -1 -1 -1 -1.000000 1 0
1525 IN 1526 1529 10 0.500000 3 0
1526 IN 1527 1528 5 0.500000 2 0
1527 LN -1 -1 -1 -1.000000 1 0
1528 LN -1 -1 -1 -1.000000 1 1
1529 LN -1 -1 -1 -1.000000 1 0
1530 IN 1531 1534 3 0.500000 3 1
1531 IN 1532 1533 10 0.500000 2 0
1532 LN -1 -1 -1 -1.000000 1 0
1533 LN -1 -1 -1 -1.000000 1 1
1534 LN -1 -1 -1 -1.000000 1 1
1535 IN 1536 1553 2 0.500000 7 0
1536 IN 1537 1552 13 0.500000 6 0
1537 IN 1538 1543 3 0.500000 5 0
1538 IN 1539 1542 6 0.500000 3 0
1539 IN 1540 1541 10 0.500000 2 0
1540 LN -1 -1 -1 -1.000000 1 1
1541 LN -1 -1 -1 -1.000000 1 0
1542 LN -1 -1 -1 -1.000000 1 0
1543 IN 1544 1549 16 0.500000 4 0
1544 IN 1545 1548 6 0.500000 3 0
1545 IN 1546 1547 10 0.500000 2 0
1546 LN -1 -1 -1 -1.000000 1 0
1547 LN -1 -1 -1 -1.000000 1 0
1548 LN -1 -1 -1 -1.000000 1 0
1549 IN 1550 1551 6 0.500000 2 1
1550 LN -1 -1 -1 -1.000000 1 0
1551 LN -1 -1 -1 -1.000000 1 1
1552 LN -1 -1 -1 -1.000000 1 0
1553 IN 1554 1569 6 0.500000 6 0
1554 IN 1555 1560 13 0.500000 5 1
1555 IN 1556 1557 3 0.500000 3 0
1556 LN -1 -1 -1 -1.000000 1 0
1557 IN 1558 1559 16 0.500000 2 1
1558 LN -1 -1 -1 -1.000000 1 1
1559 LN -1 -1 -1 -1.000000 1 0
1560 IN 1561 1564 10 0.500000 4 1
1561 IN 1562 1563 3 0.500000 2 1
1562 LN -1 -1 -1 -1.000000 1 1
1563 LN -1 -1 -1 -1.000000 1 0
1564 IN 1565 1568 16 0.500000 3 1
1565 IN 1566 1567 3 0.500000 2 1
1566 LN -1 -1 -1 -1.000000 1 1
1567 LN -1 -1 -1 -1.000000 1 0
1568 LN -1 -1 -1 -1.000000 1 1
1569 LN -1 -1 -1 -1.000000 1 0
1570 IN 1571 1638 16 0.500000 10 0
1571 IN 1572 1595 3 0.500000 9 0
1572 IN 1573 1584 7 0.500000 7 0
1573 IN 1574 1581 10 0.500000 5 1
1574 IN 1575 1576 5 0.500000 4 0
1575 LN -1 -1 -1 -1.000000 1 0
1576 IN 1577 1578 2 0.500000 3 1
1577 LN -1 -1 -1 -1.000000 1 0
1578 IN 1579 1580 13 0.500000 2 1
1579 LN -1 -1 -1 -1.000000 1 1
1580 LN -1 -1 -1 -1.000000 1 0
1581 IN 1582 1583 5 0.500000 2 1
1582 LN -1 -1 -1 -1.000000 1 0
1583 LN -1 -1 -1 -1.000000 1 1
1584 IN 1585 1594 13 0.500000 6 0
1585 IN 1586 1587 5 0.500000 5 0
1586 LN -1 -1 -1 -1.000000 1 1
1587 IN 1588 1589 2 0.500000 4 0
1588 LN -1 -1 -1 -1.000000 1 0
1589 IN 1590 1593 8 0.500000 3 0
1590 IN 1591 1592 10 0.500000 2 0
1591 LN -1 -1 -1 -1.000000 1 0
1592 LN -1 -1 -1 -1.000000 1 0
1593 LN -1 -1 -1 -1.000000 1 0
1594 LN -1 -1 -1 -1.000000 1 0
1595 IN 1596 1605 5 0.500000 8 0
1596 IN 1597 1602 2 0.500000 4 0
1597 IN 1598 1599 10 0.500000 3 1
1598 LN -1 -1 -1 -1.000000 1 0
1599 IN 1600 1601 7 0.500000 2 1
1600 LN -1 -1 -1 -1.000000 1 1
1601 LN -1 -1 -1 -1.000000 1 0
1602 IN 1603 1604 10 0.500000 2 0
1603 LN -1 -1 -1 -1.000000 1 1
1604 LN -1 -1 -1 -1.000000 1 0
1605 IN 1606 1633 13 0.500000 7 0
1606 IN 1607 1614 2 0.500000 6 0
1607 IN 1608 1611 6 0.500000 3 1
1608 IN 1609 1610 10 0.500000 2 1
1609 LN -1 -1 -1 -1.000000 1 0
1610 LN -1 -1 -1 -1.000000 1 1
1611 IN 1612 1613 10 0.500000 2 1
1612 LN -1 -1 -1 -1.000000 1 1
1613 LN -1 -1 -1 -1.000000 1 0
1614 IN 1615 1630 6 0.500000 5 0
1615 IN 1616 1623 10 0.500000 4 0
1616 IN 1617 1620 8 0.500000 3 0
1617 IN 1618 1619 7 0.500000 2 0
1618 LN -1 -1 -1 -1.000000 1 0
1619 LN -1 -1 -1 -1.000000 1 0
1620 IN 1621 1622 7 0.500000 2 0
1621 LN -1 -1 -1 -1.000000 1 0
1622 LN -1 -1 -1 -1.000000 1 1
1623 IN 1624 1627 7 0.500000 3 0
1624 IN 1625 1626 8 0.500000 2 0
1625 LN -1 -1 -1 -1.000000 1 0
1626 LN -1 -1 -1 -1.000000 1 1
1627 IN 1628 1629 8 0.500000 2 0
1628 LN -1 -1 -1 -1.000000 1 0
1629 LN -1 -1 -1 -1.000000 1 0
1630 IN 1631 1632 10 0.500000 2 0
1631 LN -1 -1 -1 -1.000000 1 0
1632 LN -1 -1 -1 -1.000000 1 0
1633 IN 1634 1635 7 0.500000 3 1
1634 LN -1 -1 -1 -1.000000 1 1
1635 IN 1636 1637 6 0.500000 2 0
1636 LN -1 -1 -1 -1.000000 1 0
1637 LN -1 -1 -1 -1.000000 1 1
1638 IN 1639 1646 3 0.500000 8 1
1639 IN 1640 1641 13 0.500000 4 1
1640 LN -1 -1 -1 -1.000000 1 1
1641 IN 1642 1643 5 0.500000 3 0
1642 LN -1 -1 -1 -1.000000 1 0
1643 IN 1644 1645 6 0.500000 2 0
1644 LN -1 -1 -1 -1.000000 1 1
1645 LN -1 -1 -1 -1.000000 1 0
1646 IN 1647 1658 8 0.500000 7 1
1647 IN 1648 1649 13 0.500000 6 1
1648 LN -1 -1 -1 -1.000000 1 1
1649 IN 1650 1651 2 0.500000 5 1
1650 LN -1 -1 -1 -1.000000 1 1
1651 IN 1652 1653 10 0.500000 4 1
1652 LN -1 -1 -1 -1.000000 1 0
1653 IN 1654 1655 7 0.500000 3 1
1654 LN -1 -1 -1 -1.000000 1 1
1655 IN 1656 1657 6 0.500000 2 1
1656 LN -1 -1 -1 -1.000000 1 1
1657 LN -1 -1 -1 -1.000000 1 1
1658 LN -1 -1 -1 -1.000000 1 0
1659 IN 1660 1741 7 0.500000 11 0
1660 IN 1661 1710 12 0.500000 8 0
1661 IN 1662 1683 2 0.500000 7 0
1662 IN 1663 1676 3 0.500000 6 0
1663 IN 1664 1671 13 0.500000 5 0
1664 IN 1665 1670 9 0.500000 4 0
1665 IN 1666 1669 16 0.500000 3 0
1666 IN 1667 1668 10 0.500000 2 0
1667 LN -1 -1 -1 -1.000000 1 0
1668 LN -1 -1 -1 -1.000000 1 0
1669 LN -1 -1 -1 -1.000000 1 0
1670 LN -1 -1 -1 -1.000000 1 0
1671 IN 1672 1675 9 0.500000 3 0
1672 IN 1673 1674 10 0.500000 2 0
1673 LN -1 -1 -1 -1.000000 1 1
1674 LN -1 -1 -1 -1.000000 1 0
1675 LN -1 -1 -1 -1.000000 1 0
1676 IN 1677 1678 13 0.500000 4 0
1677 LN -1 -1 -1 -1.000000 1 0
1678 IN 1679 1682 16 0.500000 3 0
1679 IN 1680 1681 10 0.500000 2 0
1680 LN -1 -1 -1 -1.000000 1 0
1681 LN -1 -1 -1 -1.000000 1 0
1682 LN -1 -1 -1 -1.000000 1 0
1683 IN 1684 1703 16 0.500000 6 0
1684 IN 1685 1692 9 0.500000 5 0
1685 IN 1686 1691 3 0.500000 4 0
1686 IN 1687 1690 13 0.500000 3 0
1687 IN 1688 1689 10 0.500000 2 0
1688 LN -1 -1 -1 -1.000000 1 0
1689 LN -1 -1 -1 -1.000000 1 0
1690 LN -1 -1 -1 -1.000000 1 0
1691 LN -1 -1 -1 -1.000000 1 0
1692 IN 1693 1698 10 0.500000 4 0
1693 IN 1694 1697 3 0.500000 3 0
1694 IN 1695 1696 13 0.500000 2 0
1695 LN -1 -1 -1 -1.000000 1 0
1696 LN -1 -1 -1 -1.000000 1 0
1697 LN -1 -1 -1 -1.000000 1 0
1698 IN 1699 1702 3 0.500000 3 0
1699 IN 1700 1701 13 0.500000 2 0
1700 LN -1 -1 -1 -1.000000 1 0
1701 LN -1 -1 -1 -1.000000 1 1
1702 LN -1 -1 -1 -1.000000 1 1
1703 IN 1704 1707 13 0.500000 3 1
1704 IN 1705 1706 3 0.500000 2 0
1705 LN -1 -1 -1 -1.000000 1 1
1706 LN -1 -1 -1 -1.000000 1 0
1707 IN 1708 1709 9 0.500000 2 1
1708 LN -1 -1 -1 -1.000000 1 0
1709 LN -1 -1 -1 -1.000000 1 1
1710 IN 1711 1716 2 0.500000 7 1
1711 IN 1712 1715 9 0.500000 3 0
1712 IN 1713 1714 13 0.500000 2 0
1713 LN -1 -1 -1 -1.000000 1 0
1714 LN -1 -1 -1 -1.000000 1 1
1715 LN -1 -1 -1 -1.000000 1 0
1716 IN 1717 1728 13 0.500000 6 1
1717 IN 1718 1721 3 0.500000 4 0
1718 IN 1719 1720 10 0.500000 2 1
1719 LN -1 -1 -1 -1.000000 1 1
1720 LN -1 -1 -1 -1.000000 1 0
1721 IN 1722 1725 10 0.500000 3 0
1722 IN 1723 1724 9 0.500000 2 1
1723 LN -1 -1 -1 -1.000000 1 1
1724 LN -1 -1 -1 -1.000000 1 0
1725 IN 1726 1727 16 0.500000 2 0
1726 LN -1 -1 -1 -1.000000 1 0
1727 LN -1 -1 -1 -1.000000 1 1
1728 IN 1729 1736 9 0.500000 5 1
1729 IN 1730 1735 3 0.500000 4 1
1730 IN 1731 1732 16 0.500000 3 1
1731 LN -1 -1 -1 -1.000000 1 1
1732 IN 1733 1734 10 0.500000 2 0
1733 LN -1 -1 -1 -1.000000 1 1
1734 LN -1 -1 -1 -1.000000 1 0
1735 LN -1 -1 -1 -1.000000 1 0
1736 IN 1737 1740 16 0.500000 3 1
1737 IN 1738 1739 10 0.500000 2 1
1738 LN -1 -1 -1 -1.000000 1 1
1739 LN -1 -1 -1 -1.000000 1 1
1740 LN -1 -1 -1 -1.000000 1 1
1741 IN 1742 1785 2 0.500000 10 0
1742 IN 1743 1784 16 0.500000 8 0
1743 IN 1744 1773 9 0.500000 7 1
1744 IN 1745 1766 6 0.500000 6 0
1745 IN 1746 1759 13 0.500000 5 0
1746 IN 1747 1752 12 0.500000 4 0
1747 IN 1748 1751 10 0.500000 3 0
1748 IN 1749 1750 3 0.500000 2 0
1749 LN -1 -1 -1 -1.000000 1 0
1750 LN -1 -1 -1 -1.000000 1 0
1751 LN -1 -1 -1 -1.000000 1 0
1752 IN 1753 1756 10 0.500000 3 1
1753 IN 1754 1755 3 0.500000 2 1
1754 LN -1 -1 -1 -1.000000 1 0
1755 LN -1 -1 -1 -1.000000 1 1
1756 IN 1757 1758 3 0.500000 2 0
1757 LN -1 -1 -1 -1.000000 1 0
1758 LN -1 -1 -1 -1.000000 1 1
1759 IN 1760 1765 10 0.500000 4 1
1760 IN 1761 1764 3 0.500000 3 1
1761 IN 1762 1763 12 0.500000 2 1
1762 LN -1 -1 -1 -1.000000 1 0
1763 LN -1 -1 -1 -1.000000 1 1
1764 LN -1 -1 -1 -1.000000 1 1
1765 LN -1 -1 -1 -1.000000 1 1
1766 IN 1767 1768 3 0.500000 4 0
1767 LN -1 -1 -1 -1.000000 1 0
1768 IN 1769 1772 13 0.500000 3 0
1769 IN 1770 1771 10 0.500000 2 0
1770 LN -1 -1 -1 -1.000000 1 0
1771 LN -1 -1 -1 -1.000000 1 1
1772 LN -1 -1 -1 -1.000000 1 0
1773 IN 1774 1775 3 0.500000 5 1
1774 LN -1 -1 -1 -1.000000 1 1
1775 IN 1776 1781 6 0.500000 4 1
1776 IN 1777 1780 12 0.500000 3 1
1777 IN 1778 1779 13 0.500000 2 0
1778 LN -1 -1 -1 -1.000000 1 0
1779 LN -1 -1 -1 -1.000000 1 1
1780 LN -1 -1 -1 -1.000000 1 1
1781 IN 1782 1783 12 0.500000 2 0
1782 LN -1 -1 -1 -1.000000 1 0
1783 LN -1 -1 -1 -1.000000 1 1
1784 LN -1 -1 -1 -1.000000 1 0
1785 IN 1786 1817 3 0.500000 9 0
1786 IN 1787 1816 8 0.500000 7 0
1787 IN 1788 1805 12 0.500000 6 0
1788 IN 1789 1800 16 0.500000 5 0
1789 IN 1790 1797 13 0.500000 4 0
1790 IN 1791 1794 9 0.500000 3 0
1791 IN 1792 1793 10 0.500000 2 0
1792 LN -1 -1 -1 -1.000000 1 0
1793 LN -1 -1 -1 -1.000000 1 0
1794 IN 1795 1796 10 0.500000 2 0
1795 LN -1 -1 -1 -1.000000 1 0
1796 LN -1 -1 -1 -1.000000 1 1
1797 IN 1798 1799 10 0.500000 2 0
1798 LN -1 -1 -1 -1.000000 1 0
1799 LN -1 -1 -1 -1.000000 1 0
1800 IN 1801 1802 13 0.500000 3 1
1801 LN -1 -1 -1 -1.000000 1 0
1802 IN 1803 1804 9 0.500000 2 1
1803 LN -1 -1 -1 -1.000000 1 0
1804 LN -1 -1 -1 -1.000000 1 1
1805 IN 1806 1807 10 0.500000 5 1
1806 LN -1 -1 -1 -1.000000 1 0
1807 IN 1808 1813 16 0.500000 4 1
1808 IN 1809 1810 9 0.500000 3 1
1809 LN -1 -1 -1 -1.000000 1 1
1810 IN 1811 1812 13 0.500000 2 1
1811 LN -1 -1 -1 -1.000000 1 0
1812 LN -1 -1 -1 -1.000000 1 1
1813 IN 1814 1815 13 0.500000 2 0
1814 LN -1 -1 -1 -1.000000 1 0
1815 LN -1 -1 -1 -1.000000 1 0
1816 LN -1 -1 -1 -1.000000 1 0
1817 IN 1818 1859 6 0.500000 8 0
1818 IN 1819 1842 16 0.500000 7 0
1819 IN 1820 1827 10 0.500000 6 0
1820 IN 1821 1826 13 0.500000 4 0
1821 IN 1822 1825 8 0.500000 3 0
1822 IN 1823 1824 9 0.500000 2 0
1823 LN -1 -1 -1 -1.000000 1 1
1824 LN -1 -1 -1 -1.000000 1 0
1825 LN -1 -1 -1 -1.000000 1 0
1826 LN -1 -1 -1 -1.000000 1 0
1827 IN 1828 1833 9 0.500000 5 0
1828 IN 1829 1830 12 0.500000 3 0
1829 LN -1 -1 -1 -1.000000 1 0
1830 IN 1831 1832 13 0.500000 2 0
1831 LN -1 -1 -1 -1.000000 1 0
1832 LN -1 -1 -1 -1.000000 1 1
1833 IN 1834 1841 8 0.500000 4 0
1834 IN 1835 1838 12 0.500000 3 0
1835 IN 1836 1837 13 0.500000 2 0
1836 LN -1 -1 -1 -1.000000 1 0
1837 LN -1 -1 -1 -1.000000 1 0
1838 IN 1839 1840 13 0.500000 2 1
1839 LN -1 -1 -1 -1.000000 1 1
1840 LN -1 -1 -1 -1.000000 1 0
1841 LN -1 -1 -1 -1.000000 1 0
1842 IN 1843 1848 9 0.500000 6 0
1843 IN 1844 1847 13 0.500000 3 0
1844 IN 1845 1846 12 0.500000 2 0
1845 LN -1 -1 -1 -1.000000 1 1
1846 LN -1 -1 -1 -1.000000 1 0
1847 LN -1 -1 -1 -1.000000 1 0
1848 IN 1849 1850 10 0.500000 5 0
1849 LN -1 -1 -1 -1.000000 1 1
1850 IN 1851 1858 12 0.500000 4 0
1851 IN 1852 1855 8 0.500000 3 0
1852 IN 1853 1854 13 0.500000 2 0
1853 LN -1 -1 -1 -1.000000 1 0
1854 LN -1 -1 -1 -1.000000 1 1
1855 IN 1856 1857 13 0.500000 2 1
1856 LN -1 -1 -1 -1.000000 1 1
1857 LN -1 -1 -1 -1.000000 1 0
1858 LN -1 -1 -1 -1.000000 1 0
1859 IN 1860 1879 16 0.500000 7 1
1860 IN 1861 1870 12 0.500000 6 1
1861 IN 1862 1869 13 0.500000 4 1
1862 IN 1863 1866 10 0.500000 3 0
1863 IN 1864 1865 9 0.500000 2 1
1864 LN -1 -1 -1 -1.000000 1 0
1865 LN -1 -1 -1 -1.000000 1 1
1866 IN 1867 1868 9 0.500000 2 0
1867 LN -1 -1 -1 -1.000000 1 0
1868 LN -1 -1 -1 -1.000000 1 0
1869 LN -1 -1 -1 -1.000000 1 1
1870 IN 1871 1878 8 0.500000 5 1
1871 IN 1872 1873 9 0.500000 4 1
1872 LN -1 -1 -1 -1.000000 1 1
1873 IN 1874 1875 10 0.500000 3 0
1874 LN -1 -1 -1 -1.000000 1 1
1875 IN 1876 1877 13 0.500000 2 0
1876 LN -1 -1 -1 -1.000000 1 0
1877 LN -1 -1 -1 -1.000000 1 0
1878 LN -1 -1 -1 -1.000000 1 1
1879 IN 1880 1887 13 0.500000 5 0
1880 IN 1881 1882 10 0.500000 4 0
1881 LN -1 -1 -1 -1.000000 1 1
1882 IN 1883 1884 9 0.500000 3 0
1883 LN -1 -1 -1 -1.000000 1 0
1884 IN 1885 1886 8 0.500000 2 0
1885 LN -1 -1 -1 -1.000000 1 0
1886 LN -1 -1 -1 -1.000000 1 0
1887 IN 1888 1889 9 0.500000 2 1
1888 LN -1 -1 -1 -1.000000 1 0
1889 LN -1 -1 -1 -1.000000 1 1
1890 IN 1891 2364 0 0.500000 14 1
1891 IN 1892 1941 5 0.500000 13 1
1892 IN 1893 1894 15 0.500000 10 0
1893 LN -1 -1 -1 -1.000000 1 0
1894 IN 1895 1930 12 0.500000 9 0
1895 IN 1896 1909 7 0.500000 8 0
1896 IN 1897 1898 9 0.500000 6 0
1897 LN -1 -1 -1 -1.000000 1 0
1898 IN 1899 1908 16 0.500000 5 0
1899 IN 1900 1903 10 0.500000 4 0
1900 IN 1901 1902 13 0.500000 2 0
1901 LN -1 -1 -1 -1.000000 1 0
1902 LN -1 -1 -1 -1.000000 1 0
1903 IN 1904 1907 13 0.500000 3 0
1904 IN 1905 1906 8 0.500000 2 0
1905 LN -1 -1 -1 -1.000000 1 0
1906 LN -1 -1 -1 -1.000000 1 0
1907 LN -1 -1 -1 -1.000000 1 1
1908 LN -1 -1 -1 -1.000000 1 0
1909 IN 1910 1915 8 0.500000 7 0
1910 IN 1911 1914 16 0.500000 3 0
1911 IN 1912 1913 10 0.500000 2 0
1912 LN -1 -1 -1 -1.000000 1 0
1913 LN -1 -1 -1 -1.000000 1 1
1914 LN -1 -1 -1 -1.000000 1 0
1915 IN 1916 1929 16 0.500000 6 0
1916 IN 1917 1926 13 0.500000 5 0
1917 IN 1918 1921 3 0.500000 4 0
1918 IN 1919 1920 10 0.500000 2 0
1919 LN -1 -1 -1 -1.000000 1 0
1920 LN -1 -1 -1 -1.000000 1 0
1921 IN 1922 1925 6 0.500000 3 1
1922 IN 1923 1924 10 0.500000 2 0
1923 LN -1 -1 -1 -1.000000 1 0
1924 LN -1 -1 -1 -1.000000 1 1
1925 LN -1 -1 -1 -1.000000 1 1
1926 IN 1927 1928 10 0.500000 2 0
1927 LN -1 -1 -1 -1.000000 1 1
1928 LN -1 -1 -1 -1.000000 1 0
1929 LN -1 -1 -1 -1.000000 1 1
1930 IN 1931 1932 7 0.500000 5 0
1931 LN -1 -1 -1 -1.000000 1 0
1932 IN 1933 1934 10 0.500000 4 0
1933 LN -1 -1 -1 -1.000000 1 0
1934 IN 1935 1938 8 0.500000 3 0
1935 IN 1936 1937 3 0.500000 2 0
1936 LN -1 -1 -1 -1.000000 1 0
1937 LN -1 -1 -1 -1.000000 1 1
1938 IN 1939 1940 16 0.500000 2 0
1939 LN -1 -1 -1 -1.000000 1 0
1940 LN -1 -1 -1 -1.000000 1 1
1941 IN 1942 2209 8 0.500000 12 1
1942 IN 1943 2022 9 0.500000 11 1
1943 IN 1944 1945 15 0.500000 10 0
1944 LN -1 -1 -1 -1.000000 1 0
1945 IN 1946 1981 4 0.500000 9 0
1946 IN 1947 1972 3 0.500000 8 0
1947 IN 1948 1955 7 0.500000 7 0
1948 IN 1949 1950 13 0.500000 4 0
1949 LN -1 -1 -1 -1.000000 1 0
1950 IN 1951 1954 10 0.500000 3 0
1951 IN 1952 1953 16 0.500000 2 0
1952 LN -1 -1 -1 -1.000000 1 1
1953 LN -1 -1 -1 -1.000000 1 0
1954 LN -1 -1 -1 -1.000000 1 0
1955 IN 1956 1971 6 0.500000 6 1
1956 IN 1957 1962 13 0.500000 5 0
1957 IN 1958 1961 16 0.500000 3 0
1958 IN 1959 1960 12 0.500000 2 1
1959 LN -1 -1 -1 -1.000000 1 1
1960 LN -1 -1 -1 -1.000000 1 1
1961 LN -1 -1 -1 -1.000000 1 0
1962 IN 1963 1968 12 0.500000 4 1
1963 IN 1964 1967 10 0.500000 3 0
1964 IN 1965 1966 16 0.500000 2 0
1965 LN -1 -1 -1 -1.000000 1 0
1966 LN -1 -1 -1 -1.000000 1 1
1967 LN -1 -1 -1 -1.000000 1 0
1968 IN 1969 1970 16 0.500000 2 1
1969 LN -1 -1 -1 -1.000000 1 0
1970 LN -1 -1 -1 -1.000000 1 1
1971 LN -1 -1 -1 -1.000000 1 1
1972 IN 1973 1974 10 0.500000 5 0
1973 LN -1 -1 -1 -1.000000 1 0
1974 IN 1975 1980 6 0.500000 4 0
1975 IN 1976 1977 16 0.500000 3 0
1976 LN -1 -1 -1 -1.000000 1 0
1977 IN 1978 1979 12 0.500000 2 0
1978 LN -1 -1 -1 -1.000000 1 0
1979 LN -1 -1 -1 -1.000000 1 1
1980 LN -1 -1 -1 -1.000000 1 0
1981 IN 1982 1995 7 0.500000 7 0
1982 IN 1983 1994 16 0.500000 5 0
1983 IN 1984 1989 12 0.500000 4 0
1984 IN 1985 1986 10 0.500000 3 0
1985 LN -1 -1 -1 -1.000000 1 0
1986 IN 1987 1988 13 0.500000 2 0
1987 LN -1 -1 -1 -1.000000 1 0
1988 LN -1 -1 -1 -1.000000 1 1
1989 IN 1990 1991 10 0.500000 3 0
1990 LN -1 -1 -1 -1.000000 1 0
1991 IN 1992 1993 3 0.500000 2 0
1992 LN -1 -1 -1 -1.000000 1 0
1993 LN -1 -1 -1 -1.000000 1 0
1994 LN -1 -1 -1 -1.000000 1 0
1995 IN 1996 2003 10 0.500000 6 1
1996 IN 1997 1998 13 0.500000 4 0
1997 LN -1 -1 -1 -1.000000 1 0
1998 IN 1999 2000 3 0.500000 3 0
1999 LN -1 -1 -1 -1.000000 1 1
2000 IN 2001 2002 16 0.500000 2 0
2001 LN -1 -1 -1 -1.000000 1 0
2002 LN -1 -1 -1 -1.000000 1 1
2003 IN 2004 2015 6 0.500000 5 1
2004 IN 2005 2010 16 0.500000 4 1
2005 IN 2006 2007 13 0.500000 3 1
2006 LN -1 -1 -1 -1.000000 1 1
2007 IN 2008 2009 3 0.500000 2 1
2008 LN -1 -1 -1 -1.000000 1 1
2009 LN -1 -1 -1 -1.000000 1 1
2010 IN 2011 2014 12 0.500000 3 0
2011 IN 2012 2013 3 0.500000 2 0
2012 LN -1 -1 -1 -1.000000 1 0
2013 LN -1 -1 -1 -1.000000 1 0
2014 LN -1 -1 -1 -1.000000 1 1
2015 IN 2016 2017 13 0.500000 4 1
2016 LN -1 -1 -1 -1.000000 1 1
2017 IN 2018 2019 16 0.500000 3 1
2018 LN -1 -1 -1 -1.000000 1 1
2019 IN 2020 2021 12 0.500000 2 1
2020 LN -1 -1 -1 -1.000000 1 1
2021 LN -1 -1 -1 -1.000000 1 0
2022 IN 2023 2134 12 0.500000 10 1
2023 IN 2024 2049 7 0.500000 9 0
2024 IN 2025 2040 4 0.500000 7 0
2025 IN 2026 2029 10 0.500000 6 1
2026 IN 2027 2028 15 0.500000 2 1
2027 LN -1 -1 -1 -1.000000 1 1
2028 LN -1 -1 -1 -1.000000 1 0
2029 IN 2030 2031 13 0.500000 5 1
2030 LN -1 -1 -1 -1.000000 1 1
2031 IN 2032 2037 3 0.500000 4 0
2032 IN 2033 2036 16 0.500000 3 0
2033 IN 2034 2035 15 0.500000 2 0
2034 LN -1 -1 -1 -1.000000 1 1
2035 LN -1 -1 -1 -1.000000 1 0
2036 LN -1 -1 -1 -1.000000 1 0
2037 IN 2038 2039 16 0.500000 2 0
2038 LN -1 -1 -1 -1.000000 1 0
2039 LN -1 -1 -1 -1.000000 1 0
2040 IN 2041 2044 3 0.500000 4 0
2041 IN 2042 2043 15 0.500000 2 0
2042 LN -1 -1 -1 -1.000000 1 1
2043 LN -1 -1 -1 -1.000000 1 0
2044 IN 2045 2048 13 0.500000 3 0
2045 IN 2046 2047 16 0.500000 2 0
2046 LN -1 -1 -1 -1.000000 1 0
2047 LN -1 -1 -1 -1.000000 1 1
2048 LN -1 -1 -1 -1.000000 1 0
2049 IN 2050 2083 3 0.500000 8 0
2050 IN 2051 2082 6 0.500000 7 0
2051 IN 2052 2059 15 0.500000 6 0
2052 IN 2053 2058 16 0.500000 4 0
2053 IN 2054 2057 13 0.500000 3 0
2054 IN 2055 2056 10 0.500000 2 0
2055 LN -1 -1 -1 -1.000000 1 0
2056 LN -1 -1 -1 -1.000000 1 1
2057 LN -1 -1 -1 -1.000000 1 0
2058 LN -1 -1 -1 -1.000000 1 1
2059 IN 2060 2075 16 0.500000 5 0
2060 IN 2061 2068 13 0.500000 4 0
2061 IN 2062 2065 10 0.500000 3 0
2062 IN 2063 2064 4 0.500000 2 0
2063 LN -1 -1 -1 -1.000000 1 0
2064 LN -1 -1 -1 -1.000000 1 1
2065 IN 2066 2067 4 0.500000 2 0
2066 LN -1 -1 -1 -1.000000 1 0
2067 LN -1 -1 -1 -1.000000 1 1
2068 IN 2069 2072 10 0.500000 3 0
2069 IN 2070 2071 4 0.500000 2 0
2070 LN -1 -1 -1 -1.000000 1 0
2071 LN -1 -1 -1 -1.000000 1 0
2072 IN 2073 2074 4 0.500000 2 0
2073 LN -1 -1 -1 -1.000000 1 0
2074 LN -1 -1 -1 -1.000000 1 1
2075 IN 2076 2079 4 0.500000 3 1
2076 IN 2077 2078 13 0.500000 2 1
2077 LN -1 -1 -1 -1.000000 1 1
2078 LN -1 -1 -1 -1.000000 1 0
2079 IN 2080 2081 13 0.500000 2 0
2080 LN -1 -1 -1 -1.000000 1 0
2081 LN -1 -1 -1 -1.000000 1 0
2082 LN -1 -1 -1 -1.000000 1 0
2083 IN 2084 2091 15 0.500000 7 1
2084 IN 2085 2090 4 0.500000 4 0
2085 IN 2086 2089 10 0.500000 3 0
2086 IN 2087 2088 6 0.500000 2 0
2087 LN -1 -1 -1 -1.000000 1 1
2088 LN -1 -1 -1 -1.000000 1 0
2089 LN -1 -1 -1 -1.000000 1 0
2090 LN -1 -1 -1 -1.000000 1 1
2091 IN 2092 2117 16 0.500000 6 1
2092 IN 2093 2106 4 0.500000 5 1
2093 IN 2094 2101 10 0.500000 4 1
2094 IN 2095 2098 13 0.500000 3 1
2095 IN 2096 2097 6 0.500000 2 0
2096 LN -1 -1 -1 -1.000000 1 0
2097 LN -1 -1 -1 -1.000000 1 0
2098 IN 2099 2100 6 0.500000 2 1
2099 LN -1 -1 -1 -1.000000 1 1
2100 LN -1 -1 -1 -1.000000 1 0
2101 IN 2102 2103 6 0.500000 3 0
2102 LN -1 -1 -1 -1.000000 1 0
2103 IN 2104 2105 13 0.500000 2 1
2104 LN -1 -1 -1 -1.000000 1 1
2105 LN -1 -1 -1 -1.000000 1 1
2106 IN 2107 2112 6 0.500000 4 1
2107 IN 2108 2109 10 0.500000 3 1
2108 LN -1 -1 -1 -1.000000 1 0
2109 IN 2110 2111 13 0.500000 2 1
2110 LN -1 -1 -1 -1.000000 1 1
2111 LN -1 -1 -1 -1.000000 1 1
2112 IN 2113 2114 10 0.500000 3 0
2113 LN -1 -1 -1 -1.000000 1 1
2114 IN 2115 2116 13 0.500000 2 0
2115 LN -1 -1 -1 -1.000000 1 0
2116 LN -1 -1 -1 -1.000000 1 0
2117 IN 2118 2121 10 0.500000 5 0
2118 IN 2119 2120 6 0.500000 2 0
2119 LN -1 -1 -1 -1.000000 1 0
2120 LN -1 -1 -1 -1.000000 1 1
2121 IN 2122 2127 6 0.500000 4 0
2122 IN 2123 2126 4 0.500000 3 1
2123 IN 2124 2125 13 0.500000 2 1
2124 LN -1 -1 -1 -1.000000 1 1
2125 LN -1 -1 -1 -1.000000 1 0
2126 LN -1 -1 -1 -1.000000 1 1
2127 IN 2128 2131 4 0.500000 3 0
2128 IN 2129 2130 13 0.500000 2 0
2129 LN -1 -1 -1 -1.000000 1 0
2130 LN -1 -1 -1 -1.000000 1 1
2131 IN 2132 2133 13 0.500000 2 0
2132 LN -1 -1 -1 -1.000000 1 0
2133 LN -1 -1 -1 -1.000000 1 0
2134 IN 2135 2180 4 0.500000 9 1
2135 IN 2136 2159 13 0.500000 8 1
2136 IN 2137 2154 6 0.500000 7 1
2137 IN 2138 2147 3 0.500000 6 1
2138 IN 2139 2140 7 0.500000 5 1
2139 LN -1 -1 -1 -1.000000 1 1
2140 IN 2141 2142 15 0.500000 4 1
2141 LN -1 -1 -1 -1.000000 1 1
2142 IN 2143 2144 10 0.500000 3 1
2143 LN -1 -1 -1 -1.000000 1 1
2144 IN 2145 2146 16 0.500000 2 1
2145 LN -1 -1 -1 -1.000000 1 0
2146 LN -1 -1 -1 -1.000000 1 1
2147 IN 2148 2151 10 0.500000 3 1
2148 IN 2149 2150 7 0.500000 2 1
2149 LN -1 -1 -1 -1.000000 1 1
2150 LN -1 -1 -1 -1.000000 1 1
2151 IN 2152 2153 7 0.500000 2 0
2152 LN -1 -1 -1 -1.000000 1 1
2153 LN -1 -1 -1 -1.000000 1 0
2154 IN 2155 2156 10 0.500000 3 0
2155 LN -1 -1 -1 -1.000000 1 0
2156 IN 2157 2158 16 0.500000 2 0
2157 LN -1 -1 -1 -1.000000 1 1
2158 LN -1 -1 -1 -1.000000 1 0
2159 IN 2160 2175 6 0.500000 6 0
2160 IN 2161 2166 3 0.500000 5 0
2161 IN 2162 2163 7 0.500000 3 0
2162 LN -1 -1 -1 -1.000000 1 0
2163 IN 2164 2165 16 0.500000 2 0
2164 LN -1 -1 -1 -1.000000 1 0
2165 LN -1 -1 -1 -1.000000 1 1
2166 IN 2167 2170 10 0.500000 4 0
2167 IN 2168 2169 16 0.500000 2 1
2168 LN -1 -1 -1 -1.000000 1 0
2169 LN -1 -1 -1 -1.000000 1 1
2170 IN 2171 2174 7 0.500000 3 0
2171 IN 2172 2173 16 0.500000 2 1
2172 LN -1 -1 -1 -1.000000 1 1
2173 LN -1 -1 -1 -1.000000 1 0
2174 LN -1 -1 -1 -1.000000 1 0
2175 IN 2176 2179 16 0.500000 3 1
2176 IN 2177 2178 10 0.500000 2 1
2177 LN -1 -1 -1 -1.000000 1 0
2178 LN -1 -1 -1 -1.000000 1 1
2179 LN -1 -1 -1 -1.000000 1 1
2180 IN 2181 2202 16 0.500000 6 1
2181 IN 2182 2197 6 0.500000 5 1
2182 IN 2183 2190 7 0.500000 4 1
2183 IN 2184 2187 15 0.500000 3 1
2184 IN 2185 2186 13 0.500000 2 1
2185 LN -1 -1 -1 -1.000000 1 1
2186 LN -1 -1 -1 -1.000000 1 0
2187 IN 2188 2189 3 0.500000 2 1
2188 LN -1 -1 -1 -1.000000 1 1
2189 LN -1 -1 -1 -1.000000 1 0
2190 IN 2191 2194 3 0.500000 3 1
2191 IN 2192 2193 13 0.500000 2 1
2192 LN -1 -1 -1 -1.000000 1 1
2193 LN -1 -1 -1 -1.000000 1 1
2194 IN 2195 2196 13 0.500000 2 0
2195 LN -1 -1 -1 -1.000000 1 1
2196 LN -1 -1 -1 -1.000000 1 0
2197 IN 2198 2201 13 0.500000 3 1
2198 IN 2199 2200 10 0.500000 2 1
2199 LN -1 -1 -1 -1.000000 1 1
2200 LN -1 -1 -1 -1.000000 1 0
2201 LN -1 -1 -1 -1.000000 1 1
2202 IN 2203 2208 7 0.500000 4 1
2203 IN 2204 2205 3 0.500000 3 1
2204 LN -1 -1 -1 -1.000000 1 1
2205 IN 2206 2207 13 0.500000 2 0
2206 LN -1 -1 -1 -1.000000 1 0
2207 LN -1 -1 -1 -1.000000 1 1
2208 LN -1 -1 -1 -1.000000 1 1
2209 IN 2210 2301 12 0.500000 10 1
2210 IN 2211 2222 15 0.500000 9 1
2211 IN 2212 2213 10 0.500000 6 0
2212 LN -1 -1 -1 -1.000000 1 0
2213 IN 2214 2221 16 0.500000 5 0
2214 IN 2215 2220 13 0.500000 4 0
2215 IN 2216 2219 6 0.500000 3 0
2216 IN 2217 2218 4 0.500000 2 0
2217 LN -1 -1 -1 -1.000000 1 1
2218 LN -1 -1 -1 -1.000000 1 0
2219 LN -1 -1 -1 -1.000000 1 0
2220 LN -1 -1 -1 -1.000000 1 1
2221 LN -1 -1 -1 -1.000000 1 1
2222 IN 2223 2250 3 0.500000 8 1
2223 IN 2224 2227 7 0.500000 7 0
2224 IN 2225 2226 4 0.500000 2 0
2225 LN -1 -1 -1 -1.000000 1 0
2226 LN -1 -1 -1 -1.000000 1 1
2227 IN 2228 2235 10 0.500000 6 0
2228 IN 2229 2234 6 0.500000 4 0
2229 IN 2230 2233 4 0.500000 3 0
2230 IN 2231 2232 13 0.500000 2 0
2231 LN -1 -1 -1 -1.000000 1 0
2232 LN -1 -1 -1 -1.000000 1 0
2233 LN -1 -1 -1 -1.000000 1 0
2234 LN -1 -1 -1 -1.000000 1 0
2235 IN 2236 2249 4 0.500000 5 0
2236 IN 2237 2244 6 0.500000 4 0
2237 IN 2238 2241 13 0.500000 3 0
2238 IN 2239 2240 16 0.500000 2 0
2239 LN -1 -1 -1 -1.000000 1 0
2240 LN -1 -1 -1 -1.000000 1 1
2241 IN 2242 2243 16 0.500000 2 0
2242 LN -1 -1 -1 -1.000000 1 1
2243 LN -1 -1 -1 -1.000000 1 0
2244 IN 2245 2248 16 0.500000 3 0
2245 IN 2246 2247 13 0.500000 2 0
2246 LN -1 -1 -1 -1.000000 1 1
2247 LN -1 -1 -1 -1.000000 1 0
2248 LN -1 -1 -1 -1.000000 1 0
2249 LN -1 -1 -1 -1.000000 1 1
2250 IN 2251 2268 10 0.500000 7 1
2251 IN 2252 2263 16 0.500000 6 1
2252 IN 2253 2262 6 0.500000 5 1
2253 IN 2254 2255 7 0.500000 4 1
2254 LN -1 -1 -1 -1.000000 1 1
2255 IN 2256 2259 4 0.500000 3 1
2256 IN 2257 2258 13 0.500000 2 1
2257 LN -1 -1 -1 -1.000000 1 1
2258 LN -1 -1 -1 -1.000000 1 0
2259 IN 2260 2261 13 0.500000 2 1
2260 LN -1 -1 -1 -1.000000 1 1
2261 LN -1 -1 -1 -1.000000 1 1
2262 LN -1 -1 -1 -1.000000 1 1
2263 IN 2264 2265 13 0.500000 3 1
2264 LN -1 -1 -1 -1.000000 1 1
2265 IN 2266 2267 6 0.500000 2 0
2266 LN -1 -1 -1 -1.000000 1 0
2267 LN -1 -1 -1 -1.000000 1 1
2268 IN 2269 2294 6 0.500000 6 1
2269 IN 2270 2281 7 0.500000 5 1
2270 IN 2271 2276 16 0.500000 4 1
2271 IN 2272 2275 4 0.500000 3 0
2272 IN 2273 2274 13 0.500000 2 0
2273 LN -1 -1 -1 -1.000000 1 0
2274 LN -1 -1 -1 -1.000000 1 0
2275 LN -1 -1 -1 -1.000000 1 0
2276 IN 2277 2280 13 0.500000 3 1
2277 IN 2278 2279 4 0.500000 2 1
2278 LN -1 -1 -1 -1.000000 1 0
2279 LN -1 -1 -1 -1.000000 1 1
2280 LN -1 -1 -1 -1.000000 1 1
2281 IN 2282 2289 13 0.500000 4 1
2282 IN 2283 2286 16 0.500000 3 0
2283 IN 2284 2285 4 0.500000 2 0
2284 LN -1 -1 -1 -1.000000 1 0
2285 LN -1 -1 -1 -1.000000 1 1
2286 IN 2287 2288 4 0.500000 2 1
2287 LN -1 -1 -1 -1.000000 1 0
2288 LN -1 -1 -1 -1.000000 1 1
2289 IN 2290 2291 16 0.500000 3 1
2290 LN -1 -1 -1 -1.000000 1 1
2291 IN 2292 2293 4 0.500000 2 1
2292 LN -1 -1 -1 -1.000000 1 0
2293 LN -1 -1 -1 -1.000000 1 1
2294 IN 2295 2300 4 0.500000 4 1
2295 IN 2296 2299 13 0.500000 3 1
2296 IN 2297 2298 16 0.500000 2 1
2297 LN -1 -1 -1 -1.000000 1 1
2298 LN -1 -1 -1 -1.000000 1 1
2299 LN -1 -1 -1 -1.000000 1 0
2300 LN -1 -1 -1 -1.000000 1 1
2301 IN 2302 2345 4 0.500000 9 1
2302 IN 2303 2314 7 0.500000 8 1
2303 IN 2304 2305 15 0.500000 5 1
2304 LN -1 -1 -1 -1.000000 1 1
2305 IN 2306 2311 10 0.500000 4 1
2306 IN 2307 2308 3 0.500000 3 1
2307 LN -1 -1 -1 -1.000000 1 1
2308 IN 2309 2310 13 0.500000 2 1
2309 LN -1 -1 -1 -1.000000 1 1
2310 LN -1 -1 -1 -1.000000 1 1
2311 IN 2312 2313 3 0.500000 2 1
2312 LN -1 -1 -1 -1.000000 1 0
2313 LN -1 -1 -1 -1.000000 1 1
2314 IN 2315 2316 15 0.500000 7 1
2315 LN -1 -1 -1 -1.000000 1 1
2316 IN 2317 2328 10 0.500000 6 1
2317 IN 2318 2325 13 0.500000 5 1
2318 IN 2319 2320 3 0.500000 4 1
2319 LN -1 -1 -1 -1.000000 1 1
2320 IN 2321 2324 16 0.500000 3 1
2321 IN 2322 2323 6 0.500000 2 1
2322 LN -1 -1 -1 -1.000000 1 1
2323 LN -1 -1 -1 -1.000000 1 1
2324 LN -1 -1 -1 -1.000000 1 1
2325 IN 2326 2327 6 0.500000 2 1
2326 LN -1 -1 -1 -1.000000 1 1
2327 LN -1 -1 -1 -1.000000 1 0
2328 IN 2329 2336 13 0.500000 5 1
2329 IN 2330 2331 3 0.500000 4 1
2330 LN -1 -1 -1 -1.000000 1 1
2331 IN 2332 2335 6 0.500000 3 1
2332 IN 2333 2334 16 0.500000 2 1
2333 LN -1 -1 -1 -1.000000 1 1
2334 LN -1 -1 -1 -1.000000 1 1
2335 LN -1 -1 -1 -1.000000 1 1
2336 IN 2337 2338 16 0.500000 4 1
2337 LN -1 -1 -1 -1.000000 1 1
2338 IN 2339 2342 3 0.500000 3 1
2339 IN 2340 2341 6 0.500000 2 0
2340 LN -1 -1 -1 -1.000000 1 1
2341 LN -1 -1 -1 -1.000000 1 0
2342 IN 2343 2344 6 0.500000 2 1
2343 LN -1 -1 -1 -1.000000 1 1
2344 LN -1 -1 -1 -1.000000 1 1
2345 IN 2346 2353 10 0.500000 7 1
2346 IN 2347 2348 7 0.500000 4 1
2347 LN -1 -1 -1 -1.000000 1 1
2348 IN 2349 2350 6 0.500000 3 1
2349 LN -1 -1 -1 -1.000000 1 1
2350 IN 2351 2352 16 0.500000 2 0
2351 LN -1 -1 -1 -1.000000 1 1
2352 LN -1 -1 -1 -1.000000 1 0
2353 IN 2354 2355 7 0.500000 6 1
2354 LN -1 -1 -1 -1.000000 1 1
2355 IN 2356 2363 16 0.500000 5 1
2356 IN 2357 2358 15 0.500000 4 1
2357 LN -1 -1 -1 -1.000000 1 1
2358 IN 2359 2360 6 0.500000 3 1
2359 LN -1 -1 -1 -1.000000 1 1
2360 IN 2361 2362 13 0.500000 2 1
2361 LN -1 -1 -1 -1.000000 1 1
2362 LN -1 -1 -1 -1.000000 1 1
2363 LN -1 -1 -1 -1.000000 1 1
2364 IN 2365 2706 4 0.500000 13 1
2365 IN 2366 2417 5 0.500000 12 1
2366 IN 2367 2398 12 0.500000 8 1
2367 IN 2368 2371 8 0.500000 7 0
2368 IN 2369 2370 3 0.500000 2 1
2369 LN -1 -1 -1 -1.000000 1 1
2370 LN -1 -1 -1 -1.000000 1 0
2371 IN 2372 2383 7 0.500000 6 0
2372 IN 2373 2378 13 0.500000 4 0
2373 IN 2374 2375 10 0.500000 3 0
2374 LN -1 -1 -1 -1.000000 1 0
2375 IN 2376 2377 16 0.500000 2 1
2376 LN -1 -1 -1 -1.000000 1 0
2377 LN -1 -1 -1 -1.000000 1 1
2378 IN 2379 2382 16 0.500000 3 0
2379 IN 2380 2381 10 0.500000 2 0
2380 LN -1 -1 -1 -1.000000 1 1
2381 LN -1 -1 -1 -1.000000 1 0
2382 LN -1 -1 -1 -1.000000 1 0
2383 IN 2384 2387 10 0.500000 5 1
2384 IN 2385 2386 13 0.500000 2 0
2385 LN -1 -1 -1 -1.000000 1 1
2386 LN -1 -1 -1 -1.000000 1 0
2387 IN 2388 2391 13 0.500000 4 1
2388 IN 2389 2390 16 0.500000 2 0
2389 LN -1 -1 -1 -1.000000 1 0
2390 LN -1 -1 -1 -1.000000 1 0
2391 IN 2392 2395 16 0.500000 3 1
2392 IN 2393 2394 3 0.500000 2 1
2393 LN -1 -1 -1 -1.000000 1 1
2394 LN -1 -1 -1 -1.000000 1 0
2395 IN 2396 2397 3 0.500000 2 1
2396 LN -1 -1 -1 -1.000000 1 1
2397 LN -1 -1 -1 -1.000000 1 1
2398 IN 2399 2408 7 0.500000 6 1
2399 IN 2400 2401 15 0.500000 5 1
2400 LN -1 -1 -1 -1.000000 1 1
2401 IN 2402 2407 16 0.500000 4 1
2402 IN 2403 2404 13 0.500000 3 1
2403 LN -1 -1 -1 -1.000000 1 1
2404 IN 2405 2406 10 0.500000 2 1
2405 LN -1 -1 -1 -1.000000 1 0
2406 LN -1 -1 -1 -1.000000 1 1
2407 LN -1 -1 -1 -1.000000 1 1
2408 IN 2409 2416 3 0.500000 4 1
2409 IN 2410 2413 10 0.500000 3 1
2410 IN 2411 2412 13 0.500000 2 1
2411 LN -1 -1 -1 -1.000000 1 0
2412 LN -1 -1 -1 -1.000000 1 1
2413 IN 2414 2415 13 0.500000 2 1
2414 LN -1 -1 -1 -1.000000 1 0
2415 LN -1 -1 -1 -1.000000 1 1
2416 LN -1 -1 -1 -1.000000 1 1
2417 IN 2418 2607 16 0.500000 11 1
2418 IN 2419 2496 8 0.500000 10 1
2419 IN 2420 2427 9 0.500000 9 1
2420 IN 2421 2422 10 0.500000 4 1
2421 LN -1 -1 -1 -1.000000 1 0
2422 IN 2423 2426 3 0.500000 3 1
2423 IN 2424 2425 12 0.500000 2 1
2424 LN -1 -1 -1 -1.000000 1 1
2425 LN -1 -1 -1 -1.000000 1 1
2426 LN -1 -1 -1 -1.000000 1 1
2427 IN 2428 2433 15 0.500000 8 1
2428 IN 2429 2432 10 0.500000 3 0
2429 IN 2430 2431 12 0.500000 2 0
2430 LN -1 -1 -1 -1.000000 1 1
2431 LN -1 -1 -1 -1.000000 1 0
2432 LN -1 -1 -1 -1.000000 1 0
2433 IN 2434 2457 13 0.500000 7 1
2434 IN 2435 2452 6 0.500000 6 1
2435 IN 2436 2445 10 0.500000 5 1
2436 IN 2437 2440 7 0.500000 4 1
2437 IN 2438 2439 3 0.500000 2 1
2438 LN -1 -1 -1 -1.000000 1 1
2439 LN -1 -1 -1 -1.000000 1 0
2440 IN 2441 2442 3 0.500000 3 0
2441 LN -1 -1 -1 -1.000000 1 0
2442 IN 2443 2444 12 0.500000 2 1
2443 LN -1 -1 -1 -1.000000 1 1
2444 LN -1 -1 -1 -1.000000 1 0
2445 IN 2446 2451 3 0.500000 4 1
2446 IN 2447 2448 12 0.500000 3 1
2447 LN -1 -1 -1 -1.000000 1 1
2448 IN 2449 2450 7 0.500000 2 0
2449 LN -1 -1 -1 -1.000000 1 0
2450 LN -1 -1 -1 -1.000000 1 1
2451 LN -1 -1 -1 -1.000000 1 0
2452 IN 2453 2456 10 0.500000 3 1
2453 IN 2454 2455 12 0.500000 2 1
2454 LN -1 -1 -1 -1.000000 1 1
2455 LN -1 -1 -1 -1.000000 1 0
2456 LN -1 -1 -1 -1.000000 1 1
2457 IN 2458 2477 12 0.500000 6 1
2458 IN 2459 2472 6 0.500000 5 1
2459 IN 2460 2467 3 0.500000 4 1
2460 IN 2461 2464 10 0.500000 3 1
2461 IN 2462 2463 7 0.500000 2 0
2462 LN -1 -1 -1 -1.000000 1 0
2463 LN -1 -1 -1 -1.000000 1 0
2464 IN 2465 2466 7 0.500000 2 1
2465 LN -1 -1 -1 -1.000000 1 0
2466 LN -1 -1 -1 -1.000000 1 1
2467 IN 2468 2469 10 0.500000 3 1
2468 LN -1 -1 -1 -1.000000 1 0
2469 IN 2470 2471 7 0.500000 2 1
2470 LN -1 -1 -1 -1.000000 1 1
2471 LN -1 -1 -1 -1.000000 1 1
2472 IN 2473 2474 3 0.500000 3 0
2473 LN -1 -1 -1 -1.000000 1 0
2474 IN 2475 2476 10 0.500000 2 0
2475 LN -1 -1 -1 -1.000000 1 1
2476 LN -1 -1 -1 -1.000000 1 0
2477 IN 2478 2489 3 0.500000 5 1
2478 IN 2479 2484 10 0.500000 4 0
2479 IN 2480 2481 7 0.500000 3 0
2480 LN -1 -1 -1 -1.000000 1 1
2481 IN 2482 2483 6 0.500000 2 0
2482 LN -1 -1 -1 -1.000000 1 0
2483 LN -1 -1 -1 -1.000000 1 0
2484 IN 2485 2488 6 0.500000 3 0
2485 IN 2486 2487 7 0.500000 2 0
2486 LN -1 -1 -1 -1.000000 1 1
2487 LN -1 -1 -1 -1.000000 1 0
2488 LN -1 -1 -1 -1.000000 1 1
2489 IN 2490 2493 10 0.500000 3 1
2490 IN 2491 2492 6 0.500000 2 1
2491 LN -1 -1 -1 -1.000000 1 1
2492 LN -1 -1 -1 -1.000000 1 0
2493 IN 2494 2495 6 0.500000 2 1
2494 LN -1 -1 -1 -1.000000 1 1
2495 LN -1 -1 -1 -1.000000 1 1
2496 IN 2497 2522 15 0.500000 8 1
2497 IN 2498 2521 6 0.500000 7 1
2498 IN 2499 2510 10 0.500000 6 1
2499 IN 2500 2501 7 0.500000 5 0
2500 LN -1 -1 -1 -1.000000 1 0
2501 IN 2502 2509 3 0.500000 4 1
2502 IN 2503 2506 13 0.500000 3 1
2503 IN 2504 2505 12 0.500000 2 1
2504 LN -1 -1 -1 -1.000000 1 1
2505 LN -1 -1 -1 -1.000000 1 1
2506 IN 2507 2508 12 0.500000 2 1
2507 LN -1 -1 -1 -1.000000 1 1
2508 LN -1 -1 -1 -1.000000 1 0
2509 LN -1 -1 -1 -1.000000 1 0
2510 IN 2511 2518 12 0.500000 5 1
2511 IN 2512 2517 3 0.500000 4 1
2512 IN 2513 2514 13 0.500000 3 0
2513 LN -1 -1 -1 -1.000000 1 1
2514 IN 2515 2516 7 0.500000 2 0
2515 LN -1 -1 -1 -1.000000 1 0
2516 LN -1 -1 -1 -1.000000 1 1
2517 LN -1 -1 -1 -1.000000 1 1
2518 IN 2519 2520 7 0.500000 2 1
2519 LN -1 -1 -1 -1.000000 1 0
2520 LN -1 -1 -1 -1.000000 1 1
2521 LN -1 -1 -1 -1.000000 1 1
2522 IN 2523 2546 7 0.500000 7 1
2523 IN 2524 2539 3 0.500000 5 1
2524 IN 2525 2532 12 0.500000 4 1
2525 IN 2526 2529 13 0.500000 3 0
2526 IN 2527 2528 10 0.500000 2 0
2527 LN -1 -1 -1 -1.000000 1 0
2528 LN -1 -1 -1 -1.000000 1 0
2529 IN 2530 2531 10 0.500000 2 1
2530 LN -1 -1 -1 -1.000000 1 0
2531 LN -1 -1 -1 -1.000000 1 1
2532 IN 2533 2536 10 0.500000 3 1
2533 IN 2534 2535 13 0.500000 2 1
2534 LN -1 -1 -1 -1.000000 1 0
2535 LN -1 -1 -1 -1.000000 1 1
2536 IN 2537 2538 13 0.500000 2 1
2537 LN -1 -1 -1 -1.000000 1 1
2538 LN -1 -1 -1 -1.000000 1 1
2539 IN 2540 2545 13 0.500000 4 1
2540 IN 2541 2544 12 0.500000 3 1
2541 IN 2542 2543 10 0.500000 2 1
2542 LN -1 -1 -1 -1.000000 1 0
2543 LN -1 -1 -1 -1.000000 1 1
2544 LN -1 -1 -1 -1.000000 1 1
2545 LN -1 -1 -1 -1.000000 1 1
2546 IN 2547 2578 6 0.500000 6 1
2547 IN 2548 2563 12 0.500000 5 1
2548 IN 2549 2556 10 0.500000 4 1
2549 IN 2550 2553 13 0.500000 3 1
2550 IN 2551 2552 3 0.500000 2 1
2551 LN -1 -1 -1 -1.000000 1 1
2552 LN -1 -1 -1 -1.000000 1 1
2553 IN 2554 2555 3 0.500000 2 1
2554 LN -1 -1 -1 -1.000000 1 1
2555 LN -1 -1 -1 -1.000000 1 0
2556 IN 2557 2560 13 0.500000 3 1
2557 IN 2558 2559 3 0.500000 2 1
2558 LN -1 -1 -1 -1.000000 1 1
2559 LN -1 -1 -1 -1.000000 1 1
2560 IN 2561 2562 3 0.500000 2 1
2561 LN -1 -1 -1 -1.000000 1 1
2562 LN -1 -1 -1 -1.000000 1 1
2563 IN 2564 2571 10 0.500000 4 1
2564 IN 2565 2568 13 0.500000 3 1
2565 IN 2566 2567 3 0.500000 2 1
2566 LN -1 -1 -1 -1.000000 1 1
2567 LN -1 -1 -1 -1.000000 1 1
2568 IN 2569 2570 3 0.500000 2 1
2569 LN -1 -1 -1 -1.000000 1 1
2570 LN -1 -1 -1 -1.000000 1 1
2571 IN 2572 2575 13 0.500000 3 1
2572 IN 2573 2574 3 0.500000 2 1
2573 LN -1 -1 -1 -1.000000 1 1
2574 LN -1 -1 -1 -1.000000 1 1
2575 IN 2576 2577 3 0.500000 2 1
2576 LN -1 -1 -1 -1.000000 1 1
2577 LN -1 -1 -1 -1.000000 1 1
2578 IN 2579 2592 12 0.500000 5 1
2579 IN 2580 2585 3 0.500000 4 1
2580 IN 2581 2582 10 0.500000 3 1
2581 LN -1 -1 -1 -1.000000 1 1
2582 IN 2583 2584 13 0.500000 2 1
2583 LN -1 -1 -1 -1.000000 1 1
2584 LN -1 -1 -1 -1.000000 1 1
2585 IN 2586 2589 13 0.500000 3 1
2586 IN 2587 2588 10 0.500000 2 1
2587 LN -1 -1 -1 -1.000000 1 0
2588 LN -1 -1 -1 -1.000000 1 1
2589 IN 2590 2591 10 0.500000 2 1
2590 LN -1 -1 -1 -1.000000 1 1
2591 LN -1 -1 -1 -1.000000 1 1
2592 IN 2593 2600 3 0.500000 4 1
2593 IN 2594 2597 13 0.500000 3 1
2594 IN 2595 2596 10 0.500000 2 1
2595 LN -1 -1 -1 -1.000000 1 1
2596 LN -1 -1 -1 -1.000000 1 0
2597 IN 2598 2599 10 0.500000 2 1
2598 LN -1 -1 -1 -1.000000 1 1
2599 LN -1 -1 -1 -1.000000 1 1
2600 IN 2601 2604 13 0.500000 3 1
2601 IN 2602 2603 10 0.500000 2 1
2602 LN -1 -1 -1 -1.000000 1 1
2603 LN -1 -1 -1 -1.000000 1 1
2604 IN 2605 2606 10 0.500000 2 1
2605 LN -1 -1 -1 -1.000000 1 1
2606 LN -1 -1 -1 -1.000000 1 1
2607 IN 2608 2639 13 0.500000 9 1
2608 IN 2609 2610 15 0.500000 8 1
2609 LN -1 -1 -1 -1.000000 1 1
2610 IN 2611 2616 8 0.500000 7 1
2611 IN 2612 2615 12 0.500000 3 1
2612 IN 2613 2614 6 0.500000 2 1
2613 LN -1 -1 -1 -1.000000 1 0
2614 LN -1 -1 -1 -1.000000 1 1
2615 LN -1 -1 -1 -1.000000 1 1
2616 IN 2617 2630 3 0.500000 6 1
2617 IN 2618 2621 7 0.500000 5 1
2618 IN 2619 2620 12 0.500000 2 1
2619 LN -1 -1 -1 -1.000000 1 0
2620 LN -1 -1 -1 -1.000000 1 1
2621 IN 2622 2627 12 0.500000 4 1
2622 IN 2623 2626 6 0.500000 3 1
2623 IN 2624 2625 10 0.500000 2 1
2624 LN -1 -1 -1 -1.000000 1 0
2625 LN -1 -1 -1 -1.000000 1 1
2626 LN -1 -1 -1 -1.000000 1 1
2627 IN 2628 2629 10 0.500000 2 1
2628 LN -1 -1 -1 -1.000000 1 1
2629 LN -1 -1 -1 -1.000000 1 1
2630 IN 2631 2636 6 0.500000 4 1
2631 IN 2632 2633 10 0.500000 3 1
2632 LN -1 -1 -1 -1.000000 1 1
2633 IN 2634 2635 12 0.500000 2 1
2634 LN -1 -1 -1 -1.000000 1 1
2635 LN -1 -1 -1 -1.000000 1 1
2636 IN 2637 2638 12 0.500000 2 0
2637 LN -1 -1 -1 -1.000000 1 0
2638 LN -1 -1 -1 -1.000000 1 1
2639 IN 2640 2665 10 0.500000 8 1
2640 IN 2641 2650 3 0.500000 6 1
2641 IN 2642 2645 7 0.500000 4 1
2642 IN 2643 2644 12 0.500000 2 1
2643 LN -1 -1 -1 -1.000000 1 1
2644 LN -1 -1 -1 -1.000000 1 1
2645 IN 2646 2649 8 0.500000 3 1
2646 IN 2647 2648 12 0.500000 2 0
2647 LN -1 -1 -1 -1.000000 1 0
2648 LN -1 -1 -1 -1.000000 1 0
2649 LN -1 -1 -1 -1.000000 1 1
2650 IN 2651 2660 12 0.500000 5 0
2651 IN 2652 2653 15 0.500000 4 0
2652 LN -1 -1 -1 -1.000000 1 1
2653 IN 2654 2657 6 0.500000 3 0
2654 IN 2655 2656 8 0.500000 2 0
2655 LN -1 -1 -1 -1.000000 1 0
2656 LN -1 -1 -1 -1.000000 1 0
2657 IN 2658 2659 8 0.500000 2 1
2658 LN -1 -1 -1 -1.000000 1 0
2659 LN -1 -1 -1 -1.000000 1 1
2660 IN 2661 2664 6 0.500000 3 1
2661 IN 2662 2663 8 0.500000 2 1
2662 LN -1 -1 -1 -1.000000 1 1
2663 LN -1 -1 -1 -1.000000 1 1
2664 LN -1 -1 -1 -1.000000 1 1
2665 IN 2666 2685 3 0.500000 7 1
2666 IN 2667 2672 7 0.500000 6 1
2667 IN 2668 2671 12 0.500000 3 1
2668 IN 2669 2670 8 0.500000 2 0
2669 LN -1 -1 -1 -1.000000 1 1
2670 LN -1 -1 -1 -1.000000 1 0
2671 LN -1 -1 -1 -1.000000 1 1
2672 IN 2673 2676 8 0.500000 5 1
2673 IN 2674 2675 12 0.500000 2 1
2674 LN -1 -1 -1 -1.000000 1 1
2675 LN -1 -1 -1 -1.000000 1 1
2676 IN 2677 2678 15 0.500000 4 1
2677 LN -1 -1 -1 -1.000000 1 1
2678 IN 2679 2682 12 0.500000 3 1
2679 IN 2680 2681 6 0.500000 2 1
2680 LN -1 -1 -1 -1.000000 1 1
2681 LN -1 -1 -1 -1.000000 1 1
2682 IN 2683 2684 6 0.500000 2 1
2683 LN -1 -1 -1 -1.000000 1 1
2684 LN -1 -1 -1 -1.000000 1 1
2685 IN 2686 2691 7 0.500000 5 1
2686 IN 2687 2688 8 0.500000 3 1
2687 LN -1 -1 -1 -1.000000 1 1
2688 IN 2689 2690 12 0.500000 2 1
2689 LN -1 -1 -1 -1.000000 1 1
2690 LN -1 -1 -1 -1.000000 1 1
2691 IN 2692 2699 12 0.500000 4 1
2692 IN 2693 2696 8 0.500000 3 1
2693 IN 2694 2695 6 0.500000 2 1
2694 LN -1 -1 -1 -1.000000 1 0
2695 LN -1 -1 -1 -1.000000 1 1
2696 IN 2697 2698 6 0.500000 2 1
2697 LN -1 -1 -1 -1.000000 1 1
2698 LN -1 -1 -1 -1.000000 1 1
2699 IN 2700 2703 6 0.500000 3 1
2700 IN 2701 2702 8 0.500000 2 1
2701 LN -1 -1 -1 -1.000000 1 1
2702 LN -1 -1 -1 -1.000000 1 1
2703 IN 2704 2705 8 0.500000 2 1
2704 LN -1 -1 -1 -1.000000 1 1
2705 LN -1 -1 -1 -1.000000 1 1
2706 IN 2707 2866 12 0.500000 11 1
2707 IN 2708 2799 3 0.500000 10 1
2708 IN 2709 2730 15 0.500000 9 1
2709 IN 2710 2721 7 0.500000 6 1
2710 IN 2711 2714 8 0.500000 4 1
2711 IN 2712 2713 16 0.500000 2 0
2712 LN -1 -1 -1 -1.000000 1 1
2713 LN -1 -1 -1 -1.000000 1 0
2714 IN 2715 2718 10 0.500000 3 1
2715 IN 2716 2717 16 0.500000 2 0
2716 LN -1 -1 -1 -1.000000 1 1
2717 LN -1 -1 -1 -1.000000 1 0
2718 IN 2719 2720 16 0.500000 2 1
2719 LN -1 -1 -1 -1.000000 1 1
2720 LN -1 -1 -1 -1.000000 1 1
2721 IN 2722 2723 13 0.500000 5 1
2722 LN -1 -1 -1 -1.000000 1 1
2723 IN 2724 2729 16 0.500000 4 1
2724 IN 2725 2726 8 0.500000 3 1
2725 LN -1 -1 -1 -1.000000 1 1
2726 IN 2727 2728 10 0.500000 2 0
2727 LN -1 -1 -1 -1.000000 1 0
2728 LN -1 -1 -1 -1.000000 1 0
2729 LN -1 -1 -1 -1.000000 1 0
2730 IN 2731 2756 10 0.500000 8 1
2731 IN 2732 2749 16 0.500000 6 1
2732 IN 2733 2740 8 0.500000 5 1
2733 IN 2734 2739 6 0.500000 4 1
2734 IN 2735 2736 13 0.500000 3 1
2735 LN -1 -1 -1 -1.000000 1 1
2736 IN 2737 2738 7 0.500000 2 1
2737 LN -1 -1 -1 -1.000000 1 0
2738 LN -1 -1 -1 -1.000000 1 1
2739 LN -1 -1 -1 -1.000000 1 0
2740 IN 2741 2748 6 0.500000 4 1
2741 IN 2742 2745 7 0.500000 3 1
2742 IN 2743 2744 13 0.500000 2 1
2743 LN -1 -1 -1 -1.000000 1 0
2744 LN -1 -1 -1 -1.000000 1 1
2745 IN 2746 2747 13 0.500000 2 1
2746 LN -1 -1 -1 -1.000000 1 1
2747 LN -1 -1 -1 -1.000000 1 1
2748 LN -1 -1 -1 -1.000000 1 1
2749 IN 2750 2751 13 0.500000 4 1
2750 LN -1 -1 -1 -1.000000 1 0
2751 IN 2752 2753 8 0.500000 3 1
2752 LN -1 -1 -1 -1.000000 1 0
2753 IN 2754 2755 7 0.500000 2 1
2754 LN -1 -1 -1 -1.000000 1 1
2755 LN -1 -1 -1 -1.000000 1 1
2756 IN 2757 2772 13 0.500000 7 1
2757 IN 2758 2759 9 0.500000 6 1
2758 LN -1 -1 -1 -1.000000 1 1
2759 IN 2760 2767 16 0.500000 5 1
2760 IN 2761 2762 7 0.500000 4 1
2761 LN -1 -1 -1 -1.000000 1 1
2762 IN 2763 2766 6 0.500000 3 1
2763 IN 2764 2765 8 0.500000 2 1
2764 LN -1 -1 -1 -1.000000 1 1
2765 LN -1 -1 -1 -1.000000 1 1
2766 LN -1 -1 -1 -1.000000 1 1
2767 IN 2768 2769 8 0.500000 3 1
2768 LN -1 -1 -1 -1.000000 1 0
2769 IN 2770 2771 7 0.500000 2 1
2770 LN -1 -1 -1 -1.000000 1 1
2771 LN -1 -1 -1 -1.000000 1 1
2772 IN 2773 2782 7 0.500000 6 1
2773 IN 2774 2779 8 0.500000 4 1
2774 IN 2775 2778 9 0.500000 3 1
2775 IN 2776 2777 16 0.500000 2 0
2776 LN -1 -1 -1 -1.000000 1 1
2777 LN -1 -1 -1 -1.000000 1 0
2778 LN -1 -1 -1 -1.000000 1 1
2779 IN 2780 2781 16 0.500000 2 1
2780 LN -1 -1 -1 -1.000000 1 1
2781 LN -1 -1 -1 -1.000000 1 1
2782 IN 2783 2794 6 0.500000 5 1
2783 IN 2784 2789 16 0.500000 4 1
2784 IN 2785 2786 9 0.500000 3 1
2785 LN -1 -1 -1 -1.000000 1 0
2786 IN 2787 2788 8 0.500000 2 1
2787 LN -1 -1 -1 -1.000000 1 0
2788 LN -1 -1 -1 -1.000000 1 1
2789 IN 2790 2791 9 0.500000 3 1
2790 LN -1 -1 -1 -1.000000 1 0
2791 IN 2792 2793 8 0.500000 2 1
2792 LN -1 -1 -1 -1.000000 1 1
2793 LN -1 -1 -1 -1.000000 1 1
2794 IN 2795 2796 16 0.500000 3 1
2795 LN -1 -1 -1 -1.000000 1 1
2796 IN 2797 2798 8 0.500000 2 1
2797 LN -1 -1 -1 -1.000000 1 0
2798 LN -1 -1 -1 -1.000000 1 1
2799 IN 2800 2819 13 0.500000 8 1
2800 IN 2801 2802 15 0.500000 6 1
2801 LN -1 -1 -1 -1.000000 1 0
2802 IN 2803 2808 8 0.500000 5 1
2803 IN 2804 2807 6 0.500000 3 1
2804 IN 2805 2806 10 0.500000 2 1
2805 LN -1 -1 -1 -1.000000 1 1
2806 LN -1 -1 -1 -1.000000 1 0
2807 LN -1 -1 -1 -1.000000 1 1
2808 IN 2809 2814 6 0.500000 4 1
2809 IN 2810 2811 10 0.500000 3 1
2810 LN -1 -1 -1 -1.000000 1 1
2811 IN 2812 2813 16 0.500000 2 1
2812 LN -1 -1 -1 -1.000000 1 1
2813 LN -1 -1 -1 -1.000000 1 1
2814 IN 2815 2818 16 0.500000 3 1
2815 IN 2816 2817 10 0.500000 2 1
2816 LN -1 -1 -1 -1.000000 1 1
2817 LN -1 -1 -1 -1.000000 1 1
2818 LN -1 -1 -1 -1.000000 1 1
2819 IN 2820 2841 16 0.500000 7 1
2820 IN 2821 2832 8 0.500000 6 1
2821 IN 2822 2829 10 0.500000 5 1
2822 IN 2823 2824 7 0.500000 4 1
2823 LN -1 -1 -1 -1.000000 1 1
2824 IN 2825 2826 9 0.500000 3 1
2825 LN -1 -1 -1 -1.000000 1 0
2826 IN 2827 2828 6 0.500000 2 1
2827 LN -1 -1 -1 -1.000000 1 1
2828 LN -1 -1 -1 -1.000000 1 1
2829 IN 2830 2831 6 0.500000 2 1
2830 LN -1 -1 -1 -1.000000 1 1
2831 LN -1 -1 -1 -1.000000 1 1
2832 IN 2833 2838 10 0.500000 4 1
2833 IN 2834 2835 15 0.500000 3 1
2834 LN -1 -1 -1 -1.000000 1 1
2835 IN 2836 2837 6 0.500000 2 1
2836 LN -1 -1 -1 -1.000000 1 1
2837 LN -1 -1 -1 -1.000000 1 1
2838 IN 2839 2840 6 0.500000 2 1
2839 LN -1 -1 -1 -1.000000 1 1
2840 LN -1 -1 -1 -1.000000 1 1
2841 IN 2842 2855 8 0.500000 6 1
2842 IN 2843 2850 6 0.500000 5 1
2843 IN 2844 2845 10 0.500000 4 1
2844 LN -1 -1 -1 -1.000000 1 1
2845 IN 2846 2847 9 0.500000 3 1
2846 LN -1 -1 -1 -1.000000 1 0
2847 IN 2848 2849 7 0.500000 2 1
2848 LN -1 -1 -1 -1.000000 1 1
2849 LN -1 -1 -1 -1.000000 1 1
2850 IN 2851 2852 9 0.500000 3 1
2851 LN -1 -1 -1 -1.000000 1 0
2852 IN 2853 2854 10 0.500000 2 1
2853 LN -1 -1 -1 -1.000000 1 0
2854 LN -1 -1 -1 -1.000000 1 1
2855 IN 2856 2863 6 0.500000 4 1
2856 IN 2857 2860 7 0.500000 3 1
2857 IN 2858 2859 10 0.500000 2 0
2858 LN -1 -1 -1 -1.000000 1 1
2859 LN -1 -1 -1 -1.000000 1 0
2860 IN 2861 2862 10 0.500000 2 1
2861 LN -1 -1 -1 -1.000000 1 1
2862 LN -1 -1 -1 -1.000000 1 1
2863 IN 2864 2865 10 0.500000 2 1
2864 LN -1 -1 -1 -1.000000 1 1
2865 LN -1 -1 -1 -1.000000 1 1
2866 IN 2867 2926 3 0.500000 9 1
2867 IN 2868 2887 8 0.500000 8 1
2868 IN 2869 2870 13 0.500000 6 1
2869 LN -1 -1 -1 -1.000000 1 1
2870 IN 2871 2882 6 0.500000 5 1
2871 IN 2872 2877 7 0.500000 4 1
2872 IN 2873 2874 10 0.500000 3 0
2873 LN -1 -1 -1 -1.000000 1 0
2874 IN 2875 2876 16 0.500000 2 0
2875 LN -1 -1 -1 -1.000000 1 1
2876 LN -1 -1 -1 -1.000000 1 0
2877 IN 2878 2879 10 0.500000 3 1
2878 LN -1 -1 -1 -1.000000 1 1
2879 IN 2880 2881 16 0.500000 2 1
2880 LN -1 -1 -1 -1.000000 1 1
2881 LN -1 -1 -1 -1.000000 1 1
2882 IN 2883 2884 10 0.500000 3 1
2883 LN -1 -1 -1 -1.000000 1 1
2884 IN 2885 2886 16 0.500000 2 0
2885 LN -1 -1 -1 -1.000000 1 0
2886 LN -1 -1 -1 -1.000000 1 1
2887 IN 2888 2895 15 0.500000 7 1
2888 IN 2889 2892 7 0.500000 3 0
2889 IN 2890 2891 16 0.500000 2 0
2890 LN -1 -1 -1 -1.000000 1 0
2891 LN -1 -1 -1 -1.000000 1 0
2892 IN 2893 2894 16 0.500000 2 0
2893 LN -1 -1 -1 -1.000000 1 1
2894 LN -1 -1 -1 -1.000000 1 0
2895 IN 2896 2907 10 0.500000 6 1
2896 IN 2897 2906 16 0.500000 5 1
2897 IN 2898 2903 6 0.500000 4 1
2898 IN 2899 2900 13 0.500000 3 1
2899 LN -1 -1 -1 -1.000000 1 1
2900 IN 2901 2902 7 0.500000 2 1
2901 LN -1 -1 -1 -1.000000 1 1
2902 LN -1 -1 -1 -1.000000 1 1
2903 IN 2904 2905 13 0.500000 2 1
2904 LN -1 -1 -1 -1.000000 1 0
2905 LN -1 -1 -1 -1.000000 1 1
2906 LN -1 -1 -1 -1.000000 1 1
2907 IN 2908 2921 6 0.500000 5 1
2908 IN 2909 2914 7 0.500000 4 1
2909 IN 2910 2911 13 0.500000 3 1
2910 LN -1 -1 -1 -1.000000 1 1
2911 IN 2912 2913 16 0.500000 2 1
2912 LN -1 -1 -1 -1.000000 1 1
2913 LN -1 -1 -1 -1.000000 1 1
2914 IN 2915 2918 16 0.500000 3 1
2915 IN 2916 2917 13 0.500000 2 1
2916 LN -1 -1 -1 -1.000000 1 1
2917 LN -1 -1 -1 -1.000000 1 1
2918 IN 2919 2920 13 0.500000 2 1
2919 LN -1 -1 -1 -1.000000 1 1
2920 LN -1 -1 -1 -1.000000 1 1
2921 IN 2922 2923 16 0.500000 3 1
2922 LN -1 -1 -1 -1.000000 1 1
2923 IN 2924 2925 13 0.500000 2 1
2924 LN -1 -1 -1 -1.000000 1 1
2925 LN -1 -1 -1 -1.000000 1 1
2926 IN 2927 2944 13 0.500000 8 1
2927 IN 2928 2933 10 0.500000 6 1
2928 IN 2929 2930 8 0.500000 3 1
2929 LN -1 -1 -1 -1.000000 1 1
2930 IN 2931 2932 6 0.500000 2 1
2931 LN -1 -1 -1 -1.000000 1 1
2932 LN -1 -1 -1 -1.000000 1 1
2933 IN 2934 2941 6 0.500000 5 1
2934 IN 2935 2940 16 0.500000 4 1
2935 IN 2936 2937 7 0.500000 3 1
2936 LN -1 -1 -1 -1.000000 1 1
2937 IN 2938 2939 8 0.500000 2 1
2938 LN -1 -1 -1 -1.000000 1 1
2939 LN -1 -1 -1 -1.000000 1 1
2940 LN -1 -1 -1 -1.000000 1 1
2941 IN 2942 2943 16 0.500000 2 1
2942 LN -1 -1 -1 -1.000000 1 1
2943 LN -1 -1 -1 -1.000000 1 1
2944 IN 2945 2960 8 0.500000 7 1
2945 IN 2946 2949 7 0.500000 6 1
2946 IN 2947 2948 16 0.500000 2 1
2947 LN -1 -1 -1 -1.000000 1 1
2948 LN -1 -1 -1 -1.000000 1 1
2949 IN 2950 2951 6 0.500000 5 1
2950 LN -1 -1 -1 -1.000000 1 1
2951 IN 2952 2953 9 0.500000 4 1
2952 LN -1 -1 -1 -1.000000 1 1
2953 IN 2954 2957 16 0.500000 3 1
2954 IN 2955 2956 10 0.500000 2 1
2955 LN -1 -1 -1 -1.000000 1 1
2956 LN -1 -1 -1 -1.000000 1 1
2957 IN 2958 2959 10 0.500000 2 1
2958 LN -1 -1 -1 -1.000000 1 1
2959 LN -1 -1 -1 -1.000000 1 1
2960 IN 2961 2974 6 0.500000 5 1
2961 IN 2962 2967 10 0.500000 4 1
2962 IN 2963 2964 7 0.500000 3 1
2963 LN -1 -1 -1 -1.000000 1 1
2964 IN 2965 2966 16 0.500000 2 1
2965 LN -1 -1 -1 -1.000000 1 1
2966 LN -1 -1 -1 -1.000000 1 1
2967 IN 2968 2971 7 0.500000 3 1
2968 IN 2969 2970 16 0.500000 2 1
2969 LN -1 -1 -1 -1.000000 1 1
2970 LN -1 -1 -1 -1.000000 1 1
2971 IN 2972 2973 16 0.500000 2 1
2972 LN -1 -1 -1 -1.000000 1 1
2973 LN -1 -1 -1 -1.000000 1 1
2974 IN 2975 2978 10 0.500000 3 1
2975 IN 2976 2977 16 0.500000 2 1
2976 LN -1 -1 -1 -1.000000 1 1
2977 LN -1 -1 -1 -1.000000 1 1
2978 IN 2979 2980 16 0.500000 2 1
2979 LN -1 -1 -1 -1.000000 1 1
2980 LN -1 -1 -1 -1.000000 1 1

[TREE 5]
NB_NODES: 2991
0 IN 1 1540 1 0.500000 17 0
1 IN 2 949 12 0.500000 16 0
2 IN 3 662 4 0.500000 15 0
3 IN 4 309 2 0.500000 14 0
4 IN 5 268 16 0.500000 13 0
5 IN 6 235 13 0.500000 12 0
6 IN 7 182 8 0.500000 11 0
7 IN 8 83 9 0.500000 10 0
8 IN 9 42 15 0.500000 9 0
9 IN 10 39 6 0.500000 8 0
10 IN 11 32 3 0.500000 7 0
11 IN 12 19 5 0.500000 6 0
12 IN 13 14 11 0.500000 4 0
13 LN -1 -1 -1 -1.000000 1 0
14 IN 15 18 14 0.500000 3 0
15 IN 16 17 10 0.500000 2 0
16 LN -1 -1 -1 -1.000000 1 0
17 LN -1 -1 -1 -1.000000 1 1
18 LN -1 -1 -1 -1.000000 1 0
19 IN 20 25 7 0.500000 5 0
20 IN 21 24 10 0.500000 3 0
21 IN 22 23 11 0.500000 2 0
22 LN -1 -1 -1 -1.000000 1 0
23 LN -1 -1 -1 -1.000000 1 0
24 LN -1 -1 -1 -1.000000 1 0
25 IN 26 31 14 0.500000 4 0
26 IN 27 30 10 0.500000 3 0
27 IN 28 29 11 0.500000 2 0
28 LN -1 -1 -1 -1.000000 1 0
29 LN -1 -1 -1 -1.000000 1 0
30 LN -1 -1 -1 -1.000000 1 0
31 LN -1 -1 -1 -1.000000 1 0
32 IN 33 38 14 0.500000 4 0
33 IN 34 35 7 0.500000 3 0
34 LN -1 -1 -1 -1.000000 1 0
35 IN 36 37 10 0.500000 2 0
36 LN -1 -1 -1 -1.000000 1 0
37 LN -1 -1 -1 -1.000000 1 0
38 LN -1 -1 -1 -1.000000 1 0
39 IN 40 41 3 0.500000 2 0
40 LN -1 -1 -1 -1.000000 1 0
41 LN -1 -1 -1 -1.000000 1 0
42 IN 43 52 5 0.500000 7 0
43 IN 44 51 10 0.500000 5 0
44 IN 45 50 3 0.500000 4 0
45 IN 46 49 7 0.500000 3 0
46 IN 47 48 14 0.500000 2 0
47 LN -1 -1 -1 -1.000000 1 0
48 LN -1 -1 -1 -1.000000 1 0
49 LN -1 -1 -1 -1.000000 1 0
50 LN -1 -1 -1 -1.000000 1 0
51 LN -1 -1 -1 -1.000000 1 0
52 IN 53 66 7 0.500000 6 0
53 IN 54 59 14 0.500000 4 0
54 IN 55 58 3 0.500000 3 0
55 IN 56 57 10 0.500000 2 0
56 LN -1 -1 -1 -1.000000 1 0
57 LN -1 -1 -1 -1.000000 1 0
58 LN -1 -1 -1 -1.000000 1 0
59 IN 60 63 10 0.500000 3 0
60 IN 61 62 3 0.500000 2 0
61 LN -1 -1 -1 -1.000000 1 0
62 LN -1 -1 -1 -1.000000 1 0
63 IN 64 65 3 0.500000 2 0
64 LN -1 -1 -1 -1.000000 1 0
65 LN -1 -1 -1 -1.000000 1 0
66 IN 67 82 6 0.500000 5 0
67 IN 68 75 10 0.500000 4 0
68 IN 69 72 14 0.500000 3 0
69 IN 70 71 3 0.500000 2 0
70 LN -1 -1 -1 -1.000000 1 0
71 LN -1 -1 -1 -1.000000 1 0
72 IN 73 74 3 0.500000 2 0
73 LN -1 -1 -1 -1.000000 1 0
74 LN -1 -1 -1 -1.000000 1 0
75 IN 76 79 14 0.500000 3 0
76 IN 77 78 3 0.500000 2 0
77 LN -1 -1 -1 -1.000000 1 0
78 LN -1 -1 -1 -1.000000 1 0
79 IN 80 81 3 0.500000 2 0
80 LN -1 -1 -1 -1.000000 1 0
81 LN -1 -1 -1 -1.000000 1 0
82 LN -1 -1 -1 -1.000000 1 0
83 IN 84 167 6 0.500000 9 0
84 IN 85 128 10 0.500000 8 0
85 IN 86 99 5 0.500000 7 0
86 IN 87 94 14 0.500000 5 0
87 IN 88 89 7 0.500000 4 0
88 LN -1 -1 -1 -1.000000 1 0
89 IN 90 93 15 0.500000 3 0
90 IN 91 92 3 0.500000 2 1
91 LN -1 -1 -1 -1.000000 1 1
92 LN -1 -1 -1 -1.000000 1 0
93 LN -1 -1 -1 -1.000000 1 0
94 IN 95 96 15 0.500000 3 0
95 LN -1 -1 -1 -1.000000 1 0
96 IN 97 98 7 0.500000 2 1
97 LN -1 -1 -1 -1.000000 1 0
98 LN -1 -1 -1 -1.000000 1 1
99 IN 100 117 7 0.500000 6 0
100 IN 101 112 3 0.500000 5 0
101 IN 102 107 15 0.500000 4 0
102 IN 103 104 11 0.500000 3 0
103 LN -1 -1 -1 -1.000000 1 0
104 IN 105 106 14 0.500000 2 0
105 LN -1 -1 -1 -1.000000 1 0
106 LN -1 -1 -1 -1.000000 1 0
107 IN 108 109 11 0.500000 3 0
108 LN -1 -1 -1 -1.000000 1 0
109 IN 110 111 14 0.500000 2 0
110 LN -1 -1 -1 -1.000000 1 0
111 LN -1 -1 -1 -1.000000 1 0
112 IN 113 116 14 0.500000 3 0
113 IN 114 115 15 0.500000 2 0
114 LN -1 -1 -1 -1.000000 1 0
115 LN -1 -1 -1 -1.000000 1 0
116 LN -1 -1 -1 -1.000000 1 0
117 IN 118 123 14 0.500000 4 0
118 IN 119 120 15 0.500000 3 0
119 LN -1 -1 -1 -1.000000 1 0
120 IN 121 122 3 0.500000 2 0
121 LN -1 -1 -1 -1.000000 1 0
122 LN -1 -1 -1 -1.000000 1 0
123 IN 124 125 15 0.500000 3 0
124 LN -1 -1 -1 -1.000000 1 1
125 IN 126 127 3 0.500000 2 0
126 LN -1 -1 -1 -1.000000 1 0
127 LN -1 -1 -1 -1.000000 1 0
128 IN 129 156 14 0.500000 6 0
129 IN 130 143 15 0.500000 5 0
130 IN 131 136 7 0.500000 4 0
131 IN 132 133 3 0.500000 3 0
132 LN -1 -1 -1 -1.000000 1 0
133 IN 134 135 5 0.500000 2 0
134 LN -1 -1 -1 -1.000000 1 0
135 LN -1 -1 -1 -1.000000 1 0
136 IN 137 140 5 0.500000 3 0
137 IN 138 139 3 0.500000 2 0
138 LN -1 -1 -1 -1.000000 1 0
139 LN -1 -1 -1 -1.000000 1 0
140 IN 141 142 3 0.500000 2 0
141 LN -1 -1 -1 -1.000000 1 0
142 LN -1 -1 -1 -1.000000 1 0
143 IN 144 149 7 0.500000 4 0
144 IN 145 146 5 0.500000 3 0
145 LN -1 -1 -1 -1.000000 1 0
146 IN 147 148 3 0.500000 2 0
147 LN -1 -1 -1 -1.000000 1 0
148 LN -1 -1 -1 -1.000000 1 0
149 IN 150 153 3 0.500000 3 0
150 IN 151 152 5 0.500000 2 0
151 LN -1 -1 -1 -1.000000 1 1
152 LN -1 -1 -1 -1.000000 1 0
153 IN 154 155 5 0.500000 2 0
154 LN -1 -1 -1 -1.000000 1 0
155 LN -1 -1 -1 -1.000000 1 0
156 IN 157 162 3 0.500000 4 0
157 IN 158 161 5 0.500000 3 0
158 IN 159 160 7 0.500000 2 0
159 LN -1 -1 -1 -1.000000 1 0
160 LN -1 -1 -1 -1.000000 1 0
161 LN -1 -1 -1 -1.000000 1 0
162 IN 163 164 7 0.500000 3 0
163 LN -1 -1 -1 -1.000000 1 0
164 IN 165 166 15 0.500000 2 0
165 LN -1 -1 -1 -1.000000 1 0
166 LN -1 -1 -1 -1.000000 1 0
167 IN 168 175 14 0.500000 4 0
168 IN 169 172 15 0.500000 3 0
169 IN 170 171 10 0.500000 2 0
170 LN -1 -1 -1 -1.000000 1 0
171 LN -1 -1 -1 -1.000000 1 0
172 IN 173 174 10 0.500000 2 0
173 LN -1 -1 -1 -1.000000 1 1
174 LN -1 -1 -1 -1.000000 1 0
175 IN 176 179 10 0.500000 3 0
176 IN 177 178 15 0.500000 2 1
177 LN -1 -1 -1 -1.000000 1 0
178 LN -1 -1 -1 -1.000000 1 1
179 IN 180 181 15 0.500000 2 0
180 LN -1 -1 -1 -1.000000 1 1
181 LN -1 -1 -1 -1.000000 1 0
182 IN 183 216 15 0.500000 8 0
183 IN 184 197 5 0.500000 7 0
184 IN 185 194 14 0.500000 6 0
185 IN 186 193 7 0.500000 5 0
186 IN 187 188 11 0.500000 4 0
187 LN -1 -1 -1 -1.000000 1 0
188 IN 189 192 3 0.500000 3 0
189 IN 190 191 10 0.500000 2 0
190 LN -1 -1 -1 -1.000000 1 0
191 LN -1 -1 -1 -1.000000 1 0
192 LN -1 -1 -1 -1.000000 1 0
193 LN -1 -1 -1 -1.000000 1 0
194 IN 195 196 10 0.500000 2 1
195 LN -1 -1 -1 -1.000000 1 1
196 LN -1 -1 -1 -1.000000 1 0
197 IN 198 205 10 0.500000 6 0
198 IN 199 200 3 0.500000 4 0
199 LN -1 -1 -1 -1.000000 1 0
200 IN 201 202 7 0.500000 3 0
201 LN -1 -1 -1 -1.000000 1 0
202 IN 203 204 6 0.500000 2 0
203 LN -1 -1 -1 -1.000000 1 0
204 LN -1 -1 -1 -1.000000 1 0
205 IN 206 213 14 0.500000 5 0
206 IN 207 212 6 0.500000 4 0
207 IN 208 211 3 0.500000 3 0
208 IN 209 210 7 0.500000 2 0
209 LN -1 -1 -1 -1.000000 1 1
210 LN -1 -1 -1 -1.000000 1 0
211 LN -1 -1 -1 -1.000000 1 0
212 LN -1 -1 -1 -1.000000 1 0
213 IN 214 215 7 0.500000 2 0
214 LN -1 -1 -1 -1.000000 1 1
215 LN -1 -1 -1 -1.000000 1 0
216 IN 217 224 5 0.500000 5 0
217 IN 218 219 7 0.500000 4 0
218 LN -1 -1 -1 -1.000000 1 0
219 IN 220 223 10 0.500000 3 0
220 IN 221 222 14 0.500000 2 0
221 LN -1 -1 -1 -1.000000 1 0
222 LN -1 -1 -1 -1.000000 1 0
223 LN -1 -1 -1 -1.000000 1 0
224 IN 225 230 14 0.500000 4 0
225 IN 226 229 3 0.500000 3 0
226 IN 227 228 7 0.500000 2 0
227 LN -1 -1 -1 -1.000000 1 0
228 LN -1 -1 -1 -1.000000 1 1
229 LN -1 -1 -1 -1.000000 1 0
230 IN 231 232 10 0.500000 3 0
231 LN -1 -1 -1 -1.000000 1 0
232 IN 233 234 3 0.500000 2 0
233 LN -1 -1 -1 -1.000000 1 0
234 LN -1 -1 -1 -1.000000 1 1
235 IN 236 255 10 0.500000 7 0
236 IN 237 238 5 0.500000 6 0
237 LN -1 -1 -1 -1.000000 1 0
238 IN 239 250 3 0.500000 5 0
239 IN 240 245 7 0.500000 4 0
240 IN 241 244 9 0.500000 3 0
241 IN 242 243 15 0.500000 2 0
242 LN -1 -1 -1 -1.000000 1 0
243 LN -1 -1 -1 -1.000000 1 0
244 LN -1 -1 -1 -1.000000 1 0
245 IN 246 249 9 0.500000 3 1
246 IN 247 248 15 0.500000 2 0
247 LN -1 -1 -1 -1.000000 1 1
248 LN -1 -1 -1 -1.000000 1 0
249 LN -1 -1 -1 -1.000000 1 1
250 IN 251 252 9 0.500000 3 0
251 LN -1 -1 -1 -1.000000 1 0
252 IN 253 254 7 0.500000 2 0
253 LN -1 -1 -1 -1.000000 1 1
254 LN -1 -1 -1 -1.000000 1 0
255 IN 256 261 9 0.500000 4 0
256 IN 257 258 5 0.500000 3 0
257 LN -1 -1 -1 -1.000000 1 0
258 IN 259 260 7 0.500000 2 0
259 LN -1 -1 -1 -1.000000 1 0
260 LN -1 -1 -1 -1.000000 1 0
261 IN 262 265 3 0.500000 3 0
262 IN 263 264 5 0.500000 2 0
263 LN -1 -1 -1 -1.000000 1 1
264 LN -1 -1 -1 -1.000000 1 0
265 IN 266 267 7 0.500000 2 0
266 LN -1 -1 -1 -1.000000 1 1
267 LN -1 -1 -1 -1.000000 1 0
268 IN 269 278 15 0.500000 10 0
269 IN 270 277 7 0.500000 5 0
270 IN 271 272 14 0.500000 4 0
271 LN -1 -1 -1 -1.000000 1 0
272 IN 273 274 10 0.500000 3 0
273 LN -1 -1 -1 -1.000000 1 0
274 IN 275 276 9 0.500000 2 0
275 LN -1 -1 -1 -1.000000 1 0
276 LN -1 -1 -1 -1.000000 1 1
277 LN -1 -1 -1 -1.000000 1 0
278 IN 279 308 6 0.500000 9 0
279 IN 280 281 14 0.500000 8 0
280 LN -1 -1 -1 -1.000000 1 0
281 IN 282 299 3 0.500000 7 0
282 IN 283 294 9 0.500000 6 0
283 IN 284 285 5 0.500000 5 0
284 LN -1 -1 -1 -1.000000 1 0
285 IN 286 291 7 0.500000 4 0
286 IN 287 288 10 0.500000 3 0
287 LN -1 -1 -1 -1.000000 1 0
288 IN 289 290 13 0.500000 2 0
289 LN -1 -1 -1 -1.000000 1 0
290 LN -1 -1 -1 -1.000000 1 0
291 IN 292 293 13 0.500000 2 0
292 LN -1 -1 -1 -1.000000 1 0
293 LN -1 -1 -1 -1.000000 1 0
294 IN 295 298 7 0.500000 3 1
295 IN 296 297 8 0.500000 2 0
296 LN -1 -1 -1 -1.000000 1 1
297 LN -1 -1 -1 -1.000000 1 0
298 LN -1 -1 -1 -1.000000 1 1
299 IN 300 307 9 0.500000 4 1
300 IN 301 304 7 0.500000 3 1
301 IN 302 303 13 0.500000 2 1
302 LN -1 -1 -1 -1.000000 1 1
303 LN -1 -1 -1 -1.000000 1 1
304 IN 305 306 13 0.500000 2 0
305 LN -1 -1 -1 -1.000000 1 1
306 LN -1 -1 -1 -1.000000 1 0
307 LN -1 -1 -1 -1.000000 1 1
308 LN -1 -1 -1 -1.000000 1 0
309 IN 310 417 15 0.500000 13 0
310 IN 311 312 9 0.500000 12 0
311 LN -1 -1 -1 -1.000000 1 0
312 IN 313 320 11 0.500000 11 0
313 IN 314 319 5 0.500000 4 0
314 IN 315 318 14 0.500000 3 0
315 IN 316 317 8 0.500000 2 0
316 LN -1 -1 -1 -1.000000 1 0
317 LN -1 -1 -1 -1.000000 1 0
318 LN -1 -1 -1 -1.000000 1 0
319 LN -1 -1 -1 -1.000000 1 0
320 IN 321 364 10 0.500000 10 0
321 IN 322 339 14 0.500000 8 0
322 IN 323 330 8 0.500000 5 0
323 IN 324 325 7 0.500000 4 0
324 LN -1 -1 -1 -1.000000 1 0
325 IN 326 329 6 0.500000 3 0
326 IN 327 328 3 0.500000 2 0
327 LN -1 -1 -1 -1.000000 1 0
328 LN -1 -1 -1 -1.000000 1 0
329 LN -1 -1 -1 -1.000000 1 0
330 IN 331 338 6 0.500000 4 0
331 IN 332 335 7 0.500000 3 0
332 IN 333 334 5 0.500000 2 0
333 LN -1 -1 -1 -1.000000 1 0
334 LN -1 -1 -1 -1.000000 1 0
335 IN 336 337 3 0.500000 2 0
336 LN -1 -1 -1 -1.000000 1 0
337 LN -1 -1 -1 -1.000000 1 0
338 LN -1 -1 -1 -1.000000 1 0
339 IN 340 353 3 0.500000 7 0
340 IN 341 348 7 0.500000 5 0
341 IN 342 343 13 0.500000 4 1
342 LN -1 -1 -1 -1.000000 1 1
343 IN 344 347 8 0.500000 3 1
344 IN 345 346 5 0.500000 2 1
345 LN -1 -1 -1 -1.000000 1 1
346 LN -1 -1 -1 -1.000000 1 1
347 LN -1 -1 -1 -1.000000 1 0
348 IN 349 350 8 0.500000 3 0
349 LN -1 -1 -1 -1.000000 1 0
350 IN 351 352 6 0.500000 2 0
351 LN -1 -1 -1 -1.000000 1 1
352 LN -1 -1 -1 -1.000000 1 0
353 IN 354 363 8 0.500000 6 0
354 IN 355 356 5 0.500000 5 0
355 LN -1 -1 -1 -1.000000 1 0
356 IN 357 362 16 0.500000 4 0
357 IN 358 359 7 0.500000 3 0
358 LN -1 -1 -1 -1.000000 1 0
359 IN 360 361 13 0.500000 2 0
360 LN -1 -1 -1 -1.000000 1 0
361 LN -1 -1 -1 -1.000000 1 1
362 LN -1 -1 -1 -1.000000 1 0
363 LN -1 -1 -1 -1.000000 1 0
364 IN 365 372 5 0.500000 9 0
365 IN 366 371 7 0.500000 4 0
366 IN 367 368 8 0.500000 3 0
367 LN -1 -1 -1 -1.000000 1 0
368 IN 369 370 13 0.500000 2 0
369 LN -1 -1 -1 -1.000000 1 0
370 LN -1 -1 -1 -1.000000 1 0
371 LN -1 -1 -1 -1.000000 1 0
372 IN 373 412 13 0.500000 8 0
373 IN 374 383 3 0.500000 7 0
374 IN 375 380 7 0.500000 4 0
375 IN 376 379 14 0.500000 3 0
376 IN 377 378 8 0.500000 2 0
377 LN -1 -1 -1 -1.000000 1 0
378 LN -1 -1 -1 -1.000000 1 0
379 LN -1 -1 -1 -1.000000 1 0
380 IN 381 382 8 0.500000 2 0
381 LN -1 -1 -1 -1.000000 1 0
382 LN -1 -1 -1 -1.000000 1 0
383 IN 384 401 14 0.500000 6 0
384 IN 385 396 16 0.500000 5 0
385 IN 386 391 8 0.500000 4 0
386 IN 387 388 7 0.500000 3 0
387 LN -1 -1 -1 -1.000000 1 0
388 IN 389 390 6 0.500000 2 0
389 LN -1 -1 -1 -1.000000 1 0
390 LN -1 -1 -1 -1.000000 1 0
391 IN 392 393 7 0.500000 3 0
392 LN -1 -1 -1 -1.000000 1 0
393 IN 394 395 6 0.500000 2 0
394 LN -1 -1 -1 -1.000000 1 0
395 LN -1 -1 -1 -1.000000 1 1
396 IN 397 400 6 0.500000 3 0
397 IN 398 399 8 0.500000 2 0
398 LN -1 -1 -1 -1.000000 1 1
399 LN -1 -1 -1 -1.000000 1 0
400 LN -1 -1 -1 -1.000000 1 0
401 IN 402 409 8 0.500000 5 0
402 IN 403 408 6 0.500000 4 1
403 IN 404 407 16 0.500000 3 0
404 IN 405 406 7 0.500000 2 1
405 LN -1 -1 -1 -1.000000 1 0
406 LN -1 -1 -1 -1.000000 1 1
407 LN -1 -1 -1 -1.000000 1 0
408 LN -1 -1 -1 -1.000000 1 1
409 IN 410 411 6 0.500000 2 0
410 LN -1 -1 -1 -1.000000 1 0
411 LN -1 -1 -1 -1.000000 1 0
412 IN 413 414 7 0.500000 3 0
413 LN -1 -1 -1 -1.000000 1 0
414 IN 415 416 3 0.500000 2 0
415 LN -1 -1 -1 -1.000000 1 0
416 LN -1 -1 -1 -1.000000 1 1
417 IN 418 463 5 0.500000 12 0
418 IN 419 448 10 0.500000 7 0
419 IN 420 429 9 0.500000 6 0
420 IN 421 428 3 0.500000 5 0
421 IN 422 423 14 0.500000 4 0
422 LN -1 -1 -1 -1.000000 1 0
423 IN 424 425 7 0.500000 3 0
424 LN -1 -1 -1 -1.000000 1 0
425 IN 426 427 13 0.500000 2 0
426 LN -1 -1 -1 -1.000000 1 1
427 LN -1 -1 -1 -1.000000 1 0
428 LN -1 -1 -1 -1.000000 1 0
429 IN 430 439 8 0.500000 5 0
430 IN 431 434 7 0.500000 4 0
431 IN 432 433 14 0.500000 2 0
432 LN -1 -1 -1 -1.000000 1 0
433 LN -1 -1 -1 -1.000000 1 0
434 IN 435 438 3 0.500000 3 0
435 IN 436 437 14 0.500000 2 0
436 LN -1 -1 -1 -1.000000 1 0
437 LN -1 -1 -1 -1.000000 1 0
438 LN -1 -1 -1 -1.000000 1 0
439 IN 440 443 7 0.500000 4 0
440 IN 441 442 14 0.500000 2 0
441 LN -1 -1 -1 -1.000000 1 0
442 LN -1 -1 -1 -1.000000 1 0
443 IN 444 445 3 0.500000 3 0
444 LN -1 -1 -1 -1.000000 1 0
445 IN 446 447 14 0.500000 2 0
446 LN -1 -1 -1 -1.000000 1 0
447 LN -1 -1 -1 -1.000000 1 0
448 IN 449 462 16 0.500000 6 0
449 IN 450 455 14 0.500000 5 0
450 IN 451 454 7 0.500000 3 0
451 IN 452 453 8 0.500000 2 0
452 LN -1 -1 -1 -1.000000 1 0
453 LN -1 -1 -1 -1.000000 1 0
454 LN -1 -1 -1 -1.000000 1 0
455 IN 456 457 8 0.500000 4 0
456 LN -1 -1 -1 -1.000000 1 0
457 IN 458 459 7 0.500000 3 0
458 LN -1 -1 -1 -1.000000 1 0
459 IN 460 461 3 0.500000 2 1
460 LN -1 -1 -1 -1.000000 1 0
461 LN -1 -1 -1 -1.000000 1 1
462 LN -1 -1 -1 -1.000000 1 0
463 IN 464 535 10 0.500000 11 0
464 IN 465 524 6 0.500000 10 0
465 IN 466 523 16 0.500000 9 0
466 IN 467 480 9 0.500000 8 0
467 IN 468 475 13 0.500000 5 0
468 IN 469 470 7 0.500000 4 0
469 LN -1 -1 -1 -1.000000 1 0
470 IN 471 474 3 0.500000 3 0
471 IN 472 473 14 0.500000 2 0
472 LN -1 -1 -1 -1.000000 1 0
473 LN -1 -1 -1 -1.000000 1 0
474 LN -1 -1 -1 -1.000000 1 0
475 IN 476 479 3 0.500000 3 0
476 IN 477 478 7 0.500000 2 0
477 LN -1 -1 -1 -1.000000 1 1
478 LN -1 -1 -1 -1.000000 1 0
479 LN -1 -1 -1 -1.000000 1 0
480 IN 481 504 7 0.500000 7 0
481 IN 482 483 11 0.500000 6 0
482 LN -1 -1 -1 -1.000000 1 0
483 IN 484 499 13 0.500000 5 0
484 IN 485 492 3 0.500000 4 0
485 IN 486 489 14 0.500000 3 0
486 IN 487 488 8 0.500000 2 0
487 LN -1 -1 -1 -1.000000 1 0
488 LN -1 -1 -1 -1.000000 1 0
489 IN 490 491 8 0.500000 2 0
490 LN -1 -1 -1 -1.000000 1 0
491 LN -1 -1 -1 -1.000000 1 0
492 IN 493 496 8 0.500000 3 0
493 IN 494 495 14 0.500000 2 0
494 LN -1 -1 -1 -1.000000 1 0
495 LN -1 -1 -1 -1.000000 1 0
496 IN 497 498 14 0.500000 2 0
497 LN -1 -1 -1 -1.000000 1 1
498 LN -1 -1 -1 -1.000000 1 0
499 IN 500 503 3 0.500000 3 0
500 IN 501 502 8 0.500000 2 0
501 LN -1 -1 -1 -1.000000 1 0
502 LN -1 -1 -1 -1.000000 1 0
503 LN -1 -1 -1 -1.000000 1 0
504 IN 505 522 13 0.500000 6 0
505 IN 506 515 14 0.500000 5 0
506 IN 507 512 3 0.500000 4 0
507 IN 508 511 8 0.500000 3 0
508 IN 509 510 11 0.500000 2 0
509 LN -1 -1 -1 -1.000000 1 0
510 LN -1 -1 -1 -1.000000 1 0
511 LN -1 -1 -1 -1.000000 1 0
512 IN 513 514 8 0.500000 2 0
513 LN -1 -1 -1 -1.000000 1 0
514 LN -1 -1 -1 -1.000000 1 0
515 IN 516 519 3 0.500000 3 0
516 IN 517 518 8 0.500000 2 0
517 LN -1 -1 -1 -1.000000 1 0
518 LN -1 -1 -1 -1.000000 1 1
519 IN 520 521 8 0.500000 2 0
520 LN -1 -1 -1 -1.000000 1 0
521 LN -1 -1 -1 -1.000000 1 0
522 LN -1 -1 -1 -1.000000 1 1
523 LN -1 -1 -1 -1.000000 1 0
524 IN 525 534 16 0.500000 5 0
525 IN 526 529 9 0.500000 4 0
526 IN 527 528 3 0.500000 2 0
527 LN -1 -1 -1 -1.000000 1 0
528 LN -1 -1 -1 -1.000000 1 1
529 IN 530 531 3 0.500000 3 0
530 LN -1 -1 -1 -1.000000 1 0
531 IN 532 533 8 0.500000 2 0
532 LN -1 -1 -1 -1.000000 1 0
533 LN -1 -1 -1 -1.000000 1 1
534 LN -1 -1 -1 -1.000000 1 0
535 IN 536 597 3 0.500000 9 0
536 IN 537 584 8 0.500000 8 0
537 IN 538 553 14 0.500000 7 0
538 IN 539 546 9 0.500000 5 0
539 IN 540 545 6 0.500000 4 0
540 IN 541 542 7 0.500000 3 0
541 LN -1 -1 -1 -1.000000 1 0
542 IN 543 544 16 0.500000 2 0
543 LN -1 -1 -1 -1.000000 1 0
544 LN -1 -1 -1 -1.000000 1 1
545 LN -1 -1 -1 -1.000000 1 1
546 IN 547 552 16 0.500000 4 0
547 IN 548 549 7 0.500000 3 0
548 LN -1 -1 -1 -1.000000 1 0
549 IN 550 551 6 0.500000 2 0
550 LN -1 -1 -1 -1.000000 1 0
551 LN -1 -1 -1 -1.000000 1 0
552 LN -1 -1 -1 -1.000000 1 0
553 IN 554 569 7 0.500000 6 0
554 IN 555 562 9 0.500000 4 0
555 IN 556 559 16 0.500000 3 0
556 IN 557 558 13 0.500000 2 0
557 LN -1 -1 -1 -1.000000 1 0
558 LN -1 -1 -1 -1.000000 1 0
559 IN 560 561 13 0.500000 2 0
560 LN -1 -1 -1 -1.000000 1 0
561 LN -1 -1 -1 -1.000000 1 0
562 IN 563 566 16 0.500000 3 0
563 IN 564 565 13 0.500000 2 0
564 LN -1 -1 -1 -1.000000 1 0
565 LN -1 -1 -1 -1.000000 1 0
566 IN 567 568 13 0.500000 2 0
567 LN -1 -1 -1 -1.000000 1 1
568 LN -1 -1 -1 -1.000000 1 0
569 IN 570 579 13 0.500000 5 0
570 IN 571 576 16 0.500000 4 0
571 IN 572 575 6 0.500000 3 0
572 IN 573 574 9 0.500000 2 0
573 LN -1 -1 -1 -1.000000 1 0
574 LN -1 -1 -1 -1.000000 1 0
575 LN -1 -1 -1 -1.000000 1 0
576 IN 577 578 9 0.500000 2 0
577 LN -1 -1 -1 -1.000000 1 0
578 LN -1 -1 -1 -1.000000 1 1
579 IN 580 583 16 0.500000 3 0
580 IN 581 582 9 0.500000 2 0
581 LN -1 -1 -1 -1.000000 1 0
582 LN -1 -1 -1 -1.000000 1 1
583 LN -1 -1 -1 -1.000000 1 0
584 IN 585 596 13 0.500000 6 0
585 IN 586 589 7 0.500000 5 0
586 IN 587 588 14 0.500000 2 0
587 LN -1 -1 -1 -1.000000 1 0
588 LN -1 -1 -1 -1.000000 1 0
589 IN 590 595 14 0.500000 4 0
590 IN 591 594 16 0.500000 3 0
591 IN 592 593 6 0.500000 2 0
592 LN -1 -1 -1 -1.000000 1 0
593 LN -1 -1 -1 -1.000000 1 0
594 LN -1 -1 -1 -1.000000 1 0
595 LN -1 -1 -1 -1.000000 1 0
596 LN -1 -1 -1 -1.000000 1 1
597 IN 598 617 7 0.500000 8 0
598 IN 599 610 16 0.500000 5 0
599 IN 600 605 14 0.500000 4 0
600 IN 601 602 9 0.500000 3 0
601 LN -1 -1 -1 -1.000000 1 1
602 IN 603 604 8 0.500000 2 0
603 LN -1 -1 -1 -1.000000 1 0
604 LN -1 -1 -1 -1.000000 1 0
605 IN 606 607 9 0.500000 3 0
606 LN -1 -1 -1 -1.000000 1 0
607 IN 608 609 13 0.500000 2 0
608 LN -1 -1 -1 -1.000000 1 0
609 LN -1 -1 -1 -1.000000 1 0
610 IN 611 612 14 0.500000 4 0
611 LN -1 -1 -1 -1.000000 1 0
612 IN 613 614 9 0.500000 3 0
613 LN -1 -1 -1 -1.000000 1 0
614 IN 615 616 13 0.500000 2 1
615 LN -1 -1 -1 -1.000000 1 0
616 LN -1 -1 -1 -1.000000 1 1
617 IN 618 651 13 0.500000 7 0
618 IN 619 640 16 0.500000 6 0
619 IN 620 625 9 0.500000 5 0
620 IN 621 624 6 0.500000 3 1
621 IN 622 623 14 0.500000 2 0
622 LN -1 -1 -1 -1.000000 1 1
623 LN -1 -1 -1 -1.000000 1 0
624 LN -1 -1 -1 -1.000000 1 1
625 IN 626 633 14 0.500000 4 0
626 IN 627 630 6 0.500000 3 0
627 IN 628 629 8 0.500000 2 0
628 LN -1 -1 -1 -1.000000 1 0
629 LN -1 -1 -1 -1.000000 1 0
630 IN 631 632 8 0.500000 2 0
631 LN -1 -1 -1 -1.000000 1 0
632 LN -1 -1 -1 -1.000000 1 1
633 IN 634 637 8 0.500000 3 0
634 IN 635 636 6 0.500000 2 0
635 LN -1 -1 -1 -1.000000 1 0
636 LN -1 -1 -1 -1.000000 1 0
637 IN 638 639 6 0.500000 2 0
638 LN -1 -1 -1 -1.000000 1 0
639 LN -1 -1 -1 -1.000000 1 0
640 IN 641 646 8 0.500000 4 0
641 IN 642 643 9 0.500000 3 0
642 LN -1 -1 -1 -1.000000 1 0
643 IN 644 645 14 0.500000 2 0
644 LN -1 -1 -1 -1.000000 1 0
645 LN -1 -1 -1 -1.000000 1 0
646 IN 647 648 6 0.500000 3 0
647 LN -1 -1 -1 -1.000000 1 0
648 IN 649 650 14 0.500000 2 0
649 LN -1 -1 -1 -1.000000 1 0
650 LN -1 -1 -1 -1.000000 1 0
651 IN 652 653 9 0.500000 5 0
652 LN -1 -1 -1 -1.000000 1 0
653 IN 654 659 6 0.500000 4 1
654 IN 655 658 8 0.500000 3 1
655 IN 656 657 16 0.500000 2 0
656 LN -1 -1 -1 -1.000000 1 0
657 LN -1 -1 -1 -1.000000 1 0
658 LN -1 -1 -1 -1.000000 1 1
659 IN 660 661 8 0.500000 2 1
660 LN -1 -1 -1 -1.000000 1 0
661 LN -1 -1 -1 -1.000000 1 1
662 IN 663 788 3 0.500000 12 0
663 IN 664 777 16 0.500000 10 0
664 IN 665 718 9 0.500000 9 0
665 IN 666 687 10 0.500000 7 0
666 IN 667 680 7 0.500000 6 0
667 IN 668 673 15 0.500000 5 0
668 IN 669 670 14 0.500000 3 0
669 LN -1 -1 -1 -1.000000 1 0
670 IN 671 672 2 0.500000 2 0
671 LN -1 -1 -1 -1.000000 1 0
672 LN -1 -1 -1 -1.000000 1 0
673 IN 674 679 2 0.500000 4 0
674 IN 675 676 14 0.500000 3 0
675 LN -1 -1 -1 -1.000000 1 0
676 IN 677 678 13 0.500000 2 0
677 LN -1 -1 -1 -1.000000 1 0
678 LN -1 -1 -1 -1.000000 1 0
679 LN -1 -1 -1 -1.000000 1 0
680 IN 681 686 2 0.500000 4 0
681 IN 682 685 14 0.500000 3 0
682 IN 683 684 15 0.500000 2 0
683 LN -1 -1 -1 -1.000000 1 0
684 LN -1 -1 -1 -1.000000 1 0
685 LN -1 -1 -1 -1.000000 1 0
686 LN -1 -1 -1 -1.000000 1 0
687 IN 688 705 7 0.500000 6 0
688 IN 689 700 13 0.500000 5 0
689 IN 690 693 15 0.500000 4 0
690 IN 691 692 14 0.500000 2 0
691 LN -1 -1 -1 -1.000000 1 0
692 LN -1 -1 -1 -1.000000 1 0
693 IN 694 697 14 0.500000 3 0
694 IN 695 696 2 0.500000 2 0
695 LN -1 -1 -1 -1.000000 1 0
696 LN -1 -1 -1 -1.000000 1 0
697 IN 698 699 2 0.500000 2 0
698 LN -1 -1 -1 -1.000000 1 0
699 LN -1 -1 -1 -1.000000 1 0
700 IN 701 704 2 0.500000 3 0
701 IN 702 703 15 0.500000 2 0
702 LN -1 -1 -1 -1.000000 1 0
703 LN -1 -1 -1 -1.000000 1 0
704 LN -1 -1 -1 -1.000000 1 1
705 IN 706 711 14 0.500000 4 0
706 IN 707 710 15 0.500000 3 0
707 IN 708 709 2 0.500000 2 0
708 LN -1 -1 -1 -1.000000 1 0
709 LN -1 -1 -1 -1.000000 1 0
710 LN -1 -1 -1 -1.000000 1 0
711 IN 712 715 2 0.500000 3 0
712 IN 713 714 15 0.500000 2 0
713 LN -1 -1 -1 -1.000000 1 0
714 LN -1 -1 -1 -1.000000 1 0
715 IN 716 717 13 0.500000 2 0
716 LN -1 -1 -1 -1.000000 1 1
717 LN -1 -1 -1 -1.000000 1 0
718 IN 719 740 15 0.500000 8 0
719 IN 720 721 11 0.500000 7 0
720 LN -1 -1 -1 -1.000000 1 0
721 IN 722 739 14 0.500000 6 0
722 IN 723 728 7 0.500000 5 0
723 IN 724 725 10 0.500000 3 0
724 LN -1 -1 -1 -1.000000 1 0
725 IN 726 727 8 0.500000 2 0
726 LN -1 -1 -1 -1.000000 1 0
727 LN -1 -1 -1 -1.000000 1 0
728 IN 729 734 10 0.500000 4 0
729 IN 730 731 2 0.500000 3 0
730 LN -1 -1 -1 -1.000000 1 1
731 IN 732 733 8 0.500000 2 0
732 LN -1 -1 -1 -1.000000 1 0
733 LN -1 -1 -1 -1.000000 1 0
734 IN 735 736 2 0.500000 3 0
735 LN -1 -1 -1 -1.000000 1 0
736 IN 737 738 8 0.500000 2 0
737 LN -1 -1 -1 -1.000000 1 0
738 LN -1 -1 -1 -1.000000 1 0
739 LN -1 -1 -1 -1.000000 1 0
740 IN 741 768 8 0.500000 7 0
741 IN 742 749 2 0.500000 6 0
742 IN 743 746 10 0.500000 3 0
743 IN 744 745 7 0.500000 2 1
744 LN -1 -1 -1 -1.000000 1 1
745 LN -1 -1 -1 -1.000000 1 0
746 IN 747 748 14 0.500000 2 0
747 LN -1 -1 -1 -1.000000 1 0
748 LN -1 -1 -1 -1.000000 1 1
749 IN 750 759 7 0.500000 5 0
750 IN 751 758 13 0.500000 4 0
751 IN 752 755 10 0.500000 3 0
752 IN 753 754 14 0.500000 2 1
753 LN -1 -1 -1 -1.000000 1 0
754 LN -1 -1 -1 -1.000000 1 1
755 IN 756 757 14 0.500000 2 0
756 LN -1 -1 -1 -1.000000 1 0
757 LN -1 -1 -1 -1.000000 1 0
758 LN -1 -1 -1 -1.000000 1 0
759 IN 760 763 14 0.500000 4 0
760 IN 761 762 10 0.500000 2 0
761 LN -1 -1 -1 -1.000000 1 0
762 LN -1 -1 -1 -1.000000 1 0
763 IN 764 767 10 0.500000 3 0
764 IN 765 766 13 0.500000 2 0
765 LN -1 -1 -1 -1.000000 1 0
766 LN -1 -1 -1 -1.000000 1 0
767 LN -1 -1 -1 -1.000000 1 1
768 IN 769 772 10 0.500000 4 1
769 IN 770 771 14 0.500000 2 1
770 LN -1 -1 -1 -1.000000 1 0
771 LN -1 -1 -1 -1.000000 1 1
772 IN 773 774 2 0.500000 3 1
773 LN -1 -1 -1 -1.000000 1 1
774 IN 775 776 7 0.500000 2 1
775 LN -1 -1 -1 -1.000000 1 1
776 LN -1 -1 -1 -1.000000 1 1
777 IN 778 785 7 0.500000 5 0
778 IN 779 780 13 0.500000 4 1
779 LN -1 -1 -1 -1.000000 1 1
780 IN 781 784 2 0.500000 3 0
781 IN 782 783 9 0.500000 2 0
782 LN -1 -1 -1 -1.000000 1 0
783 LN -1 -1 -1 -1.000000 1 1
784 LN -1 -1 -1 -1.000000 1 0
785 IN 786 787 9 0.500000 2 0
786 LN -1 -1 -1 -1.000000 1 0
787 LN -1 -1 -1 -1.000000 1 1
788 IN 789 920 8 0.500000 11 0
789 IN 790 887 6 0.500000 10 0
790 IN 791 820 15 0.500000 9 0
791 IN 792 805 7 0.500000 6 0
792 IN 793 804 14 0.500000 5 0
793 IN 794 801 2 0.500000 4 0
794 IN 795 798 10 0.500000 3 0
795 IN 796 797 9 0.500000 2 0
796 LN -1 -1 -1 -1.000000 1 0
797 LN -1 -1 -1 -1.000000 1 1
798 IN 799 800 9 0.500000 2 0
799 LN -1 -1 -1 -1.000000 1 0
800 LN -1 -1 -1 -1.000000 1 0
801 IN 802 803 9 0.500000 2 0
802 LN -1 -1 -1 -1.000000 1 0
803 LN -1 -1 -1 -1.000000 1 1
804 LN -1 -1 -1 -1.000000 1 0
805 IN 806 819 2 0.500000 5 0
806 IN 807 812 10 0.500000 4 0
807 IN 808 809 9 0.500000 3 0
808 LN -1 -1 -1 -1.000000 1 0
809 IN 810 811 14 0.500000 2 0
810 LN -1 -1 -1 -1.000000 1 0
811 LN -1 -1 -1 -1.000000 1 0
812 IN 813 816 9 0.500000 3 0
813 IN 814 815 14 0.500000 2 1
814 LN -1 -1 -1 -1.000000 1 0
815 LN -1 -1 -1 -1.000000 1 1
816 IN 817 818 14 0.500000 2 0
817 LN -1 -1 -1 -1.000000 1 0
818 LN -1 -1 -1 -1.000000 1 0
819 LN -1 -1 -1 -1.000000 1 0
820 IN 821 840 14 0.500000 8 0
821 IN 822 829 7 0.500000 5 0
822 IN 823 828 9 0.500000 4 0
823 IN 824 827 2 0.500000 3 0
824 IN 825 826 10 0.500000 2 0
825 LN -1 -1 -1 -1.000000 1 0
826 LN -1 -1 -1 -1.000000 1 1
827 LN -1 -1 -1 -1.000000 1 0
828 LN -1 -1 -1 -1.000000 1 0
829 IN 830 833 9 0.500000 4 0
830 IN 831 832 10 0.500000 2 0
831 LN -1 -1 -1 -1.000000 1 1
832 LN -1 -1 -1 -1.000000 1 0
833 IN 834 837 2 0.500000 3 0
834 IN 835 836 10 0.500000 2 0
835 LN -1 -1 -1 -1.000000 1 0
836 LN -1 -1 -1 -1.000000 1 0
837 IN 838 839 10 0.500000 2 0
838 LN -1 -1 -1 -1.000000 1 0
839 LN -1 -1 -1 -1.000000 1 1
840 IN 841 856 10 0.500000 7 0
841 IN 842 855 16 0.500000 6 0
842 IN 843 850 13 0.500000 5 0
843 IN 844 849 9 0.500000 4 0
844 IN 845 846 7 0.500000 3 0
845 LN -1 -1 -1 -1.000000 1 0
846 IN 847 848 2 0.500000 2 0
847 LN -1 -1 -1 -1.000000 1 0
848 LN -1 -1 -1 -1.000000 1 1
849 LN -1 -1 -1 -1.000000 1 0
850 IN 851 852 2 0.500000 3 0
851 LN -1 -1 -1 -1.000000 1 1
852 IN 853 854 9 0.500000 2 0
853 LN -1 -1 -1 -1.000000 1 0
854 LN -1 -1 -1 -1.000000 1 0
855 LN -1 -1 -1 -1.000000 1 1
856 IN 857 868 2 0.500000 6 0
857 IN 858 867 16 0.500000 5 0
858 IN 859 864 13 0.500000 4 0
859 IN 860 863 9 0.500000 3 0
860 IN 861 862 7 0.500000 2 0
861 LN -1 -1 -1 -1.000000 1 0
862 LN -1 -1 -1 -1.000000 1 0
863 LN -1 -1 -1 -1.000000 1 1
864 IN 865 866 9 0.500000 2 0
865 LN -1 -1 -1 -1.000000 1 0
866 LN -1 -1 -1 -1.000000 1 1
867 LN -1 -1 -1 -1.000000 1 0
868 IN 869 876 7 0.500000 5 0
869 IN 870 875 13 0.500000 4 1
870 IN 871 872 9 0.500000 3 0
871 LN -1 -1 -1 -1.000000 1 1
872 IN 873 874 16 0.500000 2 0
873 LN -1 -1 -1 -1.000000 1 0
874 LN -1 -1 -1 -1.000000 1 0
875 LN -1 -1 -1 -1.000000 1 1
876 IN 877 882 13 0.500000 4 0
877 IN 878 881 9 0.500000 3 0
878 IN 879 880 16 0.500000 2 1
879 LN -1 -1 -1 -1.000000 1 1
880 LN -1 -1 -1 -1.000000 1 1
881 LN -1 -1 -1 -1.000000 1 0
882 IN 883 886 9 0.500000 3 0
883 IN 884 885 16 0.500000 2 0
884 LN -1 -1 -1 -1.000000 1 1
885 LN -1 -1 -1 -1.000000 1 0
886 LN -1 -1 -1 -1.000000 1 1
887 IN 888 905 2 0.500000 7 0
888 IN 889 896 9 0.500000 5 0
889 IN 890 895 15 0.500000 4 0
890 IN 891 892 10 0.500000 3 0
891 LN -1 -1 -1 -1.000000 1 0
892 IN 893 894 14 0.500000 2 0
893 LN -1 -1 -1 -1.000000 1 0
894 LN -1 -1 -1 -1.000000 1 0
895 LN -1 -1 -1 -1.000000 1 0
896 IN 897 900 10 0.500000 4 0
897 IN 898 899 15 0.500000 2 1
898 LN -1 -1 -1 -1.000000 1 1
899 LN -1 -1 -1 -1.000000 1 0
900 IN 901 904 15 0.500000 3 0
901 IN 902 903 14 0.500000 2 0
902 LN -1 -1 -1 -1.000000 1 0
903 LN -1 -1 -1 -1.000000 1 0
904 LN -1 -1 -1 -1.000000 1 0
905 IN 906 907 9 0.500000 6 0
906 LN -1 -1 -1 -1.000000 1 0
907 IN 908 911 15 0.500000 5 0
908 IN 909 910 10 0.500000 2 0
909 LN -1 -1 -1 -1.000000 1 0
910 LN -1 -1 -1 -1.000000 1 0
911 IN 912 915 10 0.500000 4 1
912 IN 913 914 14 0.500000 2 1
913 LN -1 -1 -1 -1.000000 1 0
914 LN -1 -1 -1 -1.000000 1 1
915 IN 916 919 13 0.500000 3 1
916 IN 917 918 14 0.500000 2 0
917 LN -1 -1 -1 -1.000000 1 0
918 LN -1 -1 -1 -1.000000 1 1
919 LN -1 -1 -1 -1.000000 1 1
920 IN 921 942 14 0.500000 8 0
921 IN 922 923 7 0.500000 7 0
922 LN -1 -1 -1 -1.000000 1 1
923 IN 924 929 6 0.500000 6 0
924 IN 925 928 15 0.500000 3 0
925 IN 926 927 10 0.500000 2 0
926 LN -1 -1 -1 -1.000000 1 0
927 LN -1 -1 -1 -1.000000 1 0
928 LN -1 -1 -1 -1.000000 1 1
929 IN 930 939 15 0.500000 5 0
930 IN 931 934 2 0.500000 4 0
931 IN 932 933 10 0.500000 2 0
932 LN -1 -1 -1 -1.000000 1 0
933 LN -1 -1 -1 -1.000000 1 1
934 IN 935 936 10 0.500000 3 0
935 LN -1 -1 -1 -1.000000 1 0
936 IN 937 938 16 0.500000 2 0
937 LN -1 -1 -1 -1.000000 1 0
938 LN -1 -1 -1 -1.000000 1 1
939 IN 940 941 10 0.500000 2 1
940 LN -1 -1 -1 -1.000000 1 1
941 LN -1 -1 -1 -1.000000 1 0
942 IN 943 948 15 0.500000 4 0
943 IN 944 945 16 0.500000 3 1
944 LN -1 -1 -1 -1.000000 1 1
945 IN 946 947 13 0.500000 2 1
946 LN -1 -1 -1 -1.000000 1 0
947 LN -1 -1 -1 -1.000000 1 1
948 LN -1 -1 -1 -1.000000 1 0
949 IN 950 1459 16 0.500000 14 0
950 IN 951 1280 4 0.500000 13 0
951 IN 952 1129 3 0.500000 12 0
952 IN 953 1032 7 0.500000 11 0
953 IN 954 957 11 0.500000 10 0
954 IN 955 956 5 0.500000 2 1
955 LN -1 -1 -1 -1.000000 1 0
956 LN -1 -1 -1 -1.000000 1 1
957 IN 958 981 15 0.500000 9 0
958 IN 959 962 5 0.500000 8 0
959 IN 960 961 14 0.500000 2 0
960 LN -1 -1 -1 -1.000000 1 0
961 LN -1 -1 -1 -1.000000 1 1
962 IN 963 980 13 0.500000 7 0
963 IN 964 975 14 0.500000 6 0
964 IN 965 968 9 0.500000 5 0
965 IN 966 967 2 0.500000 2 0
966 LN -1 -1 -1 -1.000000 1 0
967 LN -1 -1 -1 -1.000000 1 0
968 IN 969 970 2 0.500000 4 0
969 LN -1 -1 -1 -1.000000 1 0
970 IN 971 974 8 0.500000 3 0
971 IN 972 973 10 0.500000 2 0
972 LN -1 -1 -1 -1.000000 1 0
973 LN -1 -1 -1 -1.000000 1 0
974 LN -1 -1 -1 -1.000000 1 1
975 IN 976 977 9 0.500000 3 0
976 LN -1 -1 -1 -1.000000 1 0
977 IN 978 979 10 0.500000 2 1
978 LN -1 -1 -1 -1.000000 1 0
979 LN -1 -1 -1 -1.000000 1 1
980 LN -1 -1 -1 -1.000000 1 0
981 IN 982 1003 2 0.500000 8 0
982 IN 983 984 5 0.500000 6 0
983 LN -1 -1 -1 -1.000000 1 0
984 IN 985 992 14 0.500000 5 0
985 IN 986 989 10 0.500000 3 0
986 IN 987 988 9 0.500000 2 0
987 LN -1 -1 -1 -1.000000 1 0
988 LN -1 -1 -1 -1.000000 1 0
989 IN 990 991 9 0.500000 2 0
990 LN -1 -1 -1 -1.000000 1 0
991 LN -1 -1 -1 -1.000000 1 0
992 IN 993 998 13 0.500000 4 0
993 IN 994 995 9 0.500000 3 0
994 LN -1 -1 -1 -1.000000 1 0
995 IN 996 997 10 0.500000 2 0
996 LN -1 -1 -1 -1.000000 1 0
997 LN -1 -1 -1 -1.000000 1 0
998 IN 999 1002 10 0.500000 3 0
999 IN 1000 1001 9 0.500000 2 0
1000 LN -1 -1 -1 -1.000000 1 1
1001 LN -1 -1 -1 -1.000000 1 0
1002 LN -1 -1 -1 -1.000000 1 0
1003 IN 1004 1011 5 0.500000 7 0
1004 IN 1005 1010 14 0.500000 4 0
1005 IN 1006 1007 10 0.500000 3 0
1006 LN -1 -1 -1 -1.000000 1 0
1007 IN 1008 1009 8 0.500000 2 0
1008 LN -1 -1 -1 -1.000000 1 0
1009 LN -1 -1 -1 -1.000000 1 0
1010 LN -1 -1 -1 -1.000000 1 0
1011 IN 1012 1019 9 0.500000 6 0
1012 IN 1013 1014 14 0.500000 4 0
1013 LN -1 -1 -1 -1.000000 1 0
1014 IN 1015 1018 13 0.500000 3 0
1015 IN 1016 1017 10 0.500000 2 0
1016 LN -1 -1 -1 -1.000000 1 0
1017 LN -1 -1 -1 -1.000000 1 0
1018 LN -1 -1 -1 -1.000000 1 0
1019 IN 1020 1029 8 0.500000 5 0
1020 IN 1021 1026 13 0.500000 4 0
1021 IN 1022 1023 10 0.500000 3 0
1022 LN -1 -1 -1 -1.000000 1 0
1023 IN 1024 1025 14 0.500000 2 0
1024 LN -1 -1 -1 -1.000000 1 0
1025 LN -1 -1 -1 -1.000000 1 1
1026 IN 1027 1028 10 0.500000 2 1
1027 LN -1 -1 -1 -1.000000 1 0
1028 LN -1 -1 -1 -1.000000 1 1
1029 IN 1030 1031 14 0.500000 2 0
1030 LN -1 -1 -1 -1.000000 1 0
1031 LN -1 -1 -1 -1.000000 1 0
1032 IN 1033 1080 10 0.500000 10 0
1033 IN 1034 1073 13 0.500000 9 0
1034 IN 1035 1046 15 0.500000 8 0
1035 IN 1036 1039 2 0.500000 5 0
1036 IN 1037 1038 5 0.500000 2 1
1037 LN -1 -1 -1 -1.000000 1 1
1038 LN -1 -1 -1 -1.000000 1 0
1039 IN 1040 1041 11 0.500000 4 0
1040 LN -1 -1 -1 -1.000000 1 0
1041 IN 1042 1043 9 0.500000 3 0
1042 LN -1 -1 -1 -1.000000 1 0
1043 IN 1044 1045 8 0.500000 2 0
1044 LN -1 -1 -1 -1.000000 1 0
1045 LN -1 -1 -1 -1.000000 1 1
1046 IN 1047 1054 2 0.500000 7 0
1047 IN 1048 1053 9 0.500000 4 0
1048 IN 1049 1052 6 0.500000 3 0
1049 IN 1050 1051 14 0.500000 2 0
1050 LN -1 -1 -1 -1.000000 1 0
1051 LN -1 -1 -1 -1.000000 1 0
1052 LN -1 -1 -1 -1.000000 1 0
1053 LN -1 -1 -1 -1.000000 1 0
1054 IN 1055 1066 14 0.500000 6 0
1055 IN 1056 1057 9 0.500000 5 0
1056 LN -1 -1 -1 -1.000000 1 0
1057 IN 1058 1063 8 0.500000 4 0
1058 IN 1059 1062 6 0.500000 3 0
1059 IN 1060 1061 5 0.500000 2 0
1060 LN -1 -1 -1 -1.000000 1 0
1061 LN -1 -1 -1 -1.000000 1 1
1062 LN -1 -1 -1 -1.000000 1 1
1063 IN 1064 1065 5 0.500000 2 0
1064 LN -1 -1 -1 -1.000000 1 0
1065 LN -1 -1 -1 -1.000000 1 0
1066 IN 1067 1072 8 0.500000 4 0
1067 IN 1068 1071 6 0.500000 3 1
1068 IN 1069 1070 9 0.500000 2 0
1069 LN -1 -1 -1 -1.000000 1 0
1070 LN -1 -1 -1 -1.000000 1 1
1071 LN -1 -1 -1 -1.000000 1 1
1072 LN -1 -1 -1 -1.000000 1 0
1073 IN 1074 1075 15 0.500000 4 0
1074 LN -1 -1 -1 -1.000000 1 0
1075 IN 1076 1079 9 0.500000 3 0
1076 IN 1077 1078 2 0.500000 2 0
1077 LN -1 -1 -1 -1.000000 1 0
1078 LN -1 -1 -1 -1.000000 1 0
1079 LN -1 -1 -1 -1.000000 1 0
1080 IN 1081 1126 13 0.500000 9 0
1081 IN 1082 1111 14 0.500000 8 0
1082 IN 1083 1096 2 0.500000 6 0
1083 IN 1084 1093 8 0.500000 5 0
1084 IN 1085 1090 15 0.500000 4 0
1085 IN 1086 1087 9 0.500000 3 0
1086 LN -1 -1 -1 -1.000000 1 0
1087 IN 1088 1089 5 0.500000 2 0
1088 LN -1 -1 -1 -1.000000 1 0
1089 LN -1 -1 -1 -1.000000 1 1
1090 IN 1091 1092 9 0.500000 2 0
1091 LN -1 -1 -1 -1.000000 1 0
1092 LN -1 -1 -1 -1.000000 1 0
1093 IN 1094 1095 5 0.500000 2 0
1094 LN -1 -1 -1 -1.000000 1 1
1095 LN -1 -1 -1 -1.000000 1 0
1096 IN 1097 1098 9 0.500000 5 1
1097 LN -1 -1 -1 -1.000000 1 0
1098 IN 1099 1104 5 0.500000 4 1
1099 IN 1100 1101 15 0.500000 3 0
1100 LN -1 -1 -1 -1.000000 1 0
1101 IN 1102 1103 8 0.500000 2 0
1102 LN -1 -1 -1 -1.000000 1 0
1103 LN -1 -1 -1 -1.000000 1 1
1104 IN 1105 1108 8 0.500000 3 1
1105 IN 1106 1107 15 0.500000 2 1
1106 LN -1 -1 -1 -1.000000 1 0
1107 LN -1 -1 -1 -1.000000 1 1
1108 IN 1109 1110 15 0.500000 2 1
1109 LN -1 -1 -1 -1.000000 1 0
1110 LN -1 -1 -1 -1.000000 1 1
1111 IN 1112 1113 5 0.500000 7 0
1112 LN -1 -1 -1 -1.000000 1 1
1113 IN 1114 1115 15 0.500000 6 0
1114 LN -1 -1 -1 -1.000000 1 0
1115 IN 1116 1125 8 0.500000 5 0
1116 IN 1117 1120 2 0.500000 4 0
1117 IN 1118 1119 9 0.500000 2 0
1118 LN -1 -1 -1 -1.000000 1 0
1119 LN -1 -1 -1 -1.000000 1 0
1120 IN 1121 1124 6 0.500000 3 0
1121 IN 1122 1123 9 0.500000 2 0
1122 LN -1 -1 -1 -1.000000 1 0
1123 LN -1 -1 -1 -1.000000 1 0
1124 LN -1 -1 -1 -1.000000 1 0
1125 LN -1 -1 -1 -1.000000 1 0
1126 IN 1127 1128 9 0.500000 2 0
1127 LN -1 -1 -1 -1.000000 1 0
1128 LN -1 -1 -1 -1.000000 1 0
1129 IN 1130 1161 7 0.500000 10 0
1130 IN 1131 1160 13 0.500000 7 0
1131 IN 1132 1145 14 0.500000 6 0
1132 IN 1133 1142 8 0.500000 5 0
1133 IN 1134 1141 10 0.500000 4 0
1134 IN 1135 1138 9 0.500000 3 0
1135 IN 1136 1137 2 0.500000 2 0
1136 LN -1 -1 -1 -1.000000 1 0
1137 LN -1 -1 -1 -1.000000 1 1
1138 IN 1139 1140 2 0.500000 2 0
1139 LN -1 -1 -1 -1.000000 1 0
1140 LN -1 -1 -1 -1.000000 1 0
1141 LN -1 -1 -1 -1.000000 1 0
1142 IN 1143 1144 5 0.500000 2 0
1143 LN -1 -1 -1 -1.000000 1 1
1144 LN -1 -1 -1 -1.000000 1 0
1145 IN 1146 1151 10 0.500000 5 0
1146 IN 1147 1148 2 0.500000 3 0
1147 LN -1 -1 -1 -1.000000 1 0
1148 IN 1149 1150 8 0.500000 2 0
1149 LN -1 -1 -1 -1.000000 1 0
1150 LN -1 -1 -1 -1.000000 1 0
1151 IN 1152 1157 8 0.500000 4 0
1152 IN 1153 1154 9 0.500000 3 0
1153 LN -1 -1 -1 -1.000000 1 1
1154 IN 1155 1156 2 0.500000 2 0
1155 LN -1 -1 -1 -1.000000 1 1
1156 LN -1 -1 -1 -1.000000 1 0
1157 IN 1158 1159 5 0.500000 2 0
1158 LN -1 -1 -1 -1.000000 1 0
1159 LN -1 -1 -1 -1.000000 1 1
1160 LN -1 -1 -1 -1.000000 1 1
1161 IN 1162 1233 14 0.500000 9 0
1162 IN 1163 1206 8 0.500000 8 0
1163 IN 1164 1181 10 0.500000 7 0
1164 IN 1165 1176 6 0.500000 6 0
1165 IN 1166 1173 2 0.500000 5 0
1166 IN 1167 1168 5 0.500000 4 0
1167 LN -1 -1 -1 -1.000000 1 0
1168 IN 1169 1170 9 0.500000 3 0
1169 LN -1 -1 -1 -1.000000 1 1
1170 IN 1171 1172 15 0.500000 2 0
1171 LN -1 -1 -1 -1.000000 1 0
1172 LN -1 -1 -1 -1.000000 1 0
1173 IN 1174 1175 15 0.500000 2 0
1174 LN -1 -1 -1 -1.000000 1 0
1175 LN -1 -1 -1 -1.000000 1 0
1176 IN 1177 1180 15 0.500000 3 1
1177 IN 1178 1179 2 0.500000 2 0
1178 LN -1 -1 -1 -1.000000 1 0
1179 LN -1 -1 -1 -1.000000 1 0
1180 LN -1 -1 -1 -1.000000 1 1
1181 IN 1182 1199 2 0.500000 6 1
1182 IN 1183 1192 6 0.500000 5 1
1183 IN 1184 1187 9 0.500000 4 1
1184 IN 1185 1186 15 0.500000 2 0
1185 LN -1 -1 -1 -1.000000 1 1
1186 LN -1 -1 -1 -1.000000 1 0
1187 IN 1188 1189 5 0.500000 3 1
1188 LN -1 -1 -1 -1.000000 1 0
1189 IN 1190 1191 15 0.500000 2 1
1190 LN -1 -1 -1 -1.000000 1 1
1191 LN -1 -1 -1 -1.000000 1 1
1192 IN 1193 1196 9 0.500000 3 0
1193 IN 1194 1195 15 0.500000 2 0
1194 LN -1 -1 -1 -1.000000 1 0
1195 LN -1 -1 -1 -1.000000 1 1
1196 IN 1197 1198 15 0.500000 2 0
1197 LN -1 -1 -1 -1.000000 1 1
1198 LN -1 -1 -1 -1.000000 1 0
1199 IN 1200 1203 6 0.500000 3 1
1200 IN 1201 1202 15 0.500000 2 1
1201 LN -1 -1 -1 -1.000000 1 1
1202 LN -1 -1 -1 -1.000000 1 0
1203 IN 1204 1205 15 0.500000 2 0
1204 LN -1 -1 -1 -1.000000 1 0
1205 LN -1 -1 -1 -1.000000 1 0
1206 IN 1207 1224 6 0.500000 6 0
1207 IN 1208 1217 2 0.500000 5 0
1208 IN 1209 1212 5 0.500000 4 0
1209 IN 1210 1211 10 0.500000 2 0
1210 LN -1 -1 -1 -1.000000 1 0
1211 LN -1 -1 -1 -1.000000 1 1
1212 IN 1213 1214 15 0.500000 3 0
1213 LN -1 -1 -1 -1.000000 1 0
1214 IN 1215 1216 10 0.500000 2 0
1215 LN -1 -1 -1 -1.000000 1 1
1216 LN -1 -1 -1 -1.000000 1 0
1217 IN 1218 1221 10 0.500000 3 0
1218 IN 1219 1220 15 0.500000 2 0
1219 LN -1 -1 -1 -1.000000 1 0
1220 LN -1 -1 -1 -1.000000 1 0
1221 IN 1222 1223 15 0.500000 2 0
1222 LN -1 -1 -1 -1.000000 1 0
1223 LN -1 -1 -1 -1.000000 1 1
1224 IN 1225 1230 15 0.500000 4 0
1225 IN 1226 1229 10 0.500000 3 0
1226 IN 1227 1228 2 0.500000 2 0
1227 LN -1 -1 -1 -1.000000 1 0
1228 LN -1 -1 -1 -1.000000 1 0
1229 LN -1 -1 -1 -1.000000 1 0
1230 IN 1231 1232 10 0.500000 2 1
1231 LN -1 -1 -1 -1.000000 1 1
1232 LN -1 -1 -1 -1.000000 1 1
1233 IN 1234 1253 10 0.500000 8 0
1234 IN 1235 1236 5 0.500000 7 0
1235 LN -1 -1 -1 -1.000000 1 1
1236 IN 1237 1242 2 0.500000 6 0
1237 IN 1238 1239 9 0.500000 3 0
1238 LN -1 -1 -1 -1.000000 1 0
1239 IN 1240 1241 6 0.500000 2 0
1240 LN -1 -1 -1 -1.000000 1 0
1241 LN -1 -1 -1 -1.000000 1 1
1242 IN 1243 1246 9 0.500000 5 0
1243 IN 1244 1245 13 0.500000 2 0
1244 LN -1 -1 -1 -1.000000 1 0
1245 LN -1 -1 -1 -1.000000 1 0
1246 IN 1247 1252 6 0.500000 4 0
1247 IN 1248 1251 8 0.500000 3 0
1248 IN 1249 1250 13 0.500000 2 0
1249 LN -1 -1 -1 -1.000000 1 0
1250 LN -1 -1 -1 -1.000000 1 0
1251 LN -1 -1 -1 -1.000000 1 1
1252 LN -1 -1 -1 -1.000000 1 0
1253 IN 1254 1275 8 0.500000 7 0
1254 IN 1255 1264 2 0.500000 6 0
1255 IN 1256 1259 9 0.500000 4 0
1256 IN 1257 1258 6 0.500000 2 0
1257 LN -1 -1 -1 -1.000000 1 1
1258 LN -1 -1 -1 -1.000000 1 0
1259 IN 1260 1261 15 0.500000 3 0
1260 LN -1 -1 -1 -1.000000 1 0
1261 IN 1262 1263 6 0.500000 2 1
1262 LN -1 -1 -1 -1.000000 1 1
1263 LN -1 -1 -1 -1.000000 1 0
1264 IN 1265 1272 6 0.500000 5 0
1265 IN 1266 1271 13 0.500000 4 0
1266 IN 1267 1268 15 0.500000 3 0
1267 LN -1 -1 -1 -1.000000 1 0
1268 IN 1269 1270 9 0.500000 2 0
1269 LN -1 -1 -1 -1.000000 1 1
1270 LN -1 -1 -1 -1.000000 1 0
1271 LN -1 -1 -1 -1.000000 1 0
1272 IN 1273 1274 13 0.500000 2 0
1273 LN -1 -1 -1 -1.000000 1 0
1274 LN -1 -1 -1 -1.000000 1 1
1275 IN 1276 1277 2 0.500000 3 1
1276 LN -1 -1 -1 -1.000000 1 1
1277 IN 1278 1279 15 0.500000 2 1
1278 LN -1 -1 -1 -1.000000 1 1
1279 LN -1 -1 -1 -1.000000 1 1
1280 IN 1281 1432 13 0.500000 11 0
1281 IN 1282 1391 14 0.500000 10 0
1282 IN 1283 1320 7 0.500000 9 0
1283 IN 1284 1319 8 0.500000 7 0
1284 IN 1285 1302 3 0.500000 6 0
1285 IN 1286 1293 10 0.500000 5 0
1286 IN 1287 1288 11 0.500000 4 0
1287 LN -1 -1 -1 -1.000000 1 0
1288 IN 1289 1292 9 0.500000 3 0
1289 IN 1290 1291 2 0.500000 2 0
1290 LN -1 -1 -1 -1.000000 1 0
1291 LN -1 -1 -1 -1.000000 1 1
1292 LN -1 -1 -1 -1.000000 1 0
1293 IN 1294 1295 15 0.500000 4 0
1294 LN -1 -1 -1 -1.000000 1 0
1295 IN 1296 1299 9 0.500000 3 0
1296 IN 1297 1298 2 0.500000 2 0
1297 LN -1 -1 -1 -1.000000 1 0
1298 LN -1 -1 -1 -1.000000 1 0
1299 IN 1300 1301 2 0.500000 2 0
1300 LN -1 -1 -1 -1.000000 1 0
1301 LN -1 -1 -1 -1.000000 1 0
1302 IN 1303 1310 15 0.500000 5 0
1303 IN 1304 1305 10 0.500000 4 0
1304 LN -1 -1 -1 -1.000000 1 0
1305 IN 1306 1309 9 0.500000 3 0
1306 IN 1307 1308 2 0.500000 2 0
1307 LN -1 -1 -1 -1.000000 1 0
1308 LN -1 -1 -1 -1.000000 1 0
1309 LN -1 -1 -1 -1.000000 1 0
1310 IN 1311 1314 9 0.500000 4 0
1311 IN 1312 1313 2 0.500000 2 0
1312 LN -1 -1 -1 -1.000000 1 0
1313 LN -1 -1 -1 -1.000000 1 1
1314 IN 1315 1318 10 0.500000 3 0
1315 IN 1316 1317 2 0.500000 2 0
1316 LN -1 -1 -1 -1.000000 1 0
1317 LN -1 -1 -1 -1.000000 1 1
1318 LN -1 -1 -1 -1.000000 1 0
1319 LN -1 -1 -1 -1.000000 1 0
1320 IN 1321 1352 2 0.500000 8 0
1321 IN 1322 1337 9 0.500000 7 0
1322 IN 1323 1330 3 0.500000 5 0
1323 IN 1324 1325 15 0.500000 4 0
1324 LN -1 -1 -1 -1.000000 1 1
1325 IN 1326 1329 6 0.500000 3 0
1326 IN 1327 1328 10 0.500000 2 0
1327 LN -1 -1 -1 -1.000000 1 1
1328 LN -1 -1 -1 -1.000000 1 0
1329 LN -1 -1 -1 -1.000000 1 0
1330 IN 1331 1334 10 0.500000 3 0
1331 IN 1332 1333 6 0.500000 2 0
1332 LN -1 -1 -1 -1.000000 1 0
1333 LN -1 -1 -1 -1.000000 1 0
1334 IN 1335 1336 6 0.500000 2 1
1335 LN -1 -1 -1 -1.000000 1 0
1336 LN -1 -1 -1 -1.000000 1 1
1337 IN 1338 1339 3 0.500000 6 0
1338 LN -1 -1 -1 -1.000000 1 0
1339 IN 1340 1343 10 0.500000 5 0
1340 IN 1341 1342 15 0.500000 2 1
1341 LN -1 -1 -1 -1.000000 1 1
1342 LN -1 -1 -1 -1.000000 1 0
1343 IN 1344 1351 15 0.500000 4 0
1344 IN 1345 1348 6 0.500000 3 0
1345 IN 1346 1347 8 0.500000 2 0
1346 LN -1 -1 -1 -1.000000 1 0
1347 LN -1 -1 -1 -1.000000 1 1
1348 IN 1349 1350 8 0.500000 2 0
1349 LN -1 -1 -1 -1.000000 1 0
1350 LN -1 -1 -1 -1.000000 1 0
1351 LN -1 -1 -1 -1.000000 1 1
1352 IN 1353 1368 10 0.500000 7 0
1353 IN 1354 1357 3 0.500000 6 1
1354 IN 1355 1356 15 0.500000 2 1
1355 LN -1 -1 -1 -1.000000 1 0
1356 LN -1 -1 -1 -1.000000 1 1
1357 IN 1358 1361 15 0.500000 5 0
1358 IN 1359 1360 6 0.500000 2 0
1359 LN -1 -1 -1 -1.000000 1 0
1360 LN -1 -1 -1 -1.000000 1 0
1361 IN 1362 1363 9 0.500000 4 1
1362 LN -1 -1 -1 -1.000000 1 0
1363 IN 1364 1367 8 0.500000 3 1
1364 IN 1365 1366 6 0.500000 2 1
1365 LN -1 -1 -1 -1.000000 1 1
1366 LN -1 -1 -1 -1.000000 1 1
1367 LN -1 -1 -1 -1.000000 1 1
1368 IN 1369 1382 8 0.500000 6 0
1369 IN 1370 1379 6 0.500000 5 1
1370 IN 1371 1374 3 0.500000 4 0
1371 IN 1372 1373 9 0.500000 2 0
1372 LN -1 -1 -1 -1.000000 1 0
1373 LN -1 -1 -1 -1.000000 1 0
1374 IN 1375 1376 9 0.500000 3 0
1375 LN -1 -1 -1 -1.000000 1 0
1376 IN 1377 1378 15 0.500000 2 0
1377 LN -1 -1 -1 -1.000000 1 1
1378 LN -1 -1 -1 -1.000000 1 0
1379 IN 1380 1381 15 0.500000 2 1
1380 LN -1 -1 -1 -1.000000 1 1
1381 LN -1 -1 -1 -1.000000 1 1
1382 IN 1383 1390 6 0.500000 4 0
1383 IN 1384 1387 3 0.500000 3 0
1384 IN 1385 1386 15 0.500000 2 0
1385 LN -1 -1 -1 -1.000000 1 0
1386 LN -1 -1 -1 -1.000000 1 0
1387 IN 1388 1389 15 0.500000 2 0
1388 LN -1 -1 -1 -1.000000 1 0
1389 LN -1 -1 -1 -1.000000 1 0
1390 LN -1 -1 -1 -1.000000 1 0
1391 IN 1392 1405 10 0.500000 7 0
1392 IN 1393 1404 6 0.500000 5 0
1393 IN 1394 1399 7 0.500000 4 0
1394 IN 1395 1398 3 0.500000 3 1
1395 IN 1396 1397 9 0.500000 2 1
1396 LN -1 -1 -1 -1.000000 1 0
1397 LN -1 -1 -1 -1.000000 1 1
1398 LN -1 -1 -1 -1.000000 1 1
1399 IN 1400 1401 9 0.500000 3 0
1400 LN -1 -1 -1 -1.000000 1 0
1401 IN 1402 1403 3 0.500000 2 0
1402 LN -1 -1 -1 -1.000000 1 0
1403 LN -1 -1 -1 -1.000000 1 1
1404 LN -1 -1 -1 -1.000000 1 1
1405 IN 1406 1421 9 0.500000 6 1
1406 IN 1407 1416 6 0.500000 5 0
1407 IN 1408 1411 3 0.500000 4 0
1408 IN 1409 1410 2 0.500000 2 0
1409 LN -1 -1 -1 -1.000000 1 0
1410 LN -1 -1 -1 -1.000000 1 1
1411 IN 1412 1413 15 0.500000 3 1
1412 LN -1 -1 -1 -1.000000 1 1
1413 IN 1414 1415 2 0.500000 2 1
1414 LN -1 -1 -1 -1.000000 1 1
1415 LN -1 -1 -1 -1.000000 1 0
1416 IN 1417 1418 15 0.500000 3 0
1417 LN -1 -1 -1 -1.000000 1 0
1418 IN 1419 1420 3 0.500000 2 0
1419 LN -1 -1 -1 -1.000000 1 0
1420 LN -1 -1 -1 -1.000000 1 1
1421 IN 1422 1423 15 0.500000 5 1
1422 LN -1 -1 -1 -1.000000 1 0
1423 IN 1424 1431 6 0.500000 4 1
1424 IN 1425 1428 3 0.500000 3 1
1425 IN 1426 1427 7 0.500000 2 1
1426 LN -1 -1 -1 -1.000000 1 1
1427 LN -1 -1 -1 -1.000000 1 0
1428 IN 1429 1430 2 0.500000 2 1
1429 LN -1 -1 -1 -1.000000 1 1
1430 LN -1 -1 -1 -1.000000 1 1
1431 LN -1 -1 -1 -1.000000 1 1
1432 IN 1433 1442 2 0.500000 6 1
1433 IN 1434 1435 3 0.500000 4 0
1434 LN -1 -1 -1 -1.000000 1 0
1435 IN 1436 1439 7 0.500000 3 0
1436 IN 1437 1438 9 0.500000 2 0
1437 LN -1 -1 -1 -1.000000 1 1
1438 LN -1 -1 -1 -1.000000 1 0
1439 IN 1440 1441 6 0.500000 2 0
1440 LN -1 -1 -1 -1.000000 1 1
1441 LN -1 -1 -1 -1.000000 1 0
1442 IN 1443 1448 9 0.500000 5 1
1443 IN 1444 1447 7 0.500000 3 1
1444 IN 1445 1446 3 0.500000 2 1
1445 LN -1 -1 -1 -1.000000 1 1
1446 LN -1 -1 -1 -1.000000 1 0
1447 LN -1 -1 -1 -1.000000 1 1
1448 IN 1449 1456 3 0.500000 4 0
1449 IN 1450 1453 10 0.500000 3 1
1450 IN 1451 1452 7 0.500000 2 0
1451 LN -1 -1 -1 -1.000000 1 1
1452 LN -1 -1 -1 -1.000000 1 0
1453 IN 1454 1455 7 0.500000 2 1
1454 LN -1 -1 -1 -1.000000 1 0
1455 LN -1 -1 -1 -1.000000 1 1
1456 IN 1457 1458 6 0.500000 2 0
1457 LN -1 -1 -1 -1.000000 1 1
1458 LN -1 -1 -1 -1.000000 1 0
1459 IN 1460 1511 4 0.500000 11 1
1460 IN 1461 1470 10 0.500000 10 1
1461 IN 1462 1469 13 0.500000 4 0
1462 IN 1463 1466 8 0.500000 3 0
1463 IN 1464 1465 6 0.500000 2 0
1464 LN -1 -1 -1 -1.000000 1 0
1465 LN -1 -1 -1 -1.000000 1 1
1466 IN 1467 1468 2 0.500000 2 0
1467 LN -1 -1 -1 -1.000000 1 1
1468 LN -1 -1 -1 -1.000000 1 0
1469 LN -1 -1 -1 -1.000000 1 0
1470 IN 1471 1482 2 0.500000 9 1
1471 IN 1472 1477 14 0.500000 4 1
1472 IN 1473 1474 7 0.500000 3 0
1473 LN -1 -1 -1 -1.000000 1 0
1474 IN 1475 1476 9 0.500000 2 1
1475 LN -1 -1 -1 -1.000000 1 0
1476 LN -1 -1 -1 -1.000000 1 1
1477 IN 1478 1479 9 0.500000 3 1
1478 LN -1 -1 -1 -1.000000 1 0
1479 IN 1480 1481 7 0.500000 2 1
1480 LN -1 -1 -1 -1.000000 1 1
1481 LN -1 -1 -1 -1.000000 1 1
1482 IN 1483 1510 6 0.500000 8 1
1483 IN 1484 1489 5 0.500000 7 1
1484 IN 1485 1488 8 0.500000 3 1
1485 IN 1486 1487 15 0.500000 2 0
1486 LN -1 -1 -1 -1.000000 1 0
1487 LN -1 -1 -1 -1.000000 1 1
1488 LN -1 -1 -1 -1.000000 1 1
1489 IN 1490 1501 9 0.500000 6 1
1490 IN 1491 1498 13 0.500000 5 1
1491 IN 1492 1493 7 0.500000 4 1
1492 LN -1 -1 -1 -1.000000 1 1
1493 IN 1494 1497 3 0.500000 3 1
1494 IN 1495 1496 14 0.500000 2 1
1495 LN -1 -1 -1 -1.000000 1 1
1496 LN -1 -1 -1 -1.000000 1 0
1497 LN -1 -1 -1 -1.000000 1 0
1498 IN 1499 1500 3 0.500000 2 1
1499 LN -1 -1 -1 -1.000000 1 0
1500 LN -1 -1 -1 -1.000000 1 1
1501 IN 1502 1509 8 0.500000 5 1
1502 IN 1503 1504 13 0.500000 4 1
1503 LN -1 -1 -1 -1.000000 1 1
1504 IN 1505 1506 3 0.500000 3 1
1505 LN -1 -1 -1 -1.000000 1 1
1506 IN 1507 1508 7 0.500000 2 1
1507 LN -1 -1 -1 -1.000000 1 1
1508 LN -1 -1 -1 -1.000000 1 1
1509 LN -1 -1 -1 -1.000000 1 1
1510 LN -1 -1 -1 -1.000000 1 1
1511 IN 1512 1535 6 0.500000 8 1
1512 IN 1513 1526 9 0.500000 7 0
1513 IN 1514 1515 10 0.500000 6 0
1514 LN -1 -1 -1 -1.000000 1 1
1515 IN 1516 1517 2 0.500000 5 0
1516 LN -1 -1 -1 -1.000000 1 0
1517 IN 1518 1523 13 0.500000 4 0
1518 IN 1519 1520 3 0.500000 3 1
1519 LN -1 -1 -1 -1.000000 1 1
1520 IN 1521 1522 15 0.500000 2 0
1521 LN -1 -1 -1 -1.000000 1 1
1522 LN -1 -1 -1 -1.000000 1 0
1523 IN 1524 1525 7 0.500000 2 0
1524 LN -1 -1 -1 -1.000000 1 0
1525 LN -1 -1 -1 -1.000000 1 0
1526 IN 1527 1534 13 0.500000 5 1
1527 IN 1528 1533 7 0.500000 4 0
1528 IN 1529 1530 2 0.500000 3 1
1529 LN -1 -1 -1 -1.000000 1 1
1530 IN 1531 1532 14 0.500000 2 1
1531 LN -1 -1 -1 -1.000000 1 1
1532 LN -1 -1 -1 -1.000000 1 0
1533 LN -1 -1 -1 -1.000000 1 0
1534 LN -1 -1 -1 -1.000000 1 1
1535 IN 1536 1539 2 0.500000 3 1
1536 IN 1537 1538 9 0.500000 2 0
1537 LN -1 -1 -1 -1.000000 1 0
1538 LN -1 -1 -1 -1.000000 1 1
1539 LN -1 -1 -1 -1.000000 1 1
1540 IN 1541 2390 12 0.500000 15 1
1541 IN 1542 1761 14 0.500000 14 1
1542 IN 1543 1688 0 0.500000 12 0
1543 IN 1544 1583 7 0.500000 11 0
1544 IN 1545 1560 15 0.500000 7 0
1545 IN 1546 1551 10 0.500000 6 0
1546 IN 1547 1550 5 0.500000 3 0
1547 IN 1548 1549 11 0.500000 2 0
1548 LN -1 -1 -1 -1.000000 1 0
1549 LN -1 -1 -1 -1.000000 1 1
1550 LN -1 -1 -1 -1.000000 1 0
1551 IN 1552 1559 16 0.500000 5 1
1552 IN 1553 1554 8 0.500000 4 0
1553 LN -1 -1 -1 -1.000000 1 1
1554 IN 1555 1556 4 0.500000 3 0
1555 LN -1 -1 -1 -1.000000 1 0
1556 IN 1557 1558 3 0.500000 2 0
1557 LN -1 -1 -1 -1.000000 1 0
1558 LN -1 -1 -1 -1.000000 1 1
1559 LN -1 -1 -1 -1.000000 1 1
1560 IN 1561 1570 8 0.500000 6 0
1561 IN 1562 1569 3 0.500000 5 0
1562 IN 1563 1568 10 0.500000 4 0
1563 IN 1564 1565 9 0.500000 3 0
1564 LN -1 -1 -1 -1.000000 1 0
1565 IN 1566 1567 4 0.500000 2 1
1566 LN -1 -1 -1 -1.000000 1 1
1567 LN -1 -1 -1 -1.000000 1 0
1568 LN -1 -1 -1 -1.000000 1 0
1569 LN -1 -1 -1 -1.000000 1 0
1570 IN 1571 1580 4 0.500000 5 0
1571 IN 1572 1575 5 0.500000 4 0
1572 IN 1573 1574 10 0.500000 2 0
1573 LN -1 -1 -1 -1.000000 1 0
1574 LN -1 -1 -1 -1.000000 1 0
1575 IN 1576 1579 3 0.500000 3 0
1576 IN 1577 1578 10 0.500000 2 0
1577 LN -1 -1 -1 -1.000000 1 0
1578 LN -1 -1 -1 -1.000000 1 0
1579 LN -1 -1 -1 -1.000000 1 0
1580 IN 1581 1582 3 0.500000 2 0
1581 LN -1 -1 -1 -1.000000 1 0
1582 LN -1 -1 -1 -1.000000 1 1
1583 IN 1584 1585 11 0.500000 10 0
1584 LN -1 -1 -1 -1.000000 1 1
1585 IN 1586 1623 10 0.500000 9 0
1586 IN 1587 1604 3 0.500000 7 0
1587 IN 1588 1597 4 0.500000 6 0
1588 IN 1589 1590 5 0.500000 5 0
1589 LN -1 -1 -1 -1.000000 1 0
1590 IN 1591 1592 15 0.500000 4 0
1591 LN -1 -1 -1 -1.000000 1 0
1592 IN 1593 1596 8 0.500000 3 0
1593 IN 1594 1595 9 0.500000 2 0
1594 LN -1 -1 -1 -1.000000 1 0
1595 LN -1 -1 -1 -1.000000 1 0
1596 LN -1 -1 -1 -1.000000 1 0
1597 IN 1598 1599 9 0.500000 4 1
1598 LN -1 -1 -1 -1.000000 1 1
1599 IN 1600 1601 15 0.500000 3 1
1600 LN -1 -1 -1 -1.000000 1 0
1601 IN 1602 1603 8 0.500000 2 1
1602 LN -1 -1 -1 -1.000000 1 0
1603 LN -1 -1 -1 -1.000000 1 1
1604 IN 1605 1614 6 0.500000 5 0
1605 IN 1606 1609 15 0.500000 4 0
1606 IN 1607 1608 8 0.500000 2 1
1607 LN -1 -1 -1 -1.000000 1 0
1608 LN -1 -1 -1 -1.000000 1 1
1609 IN 1610 1611 8 0.500000 3 0
1610 LN -1 -1 -1 -1.000000 1 0
1611 IN 1612 1613 4 0.500000 2 0
1612 LN -1 -1 -1 -1.000000 1 0
1613 LN -1 -1 -1 -1.000000 1 0
1614 IN 1615 1618 15 0.500000 4 0
1615 IN 1616 1617 4 0.500000 2 0
1616 LN -1 -1 -1 -1.000000 1 0
1617 LN -1 -1 -1 -1.000000 1 1
1618 IN 1619 1620 8 0.500000 3 0
1619 LN -1 -1 -1 -1.000000 1 0
1620 IN 1621 1622 4 0.500000 2 0
1621 LN -1 -1 -1 -1.000000 1 0
1622 LN -1 -1 -1 -1.000000 1 0
1623 IN 1624 1655 3 0.500000 8 0
1624 IN 1625 1642 4 0.500000 7 0
1625 IN 1626 1637 16 0.500000 6 0
1626 IN 1627 1630 8 0.500000 5 0
1627 IN 1628 1629 15 0.500000 2 1
1628 LN -1 -1 -1 -1.000000 1 0
1629 LN -1 -1 -1 -1.000000 1 1
1630 IN 1631 1632 5 0.500000 4 0
1631 LN -1 -1 -1 -1.000000 1 0
1632 IN 1633 1634 15 0.500000 3 0
1633 LN -1 -1 -1 -1.000000 1 0
1634 IN 1635 1636 6 0.500000 2 0
1635 LN -1 -1 -1 -1.000000 1 0
1636 LN -1 -1 -1 -1.000000 1 1
1637 IN 1638 1639 8 0.500000 3 1
1638 LN -1 -1 -1 -1.000000 1 1
1639 IN 1640 1641 5 0.500000 2 1
1640 LN -1 -1 -1 -1.000000 1 1
1641 LN -1 -1 -1 -1.000000 1 0
1642 IN 1643 1652 16 0.500000 5 0
1643 IN 1644 1649 8 0.500000 4 0
1644 IN 1645 1646 9 0.500000 3 0
1645 LN -1 -1 -1 -1.000000 1 0
1646 IN 1647 1648 15 0.500000 2 0
1647 LN -1 -1 -1 -1.000000 1 0
1648 LN -1 -1 -1 -1.000000 1 0
1649 IN 1650 1651 15 0.500000 2 0
1650 LN -1 -1 -1 -1.000000 1 0
1651 LN -1 -1 -1 -1.000000 1 1
1652 IN 1653 1654 15 0.500000 2 0
1653 LN -1 -1 -1 -1.000000 1 0
1654 LN -1 -1 -1 -1.000000 1 0
1655 IN 1656 1685 16 0.500000 6 0
1656 IN 1657 1670 15 0.500000 5 0
1657 IN 1658 1665 6 0.500000 4 1
1658 IN 1659 1662 4 0.500000 3 0
1659 IN 1660 1661 8 0.500000 2 0
1660 LN -1 -1 -1 -1.000000 1 0
1661 LN -1 -1 -1 -1.000000 1 1
1662 IN 1663 1664 8 0.500000 2 0
1663 LN -1 -1 -1 -1.000000 1 0
1664 LN -1 -1 -1 -1.000000 1 0
1665 IN 1666 1667 4 0.500000 3 1
1666 LN -1 -1 -1 -1.000000 1 1
1667 IN 1668 1669 8 0.500000 2 0
1668 LN -1 -1 -1 -1.000000 1 1
1669 LN -1 -1 -1 -1.000000 1 0
1670 IN 1671 1678 4 0.500000 4 0
1671 IN 1672 1675 6 0.500000 3 0
1672 IN 1673 1674 8 0.500000 2 0
1673 LN -1 -1 -1 -1.000000 1 0
1674 LN -1 -1 -1 -1.000000 1 0
1675 IN 1676 1677 8 0.500000 2 1
1676 LN -1 -1 -1 -1.000000 1 1
1677 LN -1 -1 -1 -1.000000 1 1
1678 IN 1679 1682 6 0.500000 3 0
1679 IN 1680 1681 8 0.500000 2 0
1680 LN -1 -1 -1 -1.000000 1 1
1681 LN -1 -1 -1 -1.000000 1 0
1682 IN 1683 1684 8 0.500000 2 1
1683 LN -1 -1 -1 -1.000000 1 1
1684 LN -1 -1 -1 -1.000000 1 0
1685 IN 1686 1687 8 0.500000 2 0
1686 LN -1 -1 -1 -1.000000 1 1
1687 LN -1 -1 -1 -1.000000 1 0
1688 IN 1689 1730 3 0.500000 11 1
1689 IN 1690 1703 7 0.500000 10 0
1690 IN 1691 1692 8 0.500000 7 0
1691 LN -1 -1 -1 -1.000000 1 1
1692 IN 1693 1702 4 0.500000 6 0
1693 IN 1694 1695 5 0.500000 5 0
1694 LN -1 -1 -1 -1.000000 1 0
1695 IN 1696 1701 16 0.500000 4 0
1696 IN 1697 1698 15 0.500000 3 0
1697 LN -1 -1 -1 -1.000000 1 0
1698 IN 1699 1700 10 0.500000 2 0
1699 LN -1 -1 -1 -1.000000 1 0
1700 LN -1 -1 -1 -1.000000 1 0
1701 LN -1 -1 -1 -1.000000 1 0
1702 LN -1 -1 -1 -1.000000 1 0
1703 IN 1704 1707 15 0.500000 9 1
1704 IN 1705 1706 10 0.500000 2 1
1705 LN -1 -1 -1 -1.000000 1 0
1706 LN -1 -1 -1 -1.000000 1 1
1707 IN 1708 1729 6 0.500000 8 1
1708 IN 1709 1710 9 0.500000 7 1
1709 LN -1 -1 -1 -1.000000 1 0
1710 IN 1711 1726 16 0.500000 6 1
1711 IN 1712 1713 5 0.500000 5 1
1712 LN -1 -1 -1 -1.000000 1 0
1713 IN 1714 1721 4 0.500000 4 1
1714 IN 1715 1718 10 0.500000 3 1
1715 IN 1716 1717 8 0.500000 2 0
1716 LN -1 -1 -1 -1.000000 1 0
1717 LN -1 -1 -1 -1.000000 1 0
1718 IN 1719 1720 8 0.500000 2 1
1719 LN -1 -1 -1 -1.000000 1 0
1720 LN -1 -1 -1 -1.000000 1 1
1721 IN 1722 1723 10 0.500000 3 1
1722 LN -1 -1 -1 -1.000000 1 1
1723 IN 1724 1725 8 0.500000 2 1
1724 LN -1 -1 -1 -1.000000 1 0
1725 LN -1 -1 -1 -1.000000 1 1
1726 IN 1727 1728 4 0.500000 2 1
1727 LN -1 -1 -1 -1.000000 1 0
1728 LN -1 -1 -1 -1.000000 1 1
1729 LN -1 -1 -1 -1.000000 1 0
1730 IN 1731 1744 4 0.500000 8 1
1731 IN 1732 1733 15 0.500000 6 1
1732 LN -1 -1 -1 -1.000000 1 0
1733 IN 1734 1737 10 0.500000 5 1
1734 IN 1735 1736 6 0.500000 2 1
1735 LN -1 -1 -1 -1.000000 1 1
1736 LN -1 -1 -1 -1.000000 1 1
1737 IN 1738 1743 16 0.500000 4 0
1738 IN 1739 1742 6 0.500000 3 0
1739 IN 1740 1741 8 0.500000 2 0
1740 LN -1 -1 -1 -1.000000 1 0
1741 LN -1 -1 -1 -1.000000 1 0
1742 LN -1 -1 -1 -1.000000 1 0
1743 LN -1 -1 -1 -1.000000 1 0
1744 IN 1745 1760 16 0.500000 7 1
1745 IN 1746 1749 15 0.500000 6 1
1746 IN 1747 1748 6 0.500000 2 1
1747 LN -1 -1 -1 -1.000000 1 1
1748 LN -1 -1 -1 -1.000000 1 0
1749 IN 1750 1751 7 0.500000 5 1
1750 LN -1 -1 -1 -1.000000 1 0
1751 IN 1752 1753 8 0.500000 4 1
1752 LN -1 -1 -1 -1.000000 1 1
1753 IN 1754 1757 10 0.500000 3 1
1754 IN 1755 1756 6 0.500000 2 1
1755 LN -1 -1 -1 -1.000000 1 1
1756 LN -1 -1 -1 -1.000000 1 1
1757 IN 1758 1759 6 0.500000 2 1
1758 LN -1 -1 -1 -1.000000 1 1
1759 LN -1 -1 -1 -1.000000 1 1
1760 LN -1 -1 -1 -1.000000 1 0
1761 IN 1762 1811 9 0.500000 13 1
1762 IN 1763 1774 4 0.500000 9 0
1763 IN 1764 1765 13 0.500000 6 0
1764 LN -1 -1 -1 -1.000000 1 0
1765 IN 1766 1767 15 0.500000 5 0
1766 LN -1 -1 -1 -1.000000 1 0
1767 IN 1768 1769 0 0.500000 4 0
1768 LN -1 -1 -1 -1.000000 1 0
1769 IN 1770 1771 7 0.500000 3 0
1770 LN -1 -1 -1 -1.000000 1 0
1771 IN 1772 1773 16 0.500000 2 1
1772 LN -1 -1 -1 -1.000000 1 0
1773 LN -1 -1 -1 -1.000000 1 1
1774 IN 1775 1786 10 0.500000 8 0
1775 IN 1776 1783 3 0.500000 5 0
1776 IN 1777 1778 7 0.500000 4 0
1777 LN -1 -1 -1 -1.000000 1 0
1778 IN 1779 1780 15 0.500000 3 0
1779 LN -1 -1 -1 -1.000000 1 0
1780 IN 1781 1782 13 0.500000 2 0
1781 LN -1 -1 -1 -1.000000 1 0
1782 LN -1 -1 -1 -1.000000 1 0
1783 IN 1784 1785 0 0.500000 2 0
1784 LN -1 -1 -1 -1.000000 1 1
1785 LN -1 -1 -1 -1.000000 1 0
1786 IN 1787 1804 0 0.500000 7 0
1787 IN 1788 1795 16 0.500000 6 1
1788 IN 1789 1794 6 0.500000 4 1
1789 IN 1790 1791 13 0.500000 3 0
1790 LN -1 -1 -1 -1.000000 1 1
1791 IN 1792 1793 7 0.500000 2 0
1792 LN -1 -1 -1 -1.000000 1 0
1793 LN -1 -1 -1 -1.000000 1 0
1794 LN -1 -1 -1 -1.000000 1 1
1795 IN 1796 1797 7 0.500000 5 1
1796 LN -1 -1 -1 -1.000000 1 1
1797 IN 1798 1799 13 0.500000 4 0
1798 LN -1 -1 -1 -1.000000 1 1
1799 IN 1800 1803 6 0.500000 3 0
1800 IN 1801 1802 3 0.500000 2 0
1801 LN -1 -1 -1 -1.000000 1 0
1802 LN -1 -1 -1 -1.000000 1 0
1803 LN -1 -1 -1 -1.000000 1 1
1804 IN 1805 1810 6 0.500000 4 0
1805 IN 1806 1807 16 0.500000 3 0
1806 LN -1 -1 -1 -1.000000 1 0
1807 IN 1808 1809 3 0.500000 2 0
1808 LN -1 -1 -1 -1.000000 1 1
1809 LN -1 -1 -1 -1.000000 1 0
1810 LN -1 -1 -1 -1.000000 1 0
1811 IN 1812 1883 5 0.500000 12 1
1812 IN 1813 1840 7 0.500000 8 0
1813 IN 1814 1839 16 0.500000 7 0
1814 IN 1815 1826 10 0.500000 6 0
1815 IN 1816 1819 13 0.500000 5 0
1816 IN 1817 1818 0 0.500000 2 0
1817 LN -1 -1 -1 -1.000000 1 1
1818 LN -1 -1 -1 -1.000000 1 0
1819 IN 1820 1821 0 0.500000 4 0
1820 LN -1 -1 -1 -1.000000 1 0
1821 IN 1822 1823 8 0.500000 3 0
1822 LN -1 -1 -1 -1.000000 1 0
1823 IN 1824 1825 15 0.500000 2 0
1824 LN -1 -1 -1 -1.000000 1 0
1825 LN -1 -1 -1 -1.000000 1 0
1826 IN 1827 1834 0 0.500000 5 0
1827 IN 1828 1829 15 0.500000 4 0
1828 LN -1 -1 -1 -1.000000 1 0
1829 IN 1830 1833 13 0.500000 3 0
1830 IN 1831 1832 8 0.500000 2 0
1831 LN -1 -1 -1 -1.000000 1 0
1832 LN -1 -1 -1 -1.000000 1 0
1833 LN -1 -1 -1 -1.000000 1 0
1834 IN 1835 1836 15 0.500000 3 0
1835 LN -1 -1 -1 -1.000000 1 0
1836 IN 1837 1838 13 0.500000 2 0
1837 LN -1 -1 -1 -1.000000 1 0
1838 LN -1 -1 -1 -1.000000 1 0
1839 LN -1 -1 -1 -1.000000 1 0
1840 IN 1841 1864 0 0.500000 7 0
1841 IN 1842 1849 8 0.500000 6 0
1842 IN 1843 1848 6 0.500000 4 0
1843 IN 1844 1845 10 0.500000 3 0
1844 LN -1 -1 -1 -1.000000 1 0
1845 IN 1846 1847 3 0.500000 2 1
1846 LN -1 -1 -1 -1.000000 1 1
1847 LN -1 -1 -1 -1.000000 1 0
1848 LN -1 -1 -1 -1.000000 1 0
1849 IN 1850 1859 3 0.500000 5 0
1850 IN 1851 1854 10 0.500000 4 0
1851 IN 1852 1853 13 0.500000 2 0
1852 LN -1 -1 -1 -1.000000 1 0
1853 LN -1 -1 -1 -1.000000 1 1
1854 IN 1855 1858 16 0.500000 3 0
1855 IN 1856 1857 13 0.500000 2 0
1856 LN -1 -1 -1 -1.000000 1 0
1857 LN -1 -1 -1 -1.000000 1 0
1858 LN -1 -1 -1 -1.000000 1 0
1859 IN 1860 1863 6 0.500000 3 1
1860 IN 1861 1862 16 0.500000 2 0
1861 LN -1 -1 -1 -1.000000 1 0
1862 LN -1 -1 -1 -1.000000 1 1
1863 LN -1 -1 -1 -1.000000 1 1
1864 IN 1865 1868 8 0.500000 6 0
1865 IN 1866 1867 10 0.500000 2 0
1866 LN -1 -1 -1 -1.000000 1 1
1867 LN -1 -1 -1 -1.000000 1 0
1868 IN 1869 1878 16 0.500000 5 0
1869 IN 1870 1875 3 0.500000 4 0
1870 IN 1871 1874 13 0.500000 3 0
1871 IN 1872 1873 10 0.500000 2 0
1872 LN -1 -1 -1 -1.000000 1 0
1873 LN -1 -1 -1 -1.000000 1 0
1874 LN -1 -1 -1 -1.000000 1 0
1875 IN 1876 1877 10 0.500000 2 0
1876 LN -1 -1 -1 -1.000000 1 0
1877 LN -1 -1 -1 -1.000000 1 0
1878 IN 1879 1880 13 0.500000 3 0
1879 LN -1 -1 -1 -1.000000 1 1
1880 IN 1881 1882 3 0.500000 2 0
1881 LN -1 -1 -1 -1.000000 1 1
1882 LN -1 -1 -1 -1.000000 1 0
1883 IN 1884 2157 4 0.500000 11 1
1884 IN 1885 2010 13 0.500000 10 1
1885 IN 1886 1951 0 0.500000 9 1
1886 IN 1887 1936 6 0.500000 8 0
1887 IN 1888 1913 8 0.500000 7 0
1888 IN 1889 1894 15 0.500000 6 0
1889 IN 1890 1893 16 0.500000 3 0
1890 IN 1891 1892 3 0.500000 2 0
1891 LN -1 -1 -1 -1.000000 1 0
1892 LN -1 -1 -1 -1.000000 1 0
1893 LN -1 -1 -1 -1.000000 1 0
1894 IN 1895 1900 7 0.500000 5 0
1895 IN 1896 1897 10 0.500000 3 1
1896 LN -1 -1 -1 -1.000000 1 0
1897 IN 1898 1899 16 0.500000 2 1
1898 LN -1 -1 -1 -1.000000 1 1
1899 LN -1 -1 -1 -1.000000 1 1
1900 IN 1901 1906 10 0.500000 4 0
1901 IN 1902 1903 3 0.500000 3 0
1902 LN -1 -1 -1 -1.000000 1 0
1903 IN 1904 1905 16 0.500000 2 0
1904 LN -1 -1 -1 -1.000000 1 0
1905 LN -1 -1 -1 -1.000000 1 0
1906 IN 1907 1910 3 0.500000 3 0
1907 IN 1908 1909 16 0.500000 2 1
1908 LN -1 -1 -1 -1.000000 1 1
1909 LN -1 -1 -1 -1.000000 1 0
1910 IN 1911 1912 16 0.500000 2 0
1911 LN -1 -1 -1 -1.000000 1 0
1912 LN -1 -1 -1 -1.000000 1 0
1913 IN 1914 1929 16 0.500000 5 0
1914 IN 1915 1922 7 0.500000 4 0
1915 IN 1916 1919 3 0.500000 3 0
1916 IN 1917 1918 10 0.500000 2 0
1917 LN -1 -1 -1 -1.000000 1 0
1918 LN -1 -1 -1 -1.000000 1 0
1919 IN 1920 1921 10 0.500000 2 0
1920 LN -1 -1 -1 -1.000000 1 0
1921 LN -1 -1 -1 -1.000000 1 0
1922 IN 1923 1926 3 0.500000 3 1
1923 IN 1924 1925 10 0.500000 2 0
1924 LN -1 -1 -1 -1.000000 1 0
1925 LN -1 -1 -1 -1.000000 1 1
1926 IN 1927 1928 10 0.500000 2 1
1927 LN -1 -1 -1 -1.000000 1 1
1928 LN -1 -1 -1 -1.000000 1 0
1929 IN 1930 1933 3 0.500000 3 1
1930 IN 1931 1932 10 0.500000 2 1
1931 LN -1 -1 -1 -1.000000 1 1
1932 LN -1 -1 -1 -1.000000 1 0
1933 IN 1934 1935 7 0.500000 2 1
1934 LN -1 -1 -1 -1.000000 1 0
1935 LN -1 -1 -1 -1.000000 1 1
1936 IN 1937 1946 16 0.500000 5 1
1937 IN 1938 1941 10 0.500000 4 1
1938 IN 1939 1940 3 0.500000 2 1
1939 LN -1 -1 -1 -1.000000 1 0
1940 LN -1 -1 -1 -1.000000 1 1
1941 IN 1942 1943 3 0.500000 3 1
1942 LN -1 -1 -1 -1.000000 1 1
1943 IN 1944 1945 8 0.500000 2 1
1944 LN -1 -1 -1 -1.000000 1 0
1945 LN -1 -1 -1 -1.000000 1 1
1946 IN 1947 1948 10 0.500000 3 0
1947 LN -1 -1 -1 -1.000000 1 1
1948 IN 1949 1950 8 0.500000 2 0
1949 LN -1 -1 -1 -1.000000 1 0
1950 LN -1 -1 -1 -1.000000 1 0
1951 IN 1952 1967 8 0.500000 8 1
1952 IN 1953 1958 10 0.500000 5 1
1953 IN 1954 1957 3 0.500000 3 1
1954 IN 1955 1956 7 0.500000 2 1
1955 LN -1 -1 -1 -1.000000 1 1
1956 LN -1 -1 -1 -1.000000 1 0
1957 LN -1 -1 -1 -1.000000 1 1
1958 IN 1959 1962 3 0.500000 4 0
1959 IN 1960 1961 16 0.500000 2 0
1960 LN -1 -1 -1 -1.000000 1 0
1961 LN -1 -1 -1 -1.000000 1 1
1962 IN 1963 1966 6 0.500000 3 1
1963 IN 1964 1965 7 0.500000 2 0
1964 LN -1 -1 -1 -1.000000 1 1
1965 LN -1 -1 -1 -1.000000 1 0
1966 LN -1 -1 -1 -1.000000 1 1
1967 IN 1968 1989 3 0.500000 7 1
1968 IN 1969 1976 7 0.500000 6 1
1969 IN 1970 1971 15 0.500000 4 0
1970 LN -1 -1 -1 -1.000000 1 1
1971 IN 1972 1975 16 0.500000 3 0
1972 IN 1973 1974 10 0.500000 2 0
1973 LN -1 -1 -1 -1.000000 1 0
1974 LN -1 -1 -1 -1.000000 1 0
1975 LN -1 -1 -1 -1.000000 1 1
1976 IN 1977 1978 15 0.500000 5 1
1977 LN -1 -1 -1 -1.000000 1 1
1978 IN 1979 1984 16 0.500000 4 1
1979 IN 1980 1983 6 0.500000 3 1
1980 IN 1981 1982 10 0.500000 2 1
1981 LN -1 -1 -1 -1.000000 1 1
1982 LN -1 -1 -1 -1.000000 1 1
1983 LN -1 -1 -1 -1.000000 1 1
1984 IN 1985 1986 10 0.500000 3 1
1985 LN -1 -1 -1 -1.000000 1 1
1986 IN 1987 1988 6 0.500000 2 1
1987 LN -1 -1 -1 -1.000000 1 1
1988 LN -1 -1 -1 -1.000000 1 1
1989 IN 1990 2001 10 0.500000 6 1
1990 IN 1991 2000 6 0.500000 5 0
1991 IN 1992 1995 7 0.500000 4 1
1992 IN 1993 1994 16 0.500000 2 1
1993 LN -1 -1 -1 -1.000000 1 0
1994 LN -1 -1 -1 -1.000000 1 1
1995 IN 1996 1999 16 0.500000 3 1
1996 IN 1997 1998 15 0.500000 2 1
1997 LN -1 -1 -1 -1.000000 1 0
1998 LN -1 -1 -1 -1.000000 1 1
1999 LN -1 -1 -1 -1.000000 1 0
2000 LN -1 -1 -1 -1.000000 1 0
2001 IN 2002 2007 6 0.500000 4 1
2002 IN 2003 2004 7 0.500000 3 1
2003 LN -1 -1 -1 -1.000000 1 1
2004 IN 2005 2006 16 0.500000 2 1
2005 LN -1 -1 -1 -1.000000 1 1
2006 LN -1 -1 -1 -1.000000 1 1
2007 IN 2008 2009 16 0.500000 2 1
2008 LN -1 -1 -1 -1.000000 1 1
2009 LN -1 -1 -1 -1.000000 1 0
2010 IN 2011 2056 7 0.500000 9 1
2011 IN 2012 2043 3 0.500000 7 1
2012 IN 2013 2022 0 0.500000 6 1
2013 IN 2014 2021 8 0.500000 4 1
2014 IN 2015 2018 10 0.500000 3 1
2015 IN 2016 2017 16 0.500000 2 1
2016 LN -1 -1 -1 -1.000000 1 1
2017 LN -1 -1 -1 -1.000000 1 0
2018 IN 2019 2020 15 0.500000 2 1
2019 LN -1 -1 -1 -1.000000 1 1
2020 LN -1 -1 -1 -1.000000 1 0
2021 LN -1 -1 -1 -1.000000 1 0
2022 IN 2023 2038 16 0.500000 5 1
2023 IN 2024 2031 8 0.500000 4 0
2024 IN 2025 2028 10 0.500000 3 0
2025 IN 2026 2027 15 0.500000 2 0
2026 LN -1 -1 -1 -1.000000 1 0
2027 LN -1 -1 -1 -1.000000 1 0
2028 IN 2029 2030 15 0.500000 2 0
2029 LN -1 -1 -1 -1.000000 1 0
2030 LN -1 -1 -1 -1.000000 1 0
2031 IN 2032 2035 15 0.500000 3 1
2032 IN 2033 2034 10 0.500000 2 0
2033 LN -1 -1 -1 -1.000000 1 0
2034 LN -1 -1 -1 -1.000000 1 0
2035 IN 2036 2037 10 0.500000 2 1
2036 LN -1 -1 -1 -1.000000 1 1
2037 LN -1 -1 -1 -1.000000 1 1
2038 IN 2039 2040 10 0.500000 3 1
2039 LN -1 -1 -1 -1.000000 1 1
2040 IN 2041 2042 8 0.500000 2 1
2041 LN -1 -1 -1 -1.000000 1 0
2042 LN -1 -1 -1 -1.000000 1 1
2043 IN 2044 2049 8 0.500000 4 1
2044 IN 2045 2046 16 0.500000 3 1
2045 LN -1 -1 -1 -1.000000 1 0
2046 IN 2047 2048 10 0.500000 2 1
2047 LN -1 -1 -1 -1.000000 1 1
2048 LN -1 -1 -1 -1.000000 1 1
2049 IN 2050 2053 16 0.500000 3 1
2050 IN 2051 2052 0 0.500000 2 1
2051 LN -1 -1 -1 -1.000000 1 0
2052 LN -1 -1 -1 -1.000000 1 1
2053 IN 2054 2055 0 0.500000 2 1
2054 LN -1 -1 -1 -1.000000 1 1
2055 LN -1 -1 -1 -1.000000 1 1
2056 IN 2057 2102 10 0.500000 8 1
2057 IN 2058 2083 16 0.500000 7 1
2058 IN 2059 2066 0 0.500000 6 1
2059 IN 2060 2065 3 0.500000 4 0
2060 IN 2061 2062 8 0.500000 3 0
2061 LN -1 -1 -1 -1.000000 1 0
2062 IN 2063 2064 15 0.500000 2 0
2063 LN -1 -1 -1 -1.000000 1 0
2064 LN -1 -1 -1 -1.000000 1 0
2065 LN -1 -1 -1 -1.000000 1 1
2066 IN 2067 2078 6 0.500000 5 1
2067 IN 2068 2071 15 0.500000 4 1
2068 IN 2069 2070 8 0.500000 2 1
2069 LN -1 -1 -1 -1.000000 1 1
2070 LN -1 -1 -1 -1.000000 1 0
2071 IN 2072 2075 8 0.500000 3 1
2072 IN 2073 2074 3 0.500000 2 1
2073 LN -1 -1 -1 -1.000000 1 1
2074 LN -1 -1 -1 -1.000000 1 1
2075 IN 2076 2077 3 0.500000 2 1
2076 LN -1 -1 -1 -1.000000 1 1
2077 LN -1 -1 -1 -1.000000 1 1
2078 IN 2079 2082 8 0.500000 3 1
2079 IN 2080 2081 3 0.500000 2 0
2080 LN -1 -1 -1 -1.000000 1 0
2081 LN -1 -1 -1 -1.000000 1 0
2082 LN -1 -1 -1 -1.000000 1 1
2083 IN 2084 2089 0 0.500000 6 1
2084 IN 2085 2086 3 0.500000 3 0
2085 LN -1 -1 -1 -1.000000 1 1
2086 IN 2087 2088 8 0.500000 2 0
2087 LN -1 -1 -1 -1.000000 1 1
2088 LN -1 -1 -1 -1.000000 1 0
2089 IN 2090 2095 8 0.500000 5 1
2090 IN 2091 2094 6 0.500000 3 0
2091 IN 2092 2093 3 0.500000 2 0
2092 LN -1 -1 -1 -1.000000 1 0
2093 LN -1 -1 -1 -1.000000 1 0
2094 LN -1 -1 -1 -1.000000 1 0
2095 IN 2096 2101 6 0.500000 4 1
2096 IN 2097 2098 3 0.500000 3 1
2097 LN -1 -1 -1 -1.000000 1 1
2098 IN 2099 2100 15 0.500000 2 1
2099 LN -1 -1 -1 -1.000000 1 1
2100 LN -1 -1 -1 -1.000000 1 1
2101 LN -1 -1 -1 -1.000000 1 0
2102 IN 2103 2128 8 0.500000 7 1
2103 IN 2104 2105 15 0.500000 6 1
2104 LN -1 -1 -1 -1.000000 1 1
2105 IN 2106 2115 3 0.500000 5 1
2106 IN 2107 2114 6 0.500000 4 0
2107 IN 2108 2111 16 0.500000 3 0
2108 IN 2109 2110 0 0.500000 2 0
2109 LN -1 -1 -1 -1.000000 1 0
2110 LN -1 -1 -1 -1.000000 1 0
2111 IN 2112 2113 0 0.500000 2 1
2112 LN -1 -1 -1 -1.000000 1 1
2113 LN -1 -1 -1 -1.000000 1 1
2114 LN -1 -1 -1 -1.000000 1 1
2115 IN 2116 2123 16 0.500000 4 1
2116 IN 2117 2120 0 0.500000 3 0
2117 IN 2118 2119 6 0.500000 2 0
2118 LN -1 -1 -1 -1.000000 1 0
2119 LN -1 -1 -1 -1.000000 1 1
2120 IN 2121 2122 6 0.500000 2 0
2121 LN -1 -1 -1 -1.000000 1 1
2122 LN -1 -1 -1 -1.000000 1 0
2123 IN 2124 2125 0 0.500000 3 1
2124 LN -1 -1 -1 -1.000000 1 1
2125 IN 2126 2127 6 0.500000 2 0
2126 LN -1 -1 -1 -1.000000 1 0
2127 LN -1 -1 -1 -1.000000 1 0
2128 IN 2129 2140 0 0.500000 6 1
2129 IN 2130 2135 16 0.500000 4 1
2130 IN 2131 2134 3 0.500000 3 1
2131 IN 2132 2133 6 0.500000 2 0
2132 LN -1 -1 -1 -1.000000 1 0
2133 LN -1 -1 -1 -1.000000 1 0
2134 LN -1 -1 -1 -1.000000 1 1
2135 IN 2136 2137 3 0.500000 3 1
2136 LN -1 -1 -1 -1.000000 1 0
2137 IN 2138 2139 6 0.500000 2 1
2138 LN -1 -1 -1 -1.000000 1 1
2139 LN -1 -1 -1 -1.000000 1 1
2140 IN 2141 2142 15 0.500000 5 1
2141 LN -1 -1 -1 -1.000000 1 1
2142 IN 2143 2150 6 0.500000 4 1
2143 IN 2144 2147 16 0.500000 3 1
2144 IN 2145 2146 3 0.500000 2 1
2145 LN -1 -1 -1 -1.000000 1 1
2146 LN -1 -1 -1 -1.000000 1 1
2147 IN 2148 2149 3 0.500000 2 1
2148 LN -1 -1 -1 -1.000000 1 1
2149 LN -1 -1 -1 -1.000000 1 1
2150 IN 2151 2154 3 0.500000 3 1
2151 IN 2152 2153 16 0.500000 2 1
2152 LN -1 -1 -1 -1.000000 1 0
2153 LN -1 -1 -1 -1.000000 1 1
2154 IN 2155 2156 16 0.500000 2 1
2155 LN -1 -1 -1 -1.000000 1 1
2156 LN -1 -1 -1 -1.000000 1 1
2157 IN 2158 2267 13 0.500000 10 1
2158 IN 2159 2206 8 0.500000 9 1
2159 IN 2160 2191 6 0.500000 8 1
2160 IN 2161 2162 15 0.500000 7 1
2161 LN -1 -1 -1 -1.000000 1 1
2162 IN 2163 2180 0 0.500000 6 0
2163 IN 2164 2175 16 0.500000 5 0
2164 IN 2165 2170 3 0.500000 4 0
2165 IN 2166 2167 7 0.500000 3 0
2166 LN -1 -1 -1 -1.000000 1 0
2167 IN 2168 2169 10 0.500000 2 1
2168 LN -1 -1 -1 -1.000000 1 0
2169 LN -1 -1 -1 -1.000000 1 1
2170 IN 2171 2172 10 0.500000 3 1
2171 LN -1 -1 -1 -1.000000 1 0
2172 IN 2173 2174 7 0.500000 2 1
2173 LN -1 -1 -1 -1.000000 1 0
2174 LN -1 -1 -1 -1.000000 1 1
2175 IN 2176 2177 10 0.500000 3 0
2176 LN -1 -1 -1 -1.000000 1 0
2177 IN 2178 2179 3 0.500000 2 0
2178 LN -1 -1 -1 -1.000000 1 1
2179 LN -1 -1 -1 -1.000000 1 0
2180 IN 2181 2190 16 0.500000 5 1
2181 IN 2182 2187 3 0.500000 4 1
2182 IN 2183 2184 10 0.500000 3 1
2183 LN -1 -1 -1 -1.000000 1 1
2184 IN 2185 2186 7 0.500000 2 0
2185 LN -1 -1 -1 -1.000000 1 0
2186 LN -1 -1 -1 -1.000000 1 0
2187 IN 2188 2189 10 0.500000 2 0
2188 LN -1 -1 -1 -1.000000 1 1
2189 LN -1 -1 -1 -1.000000 1 0
2190 LN -1 -1 -1 -1.000000 1 1
2191 IN 2192 2199 0 0.500000 5 1
2192 IN 2193 2196 10 0.500000 3 1
2193 IN 2194 2195 16 0.500000 2 1
2194 LN -1 -1 -1 -1.000000 1 0
2195 LN -1 -1 -1 -1.000000 1 1
2196 IN 2197 2198 16 0.500000 2 1
2197 LN -1 -1 -1 -1.000000 1 1
2198 LN -1 -1 -1 -1.000000 1 0
2199 IN 2200 2205 16 0.500000 4 1
2200 IN 2201 2202 3 0.500000 3 1
2201 LN -1 -1 -1 -1.000000 1 0
2202 IN 2203 2204 10 0.500000 2 1
2203 LN -1 -1 -1 -1.000000 1 1
2204 LN -1 -1 -1 -1.000000 1 1
2205 LN -1 -1 -1 -1.000000 1 1
2206 IN 2207 2250 16 0.500000 8 1
2207 IN 2208 2217 7 0.500000 7 1
2208 IN 2209 2212 10 0.500000 4 1
2209 IN 2210 2211 3 0.500000 2 0
2210 LN -1 -1 -1 -1.000000 1 0
2211 LN -1 -1 -1 -1.000000 1 1
2212 IN 2213 2216 0 0.500000 3 1
2213 IN 2214 2215 3 0.500000 2 1
2214 LN -1 -1 -1 -1.000000 1 1
2215 LN -1 -1 -1 -1.000000 1 0
2216 LN -1 -1 -1 -1.000000 1 1
2217 IN 2218 2239 6 0.500000 6 1
2218 IN 2219 2228 3 0.500000 5 1
2219 IN 2220 2221 15 0.500000 4 1
2220 LN -1 -1 -1 -1.000000 1 1
2221 IN 2222 2225 10 0.500000 3 1
2222 IN 2223 2224 0 0.500000 2 0
2223 LN -1 -1 -1 -1.000000 1 0
2224 LN -1 -1 -1 -1.000000 1 1
2225 IN 2226 2227 0 0.500000 2 1
2226 LN -1 -1 -1 -1.000000 1 1
2227 LN -1 -1 -1 -1.000000 1 1
2228 IN 2229 2234 10 0.500000 4 1
2229 IN 2230 2231 0 0.500000 3 1
2230 LN -1 -1 -1 -1.000000 1 0
2231 IN 2232 2233 15 0.500000 2 1
2232 LN -1 -1 -1 -1.000000 1 0
2233 LN -1 -1 -1 -1.000000 1 1
2234 IN 2235 2236 15 0.500000 3 1
2235 LN -1 -1 -1 -1.000000 1 0
2236 IN 2237 2238 0 0.500000 2 1
2237 LN -1 -1 -1 -1.000000 1 1
2238 LN -1 -1 -1 -1.000000 1 1
2239 IN 2240 2241 15 0.500000 5 1
2240 LN -1 -1 -1 -1.000000 1 0
2241 IN 2242 2243 0 0.500000 4 1
2242 LN -1 -1 -1 -1.000000 1 1
2243 IN 2244 2247 10 0.500000 3 1
2244 IN 2245 2246 3 0.500000 2 1
2245 LN -1 -1 -1 -1.000000 1 1
2246 LN -1 -1 -1 -1.000000 1 1
2247 IN 2248 2249 3 0.500000 2 1
2248 LN -1 -1 -1 -1.000000 1 1
2249 LN -1 -1 -1 -1.000000 1 1
2250 IN 2251 2256 3 0.500000 5 1
2251 IN 2252 2253 7 0.500000 3 0
2252 LN -1 -1 -1 -1.000000 1 0
2253 IN 2254 2255 10 0.500000 2 0
2254 LN -1 -1 -1 -1.000000 1 0
2255 LN -1 -1 -1 -1.000000 1 0
2256 IN 2257 2260 10 0.500000 4 1
2257 IN 2258 2259 0 0.500000 2 0
2258 LN -1 -1 -1 -1.000000 1 1
2259 LN -1 -1 -1 -1.000000 1 0
2260 IN 2261 2264 6 0.500000 3 1
2261 IN 2262 2263 0 0.500000 2 1
2262 LN -1 -1 -1 -1.000000 1 1
2263 LN -1 -1 -1 -1.000000 1 1
2264 IN 2265 2266 0 0.500000 2 1
2265 LN -1 -1 -1 -1.000000 1 1
2266 LN -1 -1 -1 -1.000000 1 1
2267 IN 2268 2307 7 0.500000 9 1
2268 IN 2269 2292 8 0.500000 7 1
2269 IN 2270 2283 16 0.500000 6 1
2270 IN 2271 2278 0 0.500000 5 0
2271 IN 2272 2277 10 0.500000 4 0
2272 IN 2273 2274 15 0.500000 3 0
2273 LN -1 -1 -1 -1.000000 1 0
2274 IN 2275 2276 3 0.500000 2 1
2275 LN -1 -1 -1 -1.000000 1 0
2276 LN -1 -1 -1 -1.000000 1 1
2277 LN -1 -1 -1 -1.000000 1 0
2278 IN 2279 2280 15 0.500000 3 1
2279 LN -1 -1 -1 -1.000000 1 1
2280 IN 2281 2282 10 0.500000 2 0
2281 LN -1 -1 -1 -1.000000 1 0
2282 LN -1 -1 -1 -1.000000 1 0
2283 IN 2284 2287 0 0.500000 4 1
2284 IN 2285 2286 3 0.500000 2 1
2285 LN -1 -1 -1 -1.000000 1 1
2286 LN -1 -1 -1 -1.000000 1 1
2287 IN 2288 2291 3 0.500000 3 0
2288 IN 2289 2290 15 0.500000 2 0
2289 LN -1 -1 -1 -1.000000 1 0
2290 LN -1 -1 -1 -1.000000 1 0
2291 LN -1 -1 -1 -1.000000 1 1
2292 IN 2293 2294 0 0.500000 6 1
2293 LN -1 -1 -1 -1.000000 1 1
2294 IN 2295 2300 10 0.500000 5 1
2295 IN 2296 2299 15 0.500000 3 1
2296 IN 2297 2298 16 0.500000 2 1
2297 LN -1 -1 -1 -1.000000 1 1
2298 LN -1 -1 -1 -1.000000 1 0
2299 LN -1 -1 -1 -1.000000 1 1
2300 IN 2301 2306 3 0.500000 4 1
2301 IN 2302 2303 15 0.500000 3 1
2302 LN -1 -1 -1 -1.000000 1 1
2303 IN 2304 2305 16 0.500000 2 1
2304 LN -1 -1 -1 -1.000000 1 1
2305 LN -1 -1 -1 -1.000000 1 1
2306 LN -1 -1 -1 -1.000000 1 0
2307 IN 2308 2357 6 0.500000 8 1
2308 IN 2309 2320 15 0.500000 7 1
2309 IN 2310 2315 3 0.500000 4 0
2310 IN 2311 2312 8 0.500000 3 0
2311 LN -1 -1 -1 -1.000000 1 0
2312 IN 2313 2314 10 0.500000 2 0
2313 LN -1 -1 -1 -1.000000 1 0
2314 LN -1 -1 -1 -1.000000 1 0
2315 IN 2316 2319 0 0.500000 3 0
2316 IN 2317 2318 10 0.500000 2 0
2317 LN -1 -1 -1 -1.000000 1 0
2318 LN -1 -1 -1 -1.000000 1 1
2319 LN -1 -1 -1 -1.000000 1 1
2320 IN 2321 2338 3 0.500000 6 1
2321 IN 2322 2325 0 0.500000 5 1
2322 IN 2323 2324 10 0.500000 2 1
2323 LN -1 -1 -1 -1.000000 1 1
2324 LN -1 -1 -1 -1.000000 1 0
2325 IN 2326 2331 8 0.500000 4 1
2326 IN 2327 2328 10 0.500000 3 1
2327 LN -1 -1 -1 -1.000000 1 1
2328 IN 2329 2330 16 0.500000 2 1
2329 LN -1 -1 -1 -1.000000 1 0
2330 LN -1 -1 -1 -1.000000 1 1
2331 IN 2332 2335 16 0.500000 3 1
2332 IN 2333 2334 10 0.500000 2 1
2333 LN -1 -1 -1 -1.000000 1 1
2334 LN -1 -1 -1 -1.000000 1 1
2335 IN 2336 2337 10 0.500000 2 1
2336 LN -1 -1 -1 -1.000000 1 1
2337 LN -1 -1 -1 -1.000000 1 1
2338 IN 2339 2346 0 0.500000 5 1
2339 IN 2340 2341 10 0.500000 4 1
2340 LN -1 -1 -1 -1.000000 1 0
2341 IN 2342 2345 8 0.500000 3 1
2342 IN 2343 2344 16 0.500000 2 1
2343 LN -1 -1 -1 -1.000000 1 1
2344 LN -1 -1 -1 -1.000000 1 1
2345 LN -1 -1 -1 -1.000000 1 1
2346 IN 2347 2350 10 0.500000 4 1
2347 IN 2348 2349 8 0.500000 2 1
2348 LN -1 -1 -1 -1.000000 1 1
2349 LN -1 -1 -1 -1.000000 1 1
2350 IN 2351 2354 16 0.500000 3 1
2351 IN 2352 2353 8 0.500000 2 1
2352 LN -1 -1 -1 -1.000000 1 1
2353 LN -1 -1 -1 -1.000000 1 1
2354 IN 2355 2356 8 0.500000 2 1
2355 LN -1 -1 -1 -1.000000 1 1
2356 LN -1 -1 -1 -1.000000 1 1
2357 IN 2358 2371 10 0.500000 7 1
2358 IN 2359 2360 15 0.500000 6 1
2359 LN -1 -1 -1 -1.000000 1 1
2360 IN 2361 2370 16 0.500000 5 1
2361 IN 2362 2365 8 0.500000 4 1
2362 IN 2363 2364 3 0.500000 2 1
2363 LN -1 -1 -1 -1.000000 1 0
2364 LN -1 -1 -1 -1.000000 1 1
2365 IN 2366 2367 3 0.500000 3 1
2366 LN -1 -1 -1 -1.000000 1 1
2367 IN 2368 2369 0 0.500000 2 1
2368 LN -1 -1 -1 -1.000000 1 1
2369 LN -1 -1 -1 -1.000000 1 1
2370 LN -1 -1 -1 -1.000000 1 1
2371 IN 2372 2381 8 0.500000 5 1
2372 IN 2373 2376 0 0.500000 4 0
2373 IN 2374 2375 16 0.500000 2 0
2374 LN -1 -1 -1 -1.000000 1 0
2375 LN -1 -1 -1 -1.000000 1 0
2376 IN 2377 2378 3 0.500000 3 1
2377 LN -1 -1 -1 -1.000000 1 1
2378 IN 2379 2380 16 0.500000 2 1
2379 LN -1 -1 -1 -1.000000 1 0
2380 LN -1 -1 -1 -1.000000 1 1
2381 IN 2382 2383 0 0.500000 4 1
2382 LN -1 -1 -1 -1.000000 1 1
2383 IN 2384 2387 16 0.500000 3 1
2384 IN 2385 2386 3 0.500000 2 1
2385 LN -1 -1 -1 -1.000000 1 0
2386 LN -1 -1 -1 -1.000000 1 1
2387 IN 2388 2389 3 0.500000 2 1
2388 LN -1 -1 -1 -1.000000 1 1
2389 LN -1 -1 -1 -1.000000 1 1
2390 IN 2391 2664 0 0.500000 14 1
2391 IN 2392 2481 7 0.500000 13 1
2392 IN 2393 2444 8 0.500000 10 1
2393 IN 2394 2431 16 0.500000 9 0
2394 IN 2395 2396 11 0.500000 8 1
2395 LN -1 -1 -1 -1.000000 1 0
2396 IN 2397 2408 14 0.500000 7 1
2397 IN 2398 2399 5 0.500000 6 1
2398 LN -1 -1 -1 -1.000000 1 0
2399 IN 2400 2401 15 0.500000 5 1
2400 LN -1 -1 -1 -1.000000 1 1
2401 IN 2402 2403 10 0.500000 4 1
2402 LN -1 -1 -1 -1.000000 1 1
2403 IN 2404 2405 4 0.500000 3 1
2404 LN -1 -1 -1 -1.000000 1 0
2405 IN 2406 2407 9 0.500000 2 1
2406 LN -1 -1 -1 -1.000000 1 0
2407 LN -1 -1 -1 -1.000000 1 1
2408 IN 2409 2416 9 0.500000 6 1
2409 IN 2410 2411 10 0.500000 4 0
2410 LN -1 -1 -1 -1.000000 1 0
2411 IN 2412 2413 13 0.500000 3 0
2412 LN -1 -1 -1 -1.000000 1 0
2413 IN 2414 2415 15 0.500000 2 0
2414 LN -1 -1 -1 -1.000000 1 0
2415 LN -1 -1 -1 -1.000000 1 0
2416 IN 2417 2426 10 0.500000 5 1
2417 IN 2418 2419 13 0.500000 4 1
2418 LN -1 -1 -1 -1.000000 1 1
2419 IN 2420 2423 4 0.500000 3 0
2420 IN 2421 2422 3 0.500000 2 0
2421 LN -1 -1 -1 -1.000000 1 1
2422 LN -1 -1 -1 -1.000000 1 0
2423 IN 2424 2425 15 0.500000 2 1
2424 LN -1 -1 -1 -1.000000 1 0
2425 LN -1 -1 -1 -1.000000 1 1
2426 IN 2427 2428 4 0.500000 3 1
2427 LN -1 -1 -1 -1.000000 1 1
2428 IN 2429 2430 13 0.500000 2 1
2429 LN -1 -1 -1 -1.000000 1 1
2430 LN -1 -1 -1 -1.000000 1 0
2431 IN 2432 2433 5 0.500000 5 0
2432 LN -1 -1 -1 -1.000000 1 0
2433 IN 2434 2441 3 0.500000 4 0
2434 IN 2435 2438 9 0.500000 3 0
2435 IN 2436 2437 14 0.500000 2 0
2436 LN -1 -1 -1 -1.000000 1 0
2437 LN -1 -1 -1 -1.000000 1 1
2438 IN 2439 2440 4 0.500000 2 0
2439 LN -1 -1 -1 -1.000000 1 0
2440 LN -1 -1 -1 -1.000000 1 1
2441 IN 2442 2443 4 0.500000 2 0
2442 LN -1 -1 -1 -1.000000 1 0
2443 LN -1 -1 -1 -1.000000 1 1
2444 IN 2445 2478 16 0.500000 8 1
2445 IN 2446 2457 14 0.500000 7 1
2446 IN 2447 2452 15 0.500000 4 1
2447 IN 2448 2449 5 0.500000 3 0
2448 LN -1 -1 -1 -1.000000 1 0
2449 IN 2450 2451 11 0.500000 2 0
2450 LN -1 -1 -1 -1.000000 1 1
2451 LN -1 -1 -1 -1.000000 1 0
2452 IN 2453 2454 5 0.500000 3 1
2453 LN -1 -1 -1 -1.000000 1 1
2454 IN 2455 2456 3 0.500000 2 1
2455 LN -1 -1 -1 -1.000000 1 1
2456 LN -1 -1 -1 -1.000000 1 1
2457 IN 2458 2465 10 0.500000 6 1
2458 IN 2459 2464 3 0.500000 4 1
2459 IN 2460 2463 5 0.500000 3 1
2460 IN 2461 2462 15 0.500000 2 1
2461 LN -1 -1 -1 -1.000000 1 1
2462 LN -1 -1 -1 -1.000000 1 1
2463 LN -1 -1 -1 -1.000000 1 1
2464 LN -1 -1 -1 -1.000000 1 1
2465 IN 2466 2477 4 0.500000 5 1
2466 IN 2467 2472 3 0.500000 4 1
2467 IN 2468 2469 15 0.500000 3 1
2468 LN -1 -1 -1 -1.000000 1 1
2469 IN 2470 2471 5 0.500000 2 1
2470 LN -1 -1 -1 -1.000000 1 1
2471 LN -1 -1 -1 -1.000000 1 0
2472 IN 2473 2474 15 0.500000 3 1
2473 LN -1 -1 -1 -1.000000 1 1
2474 IN 2475 2476 13 0.500000 2 1
2475 LN -1 -1 -1 -1.000000 1 1
2476 LN -1 -1 -1 -1.000000 1 1
2477 LN -1 -1 -1 -1.000000 1 1
2478 IN 2479 2480 3 0.500000 2 0
2479 LN -1 -1 -1 -1.000000 1 0
2480 LN -1 -1 -1 -1.000000 1 1
2481 IN 2482 2557 10 0.500000 12 1
2482 IN 2483 2512 14 0.500000 10 1
2483 IN 2484 2511 16 0.500000 9 0
2484 IN 2485 2504 6 0.500000 8 0
2485 IN 2486 2487 9 0.500000 7 0
2486 LN -1 -1 -1 -1.000000 1 0
2487 IN 2488 2493 15 0.500000 6 0
2488 IN 2489 2492 3 0.500000 3 1
2489 IN 2490 2491 11 0.500000 2 0
2490 LN -1 -1 -1 -1.000000 1 0
2491 LN -1 -1 -1 -1.000000 1 1
2492 LN -1 -1 -1 -1.000000 1 1
2493 IN 2494 2501 4 0.500000 5 0
2494 IN 2495 2496 5 0.500000 4 0
2495 LN -1 -1 -1 -1.000000 1 0
2496 IN 2497 2500 3 0.500000 3 0
2497 IN 2498 2499 8 0.500000 2 0
2498 LN -1 -1 -1 -1.000000 1 0
2499 LN -1 -1 -1 -1.000000 1 0
2500 LN -1 -1 -1 -1.000000 1 0
2501 IN 2502 2503 3 0.500000 2 0
2502 LN -1 -1 -1 -1.000000 1 0
2503 LN -1 -1 -1 -1.000000 1 0
2504 IN 2505 2510 4 0.500000 4 1
2505 IN 2506 2507 15 0.500000 3 1
2506 LN -1 -1 -1 -1.000000 1 1
2507 IN 2508 2509 3 0.500000 2 0
2508 LN -1 -1 -1 -1.000000 1 0
2509 LN -1 -1 -1 -1.000000 1 1
2510 LN -1 -1 -1 -1.000000 1 1
2511 LN -1 -1 -1 -1.000000 1 1
2512 IN 2513 2514 5 0.500000 8 1
2513 LN -1 -1 -1 -1.000000 1 0
2514 IN 2515 2542 6 0.500000 7 1
2515 IN 2516 2535 4 0.500000 6 1
2516 IN 2517 2530 16 0.500000 5 1
2517 IN 2518 2523 3 0.500000 4 1
2518 IN 2519 2520 13 0.500000 3 1
2519 LN -1 -1 -1 -1.000000 1 1
2520 IN 2521 2522 8 0.500000 2 0
2521 LN -1 -1 -1 -1.000000 1 0
2522 LN -1 -1 -1 -1.000000 1 1
2523 IN 2524 2527 13 0.500000 3 1
2524 IN 2525 2526 8 0.500000 2 1
2525 LN -1 -1 -1 -1.000000 1 0
2526 LN -1 -1 -1 -1.000000 1 1
2527 IN 2528 2529 8 0.500000 2 1
2528 LN -1 -1 -1 -1.000000 1 1
2529 LN -1 -1 -1 -1.000000 1 1
2530 IN 2531 2534 9 0.500000 3 1
2531 IN 2532 2533 13 0.500000 2 0
2532 LN -1 -1 -1 -1.000000 1 0
2533 LN -1 -1 -1 -1.000000 1 1
2534 LN -1 -1 -1 -1.000000 1 1
2535 IN 2536 2541 8 0.500000 4 1
2536 IN 2537 2540 9 0.500000 3 1
2537 IN 2538 2539 13 0.500000 2 1
2538 LN -1 -1 -1 -1.000000 1 0
2539 LN -1 -1 -1 -1.000000 1 1
2540 LN -1 -1 -1 -1.000000 1 1
2541 LN -1 -1 -1 -1.000000 1 1
2542 IN 2543 2552 8 0.500000 5 1
2543 IN 2544 2549 13 0.500000 4 1
2544 IN 2545 2548 16 0.500000 3 0
2545 IN 2546 2547 4 0.500000 2 0
2546 LN -1 -1 -1 -1.000000 1 0
2547 LN -1 -1 -1 -1.000000 1 1
2548 LN -1 -1 -1 -1.000000 1 0
2549 IN 2550 2551 16 0.500000 2 1
2550 LN -1 -1 -1 -1.000000 1 0
2551 LN -1 -1 -1 -1.000000 1 1
2552 IN 2553 2556 4 0.500000 3 1
2553 IN 2554 2555 13 0.500000 2 0
2554 LN -1 -1 -1 -1.000000 1 1
2555 LN -1 -1 -1 -1.000000 1 0
2556 LN -1 -1 -1 -1.000000 1 1
2557 IN 2558 2589 14 0.500000 11 1
2558 IN 2559 2574 3 0.500000 7 1
2559 IN 2560 2561 5 0.500000 6 1
2560 LN -1 -1 -1 -1.000000 1 1
2561 IN 2562 2569 4 0.500000 5 1
2562 IN 2563 2568 16 0.500000 4 1
2563 IN 2564 2567 6 0.500000 3 1
2564 IN 2565 2566 8 0.500000 2 1
2565 LN -1 -1 -1 -1.000000 1 0
2566 LN -1 -1 -1 -1.000000 1 1
2567 LN -1 -1 -1 -1.000000 1 0
2568 LN -1 -1 -1 -1.000000 1 1
2569 IN 2570 2571 15 0.500000 3 1
2570 LN -1 -1 -1 -1.000000 1 1
2571 IN 2572 2573 8 0.500000 2 0
2572 LN -1 -1 -1 -1.000000 1 0
2573 LN -1 -1 -1 -1.000000 1 1
2574 IN 2575 2580 6 0.500000 6 1
2575 IN 2576 2577 15 0.500000 3 1
2576 LN -1 -1 -1 -1.000000 1 1
2577 IN 2578 2579 4 0.500000 2 1
2578 LN -1 -1 -1 -1.000000 1 1
2579 LN -1 -1 -1 -1.000000 1 1
2580 IN 2581 2582 4 0.500000 5 1
2581 LN -1 -1 -1 -1.000000 1 1
2582 IN 2583 2584 8 0.500000 4 1
2583 LN -1 -1 -1 -1.000000 1 1
2584 IN 2585 2588 15 0.500000 3 1
2585 IN 2586 2587 16 0.500000 2 1
2586 LN -1 -1 -1 -1.000000 1 1
2587 LN -1 -1 -1 -1.000000 1 1
2588 LN -1 -1 -1 -1.000000 1 1
2589 IN 2590 2647 16 0.500000 10 1
2590 IN 2591 2628 4 0.500000 9 1
2591 IN 2592 2599 5 0.500000 8 1
2592 IN 2593 2598 3 0.500000 4 0
2593 IN 2594 2597 8 0.500000 3 0
2594 IN 2595 2596 13 0.500000 2 0
2595 LN -1 -1 -1 -1.000000 1 1
2596 LN -1 -1 -1 -1.000000 1 0
2597 LN -1 -1 -1 -1.000000 1 0
2598 LN -1 -1 -1 -1.000000 1 0
2599 IN 2600 2613 3 0.500000 7 1
2600 IN 2601 2606 15 0.500000 5 0
2601 IN 2602 2605 8 0.500000 3 0
2602 IN 2603 2604 13 0.500000 2 0
2603 LN -1 -1 -1 -1.000000 1 1
2604 LN -1 -1 -1 -1.000000 1 0
2605 LN -1 -1 -1 -1.000000 1 0
2606 IN 2607 2608 9 0.500000 4 0
2607 LN -1 -1 -1 -1.000000 1 0
2608 IN 2609 2612 13 0.500000 3 0
2609 IN 2610 2611 8 0.500000 2 0
2610 LN -1 -1 -1 -1.000000 1 0
2611 LN -1 -1 -1 -1.000000 1 0
2612 LN -1 -1 -1 -1.000000 1 0
2613 IN 2614 2615 9 0.500000 6 1
2614 LN -1 -1 -1 -1.000000 1 1
2615 IN 2616 2627 13 0.500000 5 1
2616 IN 2617 2622 6 0.500000 4 1
2617 IN 2618 2619 15 0.500000 3 1
2618 LN -1 -1 -1 -1.000000 1 1
2619 IN 2620 2621 8 0.500000 2 1
2620 LN -1 -1 -1 -1.000000 1 0
2621 LN -1 -1 -1 -1.000000 1 1
2622 IN 2623 2624 8 0.500000 3 0
2623 LN -1 -1 -1 -1.000000 1 0
2624 IN 2625 2626 15 0.500000 2 0
2625 LN -1 -1 -1 -1.000000 1 0
2626 LN -1 -1 -1 -1.000000 1 1
2627 LN -1 -1 -1 -1.000000 1 1
2628 IN 2629 2630 15 0.500000 7 1
2629 LN -1 -1 -1 -1.000000 1 1
2630 IN 2631 2646 8 0.500000 6 1
2631 IN 2632 2639 9 0.500000 5 1
2632 IN 2633 2638 6 0.500000 4 0
2633 IN 2634 2637 3 0.500000 3 0
2634 IN 2635 2636 13 0.500000 2 0
2635 LN -1 -1 -1 -1.000000 1 1
2636 LN -1 -1 -1 -1.000000 1 0
2637 LN -1 -1 -1 -1.000000 1 1
2638 LN -1 -1 -1 -1.000000 1 0
2639 IN 2640 2645 6 0.500000 4 1
2640 IN 2641 2644 3 0.500000 3 1
2641 IN 2642 2643 13 0.500000 2 1
2642 LN -1 -1 -1 -1.000000 1 1
2643 LN -1 -1 -1 -1.000000 1 1
2644 LN -1 -1 -1 -1.000000 1 1
2645 LN -1 -1 -1 -1.000000 1 1
2646 LN -1 -1 -1 -1.000000 1 1
2647 IN 2648 2653 9 0.500000 6 1
2648 IN 2649 2650 3 0.500000 3 0
2649 LN -1 -1 -1 -1.000000 1 0
2650 IN 2651 2652 4 0.500000 2 0
2651 LN -1 -1 -1 -1.000000 1 1
2652 LN -1 -1 -1 -1.000000 1 0
2653 IN 2654 2655 6 0.500000 5 1
2654 LN -1 -1 -1 -1.000000 1 1
2655 IN 2656 2663 8 0.500000 4 1
2656 IN 2657 2660 4 0.500000 3 1
2657 IN 2658 2659 13 0.500000 2 0
2658 LN -1 -1 -1 -1.000000 1 0
2659 LN -1 -1 -1 -1.000000 1 1
2660 IN 2661 2662 3 0.500000 2 1
2661 LN -1 -1 -1 -1.000000 1 1
2662 LN -1 -1 -1 -1.000000 1 0
2663 LN -1 -1 -1 -1.000000 1 1
2664 IN 2665 2718 15 0.500000 12 1
2665 IN 2666 2707 3 0.500000 10 1
2666 IN 2667 2674 8 0.500000 9 1
2667 IN 2668 2669 13 0.500000 4 0
2668 LN -1 -1 -1 -1.000000 1 0
2669 IN 2670 2671 7 0.500000 3 0
2670 LN -1 -1 -1 -1.000000 1 0
2671 IN 2672 2673 4 0.500000 2 0
2672 LN -1 -1 -1 -1.000000 1 0
2673 LN -1 -1 -1 -1.000000 1 1
2674 IN 2675 2676 11 0.500000 8 1
2675 LN -1 -1 -1 -1.000000 1 0
2676 IN 2677 2692 13 0.500000 7 1
2677 IN 2678 2687 4 0.500000 5 1
2678 IN 2679 2682 5 0.500000 4 1
2679 IN 2680 2681 10 0.500000 2 0
2680 LN -1 -1 -1 -1.000000 1 1
2681 LN -1 -1 -1 -1.000000 1 0
2682 IN 2683 2686 6 0.500000 3 1
2683 IN 2684 2685 10 0.500000 2 0
2684 LN -1 -1 -1 -1.000000 1 0
2685 LN -1 -1 -1 -1.000000 1 1
2686 LN -1 -1 -1 -1.000000 1 1
2687 IN 2688 2689 10 0.500000 3 0
2688 LN -1 -1 -1 -1.000000 1 0
2689 IN 2690 2691 7 0.500000 2 0
2690 LN -1 -1 -1 -1.000000 1 1
2691 LN -1 -1 -1 -1.000000 1 0
2692 IN 2693 2694 5 0.500000 6 1
2693 LN -1 -1 -1 -1.000000 1 1
2694 IN 2695 2700 7 0.500000 5 1
2695 IN 2696 2697 4 0.500000 3 1
2696 LN -1 -1 -1 -1.000000 1 1
2697 IN 2698 2699 10 0.500000 2 1
2698 LN -1 -1 -1 -1.000000 1 1
2699 LN -1 -1 -1 -1.000000 1 0
2700 IN 2701 2706 6 0.500000 4 0
2701 IN 2702 2705 4 0.500000 3 1
2702 IN 2703 2704 10 0.500000 2 1
2703 LN -1 -1 -1 -1.000000 1 0
2704 LN -1 -1 -1 -1.000000 1 1
2705 LN -1 -1 -1 -1.000000 1 0
2706 LN -1 -1 -1 -1.000000 1 0
2707 IN 2708 2709 13 0.500000 6 1
2708 LN -1 -1 -1 -1.000000 1 0
2709 IN 2710 2717 4 0.500000 5 1
2710 IN 2711 2716 10 0.500000 4 1
2711 IN 2712 2715 8 0.500000 3 1
2712 IN 2713 2714 6 0.500000 2 0
2713 LN -1 -1 -1 -1.000000 1 0
2714 LN -1 -1 -1 -1.000000 1 1
2715 LN -1 -1 -1 -1.000000 1 1
2716 LN -1 -1 -1 -1.000000 1 1
2717 LN -1 -1 -1 -1.000000 1 1
2718 IN 2719 2838 13 0.500000 11 1
2719 IN 2720 2783 4 0.500000 10 1
2720 IN 2721 2746 10 0.500000 9 1
2721 IN 2722 2745 6 0.500000 7 1
2722 IN 2723 2738 3 0.500000 6 1
2723 IN 2724 2729 14 0.500000 5 1
2724 IN 2725 2726 8 0.500000 3 1
2725 LN -1 -1 -1 -1.000000 1 0
2726 IN 2727 2728 7 0.500000 2 1
2727 LN -1 -1 -1 -1.000000 1 1
2728 LN -1 -1 -1 -1.000000 1 1
2729 IN 2730 2735 7 0.500000 4 0
2730 IN 2731 2732 5 0.500000 3 1
2731 LN -1 -1 -1 -1.000000 1 1
2732 IN 2733 2734 8 0.500000 2 1
2733 LN -1 -1 -1 -1.000000 1 1
2734 LN -1 -1 -1 -1.000000 1 0
2735 IN 2736 2737 5 0.500000 2 0
2736 LN -1 -1 -1 -1.000000 1 0
2737 LN -1 -1 -1 -1.000000 1 0
2738 IN 2739 2740 14 0.500000 4 1
2739 LN -1 -1 -1 -1.000000 1 0
2740 IN 2741 2744 8 0.500000 3 1
2741 IN 2742 2743 7 0.500000 2 0
2742 LN -1 -1 -1 -1.000000 1 0
2743 LN -1 -1 -1 -1.000000 1 1
2744 LN -1 -1 -1 -1.000000 1 1
2745 LN -1 -1 -1 -1.000000 1 1
2746 IN 2747 2774 16 0.500000 8 1
2747 IN 2748 2757 7 0.500000 7 1
2748 IN 2749 2750 14 0.500000 5 1
2749 LN -1 -1 -1 -1.000000 1 1
2750 IN 2751 2752 8 0.500000 4 1
2751 LN -1 -1 -1 -1.000000 1 0
2752 IN 2753 2754 5 0.500000 3 1
2753 LN -1 -1 -1 -1.000000 1 1
2754 IN 2755 2756 3 0.500000 2 1
2755 LN -1 -1 -1 -1.000000 1 1
2756 LN -1 -1 -1 -1.000000 1 1
2757 IN 2758 2769 6 0.500000 6 1
2758 IN 2759 2762 14 0.500000 5 1
2759 IN 2760 2761 3 0.500000 2 0
2760 LN -1 -1 -1 -1.000000 1 0
2761 LN -1 -1 -1 -1.000000 1 0
2762 IN 2763 2764 8 0.500000 4 1
2763 LN -1 -1 -1 -1.000000 1 1
2764 IN 2765 2768 3 0.500000 3 1
2765 IN 2766 2767 5 0.500000 2 1
2766 LN -1 -1 -1 -1.000000 1 1
2767 LN -1 -1 -1 -1.000000 1 1
2768 LN -1 -1 -1 -1.000000 1 1
2769 IN 2770 2771 3 0.500000 3 1
2770 LN -1 -1 -1 -1.000000 1 0
2771 IN 2772 2773 14 0.500000 2 1
2772 LN -1 -1 -1 -1.000000 1 1
2773 LN -1 -1 -1 -1.000000 1 1
2774 IN 2775 2778 8 0.500000 4 1
2775 IN 2776 2777 6 0.500000 2 0
2776 LN -1 -1 -1 -1.000000 1 0
2777 LN -1 -1 -1 -1.000000 1 1
2778 IN 2779 2782 3 0.500000 3 1
2779 IN 2780 2781 6 0.500000 2 0
2780 LN -1 -1 -1 -1.000000 1 0
2781 LN -1 -1 -1 -1.000000 1 0
2782 LN -1 -1 -1 -1.000000 1 1
2783 IN 2784 2811 3 0.500000 8 1
2784 IN 2785 2804 16 0.500000 7 1
2785 IN 2786 2791 10 0.500000 6 1
2786 IN 2787 2788 14 0.500000 3 1
2787 LN -1 -1 -1 -1.000000 1 1
2788 IN 2789 2790 6 0.500000 2 1
2789 LN -1 -1 -1 -1.000000 1 1
2790 LN -1 -1 -1 -1.000000 1 0
2791 IN 2792 2801 6 0.500000 5 1
2792 IN 2793 2794 8 0.500000 4 1
2793 LN -1 -1 -1 -1.000000 1 1
2794 IN 2795 2798 14 0.500000 3 1
2795 IN 2796 2797 7 0.500000 2 1
2796 LN -1 -1 -1 -1.000000 1 1
2797 LN -1 -1 -1 -1.000000 1 1
2798 IN 2799 2800 7 0.500000 2 1
2799 LN -1 -1 -1 -1.000000 1 1
2800 LN -1 -1 -1 -1.000000 1 1
2801 IN 2802 2803 14 0.500000 2 0
2802 LN -1 -1 -1 -1.000000 1 0
2803 LN -1 -1 -1 -1.000000 1 0
2804 IN 2805 2810 6 0.500000 4 1
2805 IN 2806 2807 7 0.500000 3 1
2806 LN -1 -1 -1 -1.000000 1 1
2807 IN 2808 2809 14 0.500000 2 1
2808 LN -1 -1 -1 -1.000000 1 1
2809 LN -1 -1 -1 -1.000000 1 1
2810 LN -1 -1 -1 -1.000000 1 1
2811 IN 2812 2819 10 0.500000 7 1
2812 IN 2813 2814 6 0.500000 4 1
2813 LN -1 -1 -1 -1.000000 1 1
2814 IN 2815 2816 14 0.500000 3 1
2815 LN -1 -1 -1 -1.000000 1 1
2816 IN 2817 2818 8 0.500000 2 1
2817 LN -1 -1 -1 -1.000000 1 1
2818 LN -1 -1 -1 -1.000000 1 1
2819 IN 2820 2821 7 0.500000 6 1
2820 LN -1 -1 -1 -1.000000 1 1
2821 IN 2822 2831 6 0.500000 5 1
2822 IN 2823 2826 14 0.500000 4 1
2823 IN 2824 2825 16 0.500000 2 1
2824 LN -1 -1 -1 -1.000000 1 1
2825 LN -1 -1 -1 -1.000000 1 1
2826 IN 2827 2828 8 0.500000 3 1
2827 LN -1 -1 -1 -1.000000 1 1
2828 IN 2829 2830 16 0.500000 2 1
2829 LN -1 -1 -1 -1.000000 1 1
2830 LN -1 -1 -1 -1.000000 1 1
2831 IN 2832 2833 8 0.500000 4 1
2832 LN -1 -1 -1 -1.000000 1 1
2833 IN 2834 2837 16 0.500000 3 1
2834 IN 2835 2836 14 0.500000 2 1
2835 LN -1 -1 -1 -1.000000 1 1
2836 LN -1 -1 -1 -1.000000 1 1
2837 LN -1 -1 -1 -1.000000 1 1
2838 IN 2839 2876 7 0.500000 10 1
2839 IN 2840 2865 3 0.500000 7 1
2840 IN 2841 2842 5 0.500000 6 1
2841 LN -1 -1 -1 -1.000000 1 1
2842 IN 2843 2850 8 0.500000 5 1
2843 IN 2844 2845 9 0.500000 4 1
2844 LN -1 -1 -1 -1.000000 1 1
2845 IN 2846 2847 4 0.500000 3 1
2846 LN -1 -1 -1 -1.000000 1 1
2847 IN 2848 2849 16 0.500000 2 0
2848 LN -1 -1 -1 -1.000000 1 1
2849 LN -1 -1 -1 -1.000000 1 0
2850 IN 2851 2858 4 0.500000 4 1
2851 IN 2852 2855 10 0.500000 3 1
2852 IN 2853 2854 16 0.500000 2 1
2853 LN -1 -1 -1 -1.000000 1 1
2854 LN -1 -1 -1 -1.000000 1 1
2855 IN 2856 2857 16 0.500000 2 1
2856 LN -1 -1 -1 -1.000000 1 1
2857 LN -1 -1 -1 -1.000000 1 1
2858 IN 2859 2862 10 0.500000 3 1
2859 IN 2860 2861 16 0.500000 2 1
2860 LN -1 -1 -1 -1.000000 1 0
2861 LN -1 -1 -1 -1.000000 1 1
2862 IN 2863 2864 16 0.500000 2 1
2863 LN -1 -1 -1 -1.000000 1 1
2864 LN -1 -1 -1 -1.000000 1 1
2865 IN 2866 2867 10 0.500000 5 1
2866 LN -1 -1 -1 -1.000000 1 1
2867 IN 2868 2869 4 0.500000 4 1
2868 LN -1 -1 -1 -1.000000 1 1
2869 IN 2870 2873 8 0.500000 3 1
2870 IN 2871 2872 16 0.500000 2 1
2871 LN -1 -1 -1 -1.000000 1 1
2872 LN -1 -1 -1 -1.000000 1 1
2873 IN 2874 2875 16 0.500000 2 1
2874 LN -1 -1 -1 -1.000000 1 1
2875 LN -1 -1 -1 -1.000000 1 1
2876 IN 2877 2880 5 0.500000 9 1
2877 IN 2878 2879 10 0.500000 2 1
2878 LN -1 -1 -1 -1.000000 1 1
2879 LN -1 -1 -1 -1.000000 1 1
2880 IN 2881 2936 8 0.500000 8 1
2881 IN 2882 2915 6 0.500000 7 1
2882 IN 2883 2898 16 0.500000 6 1
2883 IN 2884 2893 3 0.500000 5 1
2884 IN 2885 2890 4 0.500000 4 1
2885 IN 2886 2887 9 0.500000 3 1
2886 LN -1 -1 -1 -1.000000 1 1
2887 IN 2888 2889 10 0.500000 2 1
2888 LN -1 -1 -1 -1.000000 1 1
2889 LN -1 -1 -1 -1.000000 1 0
2890 IN 2891 2892 10 0.500000 2 1
2891 LN -1 -1 -1 -1.000000 1 1
2892 LN -1 -1 -1 -1.000000 1 1
2893 IN 2894 2895 10 0.500000 3 1
2894 LN -1 -1 -1 -1.000000 1 1
2895 IN 2896 2897 4 0.500000 2 1
2896 LN -1 -1 -1 -1.000000 1 1
2897 LN -1 -1 -1 -1.000000 1 1
2898 IN 2899 2906 4 0.500000 5 1
2899 IN 2900 2903 10 0.500000 3 1
2900 IN 2901 2902 3 0.500000 2 1
2901 LN -1 -1 -1 -1.000000 1 0
2902 LN -1 -1 -1 -1.000000 1 1
2903 IN 2904 2905 3 0.500000 2 1
2904 LN -1 -1 -1 -1.000000 1 1
2905 LN -1 -1 -1 -1.000000 1 1
2906 IN 2907 2910 9 0.500000 4 1
2907 IN 2908 2909 3 0.500000 2 1
2908 LN -1 -1 -1 -1.000000 1 1
2909 LN -1 -1 -1 -1.000000 1 0
2910 IN 2911 2912 10 0.500000 3 1
2911 LN -1 -1 -1 -1.000000 1 1
2912 IN 2913 2914 3 0.500000 2 1
2913 LN -1 -1 -1 -1.000000 1 1
2914 LN -1 -1 -1 -1.000000 1 1
2915 IN 2916 2923 4 0.500000 5 1
2916 IN 2917 2922 16 0.500000 4 0
2917 IN 2918 2921 10 0.500000 3 0
2918 IN 2919 2920 3 0.500000 2 1
2919 LN -1 -1 -1 -1.000000 1 0
2920 LN -1 -1 -1 -1.000000 1 1
2921 LN -1 -1 -1 -1.000000 1 0
2922 LN -1 -1 -1 -1.000000 1 0
2923 IN 2924 2931 16 0.500000 4 1
2924 IN 2925 2928 3 0.500000 3 1
2925 IN 2926 2927 9 0.500000 2 1
2926 LN -1 -1 -1 -1.000000 1 1
2927 LN -1 -1 -1 -1.000000 1 0
2928 IN 2929 2930 10 0.500000 2 1
2929 LN -1 -1 -1 -1.000000 1 1
2930 LN -1 -1 -1 -1.000000 1 0
2931 IN 2932 2933 10 0.500000 3 1
2932 LN -1 -1 -1 -1.000000 1 1
2933 IN 2934 2935 3 0.500000 2 1
2934 LN -1 -1 -1 -1.000000 1 1
2935 LN -1 -1 -1 -1.000000 1 0
2936 IN 2937 2966 4 0.500000 6 1
2937 IN 2938 2951 16 0.500000 5 1
2938 IN 2939 2946 6 0.500000 4 1
2939 IN 2940 2943 3 0.500000 3 1
2940 IN 2941 2942 10 0.500000 2 1
2941 LN -1 -1 -1 -1.000000 1 1
2942 LN -1 -1 -1 -1.000000 1 1
2943 IN 2944 2945 10 0.500000 2 1
2944 LN -1 -1 -1 -1.000000 1 1
2945 LN -1 -1 -1 -1.000000 1 1
2946 IN 2947 2950 10 0.500000 3 1
2947 IN 2948 2949 3 0.500000 2 1
2948 LN -1 -1 -1 -1.000000 1 1
2949 LN -1 -1 -1 -1.000000 1 1
2950 LN -1 -1 -1 -1.000000 1 1
2951 IN 2952 2959 3 0.500000 4 1
2952 IN 2953 2956 6 0.500000 3 1
2953 IN 2954 2955 10 0.500000 2 1
2954 LN -1 -1 -1 -1.000000 1 1
2955 LN -1 -1 -1 -1.000000 1 1
2956 IN 2957 2958 10 0.500000 2 1
2957 LN -1 -1 -1 -1.000000 1 0
2958 LN -1 -1 -1 -1.000000 1 1
2959 IN 2960 2963 6 0.500000 3 1
2960 IN 2961 2962 10 0.500000 2 1
2961 LN -1 -1 -1 -1.000000 1 1
2962 LN -1 -1 -1 -1.000000 1 1
2963 IN 2964 2965 10 0.500000 2 1
2964 LN -1 -1 -1 -1.000000 1 0
2965 LN -1 -1 -1 -1.000000 1 1
2966 IN 2967 2976 3 0.500000 5 1
2967 IN 2968 2975 6 0.500000 4 1
2968 IN 2969 2972 10 0.500000 3 1
2969 IN 2970 2971 16 0.500000 2 1
2970 LN -1 -1 -1 -1.000000 1 1
2971 LN -1 -1 -1 -1.000000 1 1
2972 IN 2973 2974 16 0.500000 2 1
2973 LN -1 -1 -1 -1.000000 1 1
2974 LN -1 -1 -1 -1.000000 1 1
2975 LN -1 -1 -1 -1.000000 1 1
2976 IN 2977 2984 6 0.500000 4 1
2977 IN 2978 2981 10 0.500000 3 1
2978 IN 2979 2980 16 0.500000 2 1
2979 LN -1 -1 -1 -1.000000 1 1
2980 LN -1 -1 -1 -1.000000 1 1
2981 IN 2982 2983 16 0.500000 2 1
2982 LN -1 -1 -1 -1.000000 1 1
2983 LN -1 -1 -1 -1.000000 1 1
2984 IN 2985 2988 16 0.500000 3 1
2985 IN 2986 2987 10 0.500000 2 1
2986 LN -1 -1 -1 -1.000000 1 1
2987 LN -1 -1 -1 -1.000000 1 1
2988 IN 2989 2990 10 0.500000 2 1
2989 LN -1 -1 -1 -1.000000 1 1
2990 LN -1 -1 -1 -1.000000 1 1

[TREE 6]
NB_NODES: 2967
0 IN 1 1534 1 0.500000 17 0
1 IN 2 637 2 0.500000 16 0
2 IN 3 564 16 0.500000 14 0
3 IN 4 371 12 0.500000 13 0
4 IN 5 224 14 0.500000 12 0
5 IN 6 195 6 0.500000 11 0
6 IN 7 142 4 0.500000 10 0
7 IN 8 53 5 0.500000 9 0
8 IN 9 20 9 0.500000 8 0
9 IN 10 11 11 0.500000 6 0
10 LN -1 -1 -1 -1.000000 1 0
11 IN 12 13 15 0.500000 5 0
12 LN -1 -1 -1 -1.000000 1 0
13 IN 14 19 7 0.500000 4 0
14 IN 15 18 3 0.500000 3 0
15 IN 16 17 10 0.500000 2 0
16 LN -1 -1 -1 -1.000000 1 0
17 LN -1 -1 -1 -1.000000 1 0
18 LN -1 -1 -1 -1.000000 1 0
19 LN -1 -1 -1 -1.000000 1 0
20 IN 21 42 15 0.500000 7 0
21 IN 22 41 3 0.500000 6 0
22 IN 23 26 11 0.500000 5 0
23 IN 24 25 8 0.500000 2 0
24 LN -1 -1 -1 -1.000000 1 0
25 LN -1 -1 -1 -1.000000 1 0
26 IN 27 34 7 0.500000 4 0
27 IN 28 31 10 0.500000 3 0
28 IN 29 30 8 0.500000 2 0
29 LN -1 -1 -1 -1.000000 1 0
30 LN -1 -1 -1 -1.000000 1 0
31 IN 32 33 8 0.500000 2 0
32 LN -1 -1 -1 -1.000000 1 0
33 LN -1 -1 -1 -1.000000 1 0
34 IN 35 38 10 0.500000 3 0
35 IN 36 37 8 0.500000 2 0
36 LN -1 -1 -1 -1.000000 1 0
37 LN -1 -1 -1 -1.000000 1 0
38 IN 39 40 8 0.500000 2 0
39 LN -1 -1 -1 -1.000000 1 0
40 LN -1 -1 -1 -1.000000 1 0
41 LN -1 -1 -1 -1.000000 1 0
42 IN 43 44 10 0.500000 5 0
43 LN -1 -1 -1 -1.000000 1 0
44 IN 45 50 8 0.500000 4 0
45 IN 46 47 7 0.500000 3 0
46 LN -1 -1 -1 -1.000000 1 0
47 IN 48 49 3 0.500000 2 1
48 LN -1 -1 -1 -1.000000 1 1
49 LN -1 -1 -1 -1.000000 1 0
50 IN 51 52 7 0.500000 2 0
51 LN -1 -1 -1 -1.000000 1 0
52 LN -1 -1 -1 -1.000000 1 0
53 IN 54 87 9 0.500000 8 0
54 IN 55 72 10 0.500000 6 0
55 IN 56 67 15 0.500000 5 0
56 IN 57 60 11 0.500000 4 0
57 IN 58 59 7 0.500000 2 0
58 LN -1 -1 -1 -1.000000 1 0
59 LN -1 -1 -1 -1.000000 1 0
60 IN 61 64 7 0.500000 3 0
61 IN 62 63 3 0.500000 2 0
62 LN -1 -1 -1 -1.000000 1 0
63 LN -1 -1 -1 -1.000000 1 0
64 IN 65 66 3 0.500000 2 0
65 LN -1 -1 -1 -1.000000 1 0
66 LN -1 -1 -1 -1.000000 1 0
67 IN 68 71 3 0.500000 3 0
68 IN 69 70 7 0.500000 2 0
69 LN -1 -1 -1 -1.000000 1 0
70 LN -1 -1 -1 -1.000000 1 0
71 LN -1 -1 -1 -1.000000 1 0
72 IN 73 80 15 0.500000 4 0
73 IN 74 77 7 0.500000 3 0
74 IN 75 76 3 0.500000 2 0
75 LN -1 -1 -1 -1.000000 1 0
76 LN -1 -1 -1 -1.000000 1 0
77 IN 78 79 3 0.500000 2 0
78 LN -1 -1 -1 -1.000000 1 0
79 LN -1 -1 -1 -1.000000 1 0
80 IN 81 84 7 0.500000 3 0
81 IN 82 83 3 0.500000 2 0
82 LN -1 -1 -1 -1.000000 1 0
83 LN -1 -1 -1 -1.000000 1 0
84 IN 85 86 3 0.500000 2 0
85 LN -1 -1 -1 -1.000000 1 0
86 LN -1 -1 -1 -1.000000 1 0
87 IN 88 117 10 0.500000 7 0
88 IN 89 102 15 0.500000 6 0
89 IN 90 95 7 0.500000 5 0
90 IN 91 94 8 0.500000 3 0
91 IN 92 93 3 0.500000 2 0
92 LN -1 -1 -1 -1.000000 1 0
93 LN -1 -1 -1 -1.000000 1 0
94 LN -1 -1 -1 -1.000000 1 0
95 IN 96 97 3 0.500000 4 0
96 LN -1 -1 -1 -1.000000 1 0
97 IN 98 101 8 0.500000 3 0
98 IN 99 100 11 0.500000 2 0
99 LN -1 -1 -1 -1.000000 1 0
100 LN -1 -1 -1 -1.000000 1 0
101 LN -1 -1 -1 -1.000000 1 0
102 IN 103 112 7 0.500000 5 0
103 IN 104 109 3 0.500000 4 0
104 IN 105 108 8 0.500000 3 0
105 IN 106 107 11 0.500000 2 0
106 LN -1 -1 -1 -1.000000 1 0
107 LN -1 -1 -1 -1.000000 1 0
108 LN -1 -1 -1 -1.000000 1 0
109 IN 110 111 8 0.500000 2 0
110 LN -1 -1 -1 -1.000000 1 0
111 LN -1 -1 -1 -1.000000 1 0
112 IN 113 116 8 0.500000 3 0
113 IN 114 115 3 0.500000 2 0
114 LN -1 -1 -1 -1.000000 1 0
115 LN -1 -1 -1 -1.000000 1 0
116 LN -1 -1 -1 -1.000000 1 0
117 IN 118 131 8 0.500000 5 0
118 IN 119 124 7 0.500000 4 0
119 IN 120 123 15 0.500000 3 0
120 IN 121 122 3 0.500000 2 0
121 LN -1 -1 -1 -1.000000 1 0
122 LN -1 -1 -1 -1.000000 1 0
123 LN -1 -1 -1 -1.000000 1 0
124 IN 125 128 3 0.500000 3 0
125 IN 126 127 15 0.500000 2 0
126 LN -1 -1 -1 -1.000000 1 0
127 LN -1 -1 -1 -1.000000 1 0
128 IN 129 130 15 0.500000 2 0
129 LN -1 -1 -1 -1.000000 1 0
130 LN -1 -1 -1 -1.000000 1 0
131 IN 132 137 3 0.500000 4 0
132 IN 133 136 7 0.500000 3 0
133 IN 134 135 15 0.500000 2 0
134 LN -1 -1 -1 -1.000000 1 0
135 LN -1 -1 -1 -1.000000 1 0
136 LN -1 -1 -1 -1.000000 1 0
137 IN 138 139 15 0.500000 3 0
138 LN -1 -1 -1 -1.000000 1 0
139 IN 140 141 7 0.500000 2 0
140 LN -1 -1 -1 -1.000000 1 1
141 LN -1 -1 -1 -1.000000 1 0
142 IN 143 172 9 0.500000 7 0
143 IN 144 157 7 0.500000 5 0
144 IN 145 150 15 0.500000 4 0
145 IN 146 147 3 0.500000 3 0
146 LN -1 -1 -1 -1.000000 1 0
147 IN 148 149 10 0.500000 2 0
148 LN -1 -1 -1 -1.000000 1 0
149 LN -1 -1 -1 -1.000000 1 0
150 IN 151 154 10 0.500000 3 0
151 IN 152 153 3 0.500000 2 0
152 LN -1 -1 -1 -1.000000 1 0
153 LN -1 -1 -1 -1.000000 1 0
154 IN 155 156 3 0.500000 2 0
155 LN -1 -1 -1 -1.000000 1 0
156 LN -1 -1 -1 -1.000000 1 0
157 IN 158 165 15 0.500000 4 0
158 IN 159 162 10 0.500000 3 0
159 IN 160 161 3 0.500000 2 0
160 LN -1 -1 -1 -1.000000 1 0
161 LN -1 -1 -1 -1.000000 1 0
162 IN 163 164 3 0.500000 2 0
163 LN -1 -1 -1 -1.000000 1 0
164 LN -1 -1 -1 -1.000000 1 0
165 IN 166 169 3 0.500000 3 0
166 IN 167 168 10 0.500000 2 0
167 LN -1 -1 -1 -1.000000 1 0
168 LN -1 -1 -1 -1.000000 1 0
169 IN 170 171 10 0.500000 2 1
170 LN -1 -1 -1 -1.000000 1 1
171 LN -1 -1 -1 -1.000000 1 0
172 IN 173 186 7 0.500000 6 0
173 IN 174 181 15 0.500000 5 1
174 IN 175 176 11 0.500000 4 1
175 LN -1 -1 -1 -1.000000 1 1
176 IN 177 180 10 0.500000 3 1
177 IN 178 179 3 0.500000 2 1
178 LN -1 -1 -1 -1.000000 1 0
179 LN -1 -1 -1 -1.000000 1 1
180 LN -1 -1 -1 -1.000000 1 0
181 IN 182 185 10 0.500000 3 0
182 IN 183 184 3 0.500000 2 1
183 LN -1 -1 -1 -1.000000 1 1
184 LN -1 -1 -1 -1.000000 1 0
185 LN -1 -1 -1 -1.000000 1 0
186 IN 187 188 3 0.500000 4 0
187 LN -1 -1 -1 -1.000000 1 0
188 IN 189 192 10 0.500000 3 0
189 IN 190 191 15 0.500000 2 1
190 LN -1 -1 -1 -1.000000 1 1
191 LN -1 -1 -1 -1.000000 1 0
192 IN 193 194 15 0.500000 2 0
193 LN -1 -1 -1 -1.000000 1 0
194 LN -1 -1 -1 -1.000000 1 1
195 IN 196 197 3 0.500000 8 0
196 LN -1 -1 -1 -1.000000 1 0
197 IN 198 211 15 0.500000 7 0
198 IN 199 206 8 0.500000 5 0
199 IN 200 201 4 0.500000 4 0
200 LN -1 -1 -1 -1.000000 1 0
201 IN 202 203 10 0.500000 3 0
202 LN -1 -1 -1 -1.000000 1 0
203 IN 204 205 9 0.500000 2 0
204 LN -1 -1 -1 -1.000000 1 0
205 LN -1 -1 -1 -1.000000 1 0
206 IN 207 210 4 0.500000 3 0
207 IN 208 209 10 0.500000 2 0
208 LN -1 -1 -1 -1.000000 1 0
209 LN -1 -1 -1 -1.000000 1 0
210 LN -1 -1 -1 -1.000000 1 0
211 IN 212 213 5 0.500000 6 0
212 LN -1 -1 -1 -1.000000 1 0
213 IN 214 223 10 0.500000 5 0
214 IN 215 220 4 0.500000 4 0
215 IN 216 217 11 0.500000 3 0
216 LN -1 -1 -1 -1.000000 1 0
217 IN 218 219 9 0.500000 2 0
218 LN -1 -1 -1 -1.000000 1 0
219 LN -1 -1 -1 -1.000000 1 0
220 IN 221 222 9 0.500000 2 0
221 LN -1 -1 -1 -1.000000 1 0
222 LN -1 -1 -1 -1.000000 1 1
223 LN -1 -1 -1 -1.000000 1 0
224 IN 225 330 13 0.500000 11 0
225 IN 226 249 15 0.500000 10 0
226 IN 227 228 3 0.500000 7 0
227 LN -1 -1 -1 -1.000000 1 0
228 IN 229 236 10 0.500000 6 0
229 IN 230 235 6 0.500000 4 0
230 IN 231 234 4 0.500000 3 0
231 IN 232 233 9 0.500000 2 0
232 LN -1 -1 -1 -1.000000 1 0
233 LN -1 -1 -1 -1.000000 1 1
234 LN -1 -1 -1 -1.000000 1 0
235 LN -1 -1 -1 -1.000000 1 0
236 IN 237 240 7 0.500000 5 0
237 IN 238 239 8 0.500000 2 0
238 LN -1 -1 -1 -1.000000 1 0
239 LN -1 -1 -1 -1.000000 1 1
240 IN 241 248 8 0.500000 4 0
241 IN 242 245 4 0.500000 3 0
242 IN 243 244 9 0.500000 2 0
243 LN -1 -1 -1 -1.000000 1 0
244 LN -1 -1 -1 -1.000000 1 0
245 IN 246 247 6 0.500000 2 0
246 LN -1 -1 -1 -1.000000 1 1
247 LN -1 -1 -1 -1.000000 1 0
248 LN -1 -1 -1 -1.000000 1 0
249 IN 250 295 3 0.500000 9 0
250 IN 251 266 5 0.500000 8 0
251 IN 252 265 8 0.500000 5 0
252 IN 253 260 7 0.500000 4 0
253 IN 254 257 10 0.500000 3 0
254 IN 255 256 9 0.500000 2 0
255 LN -1 -1 -1 -1.000000 1 0
256 LN -1 -1 -1 -1.000000 1 0
257 IN 258 259 9 0.500000 2 0
258 LN -1 -1 -1 -1.000000 1 0
259 LN -1 -1 -1 -1.000000 1 1
260 IN 261 262 9 0.500000 3 0
261 LN -1 -1 -1 -1.000000 1 0
262 IN 263 264 10 0.500000 2 0
263 LN -1 -1 -1 -1.000000 1 1
264 LN -1 -1 -1 -1.000000 1 0
265 LN -1 -1 -1 -1.000000 1 0
266 IN 267 294 8 0.500000 7 0
267 IN 268 279 10 0.500000 6 0
268 IN 269 276 4 0.500000 4 0
269 IN 270 273 7 0.500000 3 0
270 IN 271 272 9 0.500000 2 0
271 LN -1 -1 -1 -1.000000 1 0
272 LN -1 -1 -1 -1.000000 1 0
273 IN 274 275 9 0.500000 2 0
274 LN -1 -1 -1 -1.000000 1 0
275 LN -1 -1 -1 -1.000000 1 0
276 IN 277 278 7 0.500000 2 0
277 LN -1 -1 -1 -1.000000 1 0
278 LN -1 -1 -1 -1.000000 1 0
279 IN 280 293 6 0.500000 5 0
280 IN 281 286 7 0.500000 4 0
281 IN 282 285 9 0.500000 3 0
282 IN 283 284 4 0.500000 2 0
283 LN -1 -1 -1 -1.000000 1 0
284 LN -1 -1 -1 -1.000000 1 0
285 LN -1 -1 -1 -1.000000 1 0
286 IN 287 290 4 0.500000 3 0
287 IN 288 289 9 0.500000 2 0
288 LN -1 -1 -1 -1.000000 1 0
289 LN -1 -1 -1 -1.000000 1 0
290 IN 291 292 9 0.500000 2 0
291 LN -1 -1 -1 -1.000000 1 0
292 LN -1 -1 -1 -1.000000 1 1
293 LN -1 -1 -1 -1.000000 1 0
294 LN -1 -1 -1 -1.000000 1 0
295 IN 296 313 9 0.500000 7 0
296 IN 297 308 4 0.500000 6 0
297 IN 298 301 10 0.500000 5 0
298 IN 299 300 7 0.500000 2 0
299 LN -1 -1 -1 -1.000000 1 0
300 LN -1 -1 -1 -1.000000 1 0
301 IN 302 303 5 0.500000 4 0
302 LN -1 -1 -1 -1.000000 1 0
303 IN 304 305 7 0.500000 3 0
304 LN -1 -1 -1 -1.000000 1 1
305 IN 306 307 6 0.500000 2 0
306 LN -1 -1 -1 -1.000000 1 0
307 LN -1 -1 -1 -1.000000 1 0
308 IN 309 312 7 0.500000 3 0
309 IN 310 311 10 0.500000 2 0
310 LN -1 -1 -1 -1.000000 1 0
311 LN -1 -1 -1 -1.000000 1 1
312 LN -1 -1 -1 -1.000000 1 0
313 IN 314 319 7 0.500000 6 0
314 IN 315 316 10 0.500000 3 0
315 LN -1 -1 -1 -1.000000 1 0
316 IN 317 318 4 0.500000 2 0
317 LN -1 -1 -1 -1.000000 1 1
318 LN -1 -1 -1 -1.000000 1 0
319 IN 320 329 8 0.500000 5 0
320 IN 321 326 10 0.500000 4 0
321 IN 322 325 6 0.500000 3 0
322 IN 323 324 4 0.500000 2 0
323 LN -1 -1 -1 -1.000000 1 0
324 LN -1 -1 -1 -1.000000 1 0
325 LN -1 -1 -1 -1.000000 1 0
326 IN 327 328 6 0.500000 2 0
327 LN -1 -1 -1 -1.000000 1 0
328 LN -1 -1 -1 -1.000000 1 0
329 LN -1 -1 -1 -1.000000 1 0
330 IN 331 332 11 0.500000 10 0
331 LN -1 -1 -1 -1.000000 1 0
332 IN 333 370 6 0.500000 9 0
333 IN 334 343 15 0.500000 8 0
334 IN 335 342 3 0.500000 5 0
335 IN 336 341 10 0.500000 4 0
336 IN 337 338 7 0.500000 3 0
337 LN -1 -1 -1 -1.000000 1 0
338 IN 339 340 5 0.500000 2 0
339 LN -1 -1 -1 -1.000000 1 0
340 LN -1 -1 -1 -1.000000 1 1
341 LN -1 -1 -1 -1.000000 1 0
342 LN -1 -1 -1 -1.000000 1 0
343 IN 344 361 4 0.500000 7 0
344 IN 345 348 5 0.500000 6 0
345 IN 346 347 9 0.500000 2 0
346 LN -1 -1 -1 -1.000000 1 0
347 LN -1 -1 -1 -1.000000 1 1
348 IN 349 354 3 0.500000 5 0
349 IN 350 351 10 0.500000 3 0
350 LN -1 -1 -1 -1.000000 1 0
351 IN 352 353 7 0.500000 2 0
352 LN -1 -1 -1 -1.000000 1 0
353 LN -1 -1 -1 -1.000000 1 0
354 IN 355 360 10 0.500000 4 0
355 IN 356 359 7 0.500000 3 0
356 IN 357 358 9 0.500000 2 0
357 LN -1 -1 -1 -1.000000 1 0
358 LN -1 -1 -1 -1.000000 1 1
359 LN -1 -1 -1 -1.000000 1 0
360 LN -1 -1 -1 -1.000000 1 0
361 IN 362 369 7 0.500000 4 0
362 IN 363 366 10 0.500000 3 0
363 IN 364 365 3 0.500000 2 1
364 LN -1 -1 -1 -1.000000 1 1
365 LN -1 -1 -1 -1.000000 1 0
366 IN 367 368 3 0.500000 2 0
367 LN -1 -1 -1 -1.000000 1 0
368 LN -1 -1 -1 -1.000000 1 0
369 LN -1 -1 -1 -1.000000 1 0
370 LN -1 -1 -1 -1.000000 1 0
371 IN 372 447 10 0.500000 12 0
372 IN 373 392 15 0.500000 11 0
373 IN 374 391 14 0.500000 8 0
374 IN 375 376 7 0.500000 7 0
375 LN -1 -1 -1 -1.000000 1 0
376 IN 377 388 6 0.500000 6 0
377 IN 378 379 9 0.500000 5 0
378 LN -1 -1 -1 -1.000000 1 0
379 IN 380 383 5 0.500000 4 0
380 IN 381 382 3 0.500000 2 0
381 LN -1 -1 -1 -1.000000 1 1
382 LN -1 -1 -1 -1.000000 1 0
383 IN 384 387 4 0.500000 3 0
384 IN 385 386 8 0.500000 2 0
385 LN -1 -1 -1 -1.000000 1 0
386 LN -1 -1 -1 -1.000000 1 0
387 LN -1 -1 -1 -1.000000 1 1
388 IN 389 390 8 0.500000 2 0
389 LN -1 -1 -1 -1.000000 1 0
390 LN -1 -1 -1 -1.000000 1 1
391 LN -1 -1 -1 -1.000000 1 0
392 IN 393 446 6 0.500000 10 0
393 IN 394 421 3 0.500000 9 0
394 IN 395 410 7 0.500000 8 0
395 IN 396 409 8 0.500000 7 0
396 IN 397 406 4 0.500000 6 0
397 IN 398 399 5 0.500000 5 0
398 LN -1 -1 -1 -1.000000 1 0
399 IN 400 401 14 0.500000 4 0
400 LN -1 -1 -1 -1.000000 1 0
401 IN 402 405 9 0.500000 3 0
402 IN 403 404 13 0.500000 2 0
403 LN -1 -1 -1 -1.000000 1 0
404 LN -1 -1 -1 -1.000000 1 1
405 LN -1 -1 -1 -1.000000 1 0
406 IN 407 408 13 0.500000 2 0
407 LN -1 -1 -1 -1.000000 1 0
408 LN -1 -1 -1 -1.000000 1 1
409 LN -1 -1 -1 -1.000000 1 0
410 IN 411 416 4 0.500000 4 0
411 IN 412 415 9 0.500000 3 0
412 IN 413 414 14 0.500000 2 0
413 LN -1 -1 -1 -1.000000 1 0
414 LN -1 -1 -1 -1.000000 1 0
415 LN -1 -1 -1 -1.000000 1 0
416 IN 417 420 9 0.500000 3 1
417 IN 418 419 14 0.500000 2 0
418 LN -1 -1 -1 -1.000000 1 0
419 LN -1 -1 -1 -1.000000 1 1
420 LN -1 -1 -1 -1.000000 1 1
421 IN 422 445 13 0.500000 7 0
422 IN 423 440 8 0.500000 6 0
423 IN 424 431 9 0.500000 5 0
424 IN 425 426 7 0.500000 4 0
425 LN -1 -1 -1 -1.000000 1 0
426 IN 427 428 14 0.500000 3 0
427 LN -1 -1 -1 -1.000000 1 1
428 IN 429 430 4 0.500000 2 0
429 LN -1 -1 -1 -1.000000 1 0
430 LN -1 -1 -1 -1.000000 1 1
431 IN 432 437 7 0.500000 4 0
432 IN 433 434 5 0.500000 3 0
433 LN -1 -1 -1 -1.000000 1 0
434 IN 435 436 14 0.500000 2 0
435 LN -1 -1 -1 -1.000000 1 1
436 LN -1 -1 -1 -1.000000 1 0
437 IN 438 439 5 0.500000 2 0
438 LN -1 -1 -1 -1.000000 1 0
439 LN -1 -1 -1 -1.000000 1 0
440 IN 441 444 14 0.500000 3 0
441 IN 442 443 5 0.500000 2 1
442 LN -1 -1 -1 -1.000000 1 1
443 LN -1 -1 -1 -1.000000 1 0
444 LN -1 -1 -1 -1.000000 1 0
445 LN -1 -1 -1 -1.000000 1 1
446 LN -1 -1 -1 -1.000000 1 0
447 IN 448 543 8 0.500000 11 0
448 IN 449 486 3 0.500000 10 0
449 IN 450 451 5 0.500000 8 0
450 LN -1 -1 -1 -1.000000 1 0
451 IN 452 469 4 0.500000 7 0
452 IN 453 462 9 0.500000 6 0
453 IN 454 461 13 0.500000 5 0
454 IN 455 460 14 0.500000 4 0
455 IN 456 457 7 0.500000 3 0
456 LN -1 -1 -1 -1.000000 1 0
457 IN 458 459 15 0.500000 2 0
458 LN -1 -1 -1 -1.000000 1 0
459 LN -1 -1 -1 -1.000000 1 0
460 LN -1 -1 -1 -1.000000 1 0
461 LN -1 -1 -1 -1.000000 1 0
462 IN 463 464 14 0.500000 4 0
463 LN -1 -1 -1 -1.000000 1 0
464 IN 465 466 7 0.500000 3 1
465 LN -1 -1 -1 -1.000000 1 1
466 IN 467 468 6 0.500000 2 0
467 LN -1 -1 -1 -1.000000 1 0
468 LN -1 -1 -1 -1.000000 1 1
469 IN 470 481 14 0.500000 6 0
470 IN 471 480 6 0.500000 5 0
471 IN 472 479 9 0.500000 4 0
472 IN 473 476 7 0.500000 3 1
473 IN 474 475 15 0.500000 2 1
474 LN -1 -1 -1 -1.000000 1 1
475 LN -1 -1 -1 -1.000000 1 0
476 IN 477 478 15 0.500000 2 0
477 LN -1 -1 -1 -1.000000 1 1
478 LN -1 -1 -1 -1.000000 1 0
479 LN -1 -1 -1 -1.000000 1 0
480 LN -1 -1 -1 -1.000000 1 0
481 IN 482 483 7 0.500000 3 0
482 LN -1 -1 -1 -1.000000 1 0
483 IN 484 485 6 0.500000 2 0
484 LN -1 -1 -1 -1.000000 1 0
485 LN -1 -1 -1 -1.000000 1 0
486 IN 487 490 5 0.500000 9 0
487 IN 488 489 7 0.500000 2 0
488 LN -1 -1 -1 -1.000000 1 1
489 LN -1 -1 -1 -1.000000 1 0
490 IN 491 520 9 0.500000 8 0
491 IN 492 519 13 0.500000 7 1
492 IN 493 506 6 0.500000 6 1
493 IN 494 501 7 0.500000 5 1
494 IN 495 500 14 0.500000 4 0
495 IN 496 499 15 0.500000 3 0
496 IN 497 498 4 0.500000 2 0
497 LN -1 -1 -1 -1.000000 1 0
498 LN -1 -1 -1 -1.000000 1 0
499 LN -1 -1 -1 -1.000000 1 0
500 LN -1 -1 -1 -1.000000 1 1
501 IN 502 505 14 0.500000 3 1
502 IN 503 504 15 0.500000 2 1
503 LN -1 -1 -1 -1.000000 1 1
504 LN -1 -1 -1 -1.000000 1 1
505 LN -1 -1 -1 -1.000000 1 1
506 IN 507 512 15 0.500000 4 1
507 IN 508 511 14 0.500000 3 1
508 IN 509 510 4 0.500000 2 1
509 LN -1 -1 -1 -1.000000 1 0
510 LN -1 -1 -1 -1.000000 1 1
511 LN -1 -1 -1 -1.000000 1 1
512 IN 513 516 14 0.500000 3 0
513 IN 514 515 4 0.500000 2 0
514 LN -1 -1 -1 -1.000000 1 0
515 LN -1 -1 -1 -1.000000 1 0
516 IN 517 518 4 0.500000 2 1
517 LN -1 -1 -1 -1.000000 1 0
518 LN -1 -1 -1 -1.000000 1 1
519 LN -1 -1 -1 -1.000000 1 1
520 IN 521 540 13 0.500000 7 0
521 IN 522 533 6 0.500000 6 0
522 IN 523 530 14 0.500000 5 0
523 IN 524 529 4 0.500000 4 0
524 IN 525 526 15 0.500000 3 0
525 LN -1 -1 -1 -1.000000 1 0
526 IN 527 528 7 0.500000 2 0
527 LN -1 -1 -1 -1.000000 1 0
528 LN -1 -1 -1 -1.000000 1 1
529 LN -1 -1 -1 -1.000000 1 0
530 IN 531 532 15 0.500000 2 1
531 LN -1 -1 -1 -1.000000 1 0
532 LN -1 -1 -1 -1.000000 1 1
533 IN 534 535 15 0.500000 4 0
534 LN -1 -1 -1 -1.000000 1 0
535 IN 536 539 4 0.500000 3 0
536 IN 537 538 14 0.500000 2 0
537 LN -1 -1 -1 -1.000000 1 0
538 LN -1 -1 -1 -1.000000 1 0
539 LN -1 -1 -1 -1.000000 1 1
540 IN 541 542 4 0.500000 2 1
541 LN -1 -1 -1 -1.000000 1 1
542 LN -1 -1 -1 -1.000000 1 0
543 IN 544 551 3 0.500000 7 0
544 IN 545 550 4 0.500000 4 0
545 IN 546 547 15 0.500000 3 0
546 LN -1 -1 -1 -1.000000 1 0
547 IN 548 549 7 0.500000 2 0
548 LN -1 -1 -1 -1.000000 1 0
549 LN -1 -1 -1 -1.000000 1 0
550 LN -1 -1 -1 -1.000000 1 0
551 IN 552 553 5 0.500000 6 0
552 LN -1 -1 -1 -1.000000 1 1
553 IN 554 555 7 0.500000 5 0
554 LN -1 -1 -1 -1.000000 1 0
555 IN 556 561 6 0.500000 4 0
556 IN 557 560 15 0.500000 3 0
557 IN 558 559 4 0.500000 2 0
558 LN -1 -1 -1 -1.000000 1 0
559 LN -1 -1 -1 -1.000000 1 0
560 LN -1 -1 -1 -1.000000 1 1
561 IN 562 563 4 0.500000 2 0
562 LN -1 -1 -1 -1.000000 1 0
563 LN -1 -1 -1 -1.000000 1 0
564 IN 565 620 12 0.500000 12 0
565 IN 566 607 4 0.500000 11 0
566 IN 567 568 15 0.500000 10 0
567 LN -1 -1 -1 -1.000000 1 0
568 IN 569 584 7 0.500000 9 0
569 IN 570 583 9 0.500000 6 0
570 IN 571 580 13 0.500000 5 0
571 IN 572 575 3 0.500000 4 1
572 IN 573 574 14 0.500000 2 1
573 LN -1 -1 -1 -1.000000 1 0
574 LN -1 -1 -1 -1.000000 1 1
575 IN 576 577 10 0.500000 3 0
576 LN -1 -1 -1 -1.000000 1 0
577 IN 578 579 14 0.500000 2 1
578 LN -1 -1 -1 -1.000000 1 0
579 LN -1 -1 -1 -1.000000 1 1
580 IN 581 582 10 0.500000 2 0
581 LN -1 -1 -1 -1.000000 1 0
582 LN -1 -1 -1 -1.000000 1 0
583 LN -1 -1 -1 -1.000000 1 0
584 IN 585 586 14 0.500000 8 0
585 LN -1 -1 -1 -1.000000 1 0
586 IN 587 590 5 0.500000 7 0
587 IN 588 589 9 0.500000 2 1
588 LN -1 -1 -1 -1.000000 1 0
589 LN -1 -1 -1 -1.000000 1 1
590 IN 591 598 13 0.500000 6 0
591 IN 592 597 6 0.500000 4 0
592 IN 593 596 9 0.500000 3 0
593 IN 594 595 3 0.500000 2 0
594 LN -1 -1 -1 -1.000000 1 0
595 LN -1 -1 -1 -1.000000 1 1
596 LN -1 -1 -1 -1.000000 1 1
597 LN -1 -1 -1 -1.000000 1 0
598 IN 599 600 9 0.500000 5 0
599 LN -1 -1 -1 -1.000000 1 0
600 IN 601 602 3 0.500000 4 1
601 LN -1 -1 -1 -1.000000 1 1
602 IN 603 606 6 0.500000 3 1
603 IN 604 605 10 0.500000 2 1
604 LN -1 -1 -1 -1.000000 1 1
605 LN -1 -1 -1 -1.000000 1 1
606 LN -1 -1 -1 -1.000000 1 0
607 IN 608 619 7 0.500000 7 0
608 IN 609 618 3 0.500000 6 0
609 IN 610 611 10 0.500000 5 0
610 LN -1 -1 -1 -1.000000 1 1
611 IN 612 617 9 0.500000 4 0
612 IN 613 616 13 0.500000 3 0
613 IN 614 615 14 0.500000 2 0
614 LN -1 -1 -1 -1.000000 1 1
615 LN -1 -1 -1 -1.000000 1 0
616 LN -1 -1 -1 -1.000000 1 0
617 LN -1 -1 -1 -1.000000 1 1
618 LN -1 -1 -1 -1.000000 1 0
619 LN -1 -1 -1 -1.000000 1 0
620 IN 621 626 14 0.500000 5 1
621 IN 622 625 7 0.500000 3 1
622 IN 623 624 3 0.500000 2 0
623 LN -1 -1 -1 -1.000000 1 1
624 LN -1 -1 -1 -1.000000 1 0
625 LN -1 -1 -1 -1.000000 1 1
626 IN 627 632 9 0.500000 4 0
627 IN 628 631 13 0.500000 3 0
628 IN 629 630 10 0.500000 2 0
629 LN -1 -1 -1 -1.000000 1 1
630 LN -1 -1 -1 -1.000000 1 0
631 LN -1 -1 -1 -1.000000 1 0
632 IN 633 634 3 0.500000 3 1
633 LN -1 -1 -1 -1.000000 1 1
634 IN 635 636 15 0.500000 2 0
635 LN -1 -1 -1 -1.000000 1 0
636 LN -1 -1 -1 -1.000000 1 1
637 IN 638 1211 12 0.500000 15 0
638 IN 639 722 5 0.500000 13 0
639 IN 640 649 11 0.500000 11 0
640 IN 641 648 13 0.500000 5 0
641 IN 642 643 9 0.500000 4 0
642 LN -1 -1 -1 -1.000000 1 0
643 IN 644 647 14 0.500000 3 0
644 IN 645 646 8 0.500000 2 0
645 LN -1 -1 -1 -1.000000 1 0
646 LN -1 -1 -1 -1.000000 1 0
647 LN -1 -1 -1 -1.000000 1 0
648 LN -1 -1 -1 -1.000000 1 0
649 IN 650 721 16 0.500000 10 0
650 IN 651 688 8 0.500000 9 0
651 IN 652 667 9 0.500000 8 0
652 IN 653 666 3 0.500000 6 0
653 IN 654 655 15 0.500000 5 0
654 LN -1 -1 -1 -1.000000 1 0
655 IN 656 661 10 0.500000 4 0
656 IN 657 660 13 0.500000 3 0
657 IN 658 659 7 0.500000 2 0
658 LN -1 -1 -1 -1.000000 1 0
659 LN -1 -1 -1 -1.000000 1 1
660 LN -1 -1 -1 -1.000000 1 0
661 IN 662 665 7 0.500000 3 0
662 IN 663 664 14 0.500000 2 1
663 LN -1 -1 -1 -1.000000 1 1
664 LN -1 -1 -1 -1.000000 1 0
665 LN -1 -1 -1 -1.000000 1 0
666 LN -1 -1 -1 -1.000000 1 0
667 IN 668 687 3 0.500000 7 0
668 IN 669 682 13 0.500000 6 0
669 IN 670 675 14 0.500000 5 0
670 IN 671 672 7 0.500000 3 0
671 LN -1 -1 -1 -1.000000 1 0
672 IN 673 674 10 0.500000 2 0
673 LN -1 -1 -1 -1.000000 1 0
674 LN -1 -1 -1 -1.000000 1 0
675 IN 676 681 7 0.500000 4 0
676 IN 677 678 15 0.500000 3 0
677 LN -1 -1 -1 -1.000000 1 0
678 IN 679 680 10 0.500000 2 0
679 LN -1 -1 -1 -1.000000 1 1
680 LN -1 -1 -1 -1.000000 1 0
681 LN -1 -1 -1 -1.000000 1 0
682 IN 683 686 10 0.500000 3 0
683 IN 684 685 7 0.500000 2 0
684 LN -1 -1 -1 -1.000000 1 1
685 LN -1 -1 -1 -1.000000 1 0
686 LN -1 -1 -1 -1.000000 1 0
687 LN -1 -1 -1 -1.000000 1 0
688 IN 689 698 15 0.500000 6 0
689 IN 690 697 13 0.500000 5 0
690 IN 691 692 10 0.500000 4 0
691 LN -1 -1 -1 -1.000000 1 0
692 IN 693 696 3 0.500000 3 0
693 IN 694 695 7 0.500000 2 0
694 LN -1 -1 -1 -1.000000 1 0
695 LN -1 -1 -1 -1.000000 1 0
696 LN -1 -1 -1 -1.000000 1 0
697 LN -1 -1 -1 -1.000000 1 0
698 IN 699 708 14 0.500000 5 0
699 IN 700 701 7 0.500000 4 0
700 LN -1 -1 -1 -1.000000 1 0
701 IN 702 705 3 0.500000 3 0
702 IN 703 704 10 0.500000 2 0
703 LN -1 -1 -1 -1.000000 1 0
704 LN -1 -1 -1 -1.000000 1 0
705 IN 706 707 10 0.500000 2 0
706 LN -1 -1 -1 -1.000000 1 0
707 LN -1 -1 -1 -1.000000 1 0
708 IN 709 716 3 0.500000 4 0
709 IN 710 713 10 0.500000 3 0
710 IN 711 712 7 0.500000 2 0
711 LN -1 -1 -1 -1.000000 1 0
712 LN -1 -1 -1 -1.000000 1 0
713 IN 714 715 7 0.500000 2 0
714 LN -1 -1 -1 -1.000000 1 0
715 LN -1 -1 -1 -1.000000 1 0
716 IN 717 718 7 0.500000 3 0
717 LN -1 -1 -1 -1.000000 1 0
718 IN 719 720 10 0.500000 2 0
719 LN -1 -1 -1 -1.000000 1 0
720 LN -1 -1 -1 -1.000000 1 1
721 LN -1 -1 -1 -1.000000 1 0
722 IN 723 938 3 0.500000 12 0
723 IN 724 815 10 0.500000 11 0
724 IN 725 770 7 0.500000 10 0
725 IN 726 743 15 0.500000 8 0
726 IN 727 736 13 0.500000 6 0
727 IN 728 729 4 0.500000 5 0
728 LN -1 -1 -1 -1.000000 1 0
729 IN 730 731 9 0.500000 4 0
730 LN -1 -1 -1 -1.000000 1 0
731 IN 732 733 11 0.500000 3 0
732 LN -1 -1 -1 -1.000000 1 0
733 IN 734 735 8 0.500000 2 0
734 LN -1 -1 -1 -1.000000 1 0
735 LN -1 -1 -1 -1.000000 1 0
736 IN 737 742 4 0.500000 4 0
737 IN 738 739 11 0.500000 3 0
738 LN -1 -1 -1 -1.000000 1 0
739 IN 740 741 9 0.500000 2 0
740 LN -1 -1 -1 -1.000000 1 0
741 LN -1 -1 -1 -1.000000 1 0
742 LN -1 -1 -1 -1.000000 1 0
743 IN 744 745 11 0.500000 7 0
744 LN -1 -1 -1 -1.000000 1 0
745 IN 746 751 9 0.500000 6 0
746 IN 747 748 13 0.500000 3 0
747 LN -1 -1 -1 -1.000000 1 0
748 IN 749 750 4 0.500000 2 0
749 LN -1 -1 -1 -1.000000 1 0
750 LN -1 -1 -1 -1.000000 1 0
751 IN 752 765 13 0.500000 5 0
752 IN 753 760 4 0.500000 4 0
753 IN 754 757 8 0.500000 3 0
754 IN 755 756 14 0.500000 2 0
755 LN -1 -1 -1 -1.000000 1 0
756 LN -1 -1 -1 -1.000000 1 0
757 IN 758 759 14 0.500000 2 0
758 LN -1 -1 -1 -1.000000 1 0
759 LN -1 -1 -1 -1.000000 1 1
760 IN 761 764 14 0.500000 3 0
761 IN 762 763 8 0.500000 2 0
762 LN -1 -1 -1 -1.000000 1 0
763 LN -1 -1 -1 -1.000000 1 0
764 LN -1 -1 -1 -1.000000 1 0
765 IN 766 769 8 0.500000 3 0
766 IN 767 768 4 0.500000 2 0
767 LN -1 -1 -1 -1.000000 1 0
768 LN -1 -1 -1 -1.000000 1 0
769 LN -1 -1 -1 -1.000000 1 0
770 IN 771 814 6 0.500000 9 0
771 IN 772 773 11 0.500000 8 0
772 LN -1 -1 -1 -1.000000 1 0
773 IN 774 787 9 0.500000 7 0
774 IN 775 784 13 0.500000 5 0
775 IN 776 781 14 0.500000 4 0
776 IN 777 780 4 0.500000 3 0
777 IN 778 779 15 0.500000 2 0
778 LN -1 -1 -1 -1.000000 1 0
779 LN -1 -1 -1 -1.000000 1 0
780 LN -1 -1 -1 -1.000000 1 1
781 IN 782 783 4 0.500000 2 0
782 LN -1 -1 -1 -1.000000 1 0
783 LN -1 -1 -1 -1.000000 1 0
784 IN 785 786 16 0.500000 2 1
785 LN -1 -1 -1 -1.000000 1 1
786 LN -1 -1 -1 -1.000000 1 0
787 IN 788 803 8 0.500000 6 0
788 IN 789 796 14 0.500000 5 0
789 IN 790 793 15 0.500000 3 0
790 IN 791 792 4 0.500000 2 0
791 LN -1 -1 -1 -1.000000 1 0
792 LN -1 -1 -1 -1.000000 1 0
793 IN 794 795 4 0.500000 2 0
794 LN -1 -1 -1 -1.000000 1 0
795 LN -1 -1 -1 -1.000000 1 0
796 IN 797 798 15 0.500000 4 0
797 LN -1 -1 -1 -1.000000 1 0
798 IN 799 802 4 0.500000 3 0
799 IN 800 801 13 0.500000 2 0
800 LN -1 -1 -1 -1.000000 1 0
801 LN -1 -1 -1 -1.000000 1 1
802 LN -1 -1 -1 -1.000000 1 0
803 IN 804 809 15 0.500000 4 0
804 IN 805 808 4 0.500000 3 0
805 IN 806 807 14 0.500000 2 0
806 LN -1 -1 -1 -1.000000 1 0
807 LN -1 -1 -1 -1.000000 1 1
808 LN -1 -1 -1 -1.000000 1 0
809 IN 810 813 4 0.500000 3 0
810 IN 811 812 14 0.500000 2 0
811 LN -1 -1 -1 -1.000000 1 0
812 LN -1 -1 -1 -1.000000 1 0
813 LN -1 -1 -1 -1.000000 1 1
814 LN -1 -1 -1 -1.000000 1 0
815 IN 816 859 9 0.500000 10 0
816 IN 817 852 16 0.500000 7 0
817 IN 818 831 7 0.500000 6 0
818 IN 819 820 15 0.500000 5 0
819 LN -1 -1 -1 -1.000000 1 0
820 IN 821 828 13 0.500000 4 0
821 IN 822 825 4 0.500000 3 0
822 IN 823 824 14 0.500000 2 0
823 LN -1 -1 -1 -1.000000 1 0
824 LN -1 -1 -1 -1.000000 1 0
825 IN 826 827 14 0.500000 2 0
826 LN -1 -1 -1 -1.000000 1 0
827 LN -1 -1 -1 -1.000000 1 0
828 IN 829 830 4 0.500000 2 0
829 LN -1 -1 -1 -1.000000 1 0
830 LN -1 -1 -1 -1.000000 1 0
831 IN 832 843 14 0.500000 5 0
832 IN 833 838 4 0.500000 4 0
833 IN 834 835 15 0.500000 3 0
834 LN -1 -1 -1 -1.000000 1 0
835 IN 836 837 6 0.500000 2 0
836 LN -1 -1 -1 -1.000000 1 0
837 LN -1 -1 -1 -1.000000 1 1
838 IN 839 840 15 0.500000 3 0
839 LN -1 -1 -1 -1.000000 1 0
840 IN 841 842 6 0.500000 2 0
841 LN -1 -1 -1 -1.000000 1 0
842 LN -1 -1 -1 -1.000000 1 0
843 IN 844 849 4 0.500000 4 0
844 IN 845 846 15 0.500000 3 0
845 LN -1 -1 -1 -1.000000 1 0
846 IN 847 848 13 0.500000 2 0
847 LN -1 -1 -1 -1.000000 1 0
848 LN -1 -1 -1 -1.000000 1 0
849 IN 850 851 13 0.500000 2 0
850 LN -1 -1 -1 -1.000000 1 0
851 LN -1 -1 -1 -1.000000 1 0
852 IN 853 854 15 0.500000 4 0
853 LN -1 -1 -1 -1.000000 1 1
854 IN 855 858 14 0.500000 3 0
855 IN 856 857 4 0.500000 2 0
856 LN -1 -1 -1 -1.000000 1 1
857 LN -1 -1 -1 -1.000000 1 0
858 LN -1 -1 -1 -1.000000 1 0
859 IN 860 937 6 0.500000 9 0
860 IN 861 900 7 0.500000 8 0
861 IN 862 885 4 0.500000 7 0
862 IN 863 876 8 0.500000 6 0
863 IN 864 871 13 0.500000 5 1
864 IN 865 866 15 0.500000 4 1
865 LN -1 -1 -1 -1.000000 1 0
866 IN 867 868 14 0.500000 3 1
867 LN -1 -1 -1 -1.000000 1 0
868 IN 869 870 16 0.500000 2 1
869 LN -1 -1 -1 -1.000000 1 1
870 LN -1 -1 -1 -1.000000 1 1
871 IN 872 875 16 0.500000 3 0
872 IN 873 874 15 0.500000 2 0
873 LN -1 -1 -1 -1.000000 1 0
874 LN -1 -1 -1 -1.000000 1 0
875 LN -1 -1 -1 -1.000000 1 0
876 IN 877 880 14 0.500000 4 0
877 IN 878 879 15 0.500000 2 0
878 LN -1 -1 -1 -1.000000 1 0
879 LN -1 -1 -1 -1.000000 1 0
880 IN 881 884 13 0.500000 3 0
881 IN 882 883 15 0.500000 2 0
882 LN -1 -1 -1 -1.000000 1 0
883 LN -1 -1 -1 -1.000000 1 0
884 LN -1 -1 -1 -1.000000 1 0
885 IN 886 897 16 0.500000 6 0
886 IN 887 890 15 0.500000 5 0
887 IN 888 889 8 0.500000 2 0
888 LN -1 -1 -1 -1.000000 1 1
889 LN -1 -1 -1 -1.000000 1 0
890 IN 891 896 13 0.500000 4 0
891 IN 892 895 14 0.500000 3 0
892 IN 893 894 8 0.500000 2 1
893 LN -1 -1 -1 -1.000000 1 0
894 LN -1 -1 -1 -1.000000 1 1
895 LN -1 -1 -1 -1.000000 1 0
896 LN -1 -1 -1 -1.000000 1 1
897 IN 898 899 13 0.500000 2 1
898 LN -1 -1 -1 -1.000000 1 1
899 LN -1 -1 -1 -1.000000 1 0
900 IN 901 920 14 0.500000 7 0
901 IN 902 911 8 0.500000 5 0
902 IN 903 906 15 0.500000 4 0
903 IN 904 905 4 0.500000 2 0
904 LN -1 -1 -1 -1.000000 1 0
905 LN -1 -1 -1 -1.000000 1 1
906 IN 907 910 16 0.500000 3 0
907 IN 908 909 4 0.500000 2 0
908 LN -1 -1 -1 -1.000000 1 0
909 LN -1 -1 -1 -1.000000 1 0
910 LN -1 -1 -1 -1.000000 1 0
911 IN 912 915 15 0.500000 4 0
912 IN 913 914 4 0.500000 2 0
913 LN -1 -1 -1 -1.000000 1 0
914 LN -1 -1 -1 -1.000000 1 0
915 IN 916 919 16 0.500000 3 0
916 IN 917 918 4 0.500000 2 0
917 LN -1 -1 -1 -1.000000 1 0
918 LN -1 -1 -1 -1.000000 1 1
919 LN -1 -1 -1 -1.000000 1 0
920 IN 921 930 13 0.500000 6 0
921 IN 922 929 4 0.500000 5 0
922 IN 923 928 8 0.500000 4 0
923 IN 924 927 16 0.500000 3 0
924 IN 925 926 15 0.500000 2 0
925 LN -1 -1 -1 -1.000000 1 0
926 LN -1 -1 -1 -1.000000 1 0
927 LN -1 -1 -1 -1.000000 1 0
928 LN -1 -1 -1 -1.000000 1 0
929 LN -1 -1 -1 -1.000000 1 1
930 IN 931 934 16 0.500000 3 1
931 IN 932 933 8 0.500000 2 1
932 LN -1 -1 -1 -1.000000 1 1
933 LN -1 -1 -1 -1.000000 1 1
934 IN 935 936 4 0.500000 2 1
935 LN -1 -1 -1 -1.000000 1 0
936 LN -1 -1 -1 -1.000000 1 1
937 LN -1 -1 -1 -1.000000 1 0
938 IN 939 1056 14 0.500000 11 0
939 IN 940 1037 16 0.500000 9 0
940 IN 941 994 4 0.500000 8 0
941 IN 942 951 9 0.500000 7 0
942 IN 943 946 10 0.500000 4 1
943 IN 944 945 7 0.500000 2 1
944 LN -1 -1 -1 -1.000000 1 1
945 LN -1 -1 -1 -1.000000 1 0
946 IN 947 950 6 0.500000 3 1
947 IN 948 949 7 0.500000 2 1
948 LN -1 -1 -1 -1.000000 1 0
949 LN -1 -1 -1 -1.000000 1 1
950 LN -1 -1 -1 -1.000000 1 1
951 IN 952 971 15 0.500000 6 0
952 IN 953 964 6 0.500000 5 0
953 IN 954 959 10 0.500000 4 0
954 IN 955 958 8 0.500000 3 0
955 IN 956 957 7 0.500000 2 0
956 LN -1 -1 -1 -1.000000 1 0
957 LN -1 -1 -1 -1.000000 1 0
958 LN -1 -1 -1 -1.000000 1 0
959 IN 960 961 7 0.500000 3 0
960 LN -1 -1 -1 -1.000000 1 0
961 IN 962 963 8 0.500000 2 0
962 LN -1 -1 -1 -1.000000 1 0
963 LN -1 -1 -1 -1.000000 1 0
964 IN 965 968 10 0.500000 3 0
965 IN 966 967 8 0.500000 2 0
966 LN -1 -1 -1 -1.000000 1 1
967 LN -1 -1 -1 -1.000000 1 0
968 IN 969 970 8 0.500000 2 0
969 LN -1 -1 -1 -1.000000 1 0
970 LN -1 -1 -1 -1.000000 1 1
971 IN 972 979 7 0.500000 5 0
972 IN 973 976 10 0.500000 3 0
973 IN 974 975 8 0.500000 2 0
974 LN -1 -1 -1 -1.000000 1 0
975 LN -1 -1 -1 -1.000000 1 0
976 IN 977 978 8 0.500000 2 0
977 LN -1 -1 -1 -1.000000 1 0
978 LN -1 -1 -1 -1.000000 1 0
979 IN 980 987 6 0.500000 4 0
980 IN 981 984 8 0.500000 3 0
981 IN 982 983 10 0.500000 2 0
982 LN -1 -1 -1 -1.000000 1 0
983 LN -1 -1 -1 -1.000000 1 0
984 IN 985 986 10 0.500000 2 0
985 LN -1 -1 -1 -1.000000 1 0
986 LN -1 -1 -1 -1.000000 1 0
987 IN 988 991 8 0.500000 3 0
988 IN 989 990 10 0.500000 2 0
989 LN -1 -1 -1 -1.000000 1 0
990 LN -1 -1 -1 -1.000000 1 0
991 IN 992 993 10 0.500000 2 0
992 LN -1 -1 -1 -1.000000 1 0
993 LN -1 -1 -1 -1.000000 1 0
994 IN 995 1016 15 0.500000 7 0
995 IN 996 1009 6 0.500000 6 0
996 IN 997 1004 8 0.500000 5 0
997 IN 998 999 10 0.500000 4 0
998 LN -1 -1 -1 -1.000000 1 1
999 IN 1000 1001 9 0.500000 3 0
1000 LN -1 -1 -1 -1.000000 1 0
1001 IN 1002 1003 7 0.500000 2 0
1002 LN -1 -1 -1 -1.000000 1 1
1003 LN -1 -1 -1 -1.000000 1 0
1004 IN 1005 1006 10 0.500000 3 0
1005 LN -1 -1 -1 -1.000000 1 0
1006 IN 1007 1008 7 0.500000 2 1
1007 LN -1 -1 -1 -1.000000 1 1
1008 LN -1 -1 -1 -1.000000 1 0
1009 IN 1010 1013 10 0.500000 3 0
1010 IN 1011 1012 8 0.500000 2 0
1011 LN -1 -1 -1 -1.000000 1 0
1012 LN -1 -1 -1 -1.000000 1 0
1013 IN 1014 1015 8 0.500000 2 0
1014 LN -1 -1 -1 -1.000000 1 0
1015 LN -1 -1 -1 -1.000000 1 0
1016 IN 1017 1032 8 0.500000 6 0
1017 IN 1018 1027 6 0.500000 5 0
1018 IN 1019 1020 9 0.500000 4 0
1019 LN -1 -1 -1 -1.000000 1 0
1020 IN 1021 1024 7 0.500000 3 1
1021 IN 1022 1023 10 0.500000 2 0
1022 LN -1 -1 -1 -1.000000 1 0
1023 LN -1 -1 -1 -1.000000 1 1
1024 IN 1025 1026 10 0.500000 2 1
1025 LN -1 -1 -1 -1.000000 1 0
1026 LN -1 -1 -1 -1.000000 1 1
1027 IN 1028 1029 10 0.500000 3 0
1028 LN -1 -1 -1 -1.000000 1 0
1029 IN 1030 1031 9 0.500000 2 0
1030 LN -1 -1 -1 -1.000000 1 0
1031 LN -1 -1 -1 -1.000000 1 0
1032 IN 1033 1034 6 0.500000 3 1
1033 LN -1 -1 -1 -1.000000 1 1
1034 IN 1035 1036 10 0.500000 2 0
1035 LN -1 -1 -1 -1.000000 1 1
1036 LN -1 -1 -1 -1.000000 1 0
1037 IN 1038 1045 8 0.500000 5 0
1038 IN 1039 1044 4 0.500000 4 0
1039 IN 1040 1041 10 0.500000 3 0
1040 LN -1 -1 -1 -1.000000 1 0
1041 IN 1042 1043 15 0.500000 2 0
1042 LN -1 -1 -1 -1.000000 1 1
1043 LN -1 -1 -1 -1.000000 1 0
1044 LN -1 -1 -1 -1.000000 1 0
1045 IN 1046 1053 6 0.500000 4 1
1046 IN 1047 1050 4 0.500000 3 0
1047 IN 1048 1049 15 0.500000 2 0
1048 LN -1 -1 -1 -1.000000 1 0
1049 LN -1 -1 -1 -1.000000 1 1
1050 IN 1051 1052 15 0.500000 2 1
1051 LN -1 -1 -1 -1.000000 1 0
1052 LN -1 -1 -1 -1.000000 1 1
1053 IN 1054 1055 4 0.500000 2 1
1054 LN -1 -1 -1 -1.000000 1 0
1055 LN -1 -1 -1 -1.000000 1 1
1056 IN 1057 1092 9 0.500000 10 0
1057 IN 1058 1077 13 0.500000 7 0
1058 IN 1059 1066 10 0.500000 6 0
1059 IN 1060 1061 4 0.500000 4 0
1060 LN -1 -1 -1 -1.000000 1 0
1061 IN 1062 1063 7 0.500000 3 0
1062 LN -1 -1 -1 -1.000000 1 0
1063 IN 1064 1065 6 0.500000 2 0
1064 LN -1 -1 -1 -1.000000 1 1
1065 LN -1 -1 -1 -1.000000 1 0
1066 IN 1067 1068 7 0.500000 5 0
1067 LN -1 -1 -1 -1.000000 1 0
1068 IN 1069 1076 6 0.500000 4 0
1069 IN 1070 1073 4 0.500000 3 1
1070 IN 1071 1072 16 0.500000 2 0
1071 LN -1 -1 -1 -1.000000 1 0
1072 LN -1 -1 -1 -1.000000 1 1
1073 IN 1074 1075 16 0.500000 2 1
1074 LN -1 -1 -1 -1.000000 1 1
1075 LN -1 -1 -1 -1.000000 1 1
1076 LN -1 -1 -1 -1.000000 1 0
1077 IN 1078 1087 16 0.500000 5 0
1078 IN 1079 1084 4 0.500000 4 0
1079 IN 1080 1083 10 0.500000 3 0
1080 IN 1081 1082 6 0.500000 2 0
1081 LN -1 -1 -1 -1.000000 1 0
1082 LN -1 -1 -1 -1.000000 1 1
1083 LN -1 -1 -1 -1.000000 1 0
1084 IN 1085 1086 10 0.500000 2 0
1085 LN -1 -1 -1 -1.000000 1 0
1086 LN -1 -1 -1 -1.000000 1 1
1087 IN 1088 1091 6 0.500000 3 0
1088 IN 1089 1090 7 0.500000 2 0
1089 LN -1 -1 -1 -1.000000 1 0
1090 LN -1 -1 -1 -1.000000 1 0
1091 LN -1 -1 -1 -1.000000 1 0
1092 IN 1093 1174 4 0.500000 9 0
1093 IN 1094 1149 6 0.500000 8 0
1094 IN 1095 1132 16 0.500000 7 0
1095 IN 1096 1111 7 0.500000 6 0
1096 IN 1097 1106 13 0.500000 5 0
1097 IN 1098 1099 15 0.500000 4 0
1098 LN -1 -1 -1 -1.000000 1 0
1099 IN 1100 1103 8 0.500000 3 0
1100 IN 1101 1102 10 0.500000 2 0
1101 LN -1 -1 -1 -1.000000 1 0
1102 LN -1 -1 -1 -1.000000 1 0
1103 IN 1104 1105 10 0.500000 2 0
1104 LN -1 -1 -1 -1.000000 1 0
1105 LN -1 -1 -1 -1.000000 1 1
1106 IN 1107 1110 8 0.500000 3 0
1107 IN 1108 1109 10 0.500000 2 0
1108 LN -1 -1 -1 -1.000000 1 0
1109 LN -1 -1 -1 -1.000000 1 0
1110 LN -1 -1 -1 -1.000000 1 1
1111 IN 1112 1123 10 0.500000 5 1
1112 IN 1113 1116 15 0.500000 4 1
1113 IN 1114 1115 13 0.500000 2 1
1114 LN -1 -1 -1 -1.000000 1 0
1115 LN -1 -1 -1 -1.000000 1 1
1116 IN 1117 1120 13 0.500000 3 1
1117 IN 1118 1119 8 0.500000 2 1
1118 LN -1 -1 -1 -1.000000 1 0
1119 LN -1 -1 -1 -1.000000 1 1
1120 IN 1121 1122 8 0.500000 2 1
1121 LN -1 -1 -1 -1.000000 1 1
1122 LN -1 -1 -1 -1.000000 1 1
1123 IN 1124 1129 13 0.500000 4 1
1124 IN 1125 1126 15 0.500000 3 1
1125 LN -1 -1 -1 -1.000000 1 0
1126 IN 1127 1128 8 0.500000 2 1
1127 LN -1 -1 -1 -1.000000 1 1
1128 LN -1 -1 -1 -1.000000 1 0
1129 IN 1130 1131 8 0.500000 2 0
1130 LN -1 -1 -1 -1.000000 1 0
1131 LN -1 -1 -1 -1.000000 1 1
1132 IN 1133 1146 8 0.500000 6 0
1133 IN 1134 1135 15 0.500000 5 0
1134 LN -1 -1 -1 -1.000000 1 0
1135 IN 1136 1139 7 0.500000 4 0
1136 IN 1137 1138 13 0.500000 2 0
1137 LN -1 -1 -1 -1.000000 1 0
1138 LN -1 -1 -1 -1.000000 1 1
1139 IN 1140 1143 13 0.500000 3 0
1140 IN 1141 1142 10 0.500000 2 0
1141 LN -1 -1 -1 -1.000000 1 0
1142 LN -1 -1 -1 -1.000000 1 0
1143 IN 1144 1145 10 0.500000 2 0
1144 LN -1 -1 -1 -1.000000 1 0
1145 LN -1 -1 -1 -1.000000 1 0
1146 IN 1147 1148 10 0.500000 2 0
1147 LN -1 -1 -1 -1.000000 1 0
1148 LN -1 -1 -1 -1.000000 1 0
1149 IN 1150 1165 8 0.500000 6 0
1150 IN 1151 1154 15 0.500000 5 1
1151 IN 1152 1153 10 0.500000 2 1
1152 LN -1 -1 -1 -1.000000 1 0
1153 LN -1 -1 -1 -1.000000 1 1
1154 IN 1155 1158 10 0.500000 4 0
1155 IN 1156 1157 13 0.500000 2 1
1156 LN -1 -1 -1 -1.000000 1 1
1157 LN -1 -1 -1 -1.000000 1 0
1158 IN 1159 1162 13 0.500000 3 0
1159 IN 1160 1161 16 0.500000 2 0
1160 LN -1 -1 -1 -1.000000 1 0
1161 LN -1 -1 -1 -1.000000 1 1
1162 IN 1163 1164 16 0.500000 2 0
1163 LN -1 -1 -1 -1.000000 1 0
1164 LN -1 -1 -1 -1.000000 1 1
1165 IN 1166 1169 10 0.500000 4 0
1166 IN 1167 1168 16 0.500000 2 0
1167 LN -1 -1 -1 -1.000000 1 1
1168 LN -1 -1 -1 -1.000000 1 0
1169 IN 1170 1171 16 0.500000 3 0
1170 LN -1 -1 -1 -1.000000 1 0
1171 IN 1172 1173 13 0.500000 2 0
1172 LN -1 -1 -1 -1.000000 1 0
1173 LN -1 -1 -1 -1.000000 1 1
1174 IN 1175 1200 8 0.500000 7 1
1175 IN 1176 1193 16 0.500000 6 1
1176 IN 1177 1188 13 0.500000 5 0
1177 IN 1178 1181 7 0.500000 4 0
1178 IN 1179 1180 10 0.500000 2 0
1179 LN -1 -1 -1 -1.000000 1 0
1180 LN -1 -1 -1 -1.000000 1 1
1181 IN 1182 1185 10 0.500000 3 0
1182 IN 1183 1184 6 0.500000 2 0
1183 LN -1 -1 -1 -1.000000 1 0
1184 LN -1 -1 -1 -1.000000 1 1
1185 IN 1186 1187 6 0.500000 2 0
1186 LN -1 -1 -1 -1.000000 1 0
1187 LN -1 -1 -1 -1.000000 1 0
1188 IN 1189 1190 10 0.500000 3 1
1189 LN -1 -1 -1 -1.000000 1 1
1190 IN 1191 1192 6 0.500000 2 0
1191 LN -1 -1 -1 -1.000000 1 0
1192 LN -1 -1 -1 -1.000000 1 1
1193 IN 1194 1199 13 0.500000 4 1
1194 IN 1195 1196 10 0.500000 3 0
1195 LN -1 -1 -1 -1.000000 1 1
1196 IN 1197 1198 6 0.500000 2 0
1197 LN -1 -1 -1 -1.000000 1 0
1198 LN -1 -1 -1 -1.000000 1 0
1199 LN -1 -1 -1 -1.000000 1 1
1200 IN 1201 1204 6 0.500000 5 1
1201 IN 1202 1203 7 0.500000 2 1
1202 LN -1 -1 -1 -1.000000 1 0
1203 LN -1 -1 -1 -1.000000 1 1
1204 IN 1205 1210 13 0.500000 4 1
1205 IN 1206 1207 16 0.500000 3 1
1206 LN -1 -1 -1 -1.000000 1 1
1207 IN 1208 1209 15 0.500000 2 1
1208 LN -1 -1 -1 -1.000000 1 1
1209 LN -1 -1 -1 -1.000000 1 1
1210 LN -1 -1 -1 -1.000000 1 1
1211 IN 1212 1473 13 0.500000 14 0
1212 IN 1213 1306 7 0.500000 13 0
1213 IN 1214 1243 9 0.500000 11 0
1214 IN 1215 1234 4 0.500000 7 0
1215 IN 1216 1233 16 0.500000 6 1
1216 IN 1217 1226 10 0.500000 5 0
1217 IN 1218 1221 15 0.500000 4 1
1218 IN 1219 1220 11 0.500000 2 1
1219 LN -1 -1 -1 -1.000000 1 1
1220 LN -1 -1 -1 -1.000000 1 0
1221 IN 1222 1225 14 0.500000 3 0
1222 IN 1223 1224 3 0.500000 2 1
1223 LN -1 -1 -1 -1.000000 1 0
1224 LN -1 -1 -1 -1.000000 1 1
1225 LN -1 -1 -1 -1.000000 1 0
1226 IN 1227 1228 14 0.500000 4 0
1227 LN -1 -1 -1 -1.000000 1 0
1228 IN 1229 1230 3 0.500000 3 0
1229 LN -1 -1 -1 -1.000000 1 0
1230 IN 1231 1232 15 0.500000 2 1
1231 LN -1 -1 -1 -1.000000 1 0
1232 LN -1 -1 -1 -1.000000 1 1
1233 LN -1 -1 -1 -1.000000 1 1
1234 IN 1235 1236 15 0.500000 5 0
1235 LN -1 -1 -1 -1.000000 1 0
1236 IN 1237 1242 14 0.500000 4 1
1237 IN 1238 1241 3 0.500000 3 1
1238 IN 1239 1240 10 0.500000 2 1
1239 LN -1 -1 -1 -1.000000 1 1
1240 LN -1 -1 -1 -1.000000 1 1
1241 LN -1 -1 -1 -1.000000 1 1
1242 LN -1 -1 -1 -1.000000 1 0
1243 IN 1244 1251 11 0.500000 10 0
1244 IN 1245 1248 8 0.500000 3 0
1245 IN 1246 1247 4 0.500000 2 0
1246 LN -1 -1 -1 -1.000000 1 1
1247 LN -1 -1 -1 -1.000000 1 0
1248 IN 1249 1250 5 0.500000 2 0
1249 LN -1 -1 -1 -1.000000 1 0
1250 LN -1 -1 -1 -1.000000 1 1
1251 IN 1252 1253 5 0.500000 9 0
1252 LN -1 -1 -1 -1.000000 1 0
1253 IN 1254 1275 14 0.500000 8 0
1254 IN 1255 1272 3 0.500000 6 0
1255 IN 1256 1263 15 0.500000 5 0
1256 IN 1257 1262 4 0.500000 4 0
1257 IN 1258 1261 8 0.500000 3 0
1258 IN 1259 1260 10 0.500000 2 0
1259 LN -1 -1 -1 -1.000000 1 0
1260 LN -1 -1 -1 -1.000000 1 0
1261 LN -1 -1 -1 -1.000000 1 0
1262 LN -1 -1 -1 -1.000000 1 0
1263 IN 1264 1271 8 0.500000 4 0
1264 IN 1265 1268 4 0.500000 3 0
1265 IN 1266 1267 10 0.500000 2 0
1266 LN -1 -1 -1 -1.000000 1 0
1267 LN -1 -1 -1 -1.000000 1 0
1268 IN 1269 1270 10 0.500000 2 0
1269 LN -1 -1 -1 -1.000000 1 0
1270 LN -1 -1 -1 -1.000000 1 1
1271 LN -1 -1 -1 -1.000000 1 0
1272 IN 1273 1274 8 0.500000 2 0
1273 LN -1 -1 -1 -1.000000 1 0
1274 LN -1 -1 -1 -1.000000 1 1
1275 IN 1276 1281 15 0.500000 7 0
1276 IN 1277 1280 3 0.500000 3 0
1277 IN 1278 1279 4 0.500000 2 0
1278 LN -1 -1 -1 -1.000000 1 0
1279 LN -1 -1 -1 -1.000000 1 1
1280 LN -1 -1 -1 -1.000000 1 0
1281 IN 1282 1291 10 0.500000 6 0
1282 IN 1283 1290 8 0.500000 4 0
1283 IN 1284 1287 4 0.500000 3 1
1284 IN 1285 1286 3 0.500000 2 1
1285 LN -1 -1 -1 -1.000000 1 1
1286 LN -1 -1 -1 -1.000000 1 0
1287 IN 1288 1289 3 0.500000 2 1
1288 LN -1 -1 -1 -1.000000 1 1
1289 LN -1 -1 -1 -1.000000 1 1
1290 LN -1 -1 -1 -1.000000 1 0
1291 IN 1292 1301 4 0.500000 5 0
1292 IN 1293 1298 3 0.500000 4 1
1293 IN 1294 1295 8 0.500000 3 1
1294 LN -1 -1 -1 -1.000000 1 1
1295 IN 1296 1297 16 0.500000 2 1
1296 LN -1 -1 -1 -1.000000 1 1
1297 LN -1 -1 -1 -1.000000 1 0
1298 IN 1299 1300 16 0.500000 2 0
1299 LN -1 -1 -1 -1.000000 1 0
1300 LN -1 -1 -1 -1.000000 1 0
1301 IN 1302 1305 16 0.500000 3 0
1302 IN 1303 1304 3 0.500000 2 0
1303 LN -1 -1 -1 -1.000000 1 1
1304 LN -1 -1 -1 -1.000000 1 0
1305 LN -1 -1 -1 -1.000000 1 0
1306 IN 1307 1334 9 0.500000 12 0
1307 IN 1308 1321 14 0.500000 7 0
1308 IN 1309 1310 15 0.500000 6 0
1309 LN -1 -1 -1 -1.000000 1 0
1310 IN 1311 1318 3 0.500000 5 1
1311 IN 1312 1317 16 0.500000 4 0
1312 IN 1313 1314 4 0.500000 3 0
1313 LN -1 -1 -1 -1.000000 1 0
1314 IN 1315 1316 10 0.500000 2 0
1315 LN -1 -1 -1 -1.000000 1 1
1316 LN -1 -1 -1 -1.000000 1 0
1317 LN -1 -1 -1 -1.000000 1 1
1318 IN 1319 1320 16 0.500000 2 1
1319 LN -1 -1 -1 -1.000000 1 1
1320 LN -1 -1 -1 -1.000000 1 0
1321 IN 1322 1329 16 0.500000 5 0
1322 IN 1323 1324 3 0.500000 4 0
1323 LN -1 -1 -1 -1.000000 1 0
1324 IN 1325 1326 6 0.500000 3 0
1325 LN -1 -1 -1 -1.000000 1 1
1326 IN 1327 1328 10 0.500000 2 0
1327 LN -1 -1 -1 -1.000000 1 0
1328 LN -1 -1 -1 -1.000000 1 1
1329 IN 1330 1331 3 0.500000 3 0
1330 LN -1 -1 -1 -1.000000 1 0
1331 IN 1332 1333 4 0.500000 2 0
1332 LN -1 -1 -1 -1.000000 1 0
1333 LN -1 -1 -1 -1.000000 1 0
1334 IN 1335 1424 14 0.500000 11 0
1335 IN 1336 1337 11 0.500000 10 1
1336 LN -1 -1 -1 -1.000000 1 0
1337 IN 1338 1421 16 0.500000 9 1
1338 IN 1339 1368 3 0.500000 8 1
1339 IN 1340 1367 6 0.500000 7 1
1340 IN 1341 1362 4 0.500000 6 1
1341 IN 1342 1351 8 0.500000 5 1
1342 IN 1343 1344 5 0.500000 4 0
1343 LN -1 -1 -1 -1.000000 1 1
1344 IN 1345 1348 10 0.500000 3 0
1345 IN 1346 1347 15 0.500000 2 0
1346 LN -1 -1 -1 -1.000000 1 0
1347 LN -1 -1 -1 -1.000000 1 1
1348 IN 1349 1350 15 0.500000 2 0
1349 LN -1 -1 -1 -1.000000 1 0
1350 LN -1 -1 -1 -1.000000 1 0
1351 IN 1352 1357 15 0.500000 4 1
1352 IN 1353 1354 10 0.500000 3 1
1353 LN -1 -1 -1 -1.000000 1 1
1354 IN 1355 1356 5 0.500000 2 1
1355 LN -1 -1 -1 -1.000000 1 0
1356 LN -1 -1 -1 -1.000000 1 1
1357 IN 1358 1359 5 0.500000 3 0
1358 LN -1 -1 -1 -1.000000 1 0
1359 IN 1360 1361 10 0.500000 2 0
1360 LN -1 -1 -1 -1.000000 1 0
1361 LN -1 -1 -1 -1.000000 1 1
1362 IN 1363 1366 8 0.500000 3 1
1363 IN 1364 1365 10 0.500000 2 1
1364 LN -1 -1 -1 -1.000000 1 1
1365 LN -1 -1 -1 -1.000000 1 1
1366 LN -1 -1 -1 -1.000000 1 0
1367 LN -1 -1 -1 -1.000000 1 1
1368 IN 1369 1392 10 0.500000 6 1
1369 IN 1370 1383 4 0.500000 5 1
1370 IN 1371 1378 15 0.500000 4 1
1371 IN 1372 1375 8 0.500000 3 0
1372 IN 1373 1374 6 0.500000 2 0
1373 LN -1 -1 -1 -1.000000 1 0
1374 LN -1 -1 -1 -1.000000 1 1
1375 IN 1376 1377 6 0.500000 2 1
1376 LN -1 -1 -1 -1.000000 1 1
1377 LN -1 -1 -1 -1.000000 1 0
1378 IN 1379 1380 6 0.500000 3 1
1379 LN -1 -1 -1 -1.000000 1 1
1380 IN 1381 1382 8 0.500000 2 1
1381 LN -1 -1 -1 -1.000000 1 1
1382 LN -1 -1 -1 -1.000000 1 1
1383 IN 1384 1387 15 0.500000 4 1
1384 IN 1385 1386 8 0.500000 2 0
1385 LN -1 -1 -1 -1.000000 1 0
1386 LN -1 -1 -1 -1.000000 1 0
1387 IN 1388 1391 8 0.500000 3 1
1388 IN 1389 1390 6 0.500000 2 1
1389 LN -1 -1 -1 -1.000000 1 1
1390 LN -1 -1 -1 -1.000000 1 1
1391 LN -1 -1 -1 -1.000000 1 1
1392 IN 1393 1408 6 0.500000 5 1
1393 IN 1394 1401 4 0.500000 4 1
1394 IN 1395 1398 8 0.500000 3 0
1395 IN 1396 1397 15 0.500000 2 0
1396 LN -1 -1 -1 -1.000000 1 1
1397 LN -1 -1 -1 -1.000000 1 0
1398 IN 1399 1400 15 0.500000 2 0
1399 LN -1 -1 -1 -1.000000 1 0
1400 LN -1 -1 -1 -1.000000 1 1
1401 IN 1402 1405 8 0.500000 3 1
1402 IN 1403 1404 15 0.500000 2 1
1403 LN -1 -1 -1 -1.000000 1 1
1404 LN -1 -1 -1 -1.000000 1 1
1405 IN 1406 1407 15 0.500000 2 0
1406 LN -1 -1 -1 -1.000000 1 0
1407 LN -1 -1 -1 -1.000000 1 0
1408 IN 1409 1416 4 0.500000 4 1
1409 IN 1410 1413 15 0.500000 3 1
1410 IN 1411 1412 8 0.500000 2 0
1411 LN -1 -1 -1 -1.000000 1 0
1412 LN -1 -1 -1 -1.000000 1 0
1413 IN 1414 1415 8 0.500000 2 1
1414 LN -1 -1 -1 -1.000000 1 1
1415 LN -1 -1 -1 -1.000000 1 1
1416 IN 1417 1420 8 0.500000 3 1
1417 IN 1418 1419 15 0.500000 2 0
1418 LN -1 -1 -1 -1.000000 1 0
1419 LN -1 -1 -1 -1.000000 1 1
1420 LN -1 -1 -1 -1.000000 1 1
1421 IN 1422 1423 15 0.500000 2 0
1422 LN -1 -1 -1 -1.000000 1 1
1423 LN -1 -1 -1 -1.000000 1 0
1424 IN 1425 1430 5 0.500000 9 0
1425 IN 1426 1427 8 0.500000 3 1
1426 LN -1 -1 -1 -1.000000 1 1
1427 IN 1428 1429 10 0.500000 2 1
1428 LN -1 -1 -1 -1.000000 1 1
1429 LN -1 -1 -1 -1.000000 1 0
1430 IN 1431 1466 6 0.500000 8 0
1431 IN 1432 1461 16 0.500000 7 0
1432 IN 1433 1444 10 0.500000 6 0
1433 IN 1434 1437 3 0.500000 4 0
1434 IN 1435 1436 8 0.500000 2 0
1435 LN -1 -1 -1 -1.000000 1 1
1436 LN -1 -1 -1 -1.000000 1 0
1437 IN 1438 1441 8 0.500000 3 1
1438 IN 1439 1440 4 0.500000 2 0
1439 LN -1 -1 -1 -1.000000 1 0
1440 LN -1 -1 -1 -1.000000 1 0
1441 IN 1442 1443 4 0.500000 2 1
1442 LN -1 -1 -1 -1.000000 1 1
1443 LN -1 -1 -1 -1.000000 1 1
1444 IN 1445 1454 8 0.500000 5 0
1445 IN 1446 1447 15 0.500000 4 0
1446 LN -1 -1 -1 -1.000000 1 0
1447 IN 1448 1451 3 0.500000 3 0
1448 IN 1449 1450 4 0.500000 2 1
1449 LN -1 -1 -1 -1.000000 1 1
1450 LN -1 -1 -1 -1.000000 1 0
1451 IN 1452 1453 4 0.500000 2 0
1452 LN -1 -1 -1 -1.000000 1 0
1453 LN -1 -1 -1 -1.000000 1 0
1454 IN 1455 1458 4 0.500000 3 0
1455 IN 1456 1457 3 0.500000 2 0
1456 LN -1 -1 -1 -1.000000 1 0
1457 LN -1 -1 -1 -1.000000 1 0
1458 IN 1459 1460 15 0.500000 2 1
1459 LN -1 -1 -1 -1.000000 1 1
1460 LN -1 -1 -1 -1.000000 1 0
1461 IN 1462 1465 8 0.500000 3 1
1462 IN 1463 1464 4 0.500000 2 1
1463 LN -1 -1 -1 -1.000000 1 1
1464 LN -1 -1 -1 -1.000000 1 1
1465 LN -1 -1 -1 -1.000000 1 1
1466 IN 1467 1468 10 0.500000 4 1
1467 LN -1 -1 -1 -1.000000 1 1
1468 IN 1469 1470 4 0.500000 3 0
1469 LN -1 -1 -1 -1.000000 1 0
1470 IN 1471 1472 8 0.500000 2 1
1471 LN -1 -1 -1 -1.000000 1 1
1472 LN -1 -1 -1 -1.000000 1 1
1473 IN 1474 1479 15 0.500000 10 1
1474 IN 1475 1478 3 0.500000 3 0
1475 IN 1476 1477 5 0.500000 2 0
1476 LN -1 -1 -1 -1.000000 1 1
1477 LN -1 -1 -1 -1.000000 1 0
1478 LN -1 -1 -1 -1.000000 1 1
1479 IN 1480 1511 4 0.500000 9 1
1480 IN 1481 1510 8 0.500000 8 1
1481 IN 1482 1495 7 0.500000 7 1
1482 IN 1483 1486 10 0.500000 6 0
1483 IN 1484 1485 3 0.500000 2 0
1484 LN -1 -1 -1 -1.000000 1 0
1485 LN -1 -1 -1 -1.000000 1 0
1486 IN 1487 1494 3 0.500000 5 1
1487 IN 1488 1489 9 0.500000 4 0
1488 LN -1 -1 -1 -1.000000 1 0
1489 IN 1490 1493 5 0.500000 3 1
1490 IN 1491 1492 16 0.500000 2 0
1491 LN -1 -1 -1 -1.000000 1 1
1492 LN -1 -1 -1 -1.000000 1 0
1493 LN -1 -1 -1 -1.000000 1 1
1494 LN -1 -1 -1 -1.000000 1 1
1495 IN 1496 1503 9 0.500000 5 1
1496 IN 1497 1500 10 0.500000 3 1
1497 IN 1498 1499 3 0.500000 2 1
1498 LN -1 -1 -1 -1.000000 1 1
1499 LN -1 -1 -1 -1.000000 1 1
1500 IN 1501 1502 3 0.500000 2 0
1501 LN -1 -1 -1 -1.000000 1 1
1502 LN -1 -1 -1 -1.000000 1 0
1503 IN 1504 1505 3 0.500000 4 1
1504 LN -1 -1 -1 -1.000000 1 0
1505 IN 1506 1509 6 0.500000 3 1
1506 IN 1507 1508 16 0.500000 2 1
1507 LN -1 -1 -1 -1.000000 1 1
1508 LN -1 -1 -1 -1.000000 1 1
1509 LN -1 -1 -1 -1.000000 1 1
1510 LN -1 -1 -1 -1.000000 1 1
1511 IN 1512 1523 9 0.500000 7 1
1512 IN 1513 1522 6 0.500000 6 1
1513 IN 1514 1515 10 0.500000 5 1
1514 LN -1 -1 -1 -1.000000 1 1
1515 IN 1516 1521 7 0.500000 4 1
1516 IN 1517 1520 16 0.500000 3 1
1517 IN 1518 1519 3 0.500000 2 1
1518 LN -1 -1 -1 -1.000000 1 1
1519 LN -1 -1 -1 -1.000000 1 0
1520 LN -1 -1 -1 -1.000000 1 0
1521 LN -1 -1 -1 -1.000000 1 1
1522 LN -1 -1 -1 -1.000000 1 1
1523 IN 1524 1533 16 0.500000 5 1
1524 IN 1525 1532 3 0.500000 4 1
1525 IN 1526 1529 10 0.500000 3 1
1526 IN 1527 1528 7 0.500000 2 1
1527 LN -1 -1 -1 -1.000000 1 1
1528 LN -1 -1 -1 -1.000000 1 0
1529 IN 1530 1531 7 0.500000 2 1
1530 LN -1 -1 -1 -1.000000 1 0
1531 LN -1 -1 -1 -1.000000 1 1
1532 LN -1 -1 -1 -1.000000 1 0
1533 LN -1 -1 -1 -1.000000 1 1
1534 IN 1535 2094 10 0.500000 15 1
1535 IN 1536 1787 0 0.500000 14 1
1536 IN 1537 1738 6 0.500000 13 0
1537 IN 1538 1587 15 0.500000 12 0
1538 IN 1539 1582 3 0.500000 10 0
1539 IN 1540 1567 14 0.500000 9 0
1540 IN 1541 1558 12 0.500000 6 0
1541 IN 1542 1553 4 0.500000 5 0
1542 IN 1543 1548 8 0.500000 4 0
1543 IN 1544 1547 11 0.500000 3 0
1544 IN 1545 1546 9 0.500000 2 1
1545 LN -1 -1 -1 -1.000000 1 1
1546 LN -1 -1 -1 -1.000000 1 0
1547 LN -1 -1 -1 -1.000000 1 0
1548 IN 1549 1552 5 0.500000 3 0
1549 IN 1550 1551 11 0.500000 2 0
1550 LN -1 -1 -1 -1.000000 1 0
1551 LN -1 -1 -1 -1.000000 1 1
1552 LN -1 -1 -1 -1.000000 1 0
1553 IN 1554 1555 7 0.500000 3 0
1554 LN -1 -1 -1 -1.000000 1 0
1555 IN 1556 1557 8 0.500000 2 1
1556 LN -1 -1 -1 -1.000000 1 1
1557 LN -1 -1 -1 -1.000000 1 0
1558 IN 1559 1560 5 0.500000 5 1
1559 LN -1 -1 -1 -1.000000 1 0
1560 IN 1561 1562 11 0.500000 4 1
1561 LN -1 -1 -1 -1.000000 1 1
1562 IN 1563 1564 8 0.500000 3 1
1563 LN -1 -1 -1 -1.000000 1 1
1564 IN 1565 1566 7 0.500000 2 1
1565 LN -1 -1 -1 -1.000000 1 0
1566 LN -1 -1 -1 -1.000000 1 1
1567 IN 1568 1581 4 0.500000 8 0
1568 IN 1569 1580 12 0.500000 7 0
1569 IN 1570 1571 9 0.500000 6 0
1570 LN -1 -1 -1 -1.000000 1 0
1571 IN 1572 1579 16 0.500000 5 0
1572 IN 1573 1574 13 0.500000 4 0
1573 LN -1 -1 -1 -1.000000 1 0
1574 IN 1575 1576 5 0.500000 3 0
1575 LN -1 -1 -1 -1.000000 1 0
1576 IN 1577 1578 8 0.500000 2 0
1577 LN -1 -1 -1 -1.000000 1 1
1578 LN -1 -1 -1 -1.000000 1 0
1579 LN -1 -1 -1 -1.000000 1 0
1580 LN -1 -1 -1 -1.000000 1 1
1581 LN -1 -1 -1 -1.000000 1 0
1582 IN 1583 1586 14 0.500000 3 0
1583 IN 1584 1585 8 0.500000 2 0
1584 LN -1 -1 -1 -1.000000 1 0
1585 LN -1 -1 -1 -1.000000 1 1
1586 LN -1 -1 -1 -1.000000 1 0
1587 IN 1588 1615 9 0.500000 11 0
1588 IN 1589 1612 3 0.500000 7 0
1589 IN 1590 1597 14 0.500000 6 0
1590 IN 1591 1596 12 0.500000 4 0
1591 IN 1592 1593 7 0.500000 3 0
1592 LN -1 -1 -1 -1.000000 1 0
1593 IN 1594 1595 4 0.500000 2 0
1594 LN -1 -1 -1 -1.000000 1 0
1595 LN -1 -1 -1 -1.000000 1 1
1596 LN -1 -1 -1 -1.000000 1 0
1597 IN 1598 1609 12 0.500000 5 0
1598 IN 1599 1604 7 0.500000 4 0
1599 IN 1600 1603 4 0.500000 3 0
1600 IN 1601 1602 16 0.500000 2 0
1601 LN -1 -1 -1 -1.000000 1 0
1602 LN -1 -1 -1 -1.000000 1 0
1603 LN -1 -1 -1 -1.000000 1 0
1604 IN 1605 1606 4 0.500000 3 0
1605 LN -1 -1 -1 -1.000000 1 0
1606 IN 1607 1608 13 0.500000 2 0
1607 LN -1 -1 -1 -1.000000 1 0
1608 LN -1 -1 -1 -1.000000 1 1
1609 IN 1610 1611 16 0.500000 2 0
1610 LN -1 -1 -1 -1.000000 1 0
1611 LN -1 -1 -1 -1.000000 1 1
1612 IN 1613 1614 16 0.500000 2 0
1613 LN -1 -1 -1 -1.000000 1 0
1614 LN -1 -1 -1 -1.000000 1 1
1615 IN 1616 1691 12 0.500000 10 0
1616 IN 1617 1672 4 0.500000 9 0
1617 IN 1618 1667 16 0.500000 8 0
1618 IN 1619 1646 3 0.500000 7 0
1619 IN 1620 1629 8 0.500000 6 0
1620 IN 1621 1622 5 0.500000 5 0
1621 LN -1 -1 -1 -1.000000 1 0
1622 IN 1623 1624 7 0.500000 4 0
1623 LN -1 -1 -1 -1.000000 1 0
1624 IN 1625 1626 14 0.500000 3 0
1625 LN -1 -1 -1 -1.000000 1 0
1626 IN 1627 1628 13 0.500000 2 0
1627 LN -1 -1 -1 -1.000000 1 0
1628 LN -1 -1 -1 -1.000000 1 0
1629 IN 1630 1639 5 0.500000 5 0
1630 IN 1631 1636 7 0.500000 4 0
1631 IN 1632 1635 13 0.500000 3 0
1632 IN 1633 1634 14 0.500000 2 0
1633 LN -1 -1 -1 -1.000000 1 0
1634 LN -1 -1 -1 -1.000000 1 0
1635 LN -1 -1 -1 -1.000000 1 0
1636 IN 1637 1638 14 0.500000 2 0
1637 LN -1 -1 -1 -1.000000 1 0
1638 LN -1 -1 -1 -1.000000 1 0
1639 IN 1640 1645 13 0.500000 4 0
1640 IN 1641 1642 7 0.500000 3 0
1641 LN -1 -1 -1 -1.000000 1 0
1642 IN 1643 1644 14 0.500000 2 0
1643 LN -1 -1 -1 -1.000000 1 1
1644 LN -1 -1 -1 -1.000000 1 0
1645 LN -1 -1 -1 -1.000000 1 1
1646 IN 1647 1662 13 0.500000 6 0
1647 IN 1648 1653 8 0.500000 5 0
1648 IN 1649 1650 7 0.500000 3 0
1649 LN -1 -1 -1 -1.000000 1 0
1650 IN 1651 1652 14 0.500000 2 0
1651 LN -1 -1 -1 -1.000000 1 0
1652 LN -1 -1 -1 -1.000000 1 0
1653 IN 1654 1657 14 0.500000 4 1
1654 IN 1655 1656 7 0.500000 2 1
1655 LN -1 -1 -1 -1.000000 1 0
1656 LN -1 -1 -1 -1.000000 1 1
1657 IN 1658 1659 5 0.500000 3 0
1658 LN -1 -1 -1 -1.000000 1 0
1659 IN 1660 1661 7 0.500000 2 1
1660 LN -1 -1 -1 -1.000000 1 0
1661 LN -1 -1 -1 -1.000000 1 1
1662 IN 1663 1664 7 0.500000 3 0
1663 LN -1 -1 -1 -1.000000 1 0
1664 IN 1665 1666 8 0.500000 2 0
1665 LN -1 -1 -1 -1.000000 1 1
1666 LN -1 -1 -1 -1.000000 1 0
1667 IN 1668 1669 13 0.500000 3 1
1668 LN -1 -1 -1 -1.000000 1 1
1669 IN 1670 1671 7 0.500000 2 0
1670 LN -1 -1 -1 -1.000000 1 0
1671 LN -1 -1 -1 -1.000000 1 1
1672 IN 1673 1674 11 0.500000 7 0
1673 LN -1 -1 -1 -1.000000 1 1
1674 IN 1675 1690 16 0.500000 6 0
1675 IN 1676 1683 8 0.500000 5 0
1676 IN 1677 1682 3 0.500000 4 0
1677 IN 1678 1681 13 0.500000 3 0
1678 IN 1679 1680 14 0.500000 2 1
1679 LN -1 -1 -1 -1.000000 1 0
1680 LN -1 -1 -1 -1.000000 1 1
1681 LN -1 -1 -1 -1.000000 1 0
1682 LN -1 -1 -1 -1.000000 1 0
1683 IN 1684 1685 3 0.500000 4 0
1684 LN -1 -1 -1 -1.000000 1 0
1685 IN 1686 1689 13 0.500000 3 1
1686 IN 1687 1688 14 0.500000 2 1
1687 LN -1 -1 -1 -1.000000 1 0
1688 LN -1 -1 -1 -1.000000 1 1
1689 LN -1 -1 -1 -1.000000 1 1
1690 LN -1 -1 -1 -1.000000 1 0
1691 IN 1692 1705 8 0.500000 9 1
1692 IN 1693 1694 7 0.500000 7 1
1693 LN -1 -1 -1 -1.000000 1 1
1694 IN 1695 1704 13 0.500000 6 1
1695 IN 1696 1703 16 0.500000 5 1
1696 IN 1697 1702 4 0.500000 4 1
1697 IN 1698 1701 3 0.500000 3 1
1698 IN 1699 1700 14 0.500000 2 1
1699 LN -1 -1 -1 -1.000000 1 1
1700 LN -1 -1 -1 -1.000000 1 1
1701 LN -1 -1 -1 -1.000000 1 1
1702 LN -1 -1 -1 -1.000000 1 1
1703 LN -1 -1 -1 -1.000000 1 1
1704 LN -1 -1 -1 -1.000000 1 1
1705 IN 1706 1715 7 0.500000 8 1
1706 IN 1707 1714 16 0.500000 5 1
1707 IN 1708 1709 14 0.500000 4 1
1708 LN -1 -1 -1 -1.000000 1 1
1709 IN 1710 1713 3 0.500000 3 1
1710 IN 1711 1712 5 0.500000 2 1
1711 LN -1 -1 -1 -1.000000 1 0
1712 LN -1 -1 -1 -1.000000 1 1
1713 LN -1 -1 -1 -1.000000 1 1
1714 LN -1 -1 -1 -1.000000 1 1
1715 IN 1716 1733 13 0.500000 7 0
1716 IN 1717 1718 5 0.500000 6 1
1717 LN -1 -1 -1 -1.000000 1 0
1718 IN 1719 1726 14 0.500000 5 1
1719 IN 1720 1723 3 0.500000 3 0
1720 IN 1721 1722 4 0.500000 2 0
1721 LN -1 -1 -1 -1.000000 1 0
1722 LN -1 -1 -1 -1.000000 1 0
1723 IN 1724 1725 4 0.500000 2 1
1724 LN -1 -1 -1 -1.000000 1 0
1725 LN -1 -1 -1 -1.000000 1 1
1726 IN 1727 1728 3 0.500000 4 1
1727 LN -1 -1 -1 -1.000000 1 1
1728 IN 1729 1732 4 0.500000 3 1
1729 IN 1730 1731 16 0.500000 2 1
1730 LN -1 -1 -1 -1.000000 1 1
1731 LN -1 -1 -1 -1.000000 1 1
1732 LN -1 -1 -1 -1.000000 1 1
1733 IN 1734 1735 5 0.500000 3 0
1734 LN -1 -1 -1 -1.000000 1 0
1735 IN 1736 1737 3 0.500000 2 0
1736 LN -1 -1 -1 -1.000000 1 0
1737 LN -1 -1 -1 -1.000000 1 1
1738 IN 1739 1768 12 0.500000 9 1
1739 IN 1740 1747 15 0.500000 8 0
1740 IN 1741 1746 14 0.500000 4 0
1741 IN 1742 1743 3 0.500000 3 0
1742 LN -1 -1 -1 -1.000000 1 0
1743 IN 1744 1745 4 0.500000 2 0
1744 LN -1 -1 -1 -1.000000 1 0
1745 LN -1 -1 -1 -1.000000 1 1
1746 LN -1 -1 -1 -1.000000 1 0
1747 IN 1748 1749 3 0.500000 7 1
1748 LN -1 -1 -1 -1.000000 1 0
1749 IN 1750 1763 13 0.500000 6 1
1750 IN 1751 1756 14 0.500000 5 1
1751 IN 1752 1755 4 0.500000 3 0
1752 IN 1753 1754 8 0.500000 2 0
1753 LN -1 -1 -1 -1.000000 1 0
1754 LN -1 -1 -1 -1.000000 1 0
1755 LN -1 -1 -1 -1.000000 1 0
1756 IN 1757 1762 4 0.500000 4 1
1757 IN 1758 1759 5 0.500000 3 1
1758 LN -1 -1 -1 -1.000000 1 1
1759 IN 1760 1761 16 0.500000 2 1
1760 LN -1 -1 -1 -1.000000 1 0
1761 LN -1 -1 -1 -1.000000 1 1
1762 LN -1 -1 -1 -1.000000 1 1
1763 IN 1764 1767 8 0.500000 3 1
1764 IN 1765 1766 9 0.500000 2 1
1765 LN -1 -1 -1 -1.000000 1 0
1766 LN -1 -1 -1 -1.000000 1 1
1767 LN -1 -1 -1 -1.000000 1 1
1768 IN 1769 1774 14 0.500000 7 1
1769 IN 1770 1773 8 0.500000 3 1
1770 IN 1771 1772 4 0.500000 2 1
1771 LN -1 -1 -1 -1.000000 1 0
1772 LN -1 -1 -1 -1.000000 1 1
1773 LN -1 -1 -1 -1.000000 1 1
1774 IN 1775 1776 9 0.500000 6 1
1775 LN -1 -1 -1 -1.000000 1 1
1776 IN 1777 1784 16 0.500000 5 1
1777 IN 1778 1783 4 0.500000 4 1
1778 IN 1779 1780 13 0.500000 3 1
1779 LN -1 -1 -1 -1.000000 1 1
1780 IN 1781 1782 8 0.500000 2 0
1781 LN -1 -1 -1 -1.000000 1 0
1782 LN -1 -1 -1 -1.000000 1 1
1783 LN -1 -1 -1 -1.000000 1 1
1784 IN 1785 1786 13 0.500000 2 0
1785 LN -1 -1 -1 -1.000000 1 0
1786 LN -1 -1 -1 -1.000000 1 1
1787 IN 1788 1811 5 0.500000 13 1
1788 IN 1789 1798 13 0.500000 8 0
1789 IN 1790 1795 12 0.500000 4 0
1790 IN 1791 1794 7 0.500000 3 0
1791 IN 1792 1793 15 0.500000 2 0
1792 LN -1 -1 -1 -1.000000 1 0
1793 LN -1 -1 -1 -1.000000 1 0
1794 LN -1 -1 -1 -1.000000 1 0
1795 IN 1796 1797 14 0.500000 2 0
1796 LN -1 -1 -1 -1.000000 1 1
1797 LN -1 -1 -1 -1.000000 1 0
1798 IN 1799 1800 8 0.500000 7 1
1799 LN -1 -1 -1 -1.000000 1 1
1800 IN 1801 1810 12 0.500000 6 0
1801 IN 1802 1803 15 0.500000 5 0
1802 LN -1 -1 -1 -1.000000 1 0
1803 IN 1804 1809 3 0.500000 4 0
1804 IN 1805 1808 16 0.500000 3 0
1805 IN 1806 1807 7 0.500000 2 1
1806 LN -1 -1 -1 -1.000000 1 1
1807 LN -1 -1 -1 -1.000000 1 0
1808 LN -1 -1 -1 -1.000000 1 0
1809 LN -1 -1 -1 -1.000000 1 0
1810 LN -1 -1 -1 -1.000000 1 1
1811 IN 1812 1971 12 0.500000 12 1
1812 IN 1813 1842 7 0.500000 11 1
1813 IN 1814 1829 13 0.500000 6 0
1814 IN 1815 1818 9 0.500000 5 0
1815 IN 1816 1817 4 0.500000 2 0
1816 LN -1 -1 -1 -1.000000 1 0
1817 LN -1 -1 -1 -1.000000 1 1
1818 IN 1819 1824 14 0.500000 4 0
1819 IN 1820 1821 15 0.500000 3 0
1820 LN -1 -1 -1 -1.000000 1 0
1821 IN 1822 1823 4 0.500000 2 1
1822 LN -1 -1 -1 -1.000000 1 1
1823 LN -1 -1 -1 -1.000000 1 0
1824 IN 1825 1828 3 0.500000 3 0
1825 IN 1826 1827 4 0.500000 2 0
1826 LN -1 -1 -1 -1.000000 1 0
1827 LN -1 -1 -1 -1.000000 1 0
1828 LN -1 -1 -1 -1.000000 1 1
1829 IN 1830 1841 16 0.500000 5 0
1830 IN 1831 1836 15 0.500000 4 0
1831 IN 1832 1833 8 0.500000 3 0
1832 LN -1 -1 -1 -1.000000 1 0
1833 IN 1834 1835 4 0.500000 2 0
1834 LN -1 -1 -1 -1.000000 1 0
1835 LN -1 -1 -1 -1.000000 1 1
1836 IN 1837 1838 8 0.500000 3 1
1837 LN -1 -1 -1 -1.000000 1 0
1838 IN 1839 1840 4 0.500000 2 1
1839 LN -1 -1 -1 -1.000000 1 0
1840 LN -1 -1 -1 -1.000000 1 1
1841 LN -1 -1 -1 -1.000000 1 1
1842 IN 1843 1890 8 0.500000 10 1
1843 IN 1844 1845 9 0.500000 9 1
1844 LN -1 -1 -1 -1.000000 1 0
1845 IN 1846 1869 4 0.500000 8 1
1846 IN 1847 1848 14 0.500000 7 0
1847 LN -1 -1 -1 -1.000000 1 0
1848 IN 1849 1854 13 0.500000 6 1
1849 IN 1850 1853 6 0.500000 3 1
1850 IN 1851 1852 3 0.500000 2 1
1851 LN -1 -1 -1 -1.000000 1 0
1852 LN -1 -1 -1 -1.000000 1 1
1853 LN -1 -1 -1 -1.000000 1 1
1854 IN 1855 1864 6 0.500000 5 0
1855 IN 1856 1861 16 0.500000 4 0
1856 IN 1857 1858 15 0.500000 3 0
1857 LN -1 -1 -1 -1.000000 1 1
1858 IN 1859 1860 3 0.500000 2 0
1859 LN -1 -1 -1 -1.000000 1 1
1860 LN -1 -1 -1 -1.000000 1 0
1861 IN 1862 1863 3 0.500000 2 0
1862 LN -1 -1 -1 -1.000000 1 1
1863 LN -1 -1 -1 -1.000000 1 0
1864 IN 1865 1866 3 0.500000 3 0
1865 LN -1 -1 -1 -1.000000 1 0
1866 IN 1867 1868 16 0.500000 2 0
1867 LN -1 -1 -1 -1.000000 1 1
1868 LN -1 -1 -1 -1.000000 1 0
1869 IN 1870 1873 15 0.500000 6 1
1870 IN 1871 1872 6 0.500000 2 1
1871 LN -1 -1 -1 -1.000000 1 1
1872 LN -1 -1 -1 -1.000000 1 0
1873 IN 1874 1885 6 0.500000 5 1
1874 IN 1875 1880 13 0.500000 4 1
1875 IN 1876 1879 3 0.500000 3 1
1876 IN 1877 1878 14 0.500000 2 1
1877 LN -1 -1 -1 -1.000000 1 1
1878 LN -1 -1 -1 -1.000000 1 1
1879 LN -1 -1 -1 -1.000000 1 1
1880 IN 1881 1884 3 0.500000 3 1
1881 IN 1882 1883 16 0.500000 2 1
1882 LN -1 -1 -1 -1.000000 1 1
1883 LN -1 -1 -1 -1.000000 1 0
1884 LN -1 -1 -1 -1.000000 1 0
1885 IN 1886 1889 13 0.500000 3 1
1886 IN 1887 1888 3 0.500000 2 0
1887 LN -1 -1 -1 -1.000000 1 0
1888 LN -1 -1 -1 -1.000000 1 0
1889 LN -1 -1 -1 -1.000000 1 1
1890 IN 1891 1912 15 0.500000 8 1
1891 IN 1892 1903 3 0.500000 6 0
1892 IN 1893 1902 4 0.500000 5 1
1893 IN 1894 1899 13 0.500000 4 0
1894 IN 1895 1898 14 0.500000 3 0
1895 IN 1896 1897 11 0.500000 2 0
1896 LN -1 -1 -1 -1.000000 1 0
1897 LN -1 -1 -1 -1.000000 1 0
1898 LN -1 -1 -1 -1.000000 1 0
1899 IN 1900 1901 16 0.500000 2 1
1900 LN -1 -1 -1 -1.000000 1 0
1901 LN -1 -1 -1 -1.000000 1 1
1902 LN -1 -1 -1 -1.000000 1 1
1903 IN 1904 1905 14 0.500000 5 0
1904 LN -1 -1 -1 -1.000000 1 1
1905 IN 1906 1907 13 0.500000 4 0
1906 LN -1 -1 -1 -1.000000 1 0
1907 IN 1908 1911 16 0.500000 3 1
1908 IN 1909 1910 4 0.500000 2 0
1909 LN -1 -1 -1 -1.000000 1 0
1910 LN -1 -1 -1 -1.000000 1 1
1911 LN -1 -1 -1 -1.000000 1 1
1912 IN 1913 1944 13 0.500000 7 1
1913 IN 1914 1931 4 0.500000 6 1
1914 IN 1915 1926 6 0.500000 5 1
1915 IN 1916 1919 14 0.500000 4 1
1916 IN 1917 1918 3 0.500000 2 1
1917 LN -1 -1 -1 -1.000000 1 0
1918 LN -1 -1 -1 -1.000000 1 1
1919 IN 1920 1923 3 0.500000 3 1
1920 IN 1921 1922 16 0.500000 2 1
1921 LN -1 -1 -1 -1.000000 1 1
1922 LN -1 -1 -1 -1.000000 1 0
1923 IN 1924 1925 16 0.500000 2 1
1924 LN -1 -1 -1 -1.000000 1 1
1925 LN -1 -1 -1 -1.000000 1 1
1926 IN 1927 1928 3 0.500000 3 1
1927 LN -1 -1 -1 -1.000000 1 0
1928 IN 1929 1930 14 0.500000 2 1
1929 LN -1 -1 -1 -1.000000 1 1
1930 LN -1 -1 -1 -1.000000 1 1
1931 IN 1932 1937 14 0.500000 5 1
1932 IN 1933 1936 6 0.500000 3 1
1933 IN 1934 1935 3 0.500000 2 1
1934 LN -1 -1 -1 -1.000000 1 1
1935 LN -1 -1 -1 -1.000000 1 1
1936 LN -1 -1 -1 -1.000000 1 1
1937 IN 1938 1943 6 0.500000 4 1
1938 IN 1939 1942 16 0.500000 3 1
1939 IN 1940 1941 3 0.500000 2 1
1940 LN -1 -1 -1 -1.000000 1 1
1941 LN -1 -1 -1 -1.000000 1 1
1942 LN -1 -1 -1 -1.000000 1 0
1943 LN -1 -1 -1 -1.000000 1 1
1944 IN 1945 1960 16 0.500000 5 1
1945 IN 1946 1953 6 0.500000 4 1
1946 IN 1947 1950 4 0.500000 3 1
1947 IN 1948 1949 3 0.500000 2 1
1948 LN -1 -1 -1 -1.000000 1 1
1949 LN -1 -1 -1 -1.000000 1 1
1950 IN 1951 1952 3 0.500000 2 1
1951 LN -1 -1 -1 -1.000000 1 1
1952 LN -1 -1 -1 -1.000000 1 1
1953 IN 1954 1957 4 0.500000 3 1
1954 IN 1955 1956 3 0.500000 2 1
1955 LN -1 -1 -1 -1.000000 1 1
1956 LN -1 -1 -1 -1.000000 1 1
1957 IN 1958 1959 3 0.500000 2 1
1958 LN -1 -1 -1 -1.000000 1 1
1959 LN -1 -1 -1 -1.000000 1 1
1960 IN 1961 1964 3 0.500000 4 1
1961 IN 1962 1963 4 0.500000 2 1
1962 LN -1 -1 -1 -1.000000 1 1
1963 LN -1 -1 -1 -1.000000 1 1
1964 IN 1965 1968 4 0.500000 3 1
1965 IN 1966 1967 6 0.500000 2 1
1966 LN -1 -1 -1 -1.000000 1 0
1967 LN -1 -1 -1 -1.000000 1 1
1968 IN 1969 1970 6 0.500000 2 1
1969 LN -1 -1 -1 -1.000000 1 1
1970 LN -1 -1 -1 -1.000000 1 1
1971 IN 1972 2019 8 0.500000 11 1
1972 IN 1973 2012 16 0.500000 9 1
1973 IN 1974 1999 4 0.500000 8 1
1974 IN 1975 1982 15 0.500000 7 1
1975 IN 1976 1979 3 0.500000 3 1
1976 IN 1977 1978 14 0.500000 2 1
1977 LN -1 -1 -1 -1.000000 1 1
1978 LN -1 -1 -1 -1.000000 1 0
1979 IN 1980 1981 6 0.500000 2 1
1980 LN -1 -1 -1 -1.000000 1 0
1981 LN -1 -1 -1 -1.000000 1 1
1982 IN 1983 1984 14 0.500000 6 1
1983 LN -1 -1 -1 -1.000000 1 1
1984 IN 1985 1996 6 0.500000 5 1
1985 IN 1986 1991 3 0.500000 4 1
1986 IN 1987 1988 13 0.500000 3 1
1987 LN -1 -1 -1 -1.000000 1 1
1988 IN 1989 1990 7 0.500000 2 1
1989 LN -1 -1 -1 -1.000000 1 1
1990 LN -1 -1 -1 -1.000000 1 0
1991 IN 1992 1995 13 0.500000 3 1
1992 IN 1993 1994 7 0.500000 2 0
1993 LN -1 -1 -1 -1.000000 1 0
1994 LN -1 -1 -1 -1.000000 1 0
1995 LN -1 -1 -1 -1.000000 1 1
1996 IN 1997 1998 3 0.500000 2 0
1997 LN -1 -1 -1 -1.000000 1 0
1998 LN -1 -1 -1 -1.000000 1 0
1999 IN 2000 2001 15 0.500000 6 1
2000 LN -1 -1 -1 -1.000000 1 1
2001 IN 2002 2003 7 0.500000 5 1
2002 LN -1 -1 -1 -1.000000 1 1
2003 IN 2004 2011 6 0.500000 4 1
2004 IN 2005 2008 13 0.500000 3 1
2005 IN 2006 2007 3 0.500000 2 1
2006 LN -1 -1 -1 -1.000000 1 0
2007 LN -1 -1 -1 -1.000000 1 1
2008 IN 2009 2010 3 0.500000 2 1
2009 LN -1 -1 -1 -1.000000 1 1
2010 LN -1 -1 -1 -1.000000 1 0
2011 LN -1 -1 -1 -1.000000 1 1
2012 IN 2013 2018 6 0.500000 4 1
2013 IN 2014 2015 9 0.500000 3 1
2014 LN -1 -1 -1 -1.000000 1 1
2015 IN 2016 2017 4 0.500000 2 1
2016 LN -1 -1 -1 -1.000000 1 0
2017 LN -1 -1 -1 -1.000000 1 1
2018 LN -1 -1 -1 -1.000000 1 1
2019 IN 2020 2021 11 0.500000 10 1
2020 LN -1 -1 -1 -1.000000 1 1
2021 IN 2022 2081 16 0.500000 9 1
2022 IN 2023 2028 15 0.500000 8 1
2023 IN 2024 2027 3 0.500000 3 1
2024 IN 2025 2026 13 0.500000 2 0
2025 LN -1 -1 -1 -1.000000 1 0
2026 LN -1 -1 -1 -1.000000 1 1
2027 LN -1 -1 -1 -1.000000 1 1
2028 IN 2029 2060 13 0.500000 7 1
2029 IN 2030 2045 4 0.500000 6 1
2030 IN 2031 2034 7 0.500000 5 1
2031 IN 2032 2033 3 0.500000 2 0
2032 LN -1 -1 -1 -1.000000 1 0
2033 LN -1 -1 -1 -1.000000 1 1
2034 IN 2035 2040 14 0.500000 4 1
2035 IN 2036 2039 3 0.500000 3 1
2036 IN 2037 2038 6 0.500000 2 1
2037 LN -1 -1 -1 -1.000000 1 1
2038 LN -1 -1 -1 -1.000000 1 1
2039 LN -1 -1 -1 -1.000000 1 1
2040 IN 2041 2044 3 0.500000 3 1
2041 IN 2042 2043 6 0.500000 2 1
2042 LN -1 -1 -1 -1.000000 1 1
2043 LN -1 -1 -1 -1.000000 1 1
2044 LN -1 -1 -1 -1.000000 1 1
2045 IN 2046 2055 6 0.500000 5 1
2046 IN 2047 2048 7 0.500000 4 1
2047 LN -1 -1 -1 -1.000000 1 1
2048 IN 2049 2052 14 0.500000 3 1
2049 IN 2050 2051 3 0.500000 2 1
2050 LN -1 -1 -1 -1.000000 1 1
2051 LN -1 -1 -1 -1.000000 1 1
2052 IN 2053 2054 3 0.500000 2 1
2053 LN -1 -1 -1 -1.000000 1 1
2054 LN -1 -1 -1 -1.000000 1 1
2055 IN 2056 2057 14 0.500000 3 1
2056 LN -1 -1 -1 -1.000000 1 1
2057 IN 2058 2059 3 0.500000 2 1
2058 LN -1 -1 -1 -1.000000 1 0
2059 LN -1 -1 -1 -1.000000 1 1
2060 IN 2061 2066 7 0.500000 5 1
2061 IN 2062 2063 4 0.500000 3 1
2062 LN -1 -1 -1 -1.000000 1 1
2063 IN 2064 2065 3 0.500000 2 1
2064 LN -1 -1 -1 -1.000000 1 1
2065 LN -1 -1 -1 -1.000000 1 1
2066 IN 2067 2074 4 0.500000 4 1
2067 IN 2068 2071 3 0.500000 3 1
2068 IN 2069 2070 6 0.500000 2 1
2069 LN -1 -1 -1 -1.000000 1 1
2070 LN -1 -1 -1 -1.000000 1 1
2071 IN 2072 2073 6 0.500000 2 1
2072 LN -1 -1 -1 -1.000000 1 1
2073 LN -1 -1 -1 -1.000000 1 1
2074 IN 2075 2078 3 0.500000 3 1
2075 IN 2076 2077 6 0.500000 2 1
2076 LN -1 -1 -1 -1.000000 1 1
2077 LN -1 -1 -1 -1.000000 1 1
2078 IN 2079 2080 6 0.500000 2 1
2079 LN -1 -1 -1 -1.000000 1 1
2080 LN -1 -1 -1 -1.000000 1 1
2081 IN 2082 2091 4 0.500000 5 1
2082 IN 2083 2088 3 0.500000 4 1
2083 IN 2084 2085 13 0.500000 3 1
2084 LN -1 -1 -1 -1.000000 1 1
2085 IN 2086 2087 7 0.500000 2 1
2086 LN -1 -1 -1 -1.000000 1 1
2087 LN -1 -1 -1 -1.000000 1 1
2088 IN 2089 2090 6 0.500000 2 1
2089 LN -1 -1 -1 -1.000000 1 1
2090 LN -1 -1 -1 -1.000000 1 0
2091 IN 2092 2093 6 0.500000 2 1
2092 LN -1 -1 -1 -1.000000 1 1
2093 LN -1 -1 -1 -1.000000 1 1
2094 IN 2095 2516 0 0.500000 14 1
2095 IN 2096 2359 4 0.500000 13 1
2096 IN 2097 2140 5 0.500000 12 0
2097 IN 2098 2125 13 0.500000 9 0
2098 IN 2099 2124 3 0.500000 8 0
2099 IN 2100 2101 15 0.500000 7 0
2100 LN -1 -1 -1 -1.000000 1 0
2101 IN 2102 2113 12 0.500000 6 0
2102 IN 2103 2104 8 0.500000 5 0
2103 LN -1 -1 -1 -1.000000 1 0
2104 IN 2105 2112 16 0.500000 4 0
2105 IN 2106 2109 14 0.500000 3 0
2106 IN 2107 2108 7 0.500000 2 0
2107 LN -1 -1 -1 -1.000000 1 0
2108 LN -1 -1 -1 -1.000000 1 0
2109 IN 2110 2111 7 0.500000 2 0
2110 LN -1 -1 -1 -1.000000 1 0
2111 LN -1 -1 -1 -1.000000 1 1
2112 LN -1 -1 -1 -1.000000 1 0
2113 IN 2114 2119 14 0.500000 4 1
2114 IN 2115 2116 8 0.500000 3 1
2115 LN -1 -1 -1 -1.000000 1 0
2116 IN 2117 2118 7 0.500000 2 1
2117 LN -1 -1 -1 -1.000000 1 1
2118 LN -1 -1 -1 -1.000000 1 1
2119 IN 2120 2123 16 0.500000 3 0
2120 IN 2121 2122 7 0.500000 2 0
2121 LN -1 -1 -1 -1.000000 1 1
2122 LN -1 -1 -1 -1.000000 1 0
2123 LN -1 -1 -1 -1.000000 1 1
2124 LN -1 -1 -1 -1.000000 1 1
2125 IN 2126 2137 8 0.500000 6 0
2126 IN 2127 2128 7 0.500000 5 0
2127 LN -1 -1 -1 -1.000000 1 0
2128 IN 2129 2130 9 0.500000 4 0
2129 LN -1 -1 -1 -1.000000 1 0
2130 IN 2131 2134 16 0.500000 3 0
2131 IN 2132 2133 3 0.500000 2 0
2132 LN -1 -1 -1 -1.000000 1 0
2133 LN -1 -1 -1 -1.000000 1 0
2134 IN 2135 2136 12 0.500000 2 0
2135 LN -1 -1 -1 -1.000000 1 0
2136 LN -1 -1 -1 -1.000000 1 1
2137 IN 2138 2139 7 0.500000 2 0
2138 LN -1 -1 -1 -1.000000 1 0
2139 LN -1 -1 -1 -1.000000 1 0
2140 IN 2141 2166 9 0.500000 11 1
2141 IN 2142 2161 3 0.500000 7 0
2142 IN 2143 2148 7 0.500000 6 0
2143 IN 2144 2145 12 0.500000 3 0
2144 LN -1 -1 -1 -1.000000 1 0
2145 IN 2146 2147 16 0.500000 2 0
2146 LN -1 -1 -1 -1.000000 1 0
2147 LN -1 -1 -1 -1.000000 1 1
2148 IN 2149 2154 13 0.500000 5 0
2149 IN 2150 2153 16 0.500000 3 0
2150 IN 2151 2152 12 0.500000 2 0
2151 LN -1 -1 -1 -1.000000 1 0
2152 LN -1 -1 -1 -1.000000 1 1
2153 LN -1 -1 -1 -1.000000 1 0
2154 IN 2155 2160 12 0.500000 4 0
2155 IN 2156 2157 15 0.500000 3 1
2156 LN -1 -1 -1 -1.000000 1 1
2157 IN 2158 2159 16 0.500000 2 0
2158 LN -1 -1 -1 -1.000000 1 0
2159 LN -1 -1 -1 -1.000000 1 0
2160 LN -1 -1 -1 -1.000000 1 0
2161 IN 2162 2165 16 0.500000 3 1
2162 IN 2163 2164 13 0.500000 2 0
2163 LN -1 -1 -1 -1.000000 1 1
2164 LN -1 -1 -1 -1.000000 1 0
2165 LN -1 -1 -1 -1.000000 1 1
2166 IN 2167 2310 6 0.500000 10 1
2167 IN 2168 2239 8 0.500000 9 0
2168 IN 2169 2186 14 0.500000 8 1
2169 IN 2170 2181 16 0.500000 6 0
2170 IN 2171 2174 15 0.500000 5 0
2171 IN 2172 2173 7 0.500000 2 0
2172 LN -1 -1 -1 -1.000000 1 1
2173 LN -1 -1 -1 -1.000000 1 0
2174 IN 2175 2176 7 0.500000 4 0
2175 LN -1 -1 -1 -1.000000 1 0
2176 IN 2177 2180 12 0.500000 3 0
2177 IN 2178 2179 3 0.500000 2 0
2178 LN -1 -1 -1 -1.000000 1 0
2179 LN -1 -1 -1 -1.000000 1 0
2180 LN -1 -1 -1 -1.000000 1 1
2181 IN 2182 2183 12 0.500000 3 1
2182 LN -1 -1 -1 -1.000000 1 1
2183 IN 2184 2185 3 0.500000 2 0
2184 LN -1 -1 -1 -1.000000 1 1
2185 LN -1 -1 -1 -1.000000 1 0
2186 IN 2187 2206 13 0.500000 7 1
2187 IN 2188 2197 12 0.500000 6 1
2188 IN 2189 2192 3 0.500000 4 1
2189 IN 2190 2191 7 0.500000 2 1
2190 LN -1 -1 -1 -1.000000 1 0
2191 LN -1 -1 -1 -1.000000 1 1
2192 IN 2193 2194 7 0.500000 3 1
2193 LN -1 -1 -1 -1.000000 1 0
2194 IN 2195 2196 16 0.500000 2 1
2195 LN -1 -1 -1 -1.000000 1 0
2196 LN -1 -1 -1 -1.000000 1 1
2197 IN 2198 2199 7 0.500000 5 1
2198 LN -1 -1 -1 -1.000000 1 1
2199 IN 2200 2205 3 0.500000 4 1
2200 IN 2201 2204 16 0.500000 3 1
2201 IN 2202 2203 15 0.500000 2 1
2202 LN -1 -1 -1 -1.000000 1 1
2203 LN -1 -1 -1 -1.000000 1 1
2204 LN -1 -1 -1 -1.000000 1 1
2205 LN -1 -1 -1 -1.000000 1 0
2206 IN 2207 2220 7 0.500000 6 1
2207 IN 2208 2215 3 0.500000 4 0
2208 IN 2209 2212 16 0.500000 3 1
2209 IN 2210 2211 15 0.500000 2 1
2210 LN -1 -1 -1 -1.000000 1 1
2211 LN -1 -1 -1 -1.000000 1 1
2212 IN 2213 2214 15 0.500000 2 0
2213 LN -1 -1 -1 -1.000000 1 1
2214 LN -1 -1 -1 -1.000000 1 0
2215 IN 2216 2219 16 0.500000 3 0
2216 IN 2217 2218 12 0.500000 2 0
2217 LN -1 -1 -1 -1.000000 1 0
2218 LN -1 -1 -1 -1.000000 1 1
2219 LN -1 -1 -1 -1.000000 1 0
2220 IN 2221 2232 3 0.500000 5 1
2221 IN 2222 2225 15 0.500000 4 0
2222 IN 2223 2224 16 0.500000 2 0
2223 LN -1 -1 -1 -1.000000 1 0
2224 LN -1 -1 -1 -1.000000 1 1
2225 IN 2226 2229 16 0.500000 3 1
2226 IN 2227 2228 12 0.500000 2 0
2227 LN -1 -1 -1 -1.000000 1 0
2228 LN -1 -1 -1 -1.000000 1 1
2229 IN 2230 2231 12 0.500000 2 1
2230 LN -1 -1 -1 -1.000000 1 1
2231 LN -1 -1 -1 -1.000000 1 1
2232 IN 2233 2236 16 0.500000 3 1
2233 IN 2234 2235 12 0.500000 2 1
2234 LN -1 -1 -1 -1.000000 1 0
2235 LN -1 -1 -1 -1.000000 1 1
2236 IN 2237 2238 12 0.500000 2 1
2237 LN -1 -1 -1 -1.000000 1 1
2238 LN -1 -1 -1 -1.000000 1 0
2239 IN 2240 2293 13 0.500000 8 0
2240 IN 2241 2282 16 0.500000 7 0
2241 IN 2242 2255 15 0.500000 6 0
2242 IN 2243 2250 12 0.500000 4 0
2243 IN 2244 2247 14 0.500000 3 1
2244 IN 2245 2246 3 0.500000 2 1
2245 LN -1 -1 -1 -1.000000 1 1
2246 LN -1 -1 -1 -1.000000 1 1
2247 IN 2248 2249 3 0.500000 2 0
2248 LN -1 -1 -1 -1.000000 1 0
2249 LN -1 -1 -1 -1.000000 1 1
2250 IN 2251 2252 3 0.500000 3 0
2251 LN -1 -1 -1 -1.000000 1 0
2252 IN 2253 2254 14 0.500000 2 0
2253 LN -1 -1 -1 -1.000000 1 0
2254 LN -1 -1 -1 -1.000000 1 1
2255 IN 2256 2267 14 0.500000 5 0
2256 IN 2257 2262 12 0.500000 4 0
2257 IN 2258 2261 3 0.500000 3 0
2258 IN 2259 2260 7 0.500000 2 0
2259 LN -1 -1 -1 -1.000000 1 0
2260 LN -1 -1 -1 -1.000000 1 0
2261 LN -1 -1 -1 -1.000000 1 0
2262 IN 2263 2264 7 0.500000 3 1
2263 LN -1 -1 -1 -1.000000 1 0
2264 IN 2265 2266 3 0.500000 2 1
2265 LN -1 -1 -1 -1.000000 1 0
2266 LN -1 -1 -1 -1.000000 1 1
2267 IN 2268 2275 3 0.500000 4 1
2268 IN 2269 2272 12 0.500000 3 0
2269 IN 2270 2271 7 0.500000 2 0
2270 LN -1 -1 -1 -1.000000 1 0
2271 LN -1 -1 -1 -1.000000 1 1
2272 IN 2273 2274 7 0.500000 2 0
2273 LN -1 -1 -1 -1.000000 1 0
2274 LN -1 -1 -1 -1.000000 1 1
2275 IN 2276 2279 7 0.500000 3 1
2276 IN 2277 2278 12 0.500000 2 1
2277 LN -1 -1 -1 -1.000000 1 0
2278 LN -1 -1 -1 -1.000000 1 1
2279 IN 2280 2281 12 0.500000 2 1
2280 LN -1 -1 -1 -1.000000 1 0
2281 LN -1 -1 -1 -1.000000 1 1
2282 IN 2283 2286 7 0.500000 5 0
2283 IN 2284 2285 14 0.500000 2 0
2284 LN -1 -1 -1 -1.000000 1 0
2285 LN -1 -1 -1 -1.000000 1 0
2286 IN 2287 2292 12 0.500000 4 0
2287 IN 2288 2291 3 0.500000 3 0
2288 IN 2289 2290 14 0.500000 2 0
2289 LN -1 -1 -1 -1.000000 1 1
2290 LN -1 -1 -1 -1.000000 1 0
2291 LN -1 -1 -1 -1.000000 1 0
2292 LN -1 -1 -1 -1.000000 1 1
2293 IN 2294 2299 3 0.500000 5 1
2294 IN 2295 2298 12 0.500000 3 0
2295 IN 2296 2297 16 0.500000 2 0
2296 LN -1 -1 -1 -1.000000 1 0
2297 LN -1 -1 -1 -1.000000 1 0
2298 LN -1 -1 -1 -1.000000 1 1
2299 IN 2300 2307 12 0.500000 4 1
2300 IN 2301 2304 16 0.500000 3 1
2301 IN 2302 2303 7 0.500000 2 0
2302 LN -1 -1 -1 -1.000000 1 0
2303 LN -1 -1 -1 -1.000000 1 1
2304 IN 2305 2306 7 0.500000 2 1
2305 LN -1 -1 -1 -1.000000 1 1
2306 LN -1 -1 -1 -1.000000 1 1
2307 IN 2308 2309 16 0.500000 2 1
2308 LN -1 -1 -1 -1.000000 1 1
2309 LN -1 -1 -1 -1.000000 1 0
2310 IN 2311 2330 8 0.500000 8 1
2311 IN 2312 2319 14 0.500000 5 1
2312 IN 2313 2314 15 0.500000 4 0
2313 LN -1 -1 -1 -1.000000 1 0
2314 IN 2315 2318 16 0.500000 3 1
2315 IN 2316 2317 12 0.500000 2 0
2316 LN -1 -1 -1 -1.000000 1 1
2317 LN -1 -1 -1 -1.000000 1 0
2318 LN -1 -1 -1 -1.000000 1 1
2319 IN 2320 2325 13 0.500000 4 1
2320 IN 2321 2324 16 0.500000 3 0
2321 IN 2322 2323 12 0.500000 2 1
2322 LN -1 -1 -1 -1.000000 1 1
2323 LN -1 -1 -1 -1.000000 1 1
2324 LN -1 -1 -1 -1.000000 1 0
2325 IN 2326 2327 16 0.500000 3 1
2326 LN -1 -1 -1 -1.000000 1 1
2327 IN 2328 2329 12 0.500000 2 1
2328 LN -1 -1 -1 -1.000000 1 1
2329 LN -1 -1 -1 -1.000000 1 1
2330 IN 2331 2350 12 0.500000 7 1
2331 IN 2332 2347 13 0.500000 6 1
2332 IN 2333 2340 14 0.500000 5 1
2333 IN 2334 2335 3 0.500000 4 1
2334 LN -1 -1 -1 -1.000000 1 1
2335 IN 2336 2339 16 0.500000 3 1
2336 IN 2337 2338 15 0.500000 2 1
2337 LN -1 -1 -1 -1.000000 1 0
2338 LN -1 -1 -1 -1.000000 1 1
2339 LN -1 -1 -1 -1.000000 1 0
2340 IN 2341 2342 3 0.500000 4 1
2341 LN -1 -1 -1 -1.000000 1 1
2342 IN 2343 2346 16 0.500000 3 1
2343 IN 2344 2345 15 0.500000 2 1
2344 LN -1 -1 -1 -1.000000 1 0
2345 LN -1 -1 -1 -1.000000 1 1
2346 LN -1 -1 -1 -1.000000 1 1
2347 IN 2348 2349 3 0.500000 2 0
2348 LN -1 -1 -1 -1.000000 1 0
2349 LN -1 -1 -1 -1.000000 1 0
2350 IN 2351 2358 13 0.500000 4 1
2351 IN 2352 2355 14 0.500000 3 1
2352 IN 2353 2354 15 0.500000 2 1
2353 LN -1 -1 -1 -1.000000 1 0
2354 LN -1 -1 -1 -1.000000 1 1
2355 IN 2356 2357 15 0.500000 2 1
2356 LN -1 -1 -1 -1.000000 1 0
2357 LN -1 -1 -1 -1.000000 1 1
2358 LN -1 -1 -1 -1.000000 1 1
2359 IN 2360 2397 9 0.500000 11 1
2360 IN 2361 2382 12 0.500000 7 0
2361 IN 2362 2367 14 0.500000 6 1
2362 IN 2363 2364 15 0.500000 3 0
2363 LN -1 -1 -1 -1.000000 1 0
2364 IN 2365 2366 7 0.500000 2 0
2365 LN -1 -1 -1 -1.000000 1 0
2366 LN -1 -1 -1 -1.000000 1 0
2367 IN 2368 2381 6 0.500000 5 1
2368 IN 2369 2374 16 0.500000 4 1
2369 IN 2370 2373 13 0.500000 3 1
2370 IN 2371 2372 7 0.500000 2 1
2371 LN -1 -1 -1 -1.000000 1 0
2372 LN -1 -1 -1 -1.000000 1 1
2373 LN -1 -1 -1 -1.000000 1 0
2374 IN 2375 2378 7 0.500000 3 1
2375 IN 2376 2377 3 0.500000 2 1
2376 LN -1 -1 -1 -1.000000 1 1
2377 LN -1 -1 -1 -1.000000 1 1
2378 IN 2379 2380 3 0.500000 2 0
2379 LN -1 -1 -1 -1.000000 1 0
2380 LN -1 -1 -1 -1.000000 1 1
2381 LN -1 -1 -1 -1.000000 1 1
2382 IN 2383 2388 7 0.500000 6 0
2383 IN 2384 2385 15 0.500000 3 0
2384 LN -1 -1 -1 -1.000000 1 0
2385 IN 2386 2387 14 0.500000 2 0
2386 LN -1 -1 -1 -1.000000 1 1
2387 LN -1 -1 -1 -1.000000 1 0
2388 IN 2389 2396 16 0.500000 5 0
2389 IN 2390 2391 3 0.500000 4 1
2390 LN -1 -1 -1 -1.000000 1 1
2391 IN 2392 2393 13 0.500000 3 0
2392 LN -1 -1 -1 -1.000000 1 0
2393 IN 2394 2395 6 0.500000 2 1
2394 LN -1 -1 -1 -1.000000 1 1
2395 LN -1 -1 -1 -1.000000 1 0
2396 LN -1 -1 -1 -1.000000 1 0
2397 IN 2398 2479 12 0.500000 10 1
2398 IN 2399 2460 6 0.500000 9 1
2399 IN 2400 2447 13 0.500000 8 1
2400 IN 2401 2426 8 0.500000 7 1
2401 IN 2402 2421 16 0.500000 6 1
2402 IN 2403 2414 14 0.500000 5 1
2403 IN 2404 2407 15 0.500000 4 0
2404 IN 2405 2406 3 0.500000 2 0
2405 LN -1 -1 -1 -1.000000 1 1
2406 LN -1 -1 -1 -1.000000 1 0
2407 IN 2408 2411 3 0.500000 3 0
2408 IN 2409 2410 7 0.500000 2 0
2409 LN -1 -1 -1 -1.000000 1 0
2410 LN -1 -1 -1 -1.000000 1 0
2411 IN 2412 2413 7 0.500000 2 1
2412 LN -1 -1 -1 -1.000000 1 0
2413 LN -1 -1 -1 -1.000000 1 1
2414 IN 2415 2416 15 0.500000 4 1
2415 LN -1 -1 -1 -1.000000 1 1
2416 IN 2417 2418 7 0.500000 3 1
2417 LN -1 -1 -1 -1.000000 1 0
2418 IN 2419 2420 3 0.500000 2 1
2419 LN -1 -1 -1 -1.000000 1 1
2420 LN -1 -1 -1 -1.000000 1 1
2421 IN 2422 2423 3 0.500000 3 1
2422 LN -1 -1 -1 -1.000000 1 0
2423 IN 2424 2425 7 0.500000 2 1
2424 LN -1 -1 -1 -1.000000 1 1
2425 LN -1 -1 -1 -1.000000 1 0
2426 IN 2427 2444 16 0.500000 6 1
2427 IN 2428 2433 15 0.500000 5 0
2428 IN 2429 2430 3 0.500000 3 1
2429 LN -1 -1 -1 -1.000000 1 1
2430 IN 2431 2432 7 0.500000 2 0
2431 LN -1 -1 -1 -1.000000 1 1
2432 LN -1 -1 -1 -1.000000 1 0
2433 IN 2434 2439 3 0.500000 4 0
2434 IN 2435 2438 7 0.500000 3 1
2435 IN 2436 2437 14 0.500000 2 1
2436 LN -1 -1 -1 -1.000000 1 0
2437 LN -1 -1 -1 -1.000000 1 1
2438 LN -1 -1 -1 -1.000000 1 0
2439 IN 2440 2441 7 0.500000 3 0
2440 LN -1 -1 -1 -1.000000 1 1
2441 IN 2442 2443 14 0.500000 2 0
2442 LN -1 -1 -1 -1.000000 1 0
2443 LN -1 -1 -1 -1.000000 1 0
2444 IN 2445 2446 7 0.500000 2 1
2445 LN -1 -1 -1 -1.000000 1 1
2446 LN -1 -1 -1 -1.000000 1 1
2447 IN 2448 2457 8 0.500000 5 1
2448 IN 2449 2454 3 0.500000 4 1
2449 IN 2450 2453 16 0.500000 3 1
2450 IN 2451 2452 7 0.500000 2 1
2451 LN -1 -1 -1 -1.000000 1 1
2452 LN -1 -1 -1 -1.000000 1 0
2453 LN -1 -1 -1 -1.000000 1 0
2454 IN 2455 2456 16 0.500000 2 1
2455 LN -1 -1 -1 -1.000000 1 1
2456 LN -1 -1 -1 -1.000000 1 1
2457 IN 2458 2459 3 0.500000 2 1
2458 LN -1 -1 -1 -1.000000 1 1
2459 LN -1 -1 -1 -1.000000 1 1
2460 IN 2461 2474 16 0.500000 5 1
2461 IN 2462 2469 14 0.500000 4 1
2462 IN 2463 2466 15 0.500000 3 1
2463 IN 2464 2465 8 0.500000 2 1
2464 LN -1 -1 -1 -1.000000 1 1
2465 LN -1 -1 -1 -1.000000 1 1
2466 IN 2467 2468 8 0.500000 2 1
2467 LN -1 -1 -1 -1.000000 1 0
2468 LN -1 -1 -1 -1.000000 1 1
2469 IN 2470 2471 13 0.500000 3 1
2470 LN -1 -1 -1 -1.000000 1 1
2471 IN 2472 2473 8 0.500000 2 1
2472 LN -1 -1 -1 -1.000000 1 1
2473 LN -1 -1 -1 -1.000000 1 1
2474 IN 2475 2478 13 0.500000 3 0
2475 IN 2476 2477 8 0.500000 2 1
2476 LN -1 -1 -1 -1.000000 1 1
2477 LN -1 -1 -1 -1.000000 1 0
2478 LN -1 -1 -1 -1.000000 1 0
2479 IN 2480 2501 6 0.500000 8 1
2480 IN 2481 2500 16 0.500000 7 1
2481 IN 2482 2499 13 0.500000 6 1
2482 IN 2483 2492 14 0.500000 5 1
2483 IN 2484 2487 15 0.500000 4 1
2484 IN 2485 2486 3 0.500000 2 1
2485 LN -1 -1 -1 -1.000000 1 0
2486 LN -1 -1 -1 -1.000000 1 1
2487 IN 2488 2491 3 0.500000 3 1
2488 IN 2489 2490 7 0.500000 2 1
2489 LN -1 -1 -1 -1.000000 1 1
2490 LN -1 -1 -1 -1.000000 1 0
2491 LN -1 -1 -1 -1.000000 1 1
2492 IN 2493 2494 15 0.500000 4 1
2493 LN -1 -1 -1 -1.000000 1 1
2494 IN 2495 2498 3 0.500000 3 1
2495 IN 2496 2497 7 0.500000 2 1
2496 LN -1 -1 -1 -1.000000 1 1
2497 LN -1 -1 -1 -1.000000 1 1
2498 LN -1 -1 -1 -1.000000 1 1
2499 LN -1 -1 -1 -1.000000 1 0
2500 LN -1 -1 -1 -1.000000 1 1
2501 IN 2502 2503 3 0.500000 6 1
2502 LN -1 -1 -1 -1.000000 1 1
2503 IN 2504 2509 8 0.500000 5 1
2504 IN 2505 2506 14 0.500000 3 1
2505 LN -1 -1 -1 -1.000000 1 1
2506 IN 2507 2508 16 0.500000 2 0
2507 LN -1 -1 -1 -1.000000 1 0
2508 LN -1 -1 -1 -1.000000 1 1
2509 IN 2510 2515 14 0.500000 4 1
2510 IN 2511 2514 15 0.500000 3 1
2511 IN 2512 2513 16 0.500000 2 1
2512 LN -1 -1 -1 -1.000000 1 1
2513 LN -1 -1 -1 -1.000000 1 1
2514 LN -1 -1 -1 -1.000000 1 1
2515 LN -1 -1 -1 -1.000000 1 1
2516 IN 2517 2774 3 0.500000 13 1
2517 IN 2518 2557 15 0.500000 12 1
2518 IN 2519 2538 7 0.500000 7 1
2519 IN 2520 2523 13 0.500000 6 0
2520 IN 2521 2522 4 0.500000 2 0
2521 LN -1 -1 -1 -1.000000 1 0
2522 LN -1 -1 -1 -1.000000 1 1
2523 IN 2524 2533 12 0.500000 5 0
2524 IN 2525 2528 4 0.500000 4 1
2525 IN 2526 2527 16 0.500000 2 0
2526 LN -1 -1 -1 -1.000000 1 1
2527 LN -1 -1 -1 -1.000000 1 0
2528 IN 2529 2530 16 0.500000 3 1
2529 LN -1 -1 -1 -1.000000 1 1
2530 IN 2531 2532 8 0.500000 2 0
2531 LN -1 -1 -1 -1.000000 1 0
2532 LN -1 -1 -1 -1.000000 1 0
2533 IN 2534 2537 16 0.500000 3 0
2534 IN 2535 2536 4 0.500000 2 0
2535 LN -1 -1 -1 -1.000000 1 0
2536 LN -1 -1 -1 -1.000000 1 0
2537 LN -1 -1 -1 -1.000000 1 1
2538 IN 2539 2550 16 0.500000 6 1
2539 IN 2540 2549 12 0.500000 5 1
2540 IN 2541 2544 13 0.500000 4 1
2541 IN 2542 2543 4 0.500000 2 1
2542 LN -1 -1 -1 -1.000000 1 0
2543 LN -1 -1 -1 -1.000000 1 1
2544 IN 2545 2546 8 0.500000 3 1
2545 LN -1 -1 -1 -1.000000 1 1
2546 IN 2547 2548 4 0.500000 2 0
2547 LN -1 -1 -1 -1.000000 1 1
2548 LN -1 -1 -1 -1.000000 1 0
2549 LN -1 -1 -1 -1.000000 1 1
2550 IN 2551 2556 6 0.500000 4 0
2551 IN 2552 2553 12 0.500000 3 0
2552 LN -1 -1 -1 -1.000000 1 0
2553 IN 2554 2555 4 0.500000 2 0
2554 LN -1 -1 -1 -1.000000 1 1
2555 LN -1 -1 -1 -1.000000 1 0
2556 LN -1 -1 -1 -1.000000 1 0
2557 IN 2558 2603 14 0.500000 11 1
2558 IN 2559 2590 16 0.500000 8 1
2559 IN 2560 2577 4 0.500000 7 1
2560 IN 2561 2562 5 0.500000 6 1
2561 LN -1 -1 -1 -1.000000 1 0
2562 IN 2563 2574 6 0.500000 5 1
2563 IN 2564 2569 7 0.500000 4 1
2564 IN 2565 2568 12 0.500000 3 1
2565 IN 2566 2567 8 0.500000 2 0
2566 LN -1 -1 -1 -1.000000 1 1
2567 LN -1 -1 -1 -1.000000 1 0
2568 LN -1 -1 -1 -1.000000 1 1
2569 IN 2570 2571 8 0.500000 3 1
2570 LN -1 -1 -1 -1.000000 1 1
2571 IN 2572 2573 12 0.500000 2 1
2572 LN -1 -1 -1 -1.000000 1 1
2573 LN -1 -1 -1 -1.000000 1 0
2574 IN 2575 2576 12 0.500000 2 0
2575 LN -1 -1 -1 -1.000000 1 0
2576 LN -1 -1 -1 -1.000000 1 1
2577 IN 2578 2585 12 0.500000 5 1
2578 IN 2579 2580 8 0.500000 4 1
2579 LN -1 -1 -1 -1.000000 1 0
2580 IN 2581 2584 6 0.500000 3 1
2581 IN 2582 2583 7 0.500000 2 1
2582 LN -1 -1 -1 -1.000000 1 0
2583 LN -1 -1 -1 -1.000000 1 1
2584 LN -1 -1 -1 -1.000000 1 1
2585 IN 2586 2587 9 0.500000 3 1
2586 LN -1 -1 -1 -1.000000 1 1
2587 IN 2588 2589 7 0.500000 2 1
2588 LN -1 -1 -1 -1.000000 1 1
2589 LN -1 -1 -1 -1.000000 1 1
2590 IN 2591 2598 12 0.500000 5 0
2591 IN 2592 2597 6 0.500000 4 0
2592 IN 2593 2594 4 0.500000 3 0
2593 LN -1 -1 -1 -1.000000 1 1
2594 IN 2595 2596 7 0.500000 2 0
2595 LN -1 -1 -1 -1.000000 1 1
2596 LN -1 -1 -1 -1.000000 1 0
2597 LN -1 -1 -1 -1.000000 1 1
2598 IN 2599 2600 4 0.500000 3 1
2599 LN -1 -1 -1 -1.000000 1 1
2600 IN 2601 2602 7 0.500000 2 1
2601 LN -1 -1 -1 -1.000000 1 1
2602 LN -1 -1 -1 -1.000000 1 0
2603 IN 2604 2745 6 0.500000 10 1
2604 IN 2605 2626 5 0.500000 9 1
2605 IN 2606 2607 8 0.500000 6 1
2606 LN -1 -1 -1 -1.000000 1 0
2607 IN 2608 2621 16 0.500000 5 1
2608 IN 2609 2616 12 0.500000 4 1
2609 IN 2610 2613 7 0.500000 3 0
2610 IN 2611 2612 13 0.500000 2 0
2611 LN -1 -1 -1 -1.000000 1 0
2612 LN -1 -1 -1 -1.000000 1 0
2613 IN 2614 2615 13 0.500000 2 0
2614 LN -1 -1 -1 -1.000000 1 0
2615 LN -1 -1 -1 -1.000000 1 0
2616 IN 2617 2618 13 0.500000 3 1
2617 LN -1 -1 -1 -1.000000 1 1
2618 IN 2619 2620 7 0.500000 2 1
2619 LN -1 -1 -1 -1.000000 1 1
2620 LN -1 -1 -1 -1.000000 1 1
2621 IN 2622 2625 7 0.500000 3 0
2622 IN 2623 2624 13 0.500000 2 0
2623 LN -1 -1 -1 -1.000000 1 1
2624 LN -1 -1 -1 -1.000000 1 0
2625 LN -1 -1 -1 -1.000000 1 0
2626 IN 2627 2684 8 0.500000 8 1
2627 IN 2628 2669 12 0.500000 7 1
2628 IN 2629 2646 4 0.500000 6 1
2629 IN 2630 2633 13 0.500000 5 1
2630 IN 2631 2632 16 0.500000 2 1
2631 LN -1 -1 -1 -1.000000 1 1
2632 LN -1 -1 -1 -1.000000 1 0
2633 IN 2634 2639 7 0.500000 4 1
2634 IN 2635 2636 16 0.500000 3 0
2635 LN -1 -1 -1 -1.000000 1 0
2636 IN 2637 2638 9 0.500000 2 0
2637 LN -1 -1 -1 -1.000000 1 0
2638 LN -1 -1 -1 -1.000000 1 0
2639 IN 2640 2643 9 0.500000 3 1
2640 IN 2641 2642 16 0.500000 2 0
2641 LN -1 -1 -1 -1.000000 1 0
2642 LN -1 -1 -1 -1.000000 1 1
2643 IN 2644 2645 16 0.500000 2 1
2644 LN -1 -1 -1 -1.000000 1 1
2645 LN -1 -1 -1 -1.000000 1 1
2646 IN 2647 2656 7 0.500000 5 0
2647 IN 2648 2649 13 0.500000 4 0
2648 LN -1 -1 -1 -1.000000 1 0
2649 IN 2650 2653 9 0.500000 3 1
2650 IN 2651 2652 16 0.500000 2 0
2651 LN -1 -1 -1 -1.000000 1 1
2652 LN -1 -1 -1 -1.000000 1 0
2653 IN 2654 2655 16 0.500000 2 1
2654 LN -1 -1 -1 -1.000000 1 1
2655 LN -1 -1 -1 -1.000000 1 0
2656 IN 2657 2662 16 0.500000 4 0
2657 IN 2658 2659 13 0.500000 3 0
2658 LN -1 -1 -1 -1.000000 1 1
2659 IN 2660 2661 9 0.500000 2 0
2660 LN -1 -1 -1 -1.000000 1 0
2661 LN -1 -1 -1 -1.000000 1 0
2662 IN 2663 2666 13 0.500000 3 1
2663 IN 2664 2665 9 0.500000 2 0
2664 LN -1 -1 -1 -1.000000 1 1
2665 LN -1 -1 -1 -1.000000 1 0
2666 IN 2667 2668 9 0.500000 2 1
2667 LN -1 -1 -1 -1.000000 1 0
2668 LN -1 -1 -1 -1.000000 1 1
2669 IN 2670 2671 13 0.500000 6 1
2670 LN -1 -1 -1 -1.000000 1 1
2671 IN 2672 2679 4 0.500000 5 1
2672 IN 2673 2674 9 0.500000 4 1
2673 LN -1 -1 -1 -1.000000 1 1
2674 IN 2675 2676 7 0.500000 3 1
2675 LN -1 -1 -1 -1.000000 1 1
2676 IN 2677 2678 16 0.500000 2 1
2677 LN -1 -1 -1 -1.000000 1 1
2678 LN -1 -1 -1 -1.000000 1 1
2679 IN 2680 2681 9 0.500000 3 1
2680 LN -1 -1 -1 -1.000000 1 1
2681 IN 2682 2683 16 0.500000 2 1
2682 LN -1 -1 -1 -1.000000 1 1
2683 LN -1 -1 -1 -1.000000 1 1
2684 IN 2685 2716 12 0.500000 6 1
2685 IN 2686 2701 7 0.500000 5 1
2686 IN 2687 2694 13 0.500000 4 1
2687 IN 2688 2691 16 0.500000 3 1
2688 IN 2689 2690 4 0.500000 2 1
2689 LN -1 -1 -1 -1.000000 1 1
2690 LN -1 -1 -1 -1.000000 1 1
2691 IN 2692 2693 4 0.500000 2 0
2692 LN -1 -1 -1 -1.000000 1 0
2693 LN -1 -1 -1 -1.000000 1 0
2694 IN 2695 2698 4 0.500000 3 1
2695 IN 2696 2697 16 0.500000 2 0
2696 LN -1 -1 -1 -1.000000 1 1
2697 LN -1 -1 -1 -1.000000 1 0
2698 IN 2699 2700 16 0.500000 2 1
2699 LN -1 -1 -1 -1.000000 1 1
2700 LN -1 -1 -1 -1.000000 1 1
2701 IN 2702 2709 4 0.500000 4 1
2702 IN 2703 2706 16 0.500000 3 1
2703 IN 2704 2705 13 0.500000 2 1
2704 LN -1 -1 -1 -1.000000 1 1
2705 LN -1 -1 -1 -1.000000 1 1
2706 IN 2707 2708 13 0.500000 2 1
2707 LN -1 -1 -1 -1.000000 1 1
2708 LN -1 -1 -1 -1.000000 1 1
2709 IN 2710 2713 13 0.500000 3 1
2710 IN 2711 2712 16 0.500000 2 1
2711 LN -1 -1 -1 -1.000000 1 1
2712 LN -1 -1 -1 -1.000000 1 1
2713 IN 2714 2715 16 0.500000 2 1
2714 LN -1 -1 -1 -1.000000 1 1
2715 LN -1 -1 -1 -1.000000 1 1
2716 IN 2717 2732 16 0.500000 5 1
2717 IN 2718 2725 7 0.500000 4 1
2718 IN 2719 2722 4 0.500000 3 1
2719 IN 2720 2721 13 0.500000 2 1
2720 LN -1 -1 -1 -1.000000 1 1
2721 LN -1 -1 -1 -1.000000 1 0
2722 IN 2723 2724 13 0.500000 2 1
2723 LN -1 -1 -1 -1.000000 1 1
2724 LN -1 -1 -1 -1.000000 1 1
2725 IN 2726 2729 4 0.500000 3 1
2726 IN 2727 2728 13 0.500000 2 1
2727 LN -1 -1 -1 -1.000000 1 1
2728 LN -1 -1 -1 -1.000000 1 1
2729 IN 2730 2731 13 0.500000 2 1
2730 LN -1 -1 -1 -1.000000 1 1
2731 LN -1 -1 -1 -1.000000 1 1
2732 IN 2733 2740 4 0.500000 4 1
2733 IN 2734 2737 13 0.500000 3 1
2734 IN 2735 2736 7 0.500000 2 1
2735 LN -1 -1 -1 -1.000000 1 1
2736 LN -1 -1 -1 -1.000000 1 1
2737 IN 2738 2739 7 0.500000 2 1
2738 LN -1 -1 -1 -1.000000 1 1
2739 LN -1 -1 -1 -1.000000 1 1
2740 IN 2741 2742 13 0.500000 3 1
2741 LN -1 -1 -1 -1.000000 1 1
2742 IN 2743 2744 7 0.500000 2 1
2743 LN -1 -1 -1 -1.000000 1 1
2744 LN -1 -1 -1 -1.000000 1 1
2745 IN 2746 2759 4 0.500000 6 1
2746 IN 2747 2748 8 0.500000 5 1
2747 LN -1 -1 -1 -1.000000 1 1
2748 IN 2749 2752 12 0.500000 4 1
2749 IN 2750 2751 13 0.500000 2 1
2750 LN -1 -1 -1 -1.000000 1 1
2751 LN -1 -1 -1 -1.000000 1 0
2752 IN 2753 2756 16 0.500000 3 0
2753 IN 2754 2755 13 0.500000 2 0
2754 LN -1 -1 -1 -1.000000 1 0
2755 LN -1 -1 -1 -1.000000 1 1
2756 IN 2757 2758 13 0.500000 2 0
2757 LN -1 -1 -1 -1.000000 1 0
2758 LN -1 -1 -1 -1.000000 1 1
2759 IN 2760 2763 8 0.500000 5 1
2760 IN 2761 2762 13 0.500000 2 1
2761 LN -1 -1 -1 -1.000000 1 0
2762 LN -1 -1 -1 -1.000000 1 1
2763 IN 2764 2769 12 0.500000 4 1
2764 IN 2765 2766 13 0.500000 3 1
2765 LN -1 -1 -1 -1.000000 1 1
2766 IN 2767 2768 16 0.500000 2 1
2767 LN -1 -1 -1 -1.000000 1 1
2768 LN -1 -1 -1 -1.000000 1 1
2769 IN 2770 2771 16 0.500000 3 1
2770 LN -1 -1 -1 -1.000000 1 1
2771 IN 2772 2773 13 0.500000 2 1
2772 LN -1 -1 -1 -1.000000 1 1
2773 LN -1 -1 -1 -1.000000 1 1
2774 IN 2775 2808 14 0.500000 12 1
2775 IN 2776 2793 12 0.500000 8 0
2776 IN 2777 2778 8 0.500000 7 0
2777 LN -1 -1 -1 -1.000000 1 0
2778 IN 2779 2780 7 0.500000 6 0
2779 LN -1 -1 -1 -1.000000 1 1
2780 IN 2781 2788 6 0.500000 5 0
2781 IN 2782 2787 16 0.500000 4 0
2782 IN 2783 2784 15 0.500000 3 0
2783 LN -1 -1 -1 -1.000000 1 1
2784 IN 2785 2786 4 0.500000 2 0
2785 LN -1 -1 -1 -1.000000 1 0
2786 LN -1 -1 -1 -1.000000 1 0
2787 LN -1 -1 -1 -1.000000 1 0
2788 IN 2789 2790 4 0.500000 3 0
2789 LN -1 -1 -1 -1.000000 1 0
2790 IN 2791 2792 15 0.500000 2 0
2791 LN -1 -1 -1 -1.000000 1 0
2792 LN -1 -1 -1 -1.000000 1 1
2793 IN 2794 2803 4 0.500000 5 0
2794 IN 2795 2798 16 0.500000 4 0
2795 IN 2796 2797 6 0.500000 2 0
2796 LN -1 -1 -1 -1.000000 1 0
2797 LN -1 -1 -1 -1.000000 1 0
2798 IN 2799 2800 6 0.500000 3 1
2799 LN -1 -1 -1 -1.000000 1 1
2800 IN 2801 2802 15 0.500000 2 0
2801 LN -1 -1 -1 -1.000000 1 0
2802 LN -1 -1 -1 -1.000000 1 1
2803 IN 2804 2805 8 0.500000 3 1
2804 LN -1 -1 -1 -1.000000 1 0
2805 IN 2806 2807 15 0.500000 2 1
2806 LN -1 -1 -1 -1.000000 1 0
2807 LN -1 -1 -1 -1.000000 1 1
2808 IN 2809 2816 9 0.500000 11 1
2809 IN 2810 2811 6 0.500000 4 0
2810 LN -1 -1 -1 -1.000000 1 0
2811 IN 2812 2815 12 0.500000 3 1
2812 IN 2813 2814 4 0.500000 2 0
2813 LN -1 -1 -1 -1.000000 1 1
2814 LN -1 -1 -1 -1.000000 1 0
2815 LN -1 -1 -1 -1.000000 1 1
2816 IN 2817 2898 4 0.500000 10 1
2817 IN 2818 2861 12 0.500000 9 1
2818 IN 2819 2848 6 0.500000 7 1
2819 IN 2820 2831 8 0.500000 6 1
2820 IN 2821 2824 13 0.500000 5 1
2821 IN 2822 2823 16 0.500000 2 1
2822 LN -1 -1 -1 -1.000000 1 1
2823 LN -1 -1 -1 -1.000000 1 0
2824 IN 2825 2826 16 0.500000 4 1
2825 LN -1 -1 -1 -1.000000 1 1
2826 IN 2827 2828 7 0.500000 3 0
2827 LN -1 -1 -1 -1.000000 1 1
2828 IN 2829 2830 5 0.500000 2 0
2829 LN -1 -1 -1 -1.000000 1 0
2830 LN -1 -1 -1 -1.000000 1 0
2831 IN 2832 2835 5 0.500000 5 1
2832 IN 2833 2834 16 0.500000 2 0
2833 LN -1 -1 -1 -1.000000 1 0
2834 LN -1 -1 -1 -1.000000 1 0
2835 IN 2836 2843 16 0.500000 4 1
2836 IN 2837 2840 13 0.500000 3 1
2837 IN 2838 2839 7 0.500000 2 1
2838 LN -1 -1 -1 -1.000000 1 1
2839 LN -1 -1 -1 -1.000000 1 0
2840 IN 2841 2842 7 0.500000 2 1
2841 LN -1 -1 -1 -1.000000 1 1
2842 LN -1 -1 -1 -1.000000 1 1
2843 IN 2844 2845 7 0.500000 3 1
2844 LN -1 -1 -1 -1.000000 1 0
2845 IN 2846 2847 13 0.500000 2 1
2846 LN -1 -1 -1 -1.000000 1 1
2847 LN -1 -1 -1 -1.000000 1 1
2848 IN 2849 2854 16 0.500000 4 1
2849 IN 2850 2851 13 0.500000 3 1
2850 LN -1 -1 -1 -1.000000 1 1
2851 IN 2852 2853 8 0.500000 2 0
2852 LN -1 -1 -1 -1.000000 1 0
2853 LN -1 -1 -1 -1.000000 1 1
2854 IN 2855 2858 8 0.500000 3 1
2855 IN 2856 2857 13 0.500000 2 1
2856 LN -1 -1 -1 -1.000000 1 1
2857 LN -1 -1 -1 -1.000000 1 1
2858 IN 2859 2860 13 0.500000 2 1
2859 LN -1 -1 -1 -1.000000 1 1
2860 LN -1 -1 -1 -1.000000 1 1
2861 IN 2862 2863 15 0.500000 8 1
2862 LN -1 -1 -1 -1.000000 1 1
2863 IN 2864 2881 8 0.500000 7 1
2864 IN 2865 2866 5 0.500000 6 1
2865 LN -1 -1 -1 -1.000000 1 1
2866 IN 2867 2872 16 0.500000 5 1
2867 IN 2868 2871 6 0.500000 3 1
2868 IN 2869 2870 13 0.500000 2 1
2869 LN -1 -1 -1 -1.000000 1 0
2870 LN -1 -1 -1 -1.000000 1 1
2871 LN -1 -1 -1 -1.000000 1 0
2872 IN 2873 2878 6 0.500000 4 1
2873 IN 2874 2875 7 0.500000 3 1
2874 LN -1 -1 -1 -1.000000 1 1
2875 IN 2876 2877 13 0.500000 2 1
2876 LN -1 -1 -1 -1.000000 1 0
2877 LN -1 -1 -1 -1.000000 1 1
2878 IN 2879 2880 13 0.500000 2 0
2879 LN -1 -1 -1 -1.000000 1 1
2880 LN -1 -1 -1 -1.000000 1 0
2881 IN 2882 2891 16 0.500000 5 1
2882 IN 2883 2888 6 0.500000 4 1
2883 IN 2884 2887 13 0.500000 3 1
2884 IN 2885 2886 7 0.500000 2 1
2885 LN -1 -1 -1 -1.000000 1 1
2886 LN -1 -1 -1 -1.000000 1 1
2887 LN -1 -1 -1 -1.000000 1 1
2888 IN 2889 2890 13 0.500000 2 1
2889 LN -1 -1 -1 -1.000000 1 1
2890 LN -1 -1 -1 -1.000000 1 1
2891 IN 2892 2897 6 0.500000 4 1
2892 IN 2893 2894 13 0.500000 3 1
2893 LN -1 -1 -1 -1.000000 1 1
2894 IN 2895 2896 7 0.500000 2 1
2895 LN -1 -1 -1 -1.000000 1 1
2896 LN -1 -1 -1 -1.000000 1 1
2897 LN -1 -1 -1 -1.000000 1 1
2898 IN 2899 2932 16 0.500000 8 1
2899 IN 2900 2905 7 0.500000 7 1
2900 IN 2901 2904 8 0.500000 3 1
2901 IN 2902 2903 13 0.500000 2 1
2902 LN -1 -1 -1 -1.000000 1 0
2903 LN -1 -1 -1 -1.000000 1 1
2904 LN -1 -1 -1 -1.000000 1 1
2905 IN 2906 2919 6 0.500000 6 1
2906 IN 2907 2908 15 0.500000 5 1
2907 LN -1 -1 -1 -1.000000 1 1
2908 IN 2909 2914 13 0.500000 4 1
2909 IN 2910 2911 8 0.500000 3 1
2910 LN -1 -1 -1 -1.000000 1 1
2911 IN 2912 2913 12 0.500000 2 1
2912 LN -1 -1 -1 -1.000000 1 1
2913 LN -1 -1 -1 -1.000000 1 1
2914 IN 2915 2916 12 0.500000 3 1
2915 LN -1 -1 -1 -1.000000 1 1
2916 IN 2917 2918 8 0.500000 2 1
2917 LN -1 -1 -1 -1.000000 1 1
2918 LN -1 -1 -1 -1.000000 1 1
2919 IN 2920 2925 13 0.500000 4 1
2920 IN 2921 2922 8 0.500000 3 1
2921 LN -1 -1 -1 -1.000000 1 1
2922 IN 2923 2924 12 0.500000 2 1
2923 LN -1 -1 -1 -1.000000 1 1
2924 LN -1 -1 -1 -1.000000 1 1
2925 IN 2926 2929 8 0.500000 3 1
2926 IN 2927 2928 12 0.500000 2 0
2927 LN -1 -1 -1 -1.000000 1 0
2928 LN -1 -1 -1 -1.000000 1 1
2929 IN 2930 2931 12 0.500000 2 1
2930 LN -1 -1 -1 -1.000000 1 1
2931 LN -1 -1 -1 -1.000000 1 1
2932 IN 2933 2944 13 0.500000 7 1
2933 IN 2934 2935 8 0.500000 6 1
2934 LN -1 -1 -1 -1.000000 1 1
2935 IN 2936 2943 6 0.500000 5 1
2936 IN 2937 2938 12 0.500000 4 1
2937 LN -1 -1 -1 -1.000000 1 1
2938 IN 2939 2940 15 0.500000 3 1
2939 LN -1 -1 -1 -1.000000 1 1
2940 IN 2941 2942 7 0.500000 2 1
2941 LN -1 -1 -1 -1.000000 1 1
2942 LN -1 -1 -1 -1.000000 1 1
2943 LN -1 -1 -1 -1.000000 1 1
2944 IN 2945 2952 7 0.500000 5 1
2945 IN 2946 2949 8 0.500000 3 1
2946 IN 2947 2948 12 0.500000 2 1
2947 LN -1 -1 -1 -1.000000 1 1
2948 LN -1 -1 -1 -1.000000 1 0
2949 IN 2950 2951 12 0.500000 2 1
2950 LN -1 -1 -1 -1.000000 1 0
2951 LN -1 -1 -1 -1.000000 1 1
2952 IN 2953 2960 8 0.500000 4 1
2953 IN 2954 2957 6 0.500000 3 1
2954 IN 2955 2956 12 0.500000 2 1
2955 LN -1 -1 -1 -1.000000 1 1
2956 LN -1 -1 -1 -1.000000 1 1
2957 IN 2958 2959 12 0.500000 2 1
2958 LN -1 -1 -1 -1.000000 1 1
2959 LN -1 -1 -1 -1.000000 1 1
2960 IN 2961 2964 12 0.500000 3 1
2961 IN 2962 2963 6 0.500000 2 1
2962 LN -1 -1 -1 -1.000000 1 1
2963 LN -1 -1 -1 -1.000000 1 1
2964 IN 2965 2966 6 0.500000 2 1
2965 LN -1 -1 -1 -1.000000 1 1
2966 LN -1 -1 -1 -1.000000 1 1

[TREE 7]
NB_NODES: 2917
0 IN 1 2164 0 0.500000 17 0
1 IN 2 559 15 0.500000 16 0
2 IN 3 522 16 0.500000 15 0
3 IN 4 435 1 0.500000 14 0
4 IN 5 70 5 0.500000 13 0
5 IN 6 17 11 0.500000 10 0
6 IN 7 16 7 0.500000 6 0
7 IN 8 15 12 0.500000 5 0
8 IN 9 10 9 0.500000 4 0
9 LN -1 -1 -1 -1.000000 1 0
10 IN 11 12 2 0.500000 3 0
11 LN -1 -1 -1 -1.000000 1 0
12 IN 13 14 8 0.500000 2 0
13 LN -1 -1 -1 -1.000000 1 0
14 LN -1 -1 -1 -1.000000 1 0
15 LN -1 -1 -1 -1.000000 1 0
16 LN -1 -1 -1 -1.000000 1 0
17 IN 18 57 2 0.500000 9 0
18 IN 19 38 8 0.500000 8 0
19 IN 20 27 10 0.500000 7 0
20 IN 21 26 3 0.500000 4 0
21 IN 22 23 7 0.500000 3 0
22 LN -1 -1 -1 -1.000000 1 0
23 IN 24 25 9 0.500000 2 0
24 LN -1 -1 -1 -1.000000 1 0
25 LN -1 -1 -1 -1.000000 1 0
26 LN -1 -1 -1 -1.000000 1 0
27 IN 28 37 3 0.500000 6 0
28 IN 29 36 12 0.500000 5 0
29 IN 30 35 14 0.500000 4 0
30 IN 31 34 7 0.500000 3 0
31 IN 32 33 9 0.500000 2 0
32 LN -1 -1 -1 -1.000000 1 0
33 LN -1 -1 -1 -1.000000 1 0
34 LN -1 -1 -1 -1.000000 1 0
35 LN -1 -1 -1 -1.000000 1 0
36 LN -1 -1 -1 -1.000000 1 0
37 LN -1 -1 -1 -1.000000 1 0
38 IN 39 48 7 0.500000 6 0
39 IN 40 47 12 0.500000 5 0
40 IN 41 46 10 0.500000 4 0
41 IN 42 45 14 0.500000 3 0
42 IN 43 44 3 0.500000 2 0
43 LN -1 -1 -1 -1.000000 1 0
44 LN -1 -1 -1 -1.000000 1 0
45 LN -1 -1 -1 -1.000000 1 1
46 LN -1 -1 -1 -1.000000 1 0
47 LN -1 -1 -1 -1.000000 1 0
48 IN 49 50 12 0.500000 4 0
49 LN -1 -1 -1 -1.000000 1 0
50 IN 51 54 3 0.500000 3 0
51 IN 52 53 10 0.500000 2 0
52 LN -1 -1 -1 -1.000000 1 1
53 LN -1 -1 -1 -1.000000 1 0
54 IN 55 56 10 0.500000 2 0
55 LN -1 -1 -1 -1.000000 1 0
56 LN -1 -1 -1 -1.000000 1 0
57 IN 58 67 7 0.500000 6 0
58 IN 59 66 13 0.500000 5 0
59 IN 60 65 14 0.500000 4 0
60 IN 61 62 8 0.500000 3 0
61 LN -1 -1 -1 -1.000000 1 0
62 IN 63 64 10 0.500000 2 0
63 LN -1 -1 -1 -1.000000 1 0
64 LN -1 -1 -1 -1.000000 1 0
65 LN -1 -1 -1 -1.000000 1 0
66 LN -1 -1 -1 -1.000000 1 1
67 IN 68 69 12 0.500000 2 0
68 LN -1 -1 -1 -1.000000 1 0
69 LN -1 -1 -1 -1.000000 1 0
70 IN 71 206 7 0.500000 12 0
71 IN 72 145 10 0.500000 11 0
72 IN 73 134 13 0.500000 10 0
73 IN 74 113 4 0.500000 9 0
74 IN 75 84 11 0.500000 8 0
75 IN 76 81 2 0.500000 4 0
76 IN 77 80 9 0.500000 3 0
77 IN 78 79 12 0.500000 2 0
78 LN -1 -1 -1 -1.000000 1 0
79 LN -1 -1 -1 -1.000000 1 0
80 LN -1 -1 -1 -1.000000 1 0
81 IN 82 83 12 0.500000 2 1
82 LN -1 -1 -1 -1.000000 1 0
83 LN -1 -1 -1 -1.000000 1 1
84 IN 85 92 9 0.500000 7 0
85 IN 86 91 3 0.500000 4 0
86 IN 87 90 14 0.500000 3 0
87 IN 88 89 2 0.500000 2 0
88 LN -1 -1 -1 -1.000000 1 0
89 LN -1 -1 -1 -1.000000 1 1
90 LN -1 -1 -1 -1.000000 1 0
91 LN -1 -1 -1 -1.000000 1 0
92 IN 93 102 2 0.500000 6 0
93 IN 94 101 8 0.500000 5 0
94 IN 95 100 14 0.500000 4 0
95 IN 96 99 3 0.500000 3 0
96 IN 97 98 12 0.500000 2 0
97 LN -1 -1 -1 -1.000000 1 0
98 LN -1 -1 -1 -1.000000 1 0
99 LN -1 -1 -1 -1.000000 1 0
100 LN -1 -1 -1 -1.000000 1 0
101 LN -1 -1 -1 -1.000000 1 0
102 IN 103 108 14 0.500000 4 0
103 IN 104 107 8 0.500000 3 0
104 IN 105 106 12 0.500000 2 0
105 LN -1 -1 -1 -1.000000 1 0
106 LN -1 -1 -1 -1.000000 1 0
107 LN -1 -1 -1 -1.000000 1 0
108 IN 109 110 3 0.500000 3 1
109 LN -1 -1 -1 -1.000000 1 1
110 IN 111 112 8 0.500000 2 0
111 LN -1 -1 -1 -1.000000 1 0
112 LN -1 -1 -1 -1.000000 1 1
113 IN 114 133 14 0.500000 8 0
114 IN 115 120 11 0.500000 7 0
115 IN 116 117 9 0.500000 3 0
116 LN -1 -1 -1 -1.000000 1 0
117 IN 118 119 2 0.500000 2 0
118 LN -1 -1 -1 -1.000000 1 1
119 LN -1 -1 -1 -1.000000 1 0
120 IN 121 132 12 0.500000 6 0
121 IN 122 123 9 0.500000 5 0
122 LN -1 -1 -1 -1.000000 1 0
123 IN 124 129 3 0.500000 4 0
124 IN 125 128 8 0.500000 3 0
125 IN 126 127 2 0.500000 2 0
126 LN -1 -1 -1 -1.000000 1 0
127 LN -1 -1 -1 -1.000000 1 0
128 LN -1 -1 -1 -1.000000 1 0
129 IN 130 131 2 0.500000 2 1
130 LN -1 -1 -1 -1.000000 1 0
131 LN -1 -1 -1 -1.000000 1 1
132 LN -1 -1 -1 -1.000000 1 0
133 LN -1 -1 -1 -1.000000 1 0
134 IN 135 136 2 0.500000 5 0
135 LN -1 -1 -1 -1.000000 1 0
136 IN 137 142 4 0.500000 4 0
137 IN 138 141 12 0.500000 3 0
138 IN 139 140 9 0.500000 2 0
139 LN -1 -1 -1 -1.000000 1 0
140 LN -1 -1 -1 -1.000000 1 1
141 LN -1 -1 -1 -1.000000 1 0
142 IN 143 144 8 0.500000 2 0
143 LN -1 -1 -1 -1.000000 1 0
144 LN -1 -1 -1 -1.000000 1 0
145 IN 146 165 9 0.500000 8 0
146 IN 147 164 2 0.500000 6 0
147 IN 148 163 14 0.500000 5 0
148 IN 149 156 3 0.500000 4 0
149 IN 150 153 12 0.500000 3 0
150 IN 151 152 4 0.500000 2 0
151 LN -1 -1 -1 -1.000000 1 0
152 LN -1 -1 -1 -1.000000 1 0
153 IN 154 155 4 0.500000 2 0
154 LN -1 -1 -1 -1.000000 1 0
155 LN -1 -1 -1 -1.000000 1 0
156 IN 157 160 4 0.500000 3 0
157 IN 158 159 12 0.500000 2 0
158 LN -1 -1 -1 -1.000000 1 0
159 LN -1 -1 -1 -1.000000 1 0
160 IN 161 162 12 0.500000 2 0
161 LN -1 -1 -1 -1.000000 1 0
162 LN -1 -1 -1 -1.000000 1 0
163 LN -1 -1 -1 -1.000000 1 0
164 LN -1 -1 -1 -1.000000 1 0
165 IN 166 177 2 0.500000 7 0
166 IN 167 176 12 0.500000 6 0
167 IN 168 175 8 0.500000 5 0
168 IN 169 170 3 0.500000 4 0
169 LN -1 -1 -1 -1.000000 1 0
170 IN 171 174 4 0.500000 3 0
171 IN 172 173 14 0.500000 2 0
172 LN -1 -1 -1 -1.000000 1 0
173 LN -1 -1 -1 -1.000000 1 0
174 LN -1 -1 -1 -1.000000 1 1
175 LN -1 -1 -1 -1.000000 1 1
176 LN -1 -1 -1 -1.000000 1 0
177 IN 178 195 4 0.500000 6 0
178 IN 179 186 12 0.500000 5 0
179 IN 180 185 3 0.500000 4 0
180 IN 181 184 8 0.500000 3 0
181 IN 182 183 13 0.500000 2 1
182 LN -1 -1 -1 -1.000000 1 1
183 LN -1 -1 -1 -1.000000 1 0
184 LN -1 -1 -1 -1.000000 1 0
185 LN -1 -1 -1 -1.000000 1 0
186 IN 187 192 8 0.500000 4 0
187 IN 188 191 3 0.500000 3 0
188 IN 189 190 14 0.500000 2 0
189 LN -1 -1 -1 -1.000000 1 0
190 LN -1 -1 -1 -1.000000 1 1
191 LN -1 -1 -1 -1.000000 1 0
192 IN 193 194 3 0.500000 2 1
193 LN -1 -1 -1 -1.000000 1 1
194 LN -1 -1 -1 -1.000000 1 0
195 IN 196 203 12 0.500000 4 0
196 IN 197 200 8 0.500000 3 0
197 IN 198 199 3 0.500000 2 0
198 LN -1 -1 -1 -1.000000 1 0
199 LN -1 -1 -1 -1.000000 1 0
200 IN 201 202 3 0.500000 2 0
201 LN -1 -1 -1 -1.000000 1 0
202 LN -1 -1 -1 -1.000000 1 1
203 IN 204 205 3 0.500000 2 0
204 LN -1 -1 -1 -1.000000 1 0
205 LN -1 -1 -1 -1.000000 1 1
206 IN 207 360 8 0.500000 11 0
207 IN 208 301 2 0.500000 10 0
208 IN 209 264 6 0.500000 8 0
209 IN 210 235 3 0.500000 7 0
210 IN 211 218 10 0.500000 6 0
211 IN 212 217 4 0.500000 4 0
212 IN 213 216 9 0.500000 3 0
213 IN 214 215 11 0.500000 2 0
214 LN -1 -1 -1 -1.000000 1 0
215 LN -1 -1 -1 -1.000000 1 0
216 LN -1 -1 -1 -1.000000 1 0
217 LN -1 -1 -1 -1.000000 1 0
218 IN 219 228 9 0.500000 5 0
219 IN 220 227 14 0.500000 4 0
220 IN 221 224 4 0.500000 3 0
221 IN 222 223 12 0.500000 2 0
222 LN -1 -1 -1 -1.000000 1 0
223 LN -1 -1 -1 -1.000000 1 0
224 IN 225 226 12 0.500000 2 0
225 LN -1 -1 -1 -1.000000 1 0
226 LN -1 -1 -1 -1.000000 1 0
227 LN -1 -1 -1 -1.000000 1 0
228 IN 229 232 12 0.500000 3 0
229 IN 230 231 4 0.500000 2 0
230 LN -1 -1 -1 -1.000000 1 0
231 LN -1 -1 -1 -1.000000 1 0
232 IN 233 234 4 0.500000 2 0
233 LN -1 -1 -1 -1.000000 1 1
234 LN -1 -1 -1 -1.000000 1 0
235 IN 236 249 9 0.500000 6 0
236 IN 237 240 10 0.500000 5 0
237 IN 238 239 4 0.500000 2 0
238 LN -1 -1 -1 -1.000000 1 0
239 LN -1 -1 -1 -1.000000 1 1
240 IN 241 248 14 0.500000 4 0
241 IN 242 245 12 0.500000 3 0
242 IN 243 244 4 0.500000 2 0
243 LN -1 -1 -1 -1.000000 1 0
244 LN -1 -1 -1 -1.000000 1 0
245 IN 246 247 4 0.500000 2 0
246 LN -1 -1 -1 -1.000000 1 1
247 LN -1 -1 -1 -1.000000 1 0
248 LN -1 -1 -1 -1.000000 1 1
249 IN 250 255 10 0.500000 5 0
250 IN 251 254 4 0.500000 3 0
251 IN 252 253 12 0.500000 2 0
252 LN -1 -1 -1 -1.000000 1 0
253 LN -1 -1 -1 -1.000000 1 0
254 LN -1 -1 -1 -1.000000 1 0
255 IN 256 261 12 0.500000 4 0
256 IN 257 260 14 0.500000 3 0
257 IN 258 259 4 0.500000 2 0
258 LN -1 -1 -1 -1.000000 1 0
259 LN -1 -1 -1 -1.000000 1 0
260 LN -1 -1 -1 -1.000000 1 0
261 IN 262 263 4 0.500000 2 0
262 LN -1 -1 -1 -1.000000 1 0
263 LN -1 -1 -1 -1.000000 1 0
264 IN 265 276 10 0.500000 7 0
265 IN 266 273 12 0.500000 5 0
266 IN 267 272 14 0.500000 4 0
267 IN 268 269 4 0.500000 3 0
268 LN -1 -1 -1 -1.000000 1 0
269 IN 270 271 9 0.500000 2 0
270 LN -1 -1 -1 -1.000000 1 0
271 LN -1 -1 -1 -1.000000 1 0
272 LN -1 -1 -1 -1.000000 1 0
273 IN 274 275 9 0.500000 2 0
274 LN -1 -1 -1 -1.000000 1 0
275 LN -1 -1 -1 -1.000000 1 0
276 IN 277 296 14 0.500000 6 0
277 IN 278 287 9 0.500000 5 0
278 IN 279 284 12 0.500000 4 0
279 IN 280 281 3 0.500000 3 0
280 LN -1 -1 -1 -1.000000 1 0
281 IN 282 283 4 0.500000 2 0
282 LN -1 -1 -1 -1.000000 1 0
283 LN -1 -1 -1 -1.000000 1 0
284 IN 285 286 4 0.500000 2 0
285 LN -1 -1 -1 -1.000000 1 0
286 LN -1 -1 -1 -1.000000 1 0
287 IN 288 293 4 0.500000 4 0
288 IN 289 292 12 0.500000 3 0
289 IN 290 291 3 0.500000 2 0
290 LN -1 -1 -1 -1.000000 1 0
291 LN -1 -1 -1 -1.000000 1 0
292 LN -1 -1 -1 -1.000000 1 0
293 IN 294 295 12 0.500000 2 0
294 LN -1 -1 -1 -1.000000 1 0
295 LN -1 -1 -1 -1.000000 1 1
296 IN 297 298 4 0.500000 3 1
297 LN -1 -1 -1 -1.000000 1 1
298 IN 299 300 12 0.500000 2 1
299 LN -1 -1 -1 -1.000000 1 1
300 LN -1 -1 -1 -1.000000 1 0
301 IN 302 345 14 0.500000 9 0
302 IN 303 304 9 0.500000 8 0
303 LN -1 -1 -1 -1.000000 1 0
304 IN 305 326 12 0.500000 7 0
305 IN 306 315 4 0.500000 5 0
306 IN 307 314 6 0.500000 4 0
307 IN 308 311 3 0.500000 3 0
308 IN 309 310 10 0.500000 2 0
309 LN -1 -1 -1 -1.000000 1 0
310 LN -1 -1 -1 -1.000000 1 0
311 IN 312 313 10 0.500000 2 0
312 LN -1 -1 -1 -1.000000 1 0
313 LN -1 -1 -1 -1.000000 1 0
314 LN -1 -1 -1 -1.000000 1 0
315 IN 316 323 6 0.500000 4 0
316 IN 317 320 3 0.500000 3 0
317 IN 318 319 10 0.500000 2 0
318 LN -1 -1 -1 -1.000000 1 0
319 LN -1 -1 -1 -1.000000 1 1
320 IN 321 322 10 0.500000 2 0
321 LN -1 -1 -1 -1.000000 1 1
322 LN -1 -1 -1 -1.000000 1 0
323 IN 324 325 10 0.500000 2 0
324 LN -1 -1 -1 -1.000000 1 0
325 LN -1 -1 -1 -1.000000 1 0
326 IN 327 328 11 0.500000 6 0
327 LN -1 -1 -1 -1.000000 1 0
328 IN 329 334 10 0.500000 5 0
329 IN 330 333 4 0.500000 3 0
330 IN 331 332 6 0.500000 2 0
331 LN -1 -1 -1 -1.000000 1 0
332 LN -1 -1 -1 -1.000000 1 0
333 LN -1 -1 -1 -1.000000 1 0
334 IN 335 342 6 0.500000 4 0
335 IN 336 339 3 0.500000 3 0
336 IN 337 338 4 0.500000 2 0
337 LN -1 -1 -1 -1.000000 1 0
338 LN -1 -1 -1 -1.000000 1 0
339 IN 340 341 4 0.500000 2 1
340 LN -1 -1 -1 -1.000000 1 1
341 LN -1 -1 -1 -1.000000 1 0
342 IN 343 344 4 0.500000 2 0
343 LN -1 -1 -1 -1.000000 1 0
344 LN -1 -1 -1 -1.000000 1 0
345 IN 346 351 3 0.500000 5 0
346 IN 347 348 4 0.500000 3 0
347 LN -1 -1 -1 -1.000000 1 0
348 IN 349 350 10 0.500000 2 1
349 LN -1 -1 -1 -1.000000 1 1
350 LN -1 -1 -1 -1.000000 1 0
351 IN 352 355 10 0.500000 4 0
352 IN 353 354 13 0.500000 2 0
353 LN -1 -1 -1 -1.000000 1 0
354 LN -1 -1 -1 -1.000000 1 1
355 IN 356 359 6 0.500000 3 1
356 IN 357 358 12 0.500000 2 0
357 LN -1 -1 -1 -1.000000 1 1
358 LN -1 -1 -1 -1.000000 1 0
359 LN -1 -1 -1 -1.000000 1 1
360 IN 361 412 4 0.500000 8 0
361 IN 362 403 14 0.500000 7 0
362 IN 363 384 12 0.500000 6 0
363 IN 364 373 10 0.500000 5 0
364 IN 365 370 6 0.500000 4 0
365 IN 366 367 2 0.500000 3 0
366 LN -1 -1 -1 -1.000000 1 0
367 IN 368 369 3 0.500000 2 0
368 LN -1 -1 -1 -1.000000 1 0
369 LN -1 -1 -1 -1.000000 1 0
370 IN 371 372 2 0.500000 2 0
371 LN -1 -1 -1 -1.000000 1 0
372 LN -1 -1 -1 -1.000000 1 0
373 IN 374 377 3 0.500000 4 0
374 IN 375 376 2 0.500000 2 0
375 LN -1 -1 -1 -1.000000 1 0
376 LN -1 -1 -1 -1.000000 1 0
377 IN 378 381 2 0.500000 3 0
378 IN 379 380 6 0.500000 2 0
379 LN -1 -1 -1 -1.000000 1 0
380 LN -1 -1 -1 -1.000000 1 0
381 IN 382 383 6 0.500000 2 0
382 LN -1 -1 -1 -1.000000 1 0
383 LN -1 -1 -1 -1.000000 1 1
384 IN 385 392 10 0.500000 5 0
385 IN 386 387 3 0.500000 4 0
386 LN -1 -1 -1 -1.000000 1 1
387 IN 388 389 2 0.500000 3 0
388 LN -1 -1 -1 -1.000000 1 0
389 IN 390 391 6 0.500000 2 0
390 LN -1 -1 -1 -1.000000 1 0
391 LN -1 -1 -1 -1.000000 1 0
392 IN 393 400 6 0.500000 4 0
393 IN 394 397 3 0.500000 3 0
394 IN 395 396 2 0.500000 2 0
395 LN -1 -1 -1 -1.000000 1 0
396 LN -1 -1 -1 -1.000000 1 0
397 IN 398 399 2 0.500000 2 0
398 LN -1 -1 -1 -1.000000 1 0
399 LN -1 -1 -1 -1.000000 1 0
400 IN 401 402 2 0.500000 2 0
401 LN -1 -1 -1 -1.000000 1 1
402 LN -1 -1 -1 -1.000000 1 0
403 IN 404 409 3 0.500000 4 0
404 IN 405 408 6 0.500000 3 0
405 IN 406 407 10 0.500000 2 0
406 LN -1 -1 -1 -1.000000 1 1
407 LN -1 -1 -1 -1.000000 1 0
408 LN -1 -1 -1 -1.000000 1 0
409 IN 410 411 12 0.500000 2 0
410 LN -1 -1 -1 -1.000000 1 0
411 LN -1 -1 -1 -1.000000 1 1
412 IN 413 434 14 0.500000 7 0
413 IN 414 417 10 0.500000 6 0
414 IN 415 416 12 0.500000 2 0
415 LN -1 -1 -1 -1.000000 1 0
416 LN -1 -1 -1 -1.000000 1 0
417 IN 418 421 3 0.500000 5 0
418 IN 419 420 12 0.500000 2 0
419 LN -1 -1 -1 -1.000000 1 0
420 LN -1 -1 -1 -1.000000 1 0
421 IN 422 427 6 0.500000 4 1
422 IN 423 424 2 0.500000 3 1
423 LN -1 -1 -1 -1.000000 1 1
424 IN 425 426 12 0.500000 2 0
425 LN -1 -1 -1 -1.000000 1 0
426 LN -1 -1 -1 -1.000000 1 1
427 IN 428 431 2 0.500000 3 0
428 IN 429 430 12 0.500000 2 0
429 LN -1 -1 -1 -1.000000 1 0
430 LN -1 -1 -1 -1.000000 1 0
431 IN 432 433 12 0.500000 2 1
432 LN -1 -1 -1 -1.000000 1 1
433 LN -1 -1 -1 -1.000000 1 1
434 LN -1 -1 -1 -1.000000 1 1
435 IN 436 483 14 0.500000 9 0
436 IN 437 442 7 0.500000 8 0
437 IN 438 439 12 0.500000 3 0
438 LN -1 -1 -1 -1.000000 1 0
439 IN 440 441 4 0.500000 2 0
440 LN -1 -1 -1 -1.000000 1 0
441 LN -1 -1 -1 -1.000000 1 1
442 IN 443 454 10 0.500000 7 1
443 IN 444 453 4 0.500000 5 0
444 IN 445 450 8 0.500000 4 0
445 IN 446 447 11 0.500000 3 0
446 LN -1 -1 -1 -1.000000 1 1
447 IN 448 449 12 0.500000 2 0
448 LN -1 -1 -1 -1.000000 1 0
449 LN -1 -1 -1 -1.000000 1 1
450 IN 451 452 12 0.500000 2 0
451 LN -1 -1 -1 -1.000000 1 0
452 LN -1 -1 -1 -1.000000 1 1
453 LN -1 -1 -1 -1.000000 1 1
454 IN 455 462 8 0.500000 6 1
455 IN 456 461 12 0.500000 4 1
456 IN 457 460 6 0.500000 3 1
457 IN 458 459 3 0.500000 2 1
458 LN -1 -1 -1 -1.000000 1 1
459 LN -1 -1 -1 -1.000000 1 0
460 LN -1 -1 -1 -1.000000 1 1
461 LN -1 -1 -1 -1.000000 1 1
462 IN 463 470 3 0.500000 5 1
463 IN 464 467 12 0.500000 3 0
464 IN 465 466 4 0.500000 2 0
465 LN -1 -1 -1 -1.000000 1 1
466 LN -1 -1 -1 -1.000000 1 0
467 IN 468 469 4 0.500000 2 1
468 LN -1 -1 -1 -1.000000 1 0
469 LN -1 -1 -1 -1.000000 1 1
470 IN 471 478 4 0.500000 4 1
471 IN 472 475 12 0.500000 3 1
472 IN 473 474 6 0.500000 2 1
473 LN -1 -1 -1 -1.000000 1 1
474 LN -1 -1 -1 -1.000000 1 1
475 IN 476 477 6 0.500000 2 1
476 LN -1 -1 -1 -1.000000 1 1
477 LN -1 -1 -1 -1.000000 1 0
478 IN 479 482 6 0.500000 3 1
479 IN 480 481 12 0.500000 2 1
480 LN -1 -1 -1 -1.000000 1 0
481 LN -1 -1 -1 -1.000000 1 1
482 LN -1 -1 -1 -1.000000 1 1
483 IN 484 515 13 0.500000 7 0
484 IN 485 498 10 0.500000 6 0
485 IN 486 497 6 0.500000 5 0
486 IN 487 492 12 0.500000 4 0
487 IN 488 489 9 0.500000 3 0
488 LN -1 -1 -1 -1.000000 1 0
489 IN 490 491 7 0.500000 2 0
490 LN -1 -1 -1 -1.000000 1 0
491 LN -1 -1 -1 -1.000000 1 0
492 IN 493 494 5 0.500000 3 0
493 LN -1 -1 -1 -1.000000 1 0
494 IN 495 496 8 0.500000 2 0
495 LN -1 -1 -1 -1.000000 1 1
496 LN -1 -1 -1 -1.000000 1 0
497 LN -1 -1 -1 -1.000000 1 0
498 IN 499 510 12 0.500000 5 1
499 IN 500 505 4 0.500000 4 0
500 IN 501 502 3 0.500000 3 0
501 LN -1 -1 -1 -1.000000 1 0
502 IN 503 504 6 0.500000 2 0
503 LN -1 -1 -1 -1.000000 1 1
504 LN -1 -1 -1 -1.000000 1 0
505 IN 506 507 3 0.500000 3 1
506 LN -1 -1 -1 -1.000000 1 1
507 IN 508 509 8 0.500000 2 0
508 LN -1 -1 -1 -1.000000 1 1
509 LN -1 -1 -1 -1.000000 1 0
510 IN 511 512 6 0.500000 3 1
511 LN -1 -1 -1 -1.000000 1 1
512 IN 513 514 4 0.500000 2 1
513 LN -1 -1 -1 -1.000000 1 0
514 LN -1 -1 -1 -1.000000 1 1
515 IN 516 521 6 0.500000 4 0
516 IN 517 518 10 0.500000 3 0
517 LN -1 -1 -1 -1.000000 1 0
518 IN 519 520 12 0.500000 2 1
519 LN -1 -1 -1 -1.000000 1 1
520 LN -1 -1 -1 -1.000000 1 0
521 LN -1 -1 -1 -1.000000 1 0
522 IN 523 556 6 0.500000 8 0
523 IN 524 549 8 0.500000 7 0
524 IN 525 540 12 0.500000 6 0
525 IN 526 533 14 0.500000 5 0
526 IN 527 528 2 0.500000 4 0
527 LN -1 -1 -1 -1.000000 1 0
528 IN 529 530 7 0.500000 3 1
529 LN -1 -1 -1 -1.000000 1 1
530 IN 531 532 9 0.500000 2 0
531 LN -1 -1 -1 -1.000000 1 0
532 LN -1 -1 -1 -1.000000 1 1
533 IN 534 539 2 0.500000 4 0
534 IN 535 538 10 0.500000 3 0
535 IN 536 537 13 0.500000 2 1
536 LN -1 -1 -1 -1.000000 1 1
537 LN -1 -1 -1 -1.000000 1 0
538 LN -1 -1 -1 -1.000000 1 0
539 LN -1 -1 -1 -1.000000 1 0
540 IN 541 542 9 0.500000 5 1
541 LN -1 -1 -1 -1.000000 1 0
542 IN 543 548 1 0.500000 4 1
543 IN 544 547 7 0.500000 3 1
544 IN 545 546 13 0.500000 2 0
545 LN -1 -1 -1 -1.000000 1 0
546 LN -1 -1 -1 -1.000000 1 1
547 LN -1 -1 -1 -1.000000 1 1
548 LN -1 -1 -1 -1.000000 1 1
549 IN 550 551 10 0.500000 4 1
550 LN -1 -1 -1 -1.000000 1 0
551 IN 552 555 13 0.500000 3 1
552 IN 553 554 14 0.500000 2 0
553 LN -1 -1 -1 -1.000000 1 0
554 LN -1 -1 -1 -1.000000 1 1
555 LN -1 -1 -1 -1.000000 1 1
556 IN 557 558 8 0.500000 2 1
557 LN -1 -1 -1 -1.000000 1 0
558 LN -1 -1 -1 -1.000000 1 1
559 IN 560 963 2 0.500000 15 0
560 IN 561 848 4 0.500000 14 0
561 IN 562 629 5 0.500000 13 0
562 IN 563 594 14 0.500000 9 0
563 IN 564 565 11 0.500000 8 0
564 LN -1 -1 -1 -1.000000 1 0
565 IN 566 581 12 0.500000 7 0
566 IN 567 572 10 0.500000 6 0
567 IN 568 571 9 0.500000 3 0
568 IN 569 570 7 0.500000 2 0
569 LN -1 -1 -1 -1.000000 1 0
570 LN -1 -1 -1 -1.000000 1 0
571 LN -1 -1 -1 -1.000000 1 0
572 IN 573 574 7 0.500000 5 0
573 LN -1 -1 -1 -1.000000 1 0
574 IN 575 576 9 0.500000 4 0
575 LN -1 -1 -1 -1.000000 1 0
576 IN 577 580 3 0.500000 3 0
577 IN 578 579 8 0.500000 2 0
578 LN -1 -1 -1 -1.000000 1 1
579 LN -1 -1 -1 -1.000000 1 0
580 LN -1 -1 -1 -1.000000 1 0
581 IN 582 589 7 0.500000 5 0
582 IN 583 588 3 0.500000 4 0
583 IN 584 587 8 0.500000 3 0
584 IN 585 586 9 0.500000 2 0
585 LN -1 -1 -1 -1.000000 1 0
586 LN -1 -1 -1 -1.000000 1 0
587 LN -1 -1 -1 -1.000000 1 0
588 LN -1 -1 -1 -1.000000 1 1
589 IN 590 593 3 0.500000 3 0
590 IN 591 592 10 0.500000 2 0
591 LN -1 -1 -1 -1.000000 1 0
592 LN -1 -1 -1 -1.000000 1 0
593 LN -1 -1 -1 -1.000000 1 0
594 IN 595 620 3 0.500000 8 0
595 IN 596 607 9 0.500000 7 0
596 IN 597 606 12 0.500000 6 0
597 IN 598 605 16 0.500000 5 0
598 IN 599 600 10 0.500000 4 0
599 LN -1 -1 -1 -1.000000 1 0
600 IN 601 604 13 0.500000 3 0
601 IN 602 603 7 0.500000 2 0
602 LN -1 -1 -1 -1.000000 1 0
603 LN -1 -1 -1 -1.000000 1 0
604 LN -1 -1 -1 -1.000000 1 0
605 LN -1 -1 -1 -1.000000 1 0
606 LN -1 -1 -1 -1.000000 1 0
607 IN 608 619 8 0.500000 6 0
608 IN 609 618 13 0.500000 5 0
609 IN 610 613 7 0.500000 4 0
610 IN 611 612 10 0.500000 2 0
611 LN -1 -1 -1 -1.000000 1 1
612 LN -1 -1 -1 -1.000000 1 0
613 IN 614 617 16 0.500000 3 0
614 IN 615 616 10 0.500000 2 0
615 LN -1 -1 -1 -1.000000 1 0
616 LN -1 -1 -1 -1.000000 1 0
617 LN -1 -1 -1 -1.000000 1 1
618 LN -1 -1 -1 -1.000000 1 0
619 LN -1 -1 -1 -1.000000 1 0
620 IN 621 628 16 0.500000 5 0
621 IN 622 623 10 0.500000 4 0
622 LN -1 -1 -1 -1.000000 1 0
623 IN 624 625 12 0.500000 3 0
624 LN -1 -1 -1 -1.000000 1 0
625 IN 626 627 7 0.500000 2 0
626 LN -1 -1 -1 -1.000000 1 1
627 LN -1 -1 -1 -1.000000 1 0
628 LN -1 -1 -1 -1.000000 1 0
629 IN 630 801 13 0.500000 12 0
630 IN 631 632 11 0.500000 11 0
631 LN -1 -1 -1 -1.000000 1 0
632 IN 633 704 3 0.500000 10 0
633 IN 634 703 8 0.500000 9 0
634 IN 635 696 16 0.500000 8 0
635 IN 636 671 9 0.500000 7 0
636 IN 637 656 12 0.500000 6 0
637 IN 638 647 14 0.500000 5 0
638 IN 639 642 7 0.500000 4 0
639 IN 640 641 10 0.500000 2 0
640 LN -1 -1 -1 -1.000000 1 0
641 LN -1 -1 -1 -1.000000 1 0
642 IN 643 644 10 0.500000 3 0
643 LN -1 -1 -1 -1.000000 1 0
644 IN 645 646 6 0.500000 2 0
645 LN -1 -1 -1 -1.000000 1 0
646 LN -1 -1 -1 -1.000000 1 0
647 IN 648 655 6 0.500000 4 0
648 IN 649 652 10 0.500000 3 0
649 IN 650 651 7 0.500000 2 0
650 LN -1 -1 -1 -1.000000 1 0
651 LN -1 -1 -1 -1.000000 1 0
652 IN 653 654 7 0.500000 2 0
653 LN -1 -1 -1 -1.000000 1 0
654 LN -1 -1 -1 -1.000000 1 0
655 LN -1 -1 -1 -1.000000 1 0
656 IN 657 670 6 0.500000 5 0
657 IN 658 663 7 0.500000 4 0
658 IN 659 662 14 0.500000 3 0
659 IN 660 661 10 0.500000 2 0
660 LN -1 -1 -1 -1.000000 1 0
661 LN -1 -1 -1 -1.000000 1 0
662 LN -1 -1 -1 -1.000000 1 0
663 IN 664 667 10 0.500000 3 0
664 IN 665 666 14 0.500000 2 1
665 LN -1 -1 -1 -1.000000 1 1
666 LN -1 -1 -1 -1.000000 1 0
667 IN 668 669 14 0.500000 2 0
668 LN -1 -1 -1 -1.000000 1 0
669 LN -1 -1 -1 -1.000000 1 0
670 LN -1 -1 -1 -1.000000 1 0
671 IN 672 687 12 0.500000 6 0
672 IN 673 682 14 0.500000 5 0
673 IN 674 677 7 0.500000 4 0
674 IN 675 676 10 0.500000 2 0
675 LN -1 -1 -1 -1.000000 1 0
676 LN -1 -1 -1 -1.000000 1 0
677 IN 678 679 10 0.500000 3 0
678 LN -1 -1 -1 -1.000000 1 0
679 IN 680 681 6 0.500000 2 0
680 LN -1 -1 -1 -1.000000 1 0
681 LN -1 -1 -1 -1.000000 1 0
682 IN 683 684 7 0.500000 3 0
683 LN -1 -1 -1 -1.000000 1 0
684 IN 685 686 10 0.500000 2 0
685 LN -1 -1 -1 -1.000000 1 0
686 LN -1 -1 -1 -1.000000 1 0
687 IN 688 689 10 0.500000 4 0
688 LN -1 -1 -1 -1.000000 1 0
689 IN 690 693 14 0.500000 3 0
690 IN 691 692 7 0.500000 2 0
691 LN -1 -1 -1 -1.000000 1 0
692 LN -1 -1 -1 -1.000000 1 0
693 IN 694 695 7 0.500000 2 0
694 LN -1 -1 -1 -1.000000 1 0
695 LN -1 -1 -1 -1.000000 1 0
696 IN 697 698 14 0.500000 4 0
697 LN -1 -1 -1 -1.000000 1 0
698 IN 699 702 12 0.500000 3 0
699 IN 700 701 7 0.500000 2 0
700 LN -1 -1 -1 -1.000000 1 0
701 LN -1 -1 -1 -1.000000 1 0
702 LN -1 -1 -1 -1.000000 1 0
703 LN -1 -1 -1 -1.000000 1 0
704 IN 705 762 12 0.500000 9 0
705 IN 706 733 9 0.500000 8 0
706 IN 707 716 7 0.500000 6 0
707 IN 708 711 10 0.500000 4 0
708 IN 709 710 14 0.500000 2 0
709 LN -1 -1 -1 -1.000000 1 0
710 LN -1 -1 -1 -1.000000 1 1
711 IN 712 715 16 0.500000 3 0
712 IN 713 714 14 0.500000 2 0
713 LN -1 -1 -1 -1.000000 1 0
714 LN -1 -1 -1 -1.000000 1 0
715 LN -1 -1 -1 -1.000000 1 0
716 IN 717 724 14 0.500000 5 0
717 IN 718 723 16 0.500000 4 0
718 IN 719 722 10 0.500000 3 0
719 IN 720 721 6 0.500000 2 0
720 LN -1 -1 -1 -1.000000 1 0
721 LN -1 -1 -1 -1.000000 1 0
722 LN -1 -1 -1 -1.000000 1 0
723 LN -1 -1 -1 -1.000000 1 0
724 IN 725 730 16 0.500000 4 0
725 IN 726 729 6 0.500000 3 0
726 IN 727 728 10 0.500000 2 0
727 LN -1 -1 -1 -1.000000 1 0
728 LN -1 -1 -1 -1.000000 1 0
729 LN -1 -1 -1 -1.000000 1 0
730 IN 731 732 6 0.500000 2 0
731 LN -1 -1 -1 -1.000000 1 1
732 LN -1 -1 -1 -1.000000 1 0
733 IN 734 761 16 0.500000 7 0
734 IN 735 746 7 0.500000 6 0
735 IN 736 739 10 0.500000 4 0
736 IN 737 738 14 0.500000 2 0
737 LN -1 -1 -1 -1.000000 1 0
738 LN -1 -1 -1 -1.000000 1 0
739 IN 740 743 8 0.500000 3 1
740 IN 741 742 14 0.500000 2 0
741 LN -1 -1 -1 -1.000000 1 1
742 LN -1 -1 -1 -1.000000 1 0
743 IN 744 745 14 0.500000 2 1
744 LN -1 -1 -1 -1.000000 1 0
745 LN -1 -1 -1 -1.000000 1 1
746 IN 747 760 8 0.500000 5 0
747 IN 748 755 10 0.500000 4 0
748 IN 749 752 14 0.500000 3 0
749 IN 750 751 6 0.500000 2 0
750 LN -1 -1 -1 -1.000000 1 0
751 LN -1 -1 -1 -1.000000 1 1
752 IN 753 754 6 0.500000 2 0
753 LN -1 -1 -1 -1.000000 1 0
754 LN -1 -1 -1 -1.000000 1 1
755 IN 756 759 14 0.500000 3 0
756 IN 757 758 6 0.500000 2 0
757 LN -1 -1 -1 -1.000000 1 0
758 LN -1 -1 -1 -1.000000 1 0
759 LN -1 -1 -1 -1.000000 1 0
760 LN -1 -1 -1 -1.000000 1 0
761 LN -1 -1 -1 -1.000000 1 0
762 IN 763 782 9 0.500000 7 0
763 IN 764 771 10 0.500000 5 0
764 IN 765 770 6 0.500000 4 0
765 IN 766 767 7 0.500000 3 0
766 LN -1 -1 -1 -1.000000 1 0
767 IN 768 769 14 0.500000 2 0
768 LN -1 -1 -1 -1.000000 1 1
769 LN -1 -1 -1 -1.000000 1 0
770 LN -1 -1 -1 -1.000000 1 0
771 IN 772 775 7 0.500000 4 0
772 IN 773 774 14 0.500000 2 1
773 LN -1 -1 -1 -1.000000 1 0
774 LN -1 -1 -1 -1.000000 1 1
775 IN 776 779 6 0.500000 3 0
776 IN 777 778 14 0.500000 2 0
777 LN -1 -1 -1 -1.000000 1 0
778 LN -1 -1 -1 -1.000000 1 0
779 IN 780 781 14 0.500000 2 1
780 LN -1 -1 -1 -1.000000 1 1
781 LN -1 -1 -1 -1.000000 1 0
782 IN 783 800 14 0.500000 6 0
783 IN 784 791 7 0.500000 5 0
784 IN 785 790 16 0.500000 4 0
785 IN 786 789 8 0.500000 3 0
786 IN 787 788 10 0.500000 2 0
787 LN -1 -1 -1 -1.000000 1 0
788 LN -1 -1 -1 -1.000000 1 0
789 LN -1 -1 -1 -1.000000 1 0
790 LN -1 -1 -1 -1.000000 1 0
791 IN 792 797 6 0.500000 4 1
792 IN 793 796 8 0.500000 3 1
793 IN 794 795 10 0.500000 2 0
794 LN -1 -1 -1 -1.000000 1 0
795 LN -1 -1 -1 -1.000000 1 1
796 LN -1 -1 -1 -1.000000 1 1
797 IN 798 799 10 0.500000 2 0
798 LN -1 -1 -1 -1.000000 1 1
799 LN -1 -1 -1 -1.000000 1 0
800 LN -1 -1 -1 -1.000000 1 1
801 IN 802 827 3 0.500000 9 0
802 IN 803 826 8 0.500000 8 0
803 IN 804 819 10 0.500000 7 0
804 IN 805 806 11 0.500000 6 0
805 LN -1 -1 -1 -1.000000 1 0
806 IN 807 814 7 0.500000 5 0
807 IN 808 813 12 0.500000 4 0
808 IN 809 812 16 0.500000 3 0
809 IN 810 811 9 0.500000 2 0
810 LN -1 -1 -1 -1.000000 1 0
811 LN -1 -1 -1 -1.000000 1 0
812 LN -1 -1 -1 -1.000000 1 0
813 LN -1 -1 -1 -1.000000 1 1
814 IN 815 818 12 0.500000 3 0
815 IN 816 817 9 0.500000 2 0
816 LN -1 -1 -1 -1.000000 1 0
817 LN -1 -1 -1 -1.000000 1 1
818 LN -1 -1 -1 -1.000000 1 0
819 IN 820 825 9 0.500000 4 0
820 IN 821 824 16 0.500000 3 0
821 IN 822 823 12 0.500000 2 0
822 LN -1 -1 -1 -1.000000 1 0
823 LN -1 -1 -1 -1.000000 1 0
824 LN -1 -1 -1 -1.000000 1 0
825 LN -1 -1 -1 -1.000000 1 0
826 LN -1 -1 -1 -1.000000 1 0
827 IN 828 835 7 0.500000 7 0
828 IN 829 832 9 0.500000 3 1
829 IN 830 831 10 0.500000 2 1
830 LN -1 -1 -1 -1.000000 1 0
831 LN -1 -1 -1 -1.000000 1 1
832 IN 833 834 12 0.500000 2 1
833 LN -1 -1 -1 -1.000000 1 0
834 LN -1 -1 -1 -1.000000 1 1
835 IN 836 845 12 0.500000 6 0
836 IN 837 844 6 0.500000 5 0
837 IN 838 839 9 0.500000 4 0
838 LN -1 -1 -1 -1.000000 1 0
839 IN 840 841 16 0.500000 3 0
840 LN -1 -1 -1 -1.000000 1 0
841 IN 842 843 10 0.500000 2 1
842 LN -1 -1 -1 -1.000000 1 1
843 LN -1 -1 -1 -1.000000 1 1
844 LN -1 -1 -1 -1.000000 1 0
845 IN 846 847 9 0.500000 2 0
846 LN -1 -1 -1 -1.000000 1 0
847 LN -1 -1 -1 -1.000000 1 0
848 IN 849 908 7 0.500000 9 0
849 IN 850 871 10 0.500000 8 0
850 IN 851 862 12 0.500000 6 0
851 IN 852 859 13 0.500000 4 0
852 IN 853 856 9 0.500000 3 0
853 IN 854 855 14 0.500000 2 0
854 LN -1 -1 -1 -1.000000 1 0
855 LN -1 -1 -1 -1.000000 1 0
856 IN 857 858 3 0.500000 2 0
857 LN -1 -1 -1 -1.000000 1 1
858 LN -1 -1 -1 -1.000000 1 0
859 IN 860 861 3 0.500000 2 0
860 LN -1 -1 -1 -1.000000 1 0
861 LN -1 -1 -1 -1.000000 1 0
862 IN 863 870 3 0.500000 5 0
863 IN 864 869 9 0.500000 4 0
864 IN 865 866 14 0.500000 3 0
865 LN -1 -1 -1 -1.000000 1 0
866 IN 867 868 13 0.500000 2 0
867 LN -1 -1 -1 -1.000000 1 0
868 LN -1 -1 -1 -1.000000 1 1
869 LN -1 -1 -1 -1.000000 1 0
870 LN -1 -1 -1 -1.000000 1 0
871 IN 872 901 16 0.500000 7 0
872 IN 873 888 14 0.500000 6 0
873 IN 874 883 3 0.500000 5 0
874 IN 875 882 8 0.500000 4 0
875 IN 876 879 12 0.500000 3 0
876 IN 877 878 9 0.500000 2 0
877 LN -1 -1 -1 -1.000000 1 0
878 LN -1 -1 -1 -1.000000 1 0
879 IN 880 881 9 0.500000 2 0
880 LN -1 -1 -1 -1.000000 1 1
881 LN -1 -1 -1 -1.000000 1 0
882 LN -1 -1 -1 -1.000000 1 1
883 IN 884 887 9 0.500000 3 0
884 IN 885 886 12 0.500000 2 0
885 LN -1 -1 -1 -1.000000 1 0
886 LN -1 -1 -1 -1.000000 1 0
887 LN -1 -1 -1 -1.000000 1 0
888 IN 889 900 9 0.500000 5 0
889 IN 890 897 13 0.500000 4 0
890 IN 891 894 3 0.500000 3 0
891 IN 892 893 12 0.500000 2 0
892 LN -1 -1 -1 -1.000000 1 0
893 LN -1 -1 -1 -1.000000 1 0
894 IN 895 896 12 0.500000 2 0
895 LN -1 -1 -1 -1.000000 1 0
896 LN -1 -1 -1 -1.000000 1 1
897 IN 898 899 3 0.500000 2 0
898 LN -1 -1 -1 -1.000000 1 0
899 LN -1 -1 -1 -1.000000 1 1
900 LN -1 -1 -1 -1.000000 1 0
901 IN 902 907 9 0.500000 4 0
902 IN 903 906 13 0.500000 3 0
903 IN 904 905 14 0.500000 2 0
904 LN -1 -1 -1 -1.000000 1 1
905 LN -1 -1 -1 -1.000000 1 0
906 LN -1 -1 -1 -1.000000 1 0
907 LN -1 -1 -1 -1.000000 1 1
908 IN 909 936 3 0.500000 8 0
909 IN 910 935 6 0.500000 7 0
910 IN 911 928 9 0.500000 6 0
911 IN 912 921 12 0.500000 5 0
912 IN 913 920 16 0.500000 4 0
913 IN 914 917 10 0.500000 3 0
914 IN 915 916 14 0.500000 2 0
915 LN -1 -1 -1 -1.000000 1 0
916 LN -1 -1 -1 -1.000000 1 0
917 IN 918 919 14 0.500000 2 0
918 LN -1 -1 -1 -1.000000 1 0
919 LN -1 -1 -1 -1.000000 1 0
920 LN -1 -1 -1 -1.000000 1 0
921 IN 922 925 14 0.500000 3 0
922 IN 923 924 10 0.500000 2 0
923 LN -1 -1 -1 -1.000000 1 1
924 LN -1 -1 -1 -1.000000 1 0
925 IN 926 927 10 0.500000 2 0
926 LN -1 -1 -1 -1.000000 1 0
927 LN -1 -1 -1 -1.000000 1 0
928 IN 929 932 10 0.500000 3 0
929 IN 930 931 12 0.500000 2 1
930 LN -1 -1 -1 -1.000000 1 0
931 LN -1 -1 -1 -1.000000 1 1
932 IN 933 934 14 0.500000 2 0
933 LN -1 -1 -1 -1.000000 1 0
934 LN -1 -1 -1 -1.000000 1 1
935 LN -1 -1 -1 -1.000000 1 0
936 IN 937 944 6 0.500000 7 0
937 IN 938 943 12 0.500000 4 0
938 IN 939 942 14 0.500000 3 0
939 IN 940 941 10 0.500000 2 0
940 LN -1 -1 -1 -1.000000 1 1
941 LN -1 -1 -1 -1.000000 1 0
942 LN -1 -1 -1 -1.000000 1 0
943 LN -1 -1 -1 -1.000000 1 1
944 IN 945 952 9 0.500000 6 0
945 IN 946 947 14 0.500000 4 0
946 LN -1 -1 -1 -1.000000 1 0
947 IN 948 949 12 0.500000 3 0
948 LN -1 -1 -1 -1.000000 1 0
949 IN 950 951 13 0.500000 2 0
950 LN -1 -1 -1 -1.000000 1 1
951 LN -1 -1 -1 -1.000000 1 0
952 IN 953 960 16 0.500000 5 1
953 IN 954 955 10 0.500000 4 1
954 LN -1 -1 -1 -1.000000 1 1
955 IN 956 959 14 0.500000 3 0
956 IN 957 958 12 0.500000 2 1
957 LN -1 -1 -1 -1.000000 1 0
958 LN -1 -1 -1 -1.000000 1 1
959 LN -1 -1 -1 -1.000000 1 0
960 IN 961 962 12 0.500000 2 1
961 LN -1 -1 -1 -1.000000 1 0
962 LN -1 -1 -1 -1.000000 1 1
963 IN 964 1249 9 0.500000 14 0
964 IN 965 1134 3 0.500000 12 0
965 IN 966 1061 13 0.500000 11 0
966 IN 967 1040 1 0.500000 10 0
967 IN 968 989 10 0.500000 9 0
968 IN 969 982 12 0.500000 7 0
969 IN 970 981 16 0.500000 6 0
970 IN 971 972 7 0.500000 5 0
971 LN -1 -1 -1 -1.000000 1 0
972 IN 973 980 6 0.500000 4 0
973 IN 974 977 4 0.500000 3 0
974 IN 975 976 14 0.500000 2 0
975 LN -1 -1 -1 -1.000000 1 0
976 LN -1 -1 -1 -1.000000 1 0
977 IN 978 979 14 0.500000 2 0
978 LN -1 -1 -1 -1.000000 1 0
979 LN -1 -1 -1 -1.000000 1 0
980 LN -1 -1 -1 -1.000000 1 0
981 LN -1 -1 -1 -1.000000 1 0
982 IN 983 988 4 0.500000 4 0
983 IN 984 987 7 0.500000 3 0
984 IN 985 986 14 0.500000 2 0
985 LN -1 -1 -1 -1.000000 1 0
986 LN -1 -1 -1 -1.000000 1 0
987 LN -1 -1 -1 -1.000000 1 0
988 LN -1 -1 -1 -1.000000 1 0
989 IN 990 1025 16 0.500000 8 0
990 IN 991 1006 7 0.500000 7 0
991 IN 992 999 14 0.500000 5 0
992 IN 993 994 5 0.500000 4 0
993 LN -1 -1 -1 -1.000000 1 1
994 IN 995 996 4 0.500000 3 0
995 LN -1 -1 -1 -1.000000 1 0
996 IN 997 998 12 0.500000 2 0
997 LN -1 -1 -1 -1.000000 1 0
998 LN -1 -1 -1 -1.000000 1 0
999 IN 1000 1003 12 0.500000 3 0
1000 IN 1001 1002 4 0.500000 2 0
1001 LN -1 -1 -1 -1.000000 1 0
1002 LN -1 -1 -1 -1.000000 1 0
1003 IN 1004 1005 4 0.500000 2 0
1004 LN -1 -1 -1 -1.000000 1 1
1005 LN -1 -1 -1 -1.000000 1 0
1006 IN 1007 1018 12 0.500000 6 0
1007 IN 1008 1017 6 0.500000 5 0
1008 IN 1009 1014 4 0.500000 4 0
1009 IN 1010 1011 5 0.500000 3 0
1010 LN -1 -1 -1 -1.000000 1 0
1011 IN 1012 1013 14 0.500000 2 0
1012 LN -1 -1 -1 -1.000000 1 0
1013 LN -1 -1 -1 -1.000000 1 0
1014 IN 1015 1016 14 0.500000 2 0
1015 LN -1 -1 -1 -1.000000 1 0
1016 LN -1 -1 -1 -1.000000 1 0
1017 LN -1 -1 -1 -1.000000 1 1
1018 IN 1019 1024 6 0.500000 4 0
1019 IN 1020 1021 5 0.500000 3 0
1020 LN -1 -1 -1 -1.000000 1 0
1021 IN 1022 1023 14 0.500000 2 0
1022 LN -1 -1 -1 -1.000000 1 0
1023 LN -1 -1 -1 -1.000000 1 1
1024 LN -1 -1 -1 -1.000000 1 0
1025 IN 1026 1027 5 0.500000 6 0
1026 LN -1 -1 -1 -1.000000 1 0
1027 IN 1028 1035 12 0.500000 5 0
1028 IN 1029 1030 14 0.500000 4 0
1029 LN -1 -1 -1 -1.000000 1 0
1030 IN 1031 1034 4 0.500000 3 0
1031 IN 1032 1033 7 0.500000 2 1
1032 LN -1 -1 -1 -1.000000 1 0
1033 LN -1 -1 -1 -1.000000 1 1
1034 LN -1 -1 -1 -1.000000 1 0
1035 IN 1036 1039 4 0.500000 3 0
1036 IN 1037 1038 14 0.500000 2 0
1037 LN -1 -1 -1 -1.000000 1 1
1038 LN -1 -1 -1 -1.000000 1 0
1039 LN -1 -1 -1 -1.000000 1 0
1040 IN 1041 1060 6 0.500000 8 0
1041 IN 1042 1059 16 0.500000 7 0
1042 IN 1043 1044 7 0.500000 6 0
1043 LN -1 -1 -1 -1.000000 1 0
1044 IN 1045 1052 12 0.500000 5 1
1045 IN 1046 1047 10 0.500000 4 1
1046 LN -1 -1 -1 -1.000000 1 1
1047 IN 1048 1049 4 0.500000 3 1
1048 LN -1 -1 -1 -1.000000 1 0
1049 IN 1050 1051 14 0.500000 2 1
1050 LN -1 -1 -1 -1.000000 1 1
1051 LN -1 -1 -1 -1.000000 1 1
1052 IN 1053 1056 10 0.500000 3 0
1053 IN 1054 1055 4 0.500000 2 0
1054 LN -1 -1 -1 -1.000000 1 0
1055 LN -1 -1 -1 -1.000000 1 0
1056 IN 1057 1058 14 0.500000 2 0
1057 LN -1 -1 -1 -1.000000 1 0
1058 LN -1 -1 -1 -1.000000 1 1
1059 LN -1 -1 -1 -1.000000 1 0
1060 LN -1 -1 -1 -1.000000 1 1
1061 IN 1062 1087 10 0.500000 8 0
1062 IN 1063 1078 1 0.500000 6 0
1063 IN 1064 1073 7 0.500000 5 1
1064 IN 1065 1068 4 0.500000 4 1
1065 IN 1066 1067 5 0.500000 2 1
1066 LN -1 -1 -1 -1.000000 1 1
1067 LN -1 -1 -1 -1.000000 1 0
1068 IN 1069 1072 16 0.500000 3 1
1069 IN 1070 1071 12 0.500000 2 1
1070 LN -1 -1 -1 -1.000000 1 1
1071 LN -1 -1 -1 -1.000000 1 1
1072 LN -1 -1 -1 -1.000000 1 1
1073 IN 1074 1077 12 0.500000 3 0
1074 IN 1075 1076 5 0.500000 2 0
1075 LN -1 -1 -1 -1.000000 1 0
1076 LN -1 -1 -1 -1.000000 1 1
1077 LN -1 -1 -1 -1.000000 1 0
1078 IN 1079 1080 7 0.500000 4 0
1079 LN -1 -1 -1 -1.000000 1 0
1080 IN 1081 1084 16 0.500000 3 0
1081 IN 1082 1083 4 0.500000 2 0
1082 LN -1 -1 -1 -1.000000 1 0
1083 LN -1 -1 -1 -1.000000 1 0
1084 IN 1085 1086 12 0.500000 2 0
1085 LN -1 -1 -1 -1.000000 1 0
1086 LN -1 -1 -1 -1.000000 1 1
1087 IN 1088 1113 7 0.500000 7 0
1088 IN 1089 1108 12 0.500000 6 0
1089 IN 1090 1101 4 0.500000 5 0
1090 IN 1091 1096 16 0.500000 4 0
1091 IN 1092 1095 1 0.500000 3 0
1092 IN 1093 1094 5 0.500000 2 0
1093 LN -1 -1 -1 -1.000000 1 0
1094 LN -1 -1 -1 -1.000000 1 0
1095 LN -1 -1 -1 -1.000000 1 0
1096 IN 1097 1098 5 0.500000 3 0
1097 LN -1 -1 -1 -1.000000 1 0
1098 IN 1099 1100 1 0.500000 2 0
1099 LN -1 -1 -1 -1.000000 1 0
1100 LN -1 -1 -1 -1.000000 1 0
1101 IN 1102 1105 16 0.500000 3 0
1102 IN 1103 1104 1 0.500000 2 1
1103 LN -1 -1 -1 -1.000000 1 0
1104 LN -1 -1 -1 -1.000000 1 1
1105 IN 1106 1107 1 0.500000 2 0
1106 LN -1 -1 -1 -1.000000 1 0
1107 LN -1 -1 -1 -1.000000 1 1
1108 IN 1109 1112 4 0.500000 3 0
1109 IN 1110 1111 16 0.500000 2 0
1110 LN -1 -1 -1 -1.000000 1 0
1111 LN -1 -1 -1 -1.000000 1 1
1112 LN -1 -1 -1 -1.000000 1 0
1113 IN 1114 1123 16 0.500000 6 0
1114 IN 1115 1116 5 0.500000 5 0
1115 LN -1 -1 -1 -1.000000 1 0
1116 IN 1117 1118 1 0.500000 4 0
1117 LN -1 -1 -1 -1.000000 1 0
1118 IN 1119 1122 12 0.500000 3 0
1119 IN 1120 1121 4 0.500000 2 0
1120 LN -1 -1 -1 -1.000000 1 1
1121 LN -1 -1 -1 -1.000000 1 0
1122 LN -1 -1 -1 -1.000000 1 0
1123 IN 1124 1129 4 0.500000 4 0
1124 IN 1125 1126 12 0.500000 3 0
1125 LN -1 -1 -1 -1.000000 1 0
1126 IN 1127 1128 1 0.500000 2 0
1127 LN -1 -1 -1 -1.000000 1 0
1128 LN -1 -1 -1 -1.000000 1 0
1129 IN 1130 1131 12 0.500000 3 0
1130 LN -1 -1 -1 -1.000000 1 0
1131 IN 1132 1133 1 0.500000 2 1
1132 LN -1 -1 -1 -1.000000 1 0
1133 LN -1 -1 -1 -1.000000 1 1
1134 IN 1135 1192 4 0.500000 11 0
1135 IN 1136 1183 6 0.500000 10 0
1136 IN 1137 1156 7 0.500000 9 0
1137 IN 1138 1147 12 0.500000 6 1
1138 IN 1139 1144 13 0.500000 4 1
1139 IN 1140 1143 16 0.500000 3 1
1140 IN 1141 1142 14 0.500000 2 1
1141 LN -1 -1 -1 -1.000000 1 1
1142 LN -1 -1 -1 -1.000000 1 0
1143 LN -1 -1 -1 -1.000000 1 1
1144 IN 1145 1146 16 0.500000 2 0
1145 LN -1 -1 -1 -1.000000 1 0
1146 LN -1 -1 -1 -1.000000 1 0
1147 IN 1148 1155 13 0.500000 5 1
1148 IN 1149 1150 10 0.500000 4 1
1149 LN -1 -1 -1 -1.000000 1 1
1150 IN 1151 1154 16 0.500000 3 0
1151 IN 1152 1153 14 0.500000 2 0
1152 LN -1 -1 -1 -1.000000 1 0
1153 LN -1 -1 -1 -1.000000 1 0
1154 LN -1 -1 -1 -1.000000 1 1
1155 LN -1 -1 -1 -1.000000 1 1
1156 IN 1157 1176 16 0.500000 8 0
1157 IN 1158 1173 1 0.500000 7 0
1158 IN 1159 1170 12 0.500000 6 0
1159 IN 1160 1169 13 0.500000 5 0
1160 IN 1161 1166 10 0.500000 4 0
1161 IN 1162 1163 5 0.500000 3 0
1162 LN -1 -1 -1 -1.000000 1 0
1163 IN 1164 1165 14 0.500000 2 0
1164 LN -1 -1 -1 -1.000000 1 0
1165 LN -1 -1 -1 -1.000000 1 0
1166 IN 1167 1168 14 0.500000 2 0
1167 LN -1 -1 -1 -1.000000 1 1
1168 LN -1 -1 -1 -1.000000 1 0
1169 LN -1 -1 -1 -1.000000 1 0
1170 IN 1171 1172 13 0.500000 2 1
1171 LN -1 -1 -1 -1.000000 1 1
1172 LN -1 -1 -1 -1.000000 1 0
1173 IN 1174 1175 13 0.500000 2 0
1174 LN -1 -1 -1 -1.000000 1 1
1175 LN -1 -1 -1 -1.000000 1 0
1176 IN 1177 1180 12 0.500000 3 0
1177 IN 1178 1179 13 0.500000 2 0
1178 LN -1 -1 -1 -1.000000 1 0
1179 LN -1 -1 -1 -1.000000 1 0
1180 IN 1181 1182 1 0.500000 2 0
1181 LN -1 -1 -1 -1.000000 1 0
1182 LN -1 -1 -1 -1.000000 1 1
1183 IN 1184 1191 10 0.500000 5 0
1184 IN 1185 1186 14 0.500000 4 0
1185 LN -1 -1 -1 -1.000000 1 1
1186 IN 1187 1190 16 0.500000 3 0
1187 IN 1188 1189 13 0.500000 2 0
1188 LN -1 -1 -1 -1.000000 1 0
1189 LN -1 -1 -1 -1.000000 1 1
1190 LN -1 -1 -1 -1.000000 1 0
1191 LN -1 -1 -1 -1.000000 1 0
1192 IN 1193 1230 6 0.500000 7 0
1193 IN 1194 1217 16 0.500000 6 0
1194 IN 1195 1206 13 0.500000 5 0
1195 IN 1196 1203 7 0.500000 4 0
1196 IN 1197 1200 14 0.500000 3 0
1197 IN 1198 1199 10 0.500000 2 0
1198 LN -1 -1 -1 -1.000000 1 1
1199 LN -1 -1 -1 -1.000000 1 0
1200 IN 1201 1202 10 0.500000 2 0
1201 LN -1 -1 -1 -1.000000 1 0
1202 LN -1 -1 -1 -1.000000 1 1
1203 IN 1204 1205 12 0.500000 2 0
1204 LN -1 -1 -1 -1.000000 1 0
1205 LN -1 -1 -1 -1.000000 1 0
1206 IN 1207 1210 10 0.500000 4 1
1207 IN 1208 1209 7 0.500000 2 1
1208 LN -1 -1 -1 -1.000000 1 1
1209 LN -1 -1 -1 -1.000000 1 0
1210 IN 1211 1214 1 0.500000 3 1
1211 IN 1212 1213 7 0.500000 2 1
1212 LN -1 -1 -1 -1.000000 1 0
1213 LN -1 -1 -1 -1.000000 1 1
1214 IN 1215 1216 7 0.500000 2 1
1215 LN -1 -1 -1 -1.000000 1 0
1216 LN -1 -1 -1 -1.000000 1 1
1217 IN 1218 1225 12 0.500000 4 0
1218 IN 1219 1222 13 0.500000 3 0
1219 IN 1220 1221 1 0.500000 2 0
1220 LN -1 -1 -1 -1.000000 1 1
1221 LN -1 -1 -1 -1.000000 1 0
1222 IN 1223 1224 1 0.500000 2 0
1223 LN -1 -1 -1 -1.000000 1 0
1224 LN -1 -1 -1 -1.000000 1 0
1225 IN 1226 1227 1 0.500000 3 0
1226 LN -1 -1 -1 -1.000000 1 0
1227 IN 1228 1229 13 0.500000 2 0
1228 LN -1 -1 -1 -1.000000 1 0
1229 LN -1 -1 -1 -1.000000 1 0
1230 IN 1231 1236 14 0.500000 6 0
1231 IN 1232 1233 10 0.500000 3 0
1232 LN -1 -1 -1 -1.000000 1 0
1233 IN 1234 1235 12 0.500000 2 0
1234 LN -1 -1 -1 -1.000000 1 0
1235 LN -1 -1 -1 -1.000000 1 1
1236 IN 1237 1240 1 0.500000 5 0
1237 IN 1238 1239 12 0.500000 2 0
1238 LN -1 -1 -1 -1.000000 1 0
1239 LN -1 -1 -1 -1.000000 1 1
1240 IN 1241 1242 13 0.500000 4 1
1241 LN -1 -1 -1 -1.000000 1 0
1242 IN 1243 1246 16 0.500000 3 1
1243 IN 1244 1245 12 0.500000 2 1
1244 LN -1 -1 -1 -1.000000 1 1
1245 LN -1 -1 -1 -1.000000 1 0
1246 IN 1247 1248 12 0.500000 2 0
1247 LN -1 -1 -1 -1.000000 1 1
1248 LN -1 -1 -1 -1.000000 1 0
1249 IN 1250 1705 1 0.500000 13 0
1250 IN 1251 1440 14 0.500000 12 0
1251 IN 1252 1405 6 0.500000 11 0
1252 IN 1253 1320 10 0.500000 10 0
1253 IN 1254 1265 5 0.500000 9 0
1254 IN 1255 1264 12 0.500000 5 0
1255 IN 1256 1259 8 0.500000 4 0
1256 IN 1257 1258 7 0.500000 2 0
1257 LN -1 -1 -1 -1.000000 1 0
1258 LN -1 -1 -1 -1.000000 1 0
1259 IN 1260 1263 3 0.500000 3 0
1260 IN 1261 1262 7 0.500000 2 0
1261 LN -1 -1 -1 -1.000000 1 0
1262 LN -1 -1 -1 -1.000000 1 0
1263 LN -1 -1 -1 -1.000000 1 0
1264 LN -1 -1 -1 -1.000000 1 0
1265 IN 1266 1299 8 0.500000 8 0
1266 IN 1267 1286 12 0.500000 6 0
1267 IN 1268 1277 7 0.500000 5 0
1268 IN 1269 1274 4 0.500000 4 0
1269 IN 1270 1273 3 0.500000 3 0
1270 IN 1271 1272 16 0.500000 2 0
1271 LN -1 -1 -1 -1.000000 1 0
1272 LN -1 -1 -1 -1.000000 1 0
1273 LN -1 -1 -1 -1.000000 1 0
1274 IN 1275 1276 3 0.500000 2 0
1275 LN -1 -1 -1 -1.000000 1 1
1276 LN -1 -1 -1 -1.000000 1 0
1277 IN 1278 1283 3 0.500000 4 0
1278 IN 1279 1280 11 0.500000 3 0
1279 LN -1 -1 -1 -1.000000 1 0
1280 IN 1281 1282 4 0.500000 2 0
1281 LN -1 -1 -1 -1.000000 1 0
1282 LN -1 -1 -1 -1.000000 1 0
1283 IN 1284 1285 4 0.500000 2 0
1284 LN -1 -1 -1 -1.000000 1 0
1285 LN -1 -1 -1 -1.000000 1 0
1286 IN 1287 1294 3 0.500000 4 1
1287 IN 1288 1291 4 0.500000 3 0
1288 IN 1289 1290 7 0.500000 2 0
1289 LN -1 -1 -1 -1.000000 1 0
1290 LN -1 -1 -1 -1.000000 1 1
1291 IN 1292 1293 7 0.500000 2 0
1292 LN -1 -1 -1 -1.000000 1 0
1293 LN -1 -1 -1 -1.000000 1 1
1294 IN 1295 1296 7 0.500000 3 1
1295 LN -1 -1 -1 -1.000000 1 1
1296 IN 1297 1298 4 0.500000 2 1
1297 LN -1 -1 -1 -1.000000 1 0
1298 LN -1 -1 -1 -1.000000 1 1
1299 IN 1300 1315 4 0.500000 7 0
1300 IN 1301 1314 16 0.500000 6 0
1301 IN 1302 1309 7 0.500000 5 0
1302 IN 1303 1308 3 0.500000 4 0
1303 IN 1304 1307 12 0.500000 3 0
1304 IN 1305 1306 11 0.500000 2 0
1305 LN -1 -1 -1 -1.000000 1 0
1306 LN -1 -1 -1 -1.000000 1 0
1307 LN -1 -1 -1 -1.000000 1 0
1308 LN -1 -1 -1 -1.000000 1 1
1309 IN 1310 1313 12 0.500000 3 0
1310 IN 1311 1312 3 0.500000 2 0
1311 LN -1 -1 -1 -1.000000 1 0
1312 LN -1 -1 -1 -1.000000 1 0
1313 LN -1 -1 -1 -1.000000 1 0
1314 LN -1 -1 -1 -1.000000 1 0
1315 IN 1316 1317 7 0.500000 3 0
1316 LN -1 -1 -1 -1.000000 1 0
1317 IN 1318 1319 3 0.500000 2 0
1318 LN -1 -1 -1 -1.000000 1 0
1319 LN -1 -1 -1 -1.000000 1 1
1320 IN 1321 1366 8 0.500000 8 0
1321 IN 1322 1357 16 0.500000 7 0
1322 IN 1323 1344 3 0.500000 6 0
1323 IN 1324 1337 4 0.500000 5 0
1324 IN 1325 1330 12 0.500000 4 0
1325 IN 1326 1327 5 0.500000 3 0
1326 LN -1 -1 -1 -1.000000 1 0
1327 IN 1328 1329 7 0.500000 2 0
1328 LN -1 -1 -1 -1.000000 1 0
1329 LN -1 -1 -1 -1.000000 1 0
1330 IN 1331 1334 5 0.500000 3 0
1331 IN 1332 1333 7 0.500000 2 0
1332 LN -1 -1 -1 -1.000000 1 0
1333 LN -1 -1 -1 -1.000000 1 1
1334 IN 1335 1336 7 0.500000 2 0
1335 LN -1 -1 -1 -1.000000 1 0
1336 LN -1 -1 -1 -1.000000 1 0
1337 IN 1338 1341 12 0.500000 3 1
1338 IN 1339 1340 7 0.500000 2 0
1339 LN -1 -1 -1 -1.000000 1 1
1340 LN -1 -1 -1 -1.000000 1 0
1341 IN 1342 1343 7 0.500000 2 1
1342 LN -1 -1 -1 -1.000000 1 1
1343 LN -1 -1 -1 -1.000000 1 1
1344 IN 1345 1354 12 0.500000 5 0
1345 IN 1346 1351 4 0.500000 4 0
1346 IN 1347 1348 7 0.500000 3 0
1347 LN -1 -1 -1 -1.000000 1 0
1348 IN 1349 1350 5 0.500000 2 0
1349 LN -1 -1 -1 -1.000000 1 0
1350 LN -1 -1 -1 -1.000000 1 0
1351 IN 1352 1353 7 0.500000 2 1
1352 LN -1 -1 -1 -1.000000 1 0
1353 LN -1 -1 -1 -1.000000 1 1
1354 IN 1355 1356 4 0.500000 2 0
1355 LN -1 -1 -1 -1.000000 1 0
1356 LN -1 -1 -1 -1.000000 1 1
1357 IN 1358 1363 4 0.500000 4 0
1358 IN 1359 1360 7 0.500000 3 0
1359 LN -1 -1 -1 -1.000000 1 0
1360 IN 1361 1362 3 0.500000 2 0
1361 LN -1 -1 -1 -1.000000 1 0
1362 LN -1 -1 -1 -1.000000 1 0
1363 IN 1364 1365 7 0.500000 2 1
1364 LN -1 -1 -1 -1.000000 1 1
1365 LN -1 -1 -1 -1.000000 1 0
1366 IN 1367 1380 7 0.500000 7 0
1367 IN 1368 1371 5 0.500000 5 0
1368 IN 1369 1370 12 0.500000 2 0
1369 LN -1 -1 -1 -1.000000 1 0
1370 LN -1 -1 -1 -1.000000 1 1
1371 IN 1372 1377 4 0.500000 4 0
1372 IN 1373 1376 12 0.500000 3 0
1373 IN 1374 1375 3 0.500000 2 0
1374 LN -1 -1 -1 -1.000000 1 0
1375 LN -1 -1 -1 -1.000000 1 0
1376 LN -1 -1 -1 -1.000000 1 0
1377 IN 1378 1379 3 0.500000 2 0
1378 LN -1 -1 -1 -1.000000 1 1
1379 LN -1 -1 -1 -1.000000 1 0
1380 IN 1381 1384 5 0.500000 6 0
1381 IN 1382 1383 12 0.500000 2 0
1382 LN -1 -1 -1 -1.000000 1 0
1383 LN -1 -1 -1 -1.000000 1 1
1384 IN 1385 1396 12 0.500000 5 0
1385 IN 1386 1391 3 0.500000 4 0
1386 IN 1387 1390 4 0.500000 3 0
1387 IN 1388 1389 16 0.500000 2 0
1388 LN -1 -1 -1 -1.000000 1 0
1389 LN -1 -1 -1 -1.000000 1 0
1390 LN -1 -1 -1 -1.000000 1 0
1391 IN 1392 1395 16 0.500000 3 0
1392 IN 1393 1394 4 0.500000 2 0
1393 LN -1 -1 -1 -1.000000 1 0
1394 LN -1 -1 -1 -1.000000 1 1
1395 LN -1 -1 -1 -1.000000 1 1
1396 IN 1397 1404 16 0.500000 4 1
1397 IN 1398 1401 3 0.500000 3 1
1398 IN 1399 1400 4 0.500000 2 1
1399 LN -1 -1 -1 -1.000000 1 1
1400 LN -1 -1 -1 -1.000000 1 0
1401 IN 1402 1403 4 0.500000 2 1
1402 LN -1 -1 -1 -1.000000 1 1
1403 LN -1 -1 -1 -1.000000 1 1
1404 LN -1 -1 -1 -1.000000 1 1
1405 IN 1406 1413 3 0.500000 7 0
1406 IN 1407 1412 12 0.500000 4 1
1407 IN 1408 1411 8 0.500000 3 0
1408 IN 1409 1410 10 0.500000 2 1
1409 LN -1 -1 -1 -1.000000 1 0
1410 LN -1 -1 -1 -1.000000 1 1
1411 LN -1 -1 -1 -1.000000 1 0
1412 LN -1 -1 -1 -1.000000 1 1
1413 IN 1414 1431 12 0.500000 6 0
1414 IN 1415 1422 10 0.500000 5 0
1415 IN 1416 1421 4 0.500000 4 0
1416 IN 1417 1420 16 0.500000 3 0
1417 IN 1418 1419 8 0.500000 2 0
1418 LN -1 -1 -1 -1.000000 1 0
1419 LN -1 -1 -1 -1.000000 1 0
1420 LN -1 -1 -1 -1.000000 1 0
1421 LN -1 -1 -1 -1.000000 1 0
1422 IN 1423 1426 4 0.500000 4 0
1423 IN 1424 1425 8 0.500000 2 0
1424 LN -1 -1 -1 -1.000000 1 0
1425 LN -1 -1 -1 -1.000000 1 0
1426 IN 1427 1430 16 0.500000 3 0
1427 IN 1428 1429 8 0.500000 2 0
1428 LN -1 -1 -1 -1.000000 1 1
1429 LN -1 -1 -1 -1.000000 1 0
1430 LN -1 -1 -1 -1.000000 1 0
1431 IN 1432 1439 4 0.500000 4 1
1432 IN 1433 1436 8 0.500000 3 1
1433 IN 1434 1435 10 0.500000 2 0
1434 LN -1 -1 -1 -1.000000 1 1
1435 LN -1 -1 -1 -1.000000 1 0
1436 IN 1437 1438 10 0.500000 2 1
1437 LN -1 -1 -1 -1.000000 1 0
1438 LN -1 -1 -1 -1.000000 1 1
1439 LN -1 -1 -1 -1.000000 1 1
1440 IN 1441 1614 13 0.500000 11 0
1441 IN 1442 1543 12 0.500000 10 0
1442 IN 1443 1512 4 0.500000 9 0
1443 IN 1444 1461 5 0.500000 8 0
1444 IN 1445 1452 10 0.500000 5 0
1445 IN 1446 1451 3 0.500000 4 0
1446 IN 1447 1450 7 0.500000 3 0
1447 IN 1448 1449 8 0.500000 2 0
1448 LN -1 -1 -1 -1.000000 1 0
1449 LN -1 -1 -1 -1.000000 1 0
1450 LN -1 -1 -1 -1.000000 1 0
1451 LN -1 -1 -1 -1.000000 1 0
1452 IN 1453 1460 16 0.500000 4 0
1453 IN 1454 1457 8 0.500000 3 0
1454 IN 1455 1456 7 0.500000 2 0
1455 LN -1 -1 -1 -1.000000 1 0
1456 LN -1 -1 -1 -1.000000 1 0
1457 IN 1458 1459 7 0.500000 2 0
1458 LN -1 -1 -1 -1.000000 1 0
1459 LN -1 -1 -1 -1.000000 1 1
1460 LN -1 -1 -1 -1.000000 1 0
1461 IN 1462 1479 7 0.500000 7 0
1462 IN 1463 1472 3 0.500000 5 0
1463 IN 1464 1471 16 0.500000 4 0
1464 IN 1465 1468 10 0.500000 3 0
1465 IN 1466 1467 8 0.500000 2 0
1466 LN -1 -1 -1 -1.000000 1 0
1467 LN -1 -1 -1 -1.000000 1 0
1468 IN 1469 1470 8 0.500000 2 0
1469 LN -1 -1 -1 -1.000000 1 1
1470 LN -1 -1 -1 -1.000000 1 0
1471 LN -1 -1 -1 -1.000000 1 1
1472 IN 1473 1478 16 0.500000 4 0
1473 IN 1474 1475 10 0.500000 3 0
1474 LN -1 -1 -1 -1.000000 1 0
1475 IN 1476 1477 8 0.500000 2 0
1476 LN -1 -1 -1 -1.000000 1 0
1477 LN -1 -1 -1 -1.000000 1 1
1478 LN -1 -1 -1 -1.000000 1 0
1479 IN 1480 1495 10 0.500000 6 0
1480 IN 1481 1488 8 0.500000 5 0
1481 IN 1482 1487 6 0.500000 4 0
1482 IN 1483 1484 3 0.500000 3 0
1483 LN -1 -1 -1 -1.000000 1 0
1484 IN 1485 1486 16 0.500000 2 0
1485 LN -1 -1 -1 -1.000000 1 0
1486 LN -1 -1 -1 -1.000000 1 0
1487 LN -1 -1 -1 -1.000000 1 0
1488 IN 1489 1490 3 0.500000 4 0
1489 LN -1 -1 -1 -1.000000 1 0
1490 IN 1491 1494 16 0.500000 3 0
1491 IN 1492 1493 6 0.500000 2 0
1492 LN -1 -1 -1 -1.000000 1 0
1493 LN -1 -1 -1 -1.000000 1 1
1494 LN -1 -1 -1 -1.000000 1 0
1495 IN 1496 1505 8 0.500000 5 0
1496 IN 1497 1504 6 0.500000 4 0
1497 IN 1498 1501 16 0.500000 3 0
1498 IN 1499 1500 3 0.500000 2 0
1499 LN -1 -1 -1 -1.000000 1 0
1500 LN -1 -1 -1 -1.000000 1 0
1501 IN 1502 1503 3 0.500000 2 0
1502 LN -1 -1 -1 -1.000000 1 1
1503 LN -1 -1 -1 -1.000000 1 0
1504 LN -1 -1 -1 -1.000000 1 0
1505 IN 1506 1509 16 0.500000 3 0
1506 IN 1507 1508 6 0.500000 2 0
1507 LN -1 -1 -1 -1.000000 1 1
1508 LN -1 -1 -1 -1.000000 1 0
1509 IN 1510 1511 6 0.500000 2 0
1510 LN -1 -1 -1 -1.000000 1 0
1511 LN -1 -1 -1 -1.000000 1 0
1512 IN 1513 1524 7 0.500000 7 0
1513 IN 1514 1523 8 0.500000 5 0
1514 IN 1515 1520 3 0.500000 4 0
1515 IN 1516 1517 10 0.500000 3 1
1516 LN -1 -1 -1 -1.000000 1 0
1517 IN 1518 1519 16 0.500000 2 1
1518 LN -1 -1 -1 -1.000000 1 0
1519 LN -1 -1 -1 -1.000000 1 1
1520 IN 1521 1522 10 0.500000 2 0
1521 LN -1 -1 -1 -1.000000 1 0
1522 LN -1 -1 -1 -1.000000 1 1
1523 LN -1 -1 -1 -1.000000 1 0
1524 IN 1525 1538 6 0.500000 6 1
1525 IN 1526 1531 10 0.500000 5 1
1526 IN 1527 1530 8 0.500000 3 1
1527 IN 1528 1529 3 0.500000 2 0
1528 LN -1 -1 -1 -1.000000 1 0
1529 LN -1 -1 -1 -1.000000 1 1
1530 LN -1 -1 -1 -1.000000 1 1
1531 IN 1532 1537 8 0.500000 4 1
1532 IN 1533 1536 16 0.500000 3 1
1533 IN 1534 1535 3 0.500000 2 1
1534 LN -1 -1 -1 -1.000000 1 1
1535 LN -1 -1 -1 -1.000000 1 0
1536 LN -1 -1 -1 -1.000000 1 0
1537 LN -1 -1 -1 -1.000000 1 1
1538 IN 1539 1542 16 0.500000 3 0
1539 IN 1540 1541 10 0.500000 2 0
1540 LN -1 -1 -1 -1.000000 1 0
1541 LN -1 -1 -1 -1.000000 1 0
1542 LN -1 -1 -1 -1.000000 1 0
1543 IN 1544 1587 8 0.500000 9 0
1544 IN 1545 1564 3 0.500000 8 0
1545 IN 1546 1551 10 0.500000 7 1
1546 IN 1547 1548 5 0.500000 3 1
1547 LN -1 -1 -1 -1.000000 1 0
1548 IN 1549 1550 7 0.500000 2 1
1549 LN -1 -1 -1 -1.000000 1 1
1550 LN -1 -1 -1 -1.000000 1 1
1551 IN 1552 1563 16 0.500000 6 1
1552 IN 1553 1560 4 0.500000 5 1
1553 IN 1554 1555 5 0.500000 4 1
1554 LN -1 -1 -1 -1.000000 1 1
1555 IN 1556 1559 6 0.500000 3 1
1556 IN 1557 1558 7 0.500000 2 1
1557 LN -1 -1 -1 -1.000000 1 1
1558 LN -1 -1 -1 -1.000000 1 1
1559 LN -1 -1 -1 -1.000000 1 0
1560 IN 1561 1562 7 0.500000 2 1
1561 LN -1 -1 -1 -1.000000 1 1
1562 LN -1 -1 -1 -1.000000 1 0
1563 LN -1 -1 -1 -1.000000 1 1
1564 IN 1565 1574 10 0.500000 6 0
1565 IN 1566 1573 6 0.500000 4 0
1566 IN 1567 1570 7 0.500000 3 0
1567 IN 1568 1569 4 0.500000 2 0
1568 LN -1 -1 -1 -1.000000 1 0
1569 LN -1 -1 -1 -1.000000 1 0
1570 IN 1571 1572 4 0.500000 2 0
1571 LN -1 -1 -1 -1.000000 1 0
1572 LN -1 -1 -1 -1.000000 1 0
1573 LN -1 -1 -1 -1.000000 1 1
1574 IN 1575 1584 4 0.500000 5 0
1575 IN 1576 1579 7 0.500000 4 0
1576 IN 1577 1578 16 0.500000 2 0
1577 LN -1 -1 -1 -1.000000 1 0
1578 LN -1 -1 -1 -1.000000 1 1
1579 IN 1580 1583 6 0.500000 3 0
1580 IN 1581 1582 16 0.500000 2 0
1581 LN -1 -1 -1 -1.000000 1 0
1582 LN -1 -1 -1 -1.000000 1 1
1583 LN -1 -1 -1 -1.000000 1 0
1584 IN 1585 1586 6 0.500000 2 0
1585 LN -1 -1 -1 -1.000000 1 0
1586 LN -1 -1 -1 -1.000000 1 1
1587 IN 1588 1597 7 0.500000 7 0
1588 IN 1589 1590 10 0.500000 5 0
1589 LN -1 -1 -1 -1.000000 1 0
1590 IN 1591 1596 3 0.500000 4 0
1591 IN 1592 1595 16 0.500000 3 0
1592 IN 1593 1594 5 0.500000 2 0
1593 LN -1 -1 -1 -1.000000 1 0
1594 LN -1 -1 -1 -1.000000 1 0
1595 LN -1 -1 -1 -1.000000 1 0
1596 LN -1 -1 -1 -1.000000 1 1
1597 IN 1598 1603 3 0.500000 6 0
1598 IN 1599 1602 10 0.500000 3 0
1599 IN 1600 1601 4 0.500000 2 0
1600 LN -1 -1 -1 -1.000000 1 1
1601 LN -1 -1 -1 -1.000000 1 0
1602 LN -1 -1 -1 -1.000000 1 0
1603 IN 1604 1613 4 0.500000 5 1
1604 IN 1605 1612 16 0.500000 4 1
1605 IN 1606 1609 5 0.500000 3 1
1606 IN 1607 1608 10 0.500000 2 0
1607 LN -1 -1 -1 -1.000000 1 1
1608 LN -1 -1 -1 -1.000000 1 0
1609 IN 1610 1611 10 0.500000 2 1
1610 LN -1 -1 -1 -1.000000 1 1
1611 LN -1 -1 -1 -1.000000 1 0
1612 LN -1 -1 -1 -1.000000 1 0
1613 LN -1 -1 -1 -1.000000 1 1
1614 IN 1615 1672 16 0.500000 9 1
1615 IN 1616 1667 6 0.500000 8 1
1616 IN 1617 1640 10 0.500000 7 1
1617 IN 1618 1629 3 0.500000 6 0
1618 IN 1619 1624 7 0.500000 4 0
1619 IN 1620 1621 12 0.500000 3 0
1620 LN -1 -1 -1 -1.000000 1 0
1621 IN 1622 1623 4 0.500000 2 0
1622 LN -1 -1 -1 -1.000000 1 0
1623 LN -1 -1 -1 -1.000000 1 1
1624 IN 1625 1628 12 0.500000 3 0
1625 IN 1626 1627 4 0.500000 2 1
1626 LN -1 -1 -1 -1.000000 1 1
1627 LN -1 -1 -1 -1.000000 1 1
1628 LN -1 -1 -1 -1.000000 1 0
1629 IN 1630 1639 8 0.500000 5 1
1630 IN 1631 1638 4 0.500000 4 1
1631 IN 1632 1635 12 0.500000 3 1
1632 IN 1633 1634 7 0.500000 2 1
1633 LN -1 -1 -1 -1.000000 1 0
1634 LN -1 -1 -1 -1.000000 1 1
1635 IN 1636 1637 7 0.500000 2 0
1636 LN -1 -1 -1 -1.000000 1 0
1637 LN -1 -1 -1 -1.000000 1 0
1638 LN -1 -1 -1 -1.000000 1 1
1639 LN -1 -1 -1 -1.000000 1 1
1640 IN 1641 1654 7 0.500000 6 1
1641 IN 1642 1653 8 0.500000 5 0
1642 IN 1643 1648 12 0.500000 4 0
1643 IN 1644 1645 3 0.500000 3 0
1644 LN -1 -1 -1 -1.000000 1 0
1645 IN 1646 1647 5 0.500000 2 0
1646 LN -1 -1 -1 -1.000000 1 0
1647 LN -1 -1 -1 -1.000000 1 1
1648 IN 1649 1652 4 0.500000 3 0
1649 IN 1650 1651 5 0.500000 2 0
1650 LN -1 -1 -1 -1.000000 1 0
1651 LN -1 -1 -1 -1.000000 1 1
1652 LN -1 -1 -1 -1.000000 1 0
1653 LN -1 -1 -1 -1.000000 1 0
1654 IN 1655 1662 12 0.500000 5 1
1655 IN 1656 1661 4 0.500000 4 1
1656 IN 1657 1660 3 0.500000 3 1
1657 IN 1658 1659 8 0.500000 2 1
1658 LN -1 -1 -1 -1.000000 1 1
1659 LN -1 -1 -1 -1.000000 1 1
1660 LN -1 -1 -1 -1.000000 1 1
1661 LN -1 -1 -1 -1.000000 1 0
1662 IN 1663 1666 4 0.500000 3 1
1663 IN 1664 1665 3 0.500000 2 1
1664 LN -1 -1 -1 -1.000000 1 1
1665 LN -1 -1 -1 -1.000000 1 1
1666 LN -1 -1 -1 -1.000000 1 1
1667 IN 1668 1669 4 0.500000 3 1
1668 LN -1 -1 -1 -1.000000 1 1
1669 IN 1670 1671 12 0.500000 2 1
1670 LN -1 -1 -1 -1.000000 1 1
1671 LN -1 -1 -1 -1.000000 1 0
1672 IN 1673 1700 6 0.500000 8 1
1673 IN 1674 1695 12 0.500000 7 1
1674 IN 1675 1686 7 0.500000 6 1
1675 IN 1676 1685 8 0.500000 5 0
1676 IN 1677 1682 4 0.500000 4 1
1677 IN 1678 1681 3 0.500000 3 0
1678 IN 1679 1680 5 0.500000 2 0
1679 LN -1 -1 -1 -1.000000 1 1
1680 LN -1 -1 -1 -1.000000 1 0
1681 LN -1 -1 -1 -1.000000 1 1
1682 IN 1683 1684 3 0.500000 2 1
1683 LN -1 -1 -1 -1.000000 1 0
1684 LN -1 -1 -1 -1.000000 1 1
1685 LN -1 -1 -1 -1.000000 1 0
1686 IN 1687 1694 8 0.500000 5 1
1687 IN 1688 1693 4 0.500000 4 1
1688 IN 1689 1690 3 0.500000 3 0
1689 LN -1 -1 -1 -1.000000 1 0
1690 IN 1691 1692 10 0.500000 2 0
1691 LN -1 -1 -1 -1.000000 1 0
1692 LN -1 -1 -1 -1.000000 1 1
1693 LN -1 -1 -1 -1.000000 1 1
1694 LN -1 -1 -1 -1.000000 1 0
1695 IN 1696 1697 7 0.500000 3 1
1696 LN -1 -1 -1 -1.000000 1 1
1697 IN 1698 1699 3 0.500000 2 1
1698 LN -1 -1 -1 -1.000000 1 1
1699 LN -1 -1 -1 -1.000000 1 1
1700 IN 1701 1704 12 0.500000 3 1
1701 IN 1702 1703 10 0.500000 2 1
1702 LN -1 -1 -1 -1.000000 1 0
1703 LN -1 -1 -1 -1.000000 1 1
1704 LN -1 -1 -1 -1.000000 1 1
1705 IN 1706 1827 7 0.500000 12 1
1706 IN 1707 1782 12 0.500000 11 0
1707 IN 1708 1709 11 0.500000 10 0
1708 LN -1 -1 -1 -1.000000 1 1
1709 IN 1710 1765 4 0.500000 9 0
1710 IN 1711 1752 16 0.500000 8 0
1711 IN 1712 1725 5 0.500000 7 0
1712 IN 1713 1718 10 0.500000 5 0
1713 IN 1714 1717 13 0.500000 3 0
1714 IN 1715 1716 14 0.500000 2 0
1715 LN -1 -1 -1 -1.000000 1 0
1716 LN -1 -1 -1 -1.000000 1 0
1717 LN -1 -1 -1 -1.000000 1 0
1718 IN 1719 1720 8 0.500000 4 0
1719 LN -1 -1 -1 -1.000000 1 0
1720 IN 1721 1722 14 0.500000 3 0
1721 LN -1 -1 -1 -1.000000 1 0
1722 IN 1723 1724 13 0.500000 2 0
1723 LN -1 -1 -1 -1.000000 1 0
1724 LN -1 -1 -1 -1.000000 1 0
1725 IN 1726 1735 14 0.500000 6 0
1726 IN 1727 1734 3 0.500000 4 0
1727 IN 1728 1731 8 0.500000 3 0
1728 IN 1729 1730 10 0.500000 2 0
1729 LN -1 -1 -1 -1.000000 1 0
1730 LN -1 -1 -1 -1.000000 1 0
1731 IN 1732 1733 10 0.500000 2 0
1732 LN -1 -1 -1 -1.000000 1 0
1733 LN -1 -1 -1 -1.000000 1 0
1734 LN -1 -1 -1 -1.000000 1 0
1735 IN 1736 1745 8 0.500000 5 0
1736 IN 1737 1740 3 0.500000 4 0
1737 IN 1738 1739 13 0.500000 2 0
1738 LN -1 -1 -1 -1.000000 1 1
1739 LN -1 -1 -1 -1.000000 1 0
1740 IN 1741 1742 13 0.500000 3 0
1741 LN -1 -1 -1 -1.000000 1 0
1742 IN 1743 1744 10 0.500000 2 0
1743 LN -1 -1 -1 -1.000000 1 0
1744 LN -1 -1 -1 -1.000000 1 1
1745 IN 1746 1749 10 0.500000 3 0
1746 IN 1747 1748 3 0.500000 2 0
1747 LN -1 -1 -1 -1.000000 1 0
1748 LN -1 -1 -1 -1.000000 1 0
1749 IN 1750 1751 3 0.500000 2 0
1750 LN -1 -1 -1 -1.000000 1 0
1751 LN -1 -1 -1 -1.000000 1 0
1752 IN 1753 1754 5 0.500000 5 0
1753 LN -1 -1 -1 -1.000000 1 0
1754 IN 1755 1760 8 0.500000 4 0
1755 IN 1756 1759 13 0.500000 3 0
1756 IN 1757 1758 14 0.500000 2 1
1757 LN -1 -1 -1 -1.000000 1 0
1758 LN -1 -1 -1 -1.000000 1 1
1759 LN -1 -1 -1 -1.000000 1 0
1760 IN 1761 1762 14 0.500000 3 0
1761 LN -1 -1 -1 -1.000000 1 0
1762 IN 1763 1764 13 0.500000 2 1
1763 LN -1 -1 -1 -1.000000 1 1
1764 LN -1 -1 -1 -1.000000 1 1
1765 IN 1766 1773 13 0.500000 5 0
1766 IN 1767 1768 8 0.500000 4 0
1767 LN -1 -1 -1 -1.000000 1 0
1768 IN 1769 1770 3 0.500000 3 0
1769 LN -1 -1 -1 -1.000000 1 0
1770 IN 1771 1772 10 0.500000 2 0
1771 LN -1 -1 -1 -1.000000 1 1
1772 LN -1 -1 -1 -1.000000 1 0
1773 IN 1774 1779 16 0.500000 4 1
1774 IN 1775 1776 3 0.500000 3 0
1775 LN -1 -1 -1 -1.000000 1 0
1776 IN 1777 1778 8 0.500000 2 0
1777 LN -1 -1 -1 -1.000000 1 0
1778 LN -1 -1 -1 -1.000000 1 1
1779 IN 1780 1781 3 0.500000 2 1
1780 LN -1 -1 -1 -1.000000 1 1
1781 LN -1 -1 -1 -1.000000 1 0
1782 IN 1783 1800 10 0.500000 9 1
1783 IN 1784 1789 8 0.500000 7 1
1784 IN 1785 1788 13 0.500000 3 1
1785 IN 1786 1787 4 0.500000 2 0
1786 LN -1 -1 -1 -1.000000 1 1
1787 LN -1 -1 -1 -1.000000 1 0
1788 LN -1 -1 -1 -1.000000 1 1
1789 IN 1790 1791 5 0.500000 6 1
1790 LN -1 -1 -1 -1.000000 1 1
1791 IN 1792 1793 3 0.500000 5 1
1792 LN -1 -1 -1 -1.000000 1 1
1793 IN 1794 1795 14 0.500000 4 1
1794 LN -1 -1 -1 -1.000000 1 1
1795 IN 1796 1799 13 0.500000 3 1
1796 IN 1797 1798 4 0.500000 2 1
1797 LN -1 -1 -1 -1.000000 1 1
1798 LN -1 -1 -1 -1.000000 1 1
1799 LN -1 -1 -1 -1.000000 1 1
1800 IN 1801 1818 13 0.500000 8 0
1801 IN 1802 1817 4 0.500000 7 1
1802 IN 1803 1816 16 0.500000 6 1
1803 IN 1804 1807 8 0.500000 5 1
1804 IN 1805 1806 14 0.500000 2 1
1805 LN -1 -1 -1 -1.000000 1 0
1806 LN -1 -1 -1 -1.000000 1 1
1807 IN 1808 1811 14 0.500000 4 0
1808 IN 1809 1810 3 0.500000 2 1
1809 LN -1 -1 -1 -1.000000 1 0
1810 LN -1 -1 -1 -1.000000 1 1
1811 IN 1812 1813 5 0.500000 3 0
1812 LN -1 -1 -1 -1.000000 1 0
1813 IN 1814 1815 3 0.500000 2 0
1814 LN -1 -1 -1 -1.000000 1 0
1815 LN -1 -1 -1 -1.000000 1 0
1816 LN -1 -1 -1 -1.000000 1 1
1817 LN -1 -1 -1 -1.000000 1 1
1818 IN 1819 1822 4 0.500000 4 0
1819 IN 1820 1821 16 0.500000 2 0
1820 LN -1 -1 -1 -1.000000 1 1
1821 LN -1 -1 -1 -1.000000 1 0
1822 IN 1823 1826 3 0.500000 3 0
1823 IN 1824 1825 16 0.500000 2 0
1824 LN -1 -1 -1 -1.000000 1 0
1825 LN -1 -1 -1 -1.000000 1 1
1826 LN -1 -1 -1 -1.000000 1 0
1827 IN 1828 1967 3 0.500000 11 1
1828 IN 1829 1952 6 0.500000 10 0
1829 IN 1830 1923 16 0.500000 9 0
1830 IN 1831 1866 14 0.500000 8 0
1831 IN 1832 1853 12 0.500000 6 0
1832 IN 1833 1842 10 0.500000 5 0
1833 IN 1834 1837 8 0.500000 4 0
1834 IN 1835 1836 4 0.500000 2 0
1835 LN -1 -1 -1 -1.000000 1 0
1836 LN -1 -1 -1 -1.000000 1 0
1837 IN 1838 1841 4 0.500000 3 0
1838 IN 1839 1840 5 0.500000 2 0
1839 LN -1 -1 -1 -1.000000 1 0
1840 LN -1 -1 -1 -1.000000 1 0
1841 LN -1 -1 -1 -1.000000 1 1
1842 IN 1843 1848 8 0.500000 4 1
1843 IN 1844 1847 4 0.500000 3 0
1844 IN 1845 1846 5 0.500000 2 0
1845 LN -1 -1 -1 -1.000000 1 0
1846 LN -1 -1 -1 -1.000000 1 0
1847 LN -1 -1 -1 -1.000000 1 0
1848 IN 1849 1852 4 0.500000 3 1
1849 IN 1850 1851 5 0.500000 2 1
1850 LN -1 -1 -1 -1.000000 1 1
1851 LN -1 -1 -1 -1.000000 1 1
1852 LN -1 -1 -1 -1.000000 1 1
1853 IN 1854 1861 4 0.500000 5 1
1854 IN 1855 1860 10 0.500000 4 0
1855 IN 1856 1857 8 0.500000 3 0
1856 LN -1 -1 -1 -1.000000 1 0
1857 IN 1858 1859 5 0.500000 2 0
1858 LN -1 -1 -1 -1.000000 1 0
1859 LN -1 -1 -1 -1.000000 1 0
1860 LN -1 -1 -1 -1.000000 1 1
1861 IN 1862 1865 10 0.500000 3 1
1862 IN 1863 1864 8 0.500000 2 0
1863 LN -1 -1 -1 -1.000000 1 0
1864 LN -1 -1 -1 -1.000000 1 1
1865 LN -1 -1 -1 -1.000000 1 1
1866 IN 1867 1906 4 0.500000 7 0
1867 IN 1868 1893 13 0.500000 6 0
1868 IN 1869 1882 12 0.500000 5 0
1869 IN 1870 1875 8 0.500000 4 0
1870 IN 1871 1872 5 0.500000 3 0
1871 LN -1 -1 -1 -1.000000 1 1
1872 IN 1873 1874 10 0.500000 2 0
1873 LN -1 -1 -1 -1.000000 1 0
1874 LN -1 -1 -1 -1.000000 1 0
1875 IN 1876 1879 10 0.500000 3 0
1876 IN 1877 1878 5 0.500000 2 0
1877 LN -1 -1 -1 -1.000000 1 0
1878 LN -1 -1 -1 -1.000000 1 0
1879 IN 1880 1881 5 0.500000 2 0
1880 LN -1 -1 -1 -1.000000 1 0
1881 LN -1 -1 -1 -1.000000 1 0
1882 IN 1883 1886 5 0.500000 4 1
1883 IN 1884 1885 10 0.500000 2 0
1884 LN -1 -1 -1 -1.000000 1 0
1885 LN -1 -1 -1 -1.000000 1 0
1886 IN 1887 1890 10 0.500000 3 1
1887 IN 1888 1889 8 0.500000 2 1
1888 LN -1 -1 -1 -1.000000 1 1
1889 LN -1 -1 -1 -1.000000 1 1
1890 IN 1891 1892 8 0.500000 2 1
1891 LN -1 -1 -1 -1.000000 1 1
1892 LN -1 -1 -1 -1.000000 1 0
1893 IN 1894 1895 5 0.500000 5 0
1894 LN -1 -1 -1 -1.000000 1 0
1895 IN 1896 1903 12 0.500000 4 0
1896 IN 1897 1900 10 0.500000 3 0
1897 IN 1898 1899 8 0.500000 2 0
1898 LN -1 -1 -1 -1.000000 1 0
1899 LN -1 -1 -1 -1.000000 1 1
1900 IN 1901 1902 8 0.500000 2 0
1901 LN -1 -1 -1 -1.000000 1 0
1902 LN -1 -1 -1 -1.000000 1 0
1903 IN 1904 1905 8 0.500000 2 0
1904 LN -1 -1 -1 -1.000000 1 0
1905 LN -1 -1 -1 -1.000000 1 0
1906 IN 1907 1918 12 0.500000 5 1
1907 IN 1908 1915 13 0.500000 4 0
1908 IN 1909 1912 8 0.500000 3 1
1909 IN 1910 1911 10 0.500000 2 0
1910 LN -1 -1 -1 -1.000000 1 0
1911 LN -1 -1 -1 -1.000000 1 1
1912 IN 1913 1914 10 0.500000 2 1
1913 LN -1 -1 -1 -1.000000 1 0
1914 LN -1 -1 -1 -1.000000 1 1
1915 IN 1916 1917 10 0.500000 2 0
1916 LN -1 -1 -1 -1.000000 1 0
1917 LN -1 -1 -1 -1.000000 1 1
1918 IN 1919 1922 13 0.500000 3 1
1919 IN 1920 1921 8 0.500000 2 1
1920 LN -1 -1 -1 -1.000000 1 1
1921 LN -1 -1 -1 -1.000000 1 1
1922 LN -1 -1 -1 -1.000000 1 1
1923 IN 1924 1939 13 0.500000 7 1
1924 IN 1925 1928 5 0.500000 6 1
1925 IN 1926 1927 12 0.500000 2 0
1926 LN -1 -1 -1 -1.000000 1 0
1927 LN -1 -1 -1 -1.000000 1 1
1928 IN 1929 1938 12 0.500000 5 1
1929 IN 1930 1935 14 0.500000 4 0
1930 IN 1931 1932 8 0.500000 3 1
1931 LN -1 -1 -1 -1.000000 1 1
1932 IN 1933 1934 4 0.500000 2 0
1933 LN -1 -1 -1 -1.000000 1 0
1934 LN -1 -1 -1 -1.000000 1 0
1935 IN 1936 1937 4 0.500000 2 0
1936 LN -1 -1 -1 -1.000000 1 0
1937 LN -1 -1 -1 -1.000000 1 0
1938 LN -1 -1 -1 -1.000000 1 1
1939 IN 1940 1947 4 0.500000 5 1
1940 IN 1941 1946 8 0.500000 4 1
1941 IN 1942 1943 10 0.500000 3 1
1942 LN -1 -1 -1 -1.000000 1 1
1943 IN 1944 1945 12 0.500000 2 1
1944 LN -1 -1 -1 -1.000000 1 0
1945 LN -1 -1 -1 -1.000000 1 1
1946 LN -1 -1 -1 -1.000000 1 1
1947 IN 1948 1951 8 0.500000 3 1
1948 IN 1949 1950 12 0.500000 2 1
1949 LN -1 -1 -1 -1.000000 1 1
1950 LN -1 -1 -1 -1.000000 1 1
1951 LN -1 -1 -1 -1.000000 1 1
1952 IN 1953 1958 8 0.500000 6 1
1953 IN 1954 1955 13 0.500000 3 1
1954 LN -1 -1 -1 -1.000000 1 1
1955 IN 1956 1957 10 0.500000 2 1
1956 LN -1 -1 -1 -1.000000 1 0
1957 LN -1 -1 -1 -1.000000 1 1
1958 IN 1959 1966 12 0.500000 5 0
1959 IN 1960 1961 14 0.500000 4 0
1960 LN -1 -1 -1 -1.000000 1 0
1961 IN 1962 1963 10 0.500000 3 0
1962 LN -1 -1 -1 -1.000000 1 0
1963 IN 1964 1965 13 0.500000 2 1
1964 LN -1 -1 -1 -1.000000 1 1
1965 LN -1 -1 -1 -1.000000 1 0
1966 LN -1 -1 -1 -1.000000 1 0
1967 IN 1968 2097 12 0.500000 10 1
1968 IN 1969 2004 14 0.500000 9 1
1969 IN 1970 1989 6 0.500000 6 0
1970 IN 1971 1978 10 0.500000 5 0
1971 IN 1972 1977 16 0.500000 4 0
1972 IN 1973 1976 8 0.500000 3 0
1973 IN 1974 1975 4 0.500000 2 0
1974 LN -1 -1 -1 -1.000000 1 0
1975 LN -1 -1 -1 -1.000000 1 0
1976 LN -1 -1 -1 -1.000000 1 0
1977 LN -1 -1 -1 -1.000000 1 1
1978 IN 1979 1986 16 0.500000 4 0
1979 IN 1980 1983 8 0.500000 3 0
1980 IN 1981 1982 4 0.500000 2 1
1981 LN -1 -1 -1 -1.000000 1 0
1982 LN -1 -1 -1 -1.000000 1 1
1983 IN 1984 1985 4 0.500000 2 0
1984 LN -1 -1 -1 -1.000000 1 0
1985 LN -1 -1 -1 -1.000000 1 0
1986 IN 1987 1988 5 0.500000 2 0
1987 LN -1 -1 -1 -1.000000 1 0
1988 LN -1 -1 -1 -1.000000 1 1
1989 IN 1990 1997 10 0.500000 5 1
1990 IN 1991 1994 8 0.500000 3 0
1991 IN 1992 1993 4 0.500000 2 0
1992 LN -1 -1 -1 -1.000000 1 0
1993 LN -1 -1 -1 -1.000000 1 1
1994 IN 1995 1996 4 0.500000 2 0
1995 LN -1 -1 -1 -1.000000 1 1
1996 LN -1 -1 -1 -1.000000 1 0
1997 IN 1998 2003 16 0.500000 4 1
1998 IN 1999 2000 8 0.500000 3 1
1999 LN -1 -1 -1 -1.000000 1 1
2000 IN 2001 2002 4 0.500000 2 1
2001 LN -1 -1 -1 -1.000000 1 1
2002 LN -1 -1 -1 -1.000000 1 1
2003 LN -1 -1 -1 -1.000000 1 0
2004 IN 2005 2062 4 0.500000 8 1
2005 IN 2006 2029 10 0.500000 7 1
2006 IN 2007 2018 8 0.500000 6 1
2007 IN 2008 2015 6 0.500000 4 0
2008 IN 2009 2012 16 0.500000 3 0
2009 IN 2010 2011 13 0.500000 2 0
2010 LN -1 -1 -1 -1.000000 1 0
2011 LN -1 -1 -1 -1.000000 1 1
2012 IN 2013 2014 13 0.500000 2 0
2013 LN -1 -1 -1 -1.000000 1 0
2014 LN -1 -1 -1 -1.000000 1 0
2015 IN 2016 2017 13 0.500000 2 1
2016 LN -1 -1 -1 -1.000000 1 0
2017 LN -1 -1 -1 -1.000000 1 1
2018 IN 2019 2026 13 0.500000 5 1
2019 IN 2020 2025 16 0.500000 4 1
2020 IN 2021 2024 6 0.500000 3 1
2021 IN 2022 2023 5 0.500000 2 0
2022 LN -1 -1 -1 -1.000000 1 0
2023 LN -1 -1 -1 -1.000000 1 1
2024 LN -1 -1 -1 -1.000000 1 1
2025 LN -1 -1 -1 -1.000000 1 1
2026 IN 2027 2028 6 0.500000 2 0
2027 LN -1 -1 -1 -1.000000 1 0
2028 LN -1 -1 -1 -1.000000 1 1
2029 IN 2030 2049 6 0.500000 6 1
2030 IN 2031 2042 13 0.500000 5 1
2031 IN 2032 2035 16 0.500000 4 0
2032 IN 2033 2034 8 0.500000 2 0
2033 LN -1 -1 -1 -1.000000 1 0
2034 LN -1 -1 -1 -1.000000 1 0
2035 IN 2036 2039 8 0.500000 3 1
2036 IN 2037 2038 5 0.500000 2 1
2037 LN -1 -1 -1 -1.000000 1 0
2038 LN -1 -1 -1 -1.000000 1 1
2039 IN 2040 2041 5 0.500000 2 1
2040 LN -1 -1 -1 -1.000000 1 1
2041 LN -1 -1 -1 -1.000000 1 1
2042 IN 2043 2046 16 0.500000 3 1
2043 IN 2044 2045 8 0.500000 2 1
2044 LN -1 -1 -1 -1.000000 1 0
2045 LN -1 -1 -1 -1.000000 1 1
2046 IN 2047 2048 8 0.500000 2 1
2047 LN -1 -1 -1 -1.000000 1 1
2048 LN -1 -1 -1 -1.000000 1 1
2049 IN 2050 2057 8 0.500000 4 1
2050 IN 2051 2054 16 0.500000 3 1
2051 IN 2052 2053 13 0.500000 2 1
2052 LN -1 -1 -1 -1.000000 1 1
2053 LN -1 -1 -1 -1.000000 1 1
2054 IN 2055 2056 13 0.500000 2 0
2055 LN -1 -1 -1 -1.000000 1 0
2056 LN -1 -1 -1 -1.000000 1 1
2057 IN 2058 2059 16 0.500000 3 1
2058 LN -1 -1 -1 -1.000000 1 1
2059 IN 2060 2061 13 0.500000 2 1
2060 LN -1 -1 -1 -1.000000 1 1
2061 LN -1 -1 -1 -1.000000 1 1
2062 IN 2063 2082 16 0.500000 6 1
2063 IN 2064 2075 6 0.500000 5 1
2064 IN 2065 2070 8 0.500000 4 1
2065 IN 2066 2067 13 0.500000 3 0
2066 LN -1 -1 -1 -1.000000 1 0
2067 IN 2068 2069 10 0.500000 2 0
2068 LN -1 -1 -1 -1.000000 1 0
2069 LN -1 -1 -1 -1.000000 1 1
2070 IN 2071 2074 13 0.500000 3 1
2071 IN 2072 2073 10 0.500000 2 1
2072 LN -1 -1 -1 -1.000000 1 1
2073 LN -1 -1 -1 -1.000000 1 0
2074 LN -1 -1 -1 -1.000000 1 1
2075 IN 2076 2081 8 0.500000 4 1
2076 IN 2077 2078 10 0.500000 3 1
2077 LN -1 -1 -1 -1.000000 1 1
2078 IN 2079 2080 13 0.500000 2 1
2079 LN -1 -1 -1 -1.000000 1 1
2080 LN -1 -1 -1 -1.000000 1 1
2081 LN -1 -1 -1 -1.000000 1 1
2082 IN 2083 2092 8 0.500000 5 1
2083 IN 2084 2089 13 0.500000 4 1
2084 IN 2085 2088 6 0.500000 3 1
2085 IN 2086 2087 10 0.500000 2 0
2086 LN -1 -1 -1 -1.000000 1 0
2087 LN -1 -1 -1 -1.000000 1 0
2088 LN -1 -1 -1 -1.000000 1 1
2089 IN 2090 2091 6 0.500000 2 0
2090 LN -1 -1 -1 -1.000000 1 1
2091 LN -1 -1 -1 -1.000000 1 0
2092 IN 2093 2096 6 0.500000 3 1
2093 IN 2094 2095 13 0.500000 2 1
2094 LN -1 -1 -1 -1.000000 1 1
2095 LN -1 -1 -1 -1.000000 1 0
2096 LN -1 -1 -1 -1.000000 1 0
2097 IN 2098 2141 4 0.500000 8 1
2098 IN 2099 2122 8 0.500000 7 1
2099 IN 2100 2111 10 0.500000 6 1
2100 IN 2101 2106 13 0.500000 4 0
2101 IN 2102 2105 16 0.500000 3 0
2102 IN 2103 2104 6 0.500000 2 0
2103 LN -1 -1 -1 -1.000000 1 0
2104 LN -1 -1 -1 -1.000000 1 0
2105 LN -1 -1 -1 -1.000000 1 0
2106 IN 2107 2110 16 0.500000 3 1
2107 IN 2108 2109 6 0.500000 2 0
2108 LN -1 -1 -1 -1.000000 1 0
2109 LN -1 -1 -1 -1.000000 1 0
2110 LN -1 -1 -1 -1.000000 1 1
2111 IN 2112 2113 5 0.500000 5 1
2112 LN -1 -1 -1 -1.000000 1 0
2113 IN 2114 2117 6 0.500000 4 1
2114 IN 2115 2116 16 0.500000 2 0
2115 LN -1 -1 -1 -1.000000 1 0
2116 LN -1 -1 -1 -1.000000 1 0
2117 IN 2118 2119 14 0.500000 3 1
2118 LN -1 -1 -1 -1.000000 1 1
2119 IN 2120 2121 13 0.500000 2 1
2120 LN -1 -1 -1 -1.000000 1 1
2121 LN -1 -1 -1 -1.000000 1 1
2122 IN 2123 2134 10 0.500000 6 1
2123 IN 2124 2131 13 0.500000 5 1
2124 IN 2125 2130 6 0.500000 4 1
2125 IN 2126 2127 14 0.500000 3 0
2126 LN -1 -1 -1 -1.000000 1 0
2127 IN 2128 2129 16 0.500000 2 1
2128 LN -1 -1 -1 -1.000000 1 1
2129 LN -1 -1 -1 -1.000000 1 1
2130 LN -1 -1 -1 -1.000000 1 1
2131 IN 2132 2133 6 0.500000 2 1
2132 LN -1 -1 -1 -1.000000 1 1
2133 LN -1 -1 -1 -1.000000 1 0
2134 IN 2135 2136 6 0.500000 4 1
2135 LN -1 -1 -1 -1.000000 1 1
2136 IN 2137 2140 16 0.500000 3 1
2137 IN 2138 2139 14 0.500000 2 1
2138 LN -1 -1 -1 -1.000000 1 1
2139 LN -1 -1 -1 -1.000000 1 1
2140 LN -1 -1 -1 -1.000000 1 1
2141 IN 2142 2143 14 0.500000 7 1
2142 LN -1 -1 -1 -1.000000 1 1
2143 IN 2144 2157 16 0.500000 6 1
2144 IN 2145 2152 8 0.500000 5 1
2145 IN 2146 2147 10 0.500000 4 1
2146 LN -1 -1 -1 -1.000000 1 1
2147 IN 2148 2151 13 0.500000 3 0
2148 IN 2149 2150 6 0.500000 2 0
2149 LN -1 -1 -1 -1.000000 1 0
2150 LN -1 -1 -1 -1.000000 1 1
2151 LN -1 -1 -1 -1.000000 1 0
2152 IN 2153 2154 10 0.500000 3 1
2153 LN -1 -1 -1 -1.000000 1 1
2154 IN 2155 2156 6 0.500000 2 1
2155 LN -1 -1 -1 -1.000000 1 1
2156 LN -1 -1 -1 -1.000000 1 0
2157 IN 2158 2159 6 0.500000 4 1
2158 LN -1 -1 -1 -1.000000 1 1
2159 IN 2160 2163 13 0.500000 3 1
2160 IN 2161 2162 10 0.500000 2 0
2161 LN -1 -1 -1 -1.000000 1 0
2162 LN -1 -1 -1 -1.000000 1 1
2163 LN -1 -1 -1 -1.000000 1 1
2164 IN 2165 2574 4 0.500000 14 1
2165 IN 2166 2355 10 0.500000 13 1
2166 IN 2167 2284 3 0.500000 12 1
2167 IN 2168 2225 13 0.500000 11 1
2168 IN 2169 2176 5 0.500000 10 0
2169 IN 2170 2173 7 0.500000 3 0
2170 IN 2171 2172 12 0.500000 2 0
2171 LN -1 -1 -1 -1.000000 1 0
2172 LN -1 -1 -1 -1.000000 1 1
2173 IN 2174 2175 12 0.500000 2 0
2174 LN -1 -1 -1 -1.000000 1 0
2175 LN -1 -1 -1 -1.000000 1 0
2176 IN 2177 2180 11 0.500000 9 1
2177 IN 2178 2179 12 0.500000 2 0
2178 LN -1 -1 -1 -1.000000 1 0
2179 LN -1 -1 -1 -1.000000 1 1
2180 IN 2181 2220 6 0.500000 8 1
2181 IN 2182 2217 16 0.500000 7 1
2182 IN 2183 2194 8 0.500000 6 0
2183 IN 2184 2191 12 0.500000 5 1
2184 IN 2185 2186 14 0.500000 4 0
2185 LN -1 -1 -1 -1.000000 1 0
2186 IN 2187 2188 9 0.500000 3 0
2187 LN -1 -1 -1 -1.000000 1 0
2188 IN 2189 2190 7 0.500000 2 0
2189 LN -1 -1 -1 -1.000000 1 1
2190 LN -1 -1 -1 -1.000000 1 0
2191 IN 2192 2193 14 0.500000 2 1
2192 LN -1 -1 -1 -1.000000 1 1
2193 LN -1 -1 -1 -1.000000 1 1
2194 IN 2195 2202 15 0.500000 5 0
2195 IN 2196 2197 7 0.500000 4 0
2196 LN -1 -1 -1 -1.000000 1 0
2197 IN 2198 2201 12 0.500000 3 0
2198 IN 2199 2200 14 0.500000 2 0
2199 LN -1 -1 -1 -1.000000 1 0
2200 LN -1 -1 -1 -1.000000 1 1
2201 LN -1 -1 -1 -1.000000 1 0
2202 IN 2203 2210 12 0.500000 4 0
2203 IN 2204 2207 14 0.500000 3 0
2204 IN 2205 2206 7 0.500000 2 0
2205 LN -1 -1 -1 -1.000000 1 1
2206 LN -1 -1 -1 -1.000000 1 0
2207 IN 2208 2209 7 0.500000 2 0
2208 LN -1 -1 -1 -1.000000 1 0
2209 LN -1 -1 -1 -1.000000 1 1
2210 IN 2211 2214 14 0.500000 3 1
2211 IN 2212 2213 7 0.500000 2 1
2212 LN -1 -1 -1 -1.000000 1 1
2213 LN -1 -1 -1 -1.000000 1 1
2214 IN 2215 2216 7 0.500000 2 0
2215 LN -1 -1 -1 -1.000000 1 0
2216 LN -1 -1 -1 -1.000000 1 0
2217 IN 2218 2219 15 0.500000 2 1
2218 LN -1 -1 -1 -1.000000 1 0
2219 LN -1 -1 -1 -1.000000 1 1
2220 IN 2221 2222 15 0.500000 3 1
2221 LN -1 -1 -1 -1.000000 1 1
2222 IN 2223 2224 14 0.500000 2 0
2223 LN -1 -1 -1 -1.000000 1 1
2224 LN -1 -1 -1 -1.000000 1 0
2225 IN 2226 2277 6 0.500000 9 1
2226 IN 2227 2254 12 0.500000 8 1
2227 IN 2228 2239 7 0.500000 6 1
2228 IN 2229 2238 16 0.500000 5 0
2229 IN 2230 2233 5 0.500000 4 0
2230 IN 2231 2232 15 0.500000 2 0
2231 LN -1 -1 -1 -1.000000 1 1
2232 LN -1 -1 -1 -1.000000 1 0
2233 IN 2234 2235 15 0.500000 3 0
2234 LN -1 -1 -1 -1.000000 1 0
2235 IN 2236 2237 8 0.500000 2 1
2236 LN -1 -1 -1 -1.000000 1 1
2237 LN -1 -1 -1 -1.000000 1 1
2238 LN -1 -1 -1 -1.000000 1 0
2239 IN 2240 2251 16 0.500000 5 1
2240 IN 2241 2246 8 0.500000 4 1
2241 IN 2242 2243 5 0.500000 3 1
2242 LN -1 -1 -1 -1.000000 1 1
2243 IN 2244 2245 15 0.500000 2 1
2244 LN -1 -1 -1 -1.000000 1 1
2245 LN -1 -1 -1 -1.000000 1 1
2246 IN 2247 2248 15 0.500000 3 1
2247 LN -1 -1 -1 -1.000000 1 0
2248 IN 2249 2250 5 0.500000 2 1
2249 LN -1 -1 -1 -1.000000 1 0
2250 LN -1 -1 -1 -1.000000 1 1
2251 IN 2252 2253 8 0.500000 2 1
2252 LN -1 -1 -1 -1.000000 1 0
2253 LN -1 -1 -1 -1.000000 1 1
2254 IN 2255 2256 9 0.500000 7 1
2255 LN -1 -1 -1 -1.000000 1 1
2256 IN 2257 2262 15 0.500000 6 1
2257 IN 2258 2259 7 0.500000 3 0
2258 LN -1 -1 -1 -1.000000 1 1
2259 IN 2260 2261 8 0.500000 2 0
2260 LN -1 -1 -1 -1.000000 1 0
2261 LN -1 -1 -1 -1.000000 1 1
2262 IN 2263 2272 16 0.500000 5 1
2263 IN 2264 2265 5 0.500000 4 1
2264 LN -1 -1 -1 -1.000000 1 1
2265 IN 2266 2269 8 0.500000 3 1
2266 IN 2267 2268 7 0.500000 2 1
2267 LN -1 -1 -1 -1.000000 1 1
2268 LN -1 -1 -1 -1.000000 1 1
2269 IN 2270 2271 7 0.500000 2 1
2270 LN -1 -1 -1 -1.000000 1 1
2271 LN -1 -1 -1 -1.000000 1 1
2272 IN 2273 2274 7 0.500000 3 1
2273 LN -1 -1 -1 -1.000000 1 1
2274 IN 2275 2276 8 0.500000 2 1
2275 LN -1 -1 -1 -1.000000 1 1
2276 LN -1 -1 -1 -1.000000 1 1
2277 IN 2278 2281 12 0.500000 3 1
2278 IN 2279 2280 8 0.500000 2 0
2279 LN -1 -1 -1 -1.000000 1 0
2280 LN -1 -1 -1 -1.000000 1 1
2281 IN 2282 2283 16 0.500000 2 1
2282 LN -1 -1 -1 -1.000000 1 1
2283 LN -1 -1 -1 -1.000000 1 0
2284 IN 2285 2306 8 0.500000 9 1
2285 IN 2286 2287 15 0.500000 7 1
2286 LN -1 -1 -1 -1.000000 1 1
2287 IN 2288 2289 7 0.500000 6 1
2288 LN -1 -1 -1 -1.000000 1 1
2289 IN 2290 2297 6 0.500000 5 1
2290 IN 2291 2294 12 0.500000 3 1
2291 IN 2292 2293 13 0.500000 2 1
2292 LN -1 -1 -1 -1.000000 1 1
2293 LN -1 -1 -1 -1.000000 1 0
2294 IN 2295 2296 13 0.500000 2 1
2295 LN -1 -1 -1 -1.000000 1 0
2296 LN -1 -1 -1 -1.000000 1 1
2297 IN 2298 2301 13 0.500000 4 1
2298 IN 2299 2300 12 0.500000 2 1
2299 LN -1 -1 -1 -1.000000 1 1
2300 LN -1 -1 -1 -1.000000 1 0
2301 IN 2302 2305 16 0.500000 3 0
2302 IN 2303 2304 12 0.500000 2 1
2303 LN -1 -1 -1 -1.000000 1 1
2304 LN -1 -1 -1 -1.000000 1 0
2305 LN -1 -1 -1 -1.000000 1 0
2306 IN 2307 2334 13 0.500000 8 1
2307 IN 2308 2329 6 0.500000 7 1
2308 IN 2309 2314 14 0.500000 6 1
2309 IN 2310 2311 15 0.500000 3 0
2310 LN -1 -1 -1 -1.000000 1 1
2311 IN 2312 2313 12 0.500000 2 0
2312 LN -1 -1 -1 -1.000000 1 1
2313 LN -1 -1 -1 -1.000000 1 0
2314 IN 2315 2316 15 0.500000 5 1
2315 LN -1 -1 -1 -1.000000 1 0
2316 IN 2317 2324 16 0.500000 4 1
2317 IN 2318 2321 12 0.500000 3 1
2318 IN 2319 2320 7 0.500000 2 1
2319 LN -1 -1 -1 -1.000000 1 0
2320 LN -1 -1 -1 -1.000000 1 1
2321 IN 2322 2323 7 0.500000 2 1
2322 LN -1 -1 -1 -1.000000 1 1
2323 LN -1 -1 -1 -1.000000 1 1
2324 IN 2325 2328 12 0.500000 3 1
2325 IN 2326 2327 7 0.500000 2 1
2326 LN -1 -1 -1 -1.000000 1 1
2327 LN -1 -1 -1 -1.000000 1 0
2328 LN -1 -1 -1 -1.000000 1 1
2329 IN 2330 2333 12 0.500000 3 1
2330 IN 2331 2332 14 0.500000 2 1
2331 LN -1 -1 -1 -1.000000 1 1
2332 LN -1 -1 -1 -1.000000 1 1
2333 LN -1 -1 -1 -1.000000 1 1
2334 IN 2335 2348 16 0.500000 6 1
2335 IN 2336 2345 6 0.500000 5 1
2336 IN 2337 2340 15 0.500000 4 1
2337 IN 2338 2339 12 0.500000 2 0
2338 LN -1 -1 -1 -1.000000 1 0
2339 LN -1 -1 -1 -1.000000 1 1
2340 IN 2341 2342 5 0.500000 3 1
2341 LN -1 -1 -1 -1.000000 1 0
2342 IN 2343 2344 12 0.500000 2 1
2343 LN -1 -1 -1 -1.000000 1 1
2344 LN -1 -1 -1 -1.000000 1 1
2345 IN 2346 2347 12 0.500000 2 1
2346 LN -1 -1 -1 -1.000000 1 1
2347 LN -1 -1 -1 -1.000000 1 1
2348 IN 2349 2354 12 0.500000 4 1
2349 IN 2350 2351 15 0.500000 3 1
2350 LN -1 -1 -1 -1.000000 1 1
2351 IN 2352 2353 6 0.500000 2 1
2352 LN -1 -1 -1 -1.000000 1 1
2353 LN -1 -1 -1 -1.000000 1 1
2354 LN -1 -1 -1 -1.000000 1 1
2355 IN 2356 2399 14 0.500000 12 1
2356 IN 2357 2386 3 0.500000 9 1
2357 IN 2358 2377 12 0.500000 8 1
2358 IN 2359 2362 15 0.500000 7 1
2359 IN 2360 2361 5 0.500000 2 0
2360 LN -1 -1 -1 -1.000000 1 0
2361 LN -1 -1 -1 -1.000000 1 1
2362 IN 2363 2366 8 0.500000 6 1
2363 IN 2364 2365 7 0.500000 2 0
2364 LN -1 -1 -1 -1.000000 1 1
2365 LN -1 -1 -1 -1.000000 1 0
2366 IN 2367 2368 5 0.500000 5 1
2367 LN -1 -1 -1 -1.000000 1 0
2368 IN 2369 2370 7 0.500000 4 1
2369 LN -1 -1 -1 -1.000000 1 1
2370 IN 2371 2374 16 0.500000 3 1
2371 IN 2372 2373 6 0.500000 2 1
2372 LN -1 -1 -1 -1.000000 1 1
2373 LN -1 -1 -1 -1.000000 1 0
2374 IN 2375 2376 6 0.500000 2 0
2375 LN -1 -1 -1 -1.000000 1 0
2376 LN -1 -1 -1 -1.000000 1 1
2377 IN 2378 2379 5 0.500000 5 1
2378 LN -1 -1 -1 -1.000000 1 0
2379 IN 2380 2381 7 0.500000 4 1
2380 LN -1 -1 -1 -1.000000 1 1
2381 IN 2382 2385 6 0.500000 3 1
2382 IN 2383 2384 15 0.500000 2 1
2383 LN -1 -1 -1 -1.000000 1 1
2384 LN -1 -1 -1 -1.000000 1 1
2385 LN -1 -1 -1 -1.000000 1 1
2386 IN 2387 2394 6 0.500000 4 0
2387 IN 2388 2391 12 0.500000 3 0
2388 IN 2389 2390 8 0.500000 2 0
2389 LN -1 -1 -1 -1.000000 1 0
2390 LN -1 -1 -1 -1.000000 1 0
2391 IN 2392 2393 16 0.500000 2 0
2392 LN -1 -1 -1 -1.000000 1 0
2393 LN -1 -1 -1 -1.000000 1 1
2394 IN 2395 2396 12 0.500000 3 1
2395 LN -1 -1 -1 -1.000000 1 1
2396 IN 2397 2398 16 0.500000 2 1
2397 LN -1 -1 -1 -1.000000 1 0
2398 LN -1 -1 -1 -1.000000 1 1
2399 IN 2400 2539 6 0.500000 11 1
2400 IN 2401 2482 16 0.500000 10 1
2401 IN 2402 2433 13 0.500000 9 1
2402 IN 2403 2410 5 0.500000 7 1
2403 IN 2404 2407 12 0.500000 3 0
2404 IN 2405 2406 7 0.500000 2 0
2405 LN -1 -1 -1 -1.000000 1 0
2406 LN -1 -1 -1 -1.000000 1 1
2407 IN 2408 2409 7 0.500000 2 1
2408 LN -1 -1 -1 -1.000000 1 1
2409 LN -1 -1 -1 -1.000000 1 1
2410 IN 2411 2412 15 0.500000 6 1
2411 LN -1 -1 -1 -1.000000 1 1
2412 IN 2413 2426 3 0.500000 5 1
2413 IN 2414 2419 7 0.500000 4 1
2414 IN 2415 2416 8 0.500000 3 1
2415 LN -1 -1 -1 -1.000000 1 1
2416 IN 2417 2418 12 0.500000 2 1
2417 LN -1 -1 -1 -1.000000 1 0
2418 LN -1 -1 -1 -1.000000 1 1
2419 IN 2420 2423 12 0.500000 3 1
2420 IN 2421 2422 8 0.500000 2 1
2421 LN -1 -1 -1 -1.000000 1 1
2422 LN -1 -1 -1 -1.000000 1 1
2423 IN 2424 2425 8 0.500000 2 1
2424 LN -1 -1 -1 -1.000000 1 1
2425 LN -1 -1 -1 -1.000000 1 1
2426 IN 2427 2428 8 0.500000 4 1
2427 LN -1 -1 -1 -1.000000 1 0
2428 IN 2429 2430 7 0.500000 3 1
2429 LN -1 -1 -1 -1.000000 1 1
2430 IN 2431 2432 12 0.500000 2 1
2431 LN -1 -1 -1 -1.000000 1 1
2432 LN -1 -1 -1 -1.000000 1 1
2433 IN 2434 2443 15 0.500000 8 1
2434 IN 2435 2440 12 0.500000 4 1
2435 IN 2436 2437 8 0.500000 3 1
2436 LN -1 -1 -1 -1.000000 1 0
2437 IN 2438 2439 7 0.500000 2 1
2438 LN -1 -1 -1 -1.000000 1 0
2439 LN -1 -1 -1 -1.000000 1 1
2440 IN 2441 2442 7 0.500000 2 1
2441 LN -1 -1 -1 -1.000000 1 0
2442 LN -1 -1 -1 -1.000000 1 1
2443 IN 2444 2453 5 0.500000 7 1
2444 IN 2445 2452 3 0.500000 4 1
2445 IN 2446 2449 12 0.500000 3 1
2446 IN 2447 2448 7 0.500000 2 0
2447 LN -1 -1 -1 -1.000000 1 1
2448 LN -1 -1 -1 -1.000000 1 0
2449 IN 2450 2451 7 0.500000 2 1
2450 LN -1 -1 -1 -1.000000 1 1
2451 LN -1 -1 -1 -1.000000 1 1
2452 LN -1 -1 -1 -1.000000 1 1
2453 IN 2454 2467 12 0.500000 6 1
2454 IN 2455 2456 9 0.500000 5 1
2455 LN -1 -1 -1 -1.000000 1 1
2456 IN 2457 2462 3 0.500000 4 1
2457 IN 2458 2459 7 0.500000 3 1
2458 LN -1 -1 -1 -1.000000 1 0
2459 IN 2460 2461 8 0.500000 2 1
2460 LN -1 -1 -1 -1.000000 1 1
2461 LN -1 -1 -1 -1.000000 1 1
2462 IN 2463 2464 7 0.500000 3 1
2463 LN -1 -1 -1 -1.000000 1 1
2464 IN 2465 2466 8 0.500000 2 1
2465 LN -1 -1 -1 -1.000000 1 1
2466 LN -1 -1 -1 -1.000000 1 1
2467 IN 2468 2475 8 0.500000 5 1
2468 IN 2469 2470 9 0.500000 4 1
2469 LN -1 -1 -1 -1.000000 1 1
2470 IN 2471 2474 3 0.500000 3 1
2471 IN 2472 2473 7 0.500000 2 1
2472 LN -1 -1 -1 -1.000000 1 1
2473 LN -1 -1 -1 -1.000000 1 0
2474 LN -1 -1 -1 -1.000000 1 1
2475 IN 2476 2479 7 0.500000 3 1
2476 IN 2477 2478 3 0.500000 2 1
2477 LN -1 -1 -1 -1.000000 1 1
2478 LN -1 -1 -1 -1.000000 1 1
2479 IN 2480 2481 3 0.500000 2 1
2480 LN -1 -1 -1 -1.000000 1 1
2481 LN -1 -1 -1 -1.000000 1 1
2482 IN 2483 2522 12 0.500000 8 1
2483 IN 2484 2497 5 0.500000 7 1
2484 IN 2485 2494 3 0.500000 5 0
2485 IN 2486 2489 13 0.500000 4 0
2486 IN 2487 2488 7 0.500000 2 0
2487 LN -1 -1 -1 -1.000000 1 1
2488 LN -1 -1 -1 -1.000000 1 0
2489 IN 2490 2491 8 0.500000 3 0
2490 LN -1 -1 -1 -1.000000 1 0
2491 IN 2492 2493 7 0.500000 2 0
2492 LN -1 -1 -1 -1.000000 1 0
2493 LN -1 -1 -1 -1.000000 1 0
2494 IN 2495 2496 8 0.500000 2 0
2495 LN -1 -1 -1 -1.000000 1 0
2496 LN -1 -1 -1 -1.000000 1 0
2497 IN 2498 2505 13 0.500000 6 1
2498 IN 2499 2500 8 0.500000 4 0
2499 LN -1 -1 -1 -1.000000 1 0
2500 IN 2501 2504 3 0.500000 3 1
2501 IN 2502 2503 7 0.500000 2 0
2502 LN -1 -1 -1 -1.000000 1 1
2503 LN -1 -1 -1 -1.000000 1 0
2504 LN -1 -1 -1 -1.000000 1 1
2505 IN 2506 2513 8 0.500000 5 1
2506 IN 2507 2508 15 0.500000 4 1
2507 LN -1 -1 -1 -1.000000 1 0
2508 IN 2509 2512 3 0.500000 3 1
2509 IN 2510 2511 7 0.500000 2 1
2510 LN -1 -1 -1 -1.000000 1 1
2511 LN -1 -1 -1 -1.000000 1 1
2512 LN -1 -1 -1 -1.000000 1 0
2513 IN 2514 2515 15 0.500000 4 1
2514 LN -1 -1 -1 -1.000000 1 1
2515 IN 2516 2519 7 0.500000 3 1
2516 IN 2517 2518 3 0.500000 2 1
2517 LN -1 -1 -1 -1.000000 1 1
2518 LN -1 -1 -1 -1.000000 1 1
2519 IN 2520 2521 3 0.500000 2 1
2520 LN -1 -1 -1 -1.000000 1 1
2521 LN -1 -1 -1 -1.000000 1 1
2522 IN 2523 2524 7 0.500000 7 1
2523 LN -1 -1 -1 -1.000000 1 1
2524 IN 2525 2526 15 0.500000 6 1
2525 LN -1 -1 -1 -1.000000 1 1
2526 IN 2527 2530 13 0.500000 5 1
2527 IN 2528 2529 3 0.500000 2 1
2528 LN -1 -1 -1 -1.000000 1 1
2529 LN -1 -1 -1 -1.000000 1 1
2530 IN 2531 2536 8 0.500000 4 1
2531 IN 2532 2533 5 0.500000 3 1
2532 LN -1 -1 -1 -1.000000 1 1
2533 IN 2534 2535 3 0.500000 2 1
2534 LN -1 -1 -1 -1.000000 1 1
2535 LN -1 -1 -1 -1.000000 1 1
2536 IN 2537 2538 3 0.500000 2 1
2537 LN -1 -1 -1 -1.000000 1 1
2538 LN -1 -1 -1 -1.000000 1 1
2539 IN 2540 2549 3 0.500000 7 1
2540 IN 2541 2546 12 0.500000 4 1
2541 IN 2542 2543 13 0.500000 3 1
2542 LN -1 -1 -1 -1.000000 1 1
2543 IN 2544 2545 16 0.500000 2 0
2544 LN -1 -1 -1 -1.000000 1 0
2545 LN -1 -1 -1 -1.000000 1 1
2546 IN 2547 2548 13 0.500000 2 1
2547 LN -1 -1 -1 -1.000000 1 0
2548 LN -1 -1 -1 -1.000000 1 1
2549 IN 2550 2559 8 0.500000 6 1
2550 IN 2551 2552 9 0.500000 5 1
2551 LN -1 -1 -1 -1.000000 1 1
2552 IN 2553 2558 12 0.500000 4 1
2553 IN 2554 2557 16 0.500000 3 0
2554 IN 2555 2556 13 0.500000 2 0
2555 LN -1 -1 -1 -1.000000 1 1
2556 LN -1 -1 -1 -1.000000 1 0
2557 LN -1 -1 -1 -1.000000 1 1
2558 LN -1 -1 -1 -1.000000 1 1
2559 IN 2560 2567 16 0.500000 4 1
2560 IN 2561 2564 13 0.500000 3 1
2561 IN 2562 2563 12 0.500000 2 1
2562 LN -1 -1 -1 -1.000000 1 1
2563 LN -1 -1 -1 -1.000000 1 0
2564 IN 2565 2566 12 0.500000 2 1
2565 LN -1 -1 -1 -1.000000 1 1
2566 LN -1 -1 -1 -1.000000 1 1
2567 IN 2568 2571 12 0.500000 3 1
2568 IN 2569 2570 13 0.500000 2 1
2569 LN -1 -1 -1 -1.000000 1 1
2570 LN -1 -1 -1 -1.000000 1 1
2571 IN 2572 2573 13 0.500000 2 1
2572 LN -1 -1 -1 -1.000000 1 1
2573 LN -1 -1 -1 -1.000000 1 1
2574 IN 2575 2762 12 0.500000 12 1
2575 IN 2576 2585 9 0.500000 11 1
2576 IN 2577 2584 13 0.500000 4 0
2577 IN 2578 2581 7 0.500000 3 0
2578 IN 2579 2580 10 0.500000 2 0
2579 LN -1 -1 -1 -1.000000 1 1
2580 LN -1 -1 -1 -1.000000 1 0
2581 IN 2582 2583 14 0.500000 2 1
2582 LN -1 -1 -1 -1.000000 1 0
2583 LN -1 -1 -1 -1.000000 1 1
2584 LN -1 -1 -1 -1.000000 1 0
2585 IN 2586 2617 15 0.500000 10 1
2586 IN 2587 2588 11 0.500000 8 1
2587 LN -1 -1 -1 -1.000000 1 1
2588 IN 2589 2610 16 0.500000 7 1
2589 IN 2590 2601 3 0.500000 6 1
2590 IN 2591 2594 7 0.500000 5 1
2591 IN 2592 2593 14 0.500000 2 1
2592 LN -1 -1 -1 -1.000000 1 0
2593 LN -1 -1 -1 -1.000000 1 1
2594 IN 2595 2596 10 0.500000 4 1
2595 LN -1 -1 -1 -1.000000 1 1
2596 IN 2597 2598 13 0.500000 3 1
2597 LN -1 -1 -1 -1.000000 1 1
2598 IN 2599 2600 8 0.500000 2 0
2599 LN -1 -1 -1 -1.000000 1 1
2600 LN -1 -1 -1 -1.000000 1 0
2601 IN 2602 2605 6 0.500000 4 0
2602 IN 2603 2604 10 0.500000 2 1
2603 LN -1 -1 -1 -1.000000 1 0
2604 LN -1 -1 -1 -1.000000 1 1
2605 IN 2606 2609 13 0.500000 3 0
2606 IN 2607 2608 14 0.500000 2 0
2607 LN -1 -1 -1 -1.000000 1 0
2608 LN -1 -1 -1 -1.000000 1 0
2609 LN -1 -1 -1 -1.000000 1 1
2610 IN 2611 2612 8 0.500000 4 0
2611 LN -1 -1 -1 -1.000000 1 0
2612 IN 2613 2616 7 0.500000 3 0
2613 IN 2614 2615 10 0.500000 2 0
2614 LN -1 -1 -1 -1.000000 1 0
2615 LN -1 -1 -1 -1.000000 1 1
2616 LN -1 -1 -1 -1.000000 1 0
2617 IN 2618 2693 13 0.500000 9 1
2618 IN 2619 2646 8 0.500000 8 1
2619 IN 2620 2643 16 0.500000 7 0
2620 IN 2621 2630 10 0.500000 6 0
2621 IN 2622 2623 14 0.500000 4 1
2622 LN -1 -1 -1 -1.000000 1 1
2623 IN 2624 2627 6 0.500000 3 1
2624 IN 2625 2626 3 0.500000 2 1
2625 LN -1 -1 -1 -1.000000 1 1
2626 LN -1 -1 -1 -1.000000 1 1
2627 IN 2628 2629 3 0.500000 2 0
2628 LN -1 -1 -1 -1.000000 1 0
2629 LN -1 -1 -1 -1.000000 1 0
2630 IN 2631 2632 7 0.500000 5 0
2631 LN -1 -1 -1 -1.000000 1 0
2632 IN 2633 2638 6 0.500000 4 0
2633 IN 2634 2637 3 0.500000 3 0
2634 IN 2635 2636 14 0.500000 2 0
2635 LN -1 -1 -1 -1.000000 1 0
2636 LN -1 -1 -1 -1.000000 1 0
2637 LN -1 -1 -1 -1.000000 1 0
2638 IN 2639 2640 3 0.500000 3 1
2639 LN -1 -1 -1 -1.000000 1 0
2640 IN 2641 2642 14 0.500000 2 1
2641 LN -1 -1 -1 -1.000000 1 0
2642 LN -1 -1 -1 -1.000000 1 1
2643 IN 2644 2645 7 0.500000 2 0
2644 LN -1 -1 -1 -1.000000 1 1
2645 LN -1 -1 -1 -1.000000 1 0
2646 IN 2647 2662 10 0.500000 7 1
2647 IN 2648 2655 3 0.500000 5 1
2648 IN 2649 2652 14 0.500000 3 0
2649 IN 2650 2651 7 0.500000 2 0
2650 LN -1 -1 -1 -1.000000 1 0
2651 LN -1 -1 -1 -1.000000 1 0
2652 IN 2653 2654 6 0.500000 2 1
2653 LN -1 -1 -1 -1.000000 1 1
2654 LN -1 -1 -1 -1.000000 1 1
2655 IN 2656 2661 16 0.500000 4 1
2656 IN 2657 2658 14 0.500000 3 1
2657 LN -1 -1 -1 -1.000000 1 1
2658 IN 2659 2660 6 0.500000 2 1
2659 LN -1 -1 -1 -1.000000 1 1
2660 LN -1 -1 -1 -1.000000 1 1
2661 LN -1 -1 -1 -1.000000 1 0
2662 IN 2663 2674 14 0.500000 6 1
2663 IN 2664 2665 7 0.500000 5 1
2664 LN -1 -1 -1 -1.000000 1 0
2665 IN 2666 2671 16 0.500000 4 1
2666 IN 2667 2670 6 0.500000 3 1
2667 IN 2668 2669 3 0.500000 2 1
2668 LN -1 -1 -1 -1.000000 1 1
2669 LN -1 -1 -1 -1.000000 1 1
2670 LN -1 -1 -1 -1.000000 1 1
2671 IN 2672 2673 3 0.500000 2 1
2672 LN -1 -1 -1 -1.000000 1 1
2673 LN -1 -1 -1 -1.000000 1 0
2674 IN 2675 2680 7 0.500000 5 1
2675 IN 2676 2679 3 0.500000 3 1
2676 IN 2677 2678 16 0.500000 2 1
2677 LN -1 -1 -1 -1.000000 1 1
2678 LN -1 -1 -1 -1.000000 1 1
2679 LN -1 -1 -1 -1.000000 1 1
2680 IN 2681 2688 6 0.500000 4 1
2681 IN 2682 2685 3 0.500000 3 1
2682 IN 2683 2684 16 0.500000 2 1
2683 LN -1 -1 -1 -1.000000 1 1
2684 LN -1 -1 -1 -1.000000 1 1
2685 IN 2686 2687 16 0.500000 2 1
2686 LN -1 -1 -1 -1.000000 1 1
2687 LN -1 -1 -1 -1.000000 1 1
2688 IN 2689 2690 3 0.500000 3 1
2689 LN -1 -1 -1 -1.000000 1 1
2690 IN 2691 2692 16 0.500000 2 1
2691 LN -1 -1 -1 -1.000000 1 1
2692 LN -1 -1 -1 -1.000000 1 1
2693 IN 2694 2727 8 0.500000 7 1
2694 IN 2695 2720 6 0.500000 6 1
2695 IN 2696 2709 3 0.500000 5 1
2696 IN 2697 2704 16 0.500000 4 1
2697 IN 2698 2701 10 0.500000 3 1
2698 IN 2699 2700 7 0.500000 2 1
2699 LN -1 -1 -1 -1.000000 1 0
2700 LN -1 -1 -1 -1.000000 1 1
2701 IN 2702 2703 7 0.500000 2 0
2702 LN -1 -1 -1 -1.000000 1 0
2703 LN -1 -1 -1 -1.000000 1 0
2704 IN 2705 2706 7 0.500000 3 1
2705 LN -1 -1 -1 -1.000000 1 1
2706 IN 2707 2708 10 0.500000 2 1
2707 LN -1 -1 -1 -1.000000 1 0
2708 LN -1 -1 -1 -1.000000 1 1
2709 IN 2710 2715 10 0.500000 4 1
2710 IN 2711 2714 16 0.500000 3 1
2711 IN 2712 2713 7 0.500000 2 1
2712 LN -1 -1 -1 -1.000000 1 1
2713 LN -1 -1 -1 -1.000000 1 1
2714 LN -1 -1 -1 -1.000000 1 1
2715 IN 2716 2717 7 0.500000 3 1
2716 LN -1 -1 -1 -1.000000 1 1
2717 IN 2718 2719 16 0.500000 2 1
2718 LN -1 -1 -1 -1.000000 1 1
2719 LN -1 -1 -1 -1.000000 1 1
2720 IN 2721 2722 3 0.500000 4 1
2721 LN -1 -1 -1 -1.000000 1 1
2722 IN 2723 2724 10 0.500000 3 1
2723 LN -1 -1 -1 -1.000000 1 1
2724 IN 2725 2726 16 0.500000 2 0
2725 LN -1 -1 -1 -1.000000 1 0
2726 LN -1 -1 -1 -1.000000 1 1
2727 IN 2728 2735 7 0.500000 6 1
2728 IN 2729 2732 16 0.500000 3 1
2729 IN 2730 2731 10 0.500000 2 1
2730 LN -1 -1 -1 -1.000000 1 1
2731 LN -1 -1 -1 -1.000000 1 1
2732 IN 2733 2734 3 0.500000 2 1
2733 LN -1 -1 -1 -1.000000 1 1
2734 LN -1 -1 -1 -1.000000 1 0
2735 IN 2736 2751 16 0.500000 5 1
2736 IN 2737 2744 3 0.500000 4 1
2737 IN 2738 2741 6 0.500000 3 1
2738 IN 2739 2740 10 0.500000 2 1
2739 LN -1 -1 -1 -1.000000 1 1
2740 LN -1 -1 -1 -1.000000 1 1
2741 IN 2742 2743 10 0.500000 2 1
2742 LN -1 -1 -1 -1.000000 1 1
2743 LN -1 -1 -1 -1.000000 1 1
2744 IN 2745 2748 10 0.500000 3 1
2745 IN 2746 2747 6 0.500000 2 1
2746 LN -1 -1 -1 -1.000000 1 1
2747 LN -1 -1 -1 -1.000000 1 1
2748 IN 2749 2750 6 0.500000 2 1
2749 LN -1 -1 -1 -1.000000 1 1
2750 LN -1 -1 -1 -1.000000 1 1
2751 IN 2752 2755 10 0.500000 4 1
2752 IN 2753 2754 6 0.500000 2 1
2753 LN -1 -1 -1 -1.000000 1 1
2754 LN -1 -1 -1 -1.000000 1 1
2755 IN 2756 2759 3 0.500000 3 1
2756 IN 2757 2758 6 0.500000 2 1
2757 LN -1 -1 -1 -1.000000 1 1
2758 LN -1 -1 -1 -1.000000 1 1
2759 IN 2760 2761 6 0.500000 2 1
2760 LN -1 -1 -1 -1.000000 1 1
2761 LN -1 -1 -1 -1.000000 1 1
2762 IN 2763 2862 16 0.500000 10 1
2763 IN 2764 2797 8 0.500000 9 1
2764 IN 2765 2766 9 0.500000 8 1
2765 LN -1 -1 -1 -1.000000 1 1
2766 IN 2767 2782 13 0.500000 7 1
2767 IN 2768 2769 7 0.500000 6 1
2768 LN -1 -1 -1 -1.000000 1 1
2769 IN 2770 2775 3 0.500000 5 1
2770 IN 2771 2774 6 0.500000 3 1
2771 IN 2772 2773 10 0.500000 2 1
2772 LN -1 -1 -1 -1.000000 1 0
2773 LN -1 -1 -1 -1.000000 1 1
2774 LN -1 -1 -1 -1.000000 1 1
2775 IN 2776 2777 15 0.500000 4 1
2776 LN -1 -1 -1 -1.000000 1 0
2777 IN 2778 2779 10 0.500000 3 1
2778 LN -1 -1 -1 -1.000000 1 1
2779 IN 2780 2781 6 0.500000 2 1
2780 LN -1 -1 -1 -1.000000 1 0
2781 LN -1 -1 -1 -1.000000 1 1
2782 IN 2783 2786 15 0.500000 6 1
2783 IN 2784 2785 7 0.500000 2 0
2784 LN -1 -1 -1 -1.000000 1 0
2785 LN -1 -1 -1 -1.000000 1 1
2786 IN 2787 2790 10 0.500000 5 1
2787 IN 2788 2789 3 0.500000 2 1
2788 LN -1 -1 -1 -1.000000 1 1
2789 LN -1 -1 -1 -1.000000 1 0
2790 IN 2791 2796 6 0.500000 4 1
2791 IN 2792 2795 3 0.500000 3 1
2792 IN 2793 2794 7 0.500000 2 1
2793 LN -1 -1 -1 -1.000000 1 0
2794 LN -1 -1 -1 -1.000000 1 1
2795 LN -1 -1 -1 -1.000000 1 1
2796 LN -1 -1 -1 -1.000000 1 0
2797 IN 2798 2819 14 0.500000 8 1
2798 IN 2799 2806 7 0.500000 6 1
2799 IN 2800 2803 10 0.500000 3 1
2800 IN 2801 2802 11 0.500000 2 1
2801 LN -1 -1 -1 -1.000000 1 1
2802 LN -1 -1 -1 -1.000000 1 1
2803 IN 2804 2805 15 0.500000 2 1
2804 LN -1 -1 -1 -1.000000 1 1
2805 LN -1 -1 -1 -1.000000 1 1
2806 IN 2807 2810 10 0.500000 5 1
2807 IN 2808 2809 3 0.500000 2 1
2808 LN -1 -1 -1 -1.000000 1 1
2809 LN -1 -1 -1 -1.000000 1 1
2810 IN 2811 2812 15 0.500000 4 1
2811 LN -1 -1 -1 -1.000000 1 0
2812 IN 2813 2816 6 0.500000 3 1
2813 IN 2814 2815 3 0.500000 2 1
2814 LN -1 -1 -1 -1.000000 1 1
2815 LN -1 -1 -1 -1.000000 1 1
2816 IN 2817 2818 3 0.500000 2 1
2817 LN -1 -1 -1 -1.000000 1 0
2818 LN -1 -1 -1 -1.000000 1 1
2819 IN 2820 2843 3 0.500000 7 1
2820 IN 2821 2838 6 0.500000 6 1
2821 IN 2822 2825 15 0.500000 5 1
2822 IN 2823 2824 7 0.500000 2 1
2823 LN -1 -1 -1 -1.000000 1 0
2824 LN -1 -1 -1 -1.000000 1 1
2825 IN 2826 2831 7 0.500000 4 1
2826 IN 2827 2828 13 0.500000 3 1
2827 LN -1 -1 -1 -1.000000 1 1
2828 IN 2829 2830 10 0.500000 2 1
2829 LN -1 -1 -1 -1.000000 1 1
2830 LN -1 -1 -1 -1.000000 1 1
2831 IN 2832 2835 13 0.500000 3 1
2832 IN 2833 2834 10 0.500000 2 1
2833 LN -1 -1 -1 -1.000000 1 1
2834 LN -1 -1 -1 -1.000000 1 1
2835 IN 2836 2837 10 0.500000 2 1
2836 LN -1 -1 -1 -1.000000 1 1
2837 LN -1 -1 -1 -1.000000 1 1
2838 IN 2839 2842 13 0.500000 3 1
2839 IN 2840 2841 10 0.500000 2 1
2840 LN -1 -1 -1 -1.000000 1 0
2841 LN -1 -1 -1 -1.000000 1 1
2842 LN -1 -1 -1 -1.000000 1 1
2843 IN 2844 2855 6 0.500000 5 1
2844 IN 2845 2850 10 0.500000 4 1
2845 IN 2846 2847 13 0.500000 3 1
2846 LN -1 -1 -1 -1.000000 1 1
2847 IN 2848 2849 7 0.500000 2 1
2848 LN -1 -1 -1 -1.000000 1 1
2849 LN -1 -1 -1 -1.000000 1 1
2850 IN 2851 2852 7 0.500000 3 1
2851 LN -1 -1 -1 -1.000000 1 1
2852 IN 2853 2854 13 0.500000 2 1
2853 LN -1 -1 -1 -1.000000 1 1
2854 LN -1 -1 -1 -1.000000 1 1
2855 IN 2856 2859 13 0.500000 3 1
2856 IN 2857 2858 10 0.500000 2 1
2857 LN -1 -1 -1 -1.000000 1 1
2858 LN -1 -1 -1 -1.000000 1 1
2859 IN 2860 2861 10 0.500000 2 1
2860 LN -1 -1 -1 -1.000000 1 1
2861 LN -1 -1 -1 -1.000000 1 1
2862 IN 2863 2876 13 0.500000 9 1
2863 IN 2864 2871 3 0.500000 5 1
2864 IN 2865 2866 9 0.500000 4 1
2865 LN -1 -1 -1 -1.000000 1 1
2866 IN 2867 2870 14 0.500000 3 1
2867 IN 2868 2869 7 0.500000 2 1
2868 LN -1 -1 -1 -1.000000 1 1
2869 LN -1 -1 -1 -1.000000 1 0
2870 LN -1 -1 -1 -1.000000 1 1
2871 IN 2872 2873 10 0.500000 3 1
2872 LN -1 -1 -1 -1.000000 1 1
2873 IN 2874 2875 6 0.500000 2 1
2874 LN -1 -1 -1 -1.000000 1 1
2875 LN -1 -1 -1 -1.000000 1 1
2876 IN 2877 2904 6 0.500000 8 1
2877 IN 2878 2879 9 0.500000 7 1
2878 LN -1 -1 -1 -1.000000 1 0
2879 IN 2880 2895 3 0.500000 6 1
2880 IN 2881 2884 8 0.500000 5 1
2881 IN 2882 2883 7 0.500000 2 1
2882 LN -1 -1 -1 -1.000000 1 0
2883 LN -1 -1 -1 -1.000000 1 1
2884 IN 2885 2888 10 0.500000 4 1
2885 IN 2886 2887 7 0.500000 2 1
2886 LN -1 -1 -1 -1.000000 1 1
2887 LN -1 -1 -1 -1.000000 1 1
2888 IN 2889 2892 7 0.500000 3 1
2889 IN 2890 2891 15 0.500000 2 1
2890 LN -1 -1 -1 -1.000000 1 1
2891 LN -1 -1 -1 -1.000000 1 1
2892 IN 2893 2894 15 0.500000 2 1
2893 LN -1 -1 -1 -1.000000 1 0
2894 LN -1 -1 -1 -1.000000 1 1
2895 IN 2896 2897 15 0.500000 5 1
2896 LN -1 -1 -1 -1.000000 1 1
2897 IN 2898 2899 8 0.500000 4 1
2898 LN -1 -1 -1 -1.000000 1 1
2899 IN 2900 2901 10 0.500000 3 1
2900 LN -1 -1 -1 -1.000000 1 1
2901 IN 2902 2903 7 0.500000 2 1
2902 LN -1 -1 -1 -1.000000 1 1
2903 LN -1 -1 -1 -1.000000 1 1
2904 IN 2905 2908 10 0.500000 5 1
2905 IN 2906 2907 8 0.500000 2 1
2906 LN -1 -1 -1 -1.000000 1 1
2907 LN -1 -1 -1 -1.000000 1 0
2908 IN 2909 2910 15 0.500000 4 1
2909 LN -1 -1 -1 -1.000000 1 0
2910 IN 2911 2914 8 0.500000 3 1
2911 IN 2912 2913 3 0.500000 2 1
2912 LN -1 -1 -1 -1.000000 1 1
2913 LN -1 -1 -1 -1.000000 1 1
2914 IN 2915 2916 3 0.500000 2 1
2915 LN -1 -1 -1 -1.000000 1 1
2916 LN -1 -1 -1 -1.000000 1 1

[TREE 8]
NB_NODES: 2939
0 IN 1 612 9 0.500000 18 0
1 IN 2 279 2 0.500000 14 0
2 IN 3 122 10 0.500000 12 0
3 IN 4 13 5 0.500000 11 0
4 IN 5 12 14 0.500000 5 0
5 IN 6 11 12 0.500000 4 0
6 IN 7 10 7 0.500000 3 0
7 IN 8 9 15 0.500000 2 0
8 LN -1 -1 -1 -1.000000 1 0
9 LN -1 -1 -1 -1.000000 1 0
10 LN -1 -1 -1 -1.000000 1 0
11 LN -1 -1 -1 -1.000000 1 0
12 LN -1 -1 -1 -1.000000 1 0
13 IN 14 67 3 0.500000 10 0
14 IN 15 26 15 0.500000 9 0
15 IN 16 17 11 0.500000 5 0
16 LN -1 -1 -1 -1.000000 1 0
17 IN 18 25 4 0.500000 4 0
18 IN 19 22 7 0.500000 3 0
19 IN 20 21 14 0.500000 2 0
20 LN -1 -1 -1 -1.000000 1 0
21 LN -1 -1 -1 -1.000000 1 0
22 IN 23 24 14 0.500000 2 0
23 LN -1 -1 -1 -1.000000 1 0
24 LN -1 -1 -1 -1.000000 1 1
25 LN -1 -1 -1 -1.000000 1 0
26 IN 27 56 13 0.500000 8 0
27 IN 28 47 4 0.500000 7 0
28 IN 29 46 6 0.500000 6 0
29 IN 30 37 14 0.500000 5 0
30 IN 31 34 7 0.500000 3 0
31 IN 32 33 12 0.500000 2 0
32 LN -1 -1 -1 -1.000000 1 0
33 LN -1 -1 -1 -1.000000 1 0
34 IN 35 36 12 0.500000 2 0
35 LN -1 -1 -1 -1.000000 1 0
36 LN -1 -1 -1 -1.000000 1 0
37 IN 38 41 12 0.500000 4 0
38 IN 39 40 7 0.500000 2 0
39 LN -1 -1 -1 -1.000000 1 0
40 LN -1 -1 -1 -1.000000 1 0
41 IN 42 45 16 0.500000 3 1
42 IN 43 44 7 0.500000 2 1
43 LN -1 -1 -1 -1.000000 1 0
44 LN -1 -1 -1 -1.000000 1 1
45 LN -1 -1 -1 -1.000000 1 0
46 LN -1 -1 -1 -1.000000 1 0
47 IN 48 55 6 0.500000 5 0
48 IN 49 50 7 0.500000 4 0
49 LN -1 -1 -1 -1.000000 1 0
50 IN 51 54 14 0.500000 3 0
51 IN 52 53 12 0.500000 2 0
52 LN -1 -1 -1 -1.000000 1 0
53 LN -1 -1 -1 -1.000000 1 1
54 LN -1 -1 -1 -1.000000 1 0
55 LN -1 -1 -1 -1.000000 1 1
56 IN 57 62 7 0.500000 4 0
57 IN 58 61 16 0.500000 3 0
58 IN 59 60 4 0.500000 2 0
59 LN -1 -1 -1 -1.000000 1 0
60 LN -1 -1 -1 -1.000000 1 0
61 LN -1 -1 -1 -1.000000 1 0
62 IN 63 64 12 0.500000 3 0
63 LN -1 -1 -1 -1.000000 1 0
64 IN 65 66 4 0.500000 2 0
65 LN -1 -1 -1 -1.000000 1 0
66 LN -1 -1 -1 -1.000000 1 1
67 IN 68 99 12 0.500000 8 0
68 IN 69 86 4 0.500000 7 0
69 IN 70 79 14 0.500000 6 0
70 IN 71 72 15 0.500000 5 0
71 LN -1 -1 -1 -1.000000 1 0
72 IN 73 74 11 0.500000 4 0
73 LN -1 -1 -1 -1.000000 1 0
74 IN 75 78 6 0.500000 3 0
75 IN 76 77 7 0.500000 2 0
76 LN -1 -1 -1 -1.000000 1 0
77 LN -1 -1 -1 -1.000000 1 0
78 LN -1 -1 -1 -1.000000 1 0
79 IN 80 83 13 0.500000 3 0
80 IN 81 82 7 0.500000 2 0
81 LN -1 -1 -1 -1.000000 1 0
82 LN -1 -1 -1 -1.000000 1 0
83 IN 84 85 15 0.500000 2 0
84 LN -1 -1 -1 -1.000000 1 0
85 LN -1 -1 -1 -1.000000 1 0
86 IN 87 92 7 0.500000 5 0
87 IN 88 89 13 0.500000 3 0
88 LN -1 -1 -1 -1.000000 1 0
89 IN 90 91 15 0.500000 2 0
90 LN -1 -1 -1 -1.000000 1 0
91 LN -1 -1 -1 -1.000000 1 0
92 IN 93 98 6 0.500000 4 0
93 IN 94 95 15 0.500000 3 0
94 LN -1 -1 -1 -1.000000 1 0
95 IN 96 97 14 0.500000 2 0
96 LN -1 -1 -1 -1.000000 1 1
97 LN -1 -1 -1 -1.000000 1 0
98 LN -1 -1 -1 -1.000000 1 0
99 IN 100 101 11 0.500000 7 0
100 LN -1 -1 -1 -1.000000 1 0
101 IN 102 115 6 0.500000 6 0
102 IN 103 110 4 0.500000 5 0
103 IN 104 109 14 0.500000 4 0
104 IN 105 106 15 0.500000 3 0
105 LN -1 -1 -1 -1.000000 1 0
106 IN 107 108 7 0.500000 2 0
107 LN -1 -1 -1 -1.000000 1 0
108 LN -1 -1 -1 -1.000000 1 1
109 LN -1 -1 -1 -1.000000 1 0
110 IN 111 112 15 0.500000 3 0
111 LN -1 -1 -1 -1.000000 1 0
112 IN 113 114 7 0.500000 2 0
113 LN -1 -1 -1 -1.000000 1 0
114 LN -1 -1 -1 -1.000000 1 1
115 IN 116 117 4 0.500000 4 0
116 LN -1 -1 -1 -1.000000 1 1
117 IN 118 121 13 0.500000 3 0
118 IN 119 120 15 0.500000 2 0
119 LN -1 -1 -1 -1.000000 1 0
120 LN -1 -1 -1 -1.000000 1 0
121 LN -1 -1 -1 -1.000000 1 0
122 IN 123 254 6 0.500000 11 0
123 IN 124 183 14 0.500000 10 0
124 IN 125 158 15 0.500000 8 0
125 IN 126 127 5 0.500000 7 0
126 LN -1 -1 -1 -1.000000 1 1
127 IN 128 143 3 0.500000 6 0
128 IN 129 138 12 0.500000 5 0
129 IN 130 135 4 0.500000 4 0
130 IN 131 134 7 0.500000 3 0
131 IN 132 133 16 0.500000 2 0
132 LN -1 -1 -1 -1.000000 1 0
133 LN -1 -1 -1 -1.000000 1 0
134 LN -1 -1 -1 -1.000000 1 0
135 IN 136 137 7 0.500000 2 0
136 LN -1 -1 -1 -1.000000 1 0
137 LN -1 -1 -1 -1.000000 1 0
138 IN 139 140 4 0.500000 3 0
139 LN -1 -1 -1 -1.000000 1 0
140 IN 141 142 7 0.500000 2 1
141 LN -1 -1 -1 -1.000000 1 0
142 LN -1 -1 -1 -1.000000 1 1
143 IN 144 151 7 0.500000 4 0
144 IN 145 148 12 0.500000 3 0
145 IN 146 147 4 0.500000 2 0
146 LN -1 -1 -1 -1.000000 1 0
147 LN -1 -1 -1 -1.000000 1 0
148 IN 149 150 4 0.500000 2 0
149 LN -1 -1 -1 -1.000000 1 0
150 LN -1 -1 -1 -1.000000 1 0
151 IN 152 155 12 0.500000 3 0
152 IN 153 154 4 0.500000 2 0
153 LN -1 -1 -1 -1.000000 1 0
154 LN -1 -1 -1 -1.000000 1 0
155 IN 156 157 4 0.500000 2 0
156 LN -1 -1 -1 -1.000000 1 1
157 LN -1 -1 -1 -1.000000 1 0
158 IN 159 172 4 0.500000 7 0
159 IN 160 171 3 0.500000 6 0
160 IN 161 162 5 0.500000 5 0
161 LN -1 -1 -1 -1.000000 1 0
162 IN 163 170 16 0.500000 4 0
163 IN 164 167 12 0.500000 3 0
164 IN 165 166 7 0.500000 2 0
165 LN -1 -1 -1 -1.000000 1 0
166 LN -1 -1 -1 -1.000000 1 0
167 IN 168 169 7 0.500000 2 0
168 LN -1 -1 -1 -1.000000 1 0
169 LN -1 -1 -1 -1.000000 1 0
170 LN -1 -1 -1 -1.000000 1 0
171 LN -1 -1 -1 -1.000000 1 0
172 IN 173 182 3 0.500000 5 0
173 IN 174 179 12 0.500000 4 0
174 IN 175 178 16 0.500000 3 0
175 IN 176 177 7 0.500000 2 0
176 LN -1 -1 -1 -1.000000 1 0
177 LN -1 -1 -1 -1.000000 1 0
178 LN -1 -1 -1 -1.000000 1 1
179 IN 180 181 7 0.500000 2 0
180 LN -1 -1 -1 -1.000000 1 0
181 LN -1 -1 -1 -1.000000 1 0
182 LN -1 -1 -1 -1.000000 1 0
183 IN 184 185 5 0.500000 9 0
184 LN -1 -1 -1 -1.000000 1 0
185 IN 186 241 12 0.500000 8 0
186 IN 187 214 7 0.500000 7 0
187 IN 188 207 3 0.500000 6 0
188 IN 189 198 16 0.500000 5 0
189 IN 190 191 15 0.500000 4 0
190 LN -1 -1 -1 -1.000000 1 0
191 IN 192 195 4 0.500000 3 0
192 IN 193 194 13 0.500000 2 0
193 LN -1 -1 -1 -1.000000 1 0
194 LN -1 -1 -1 -1.000000 1 0
195 IN 196 197 13 0.500000 2 0
196 LN -1 -1 -1 -1.000000 1 0
197 LN -1 -1 -1 -1.000000 1 0
198 IN 199 202 13 0.500000 4 0
199 IN 200 201 4 0.500000 2 0
200 LN -1 -1 -1 -1.000000 1 0
201 LN -1 -1 -1 -1.000000 1 0
202 IN 203 206 4 0.500000 3 0
203 IN 204 205 15 0.500000 2 0
204 LN -1 -1 -1 -1.000000 1 0
205 LN -1 -1 -1 -1.000000 1 0
206 LN -1 -1 -1 -1.000000 1 0
207 IN 208 213 13 0.500000 4 0
208 IN 209 212 4 0.500000 3 0
209 IN 210 211 16 0.500000 2 0
210 LN -1 -1 -1 -1.000000 1 0
211 LN -1 -1 -1 -1.000000 1 1
212 LN -1 -1 -1 -1.000000 1 0
213 LN -1 -1 -1 -1.000000 1 0
214 IN 215 230 3 0.500000 6 0
215 IN 216 221 15 0.500000 5 0
216 IN 217 220 13 0.500000 3 0
217 IN 218 219 4 0.500000 2 0
218 LN -1 -1 -1 -1.000000 1 0
219 LN -1 -1 -1 -1.000000 1 0
220 LN -1 -1 -1 -1.000000 1 0
221 IN 222 229 13 0.500000 4 0
222 IN 223 226 4 0.500000 3 0
223 IN 224 225 16 0.500000 2 0
224 LN -1 -1 -1 -1.000000 1 0
225 LN -1 -1 -1 -1.000000 1 0
226 IN 227 228 16 0.500000 2 0
227 LN -1 -1 -1 -1.000000 1 0
228 LN -1 -1 -1 -1.000000 1 0
229 LN -1 -1 -1 -1.000000 1 0
230 IN 231 238 16 0.500000 4 0
231 IN 232 235 4 0.500000 3 0
232 IN 233 234 15 0.500000 2 0
233 LN -1 -1 -1 -1.000000 1 0
234 LN -1 -1 -1 -1.000000 1 0
235 IN 236 237 15 0.500000 2 0
236 LN -1 -1 -1 -1.000000 1 1
237 LN -1 -1 -1 -1.000000 1 0
238 IN 239 240 13 0.500000 2 0
239 LN -1 -1 -1 -1.000000 1 1
240 LN -1 -1 -1 -1.000000 1 0
241 IN 242 253 4 0.500000 5 0
242 IN 243 248 3 0.500000 4 0
243 IN 244 245 7 0.500000 3 0
244 LN -1 -1 -1 -1.000000 1 0
245 IN 246 247 15 0.500000 2 0
246 LN -1 -1 -1 -1.000000 1 0
247 LN -1 -1 -1 -1.000000 1 0
248 IN 249 252 16 0.500000 3 0
249 IN 250 251 7 0.500000 2 0
250 LN -1 -1 -1 -1.000000 1 1
251 LN -1 -1 -1 -1.000000 1 0
252 LN -1 -1 -1 -1.000000 1 0
253 LN -1 -1 -1 -1.000000 1 0
254 IN 255 268 15 0.500000 7 0
255 IN 256 263 14 0.500000 5 0
256 IN 257 258 4 0.500000 4 0
257 LN -1 -1 -1 -1.000000 1 0
258 IN 259 262 12 0.500000 3 0
259 IN 260 261 3 0.500000 2 0
260 LN -1 -1 -1 -1.000000 1 0
261 LN -1 -1 -1 -1.000000 1 0
262 LN -1 -1 -1 -1.000000 1 0
263 IN 264 265 3 0.500000 3 0
264 LN -1 -1 -1 -1.000000 1 0
265 IN 266 267 12 0.500000 2 0
266 LN -1 -1 -1 -1.000000 1 0
267 LN -1 -1 -1 -1.000000 1 0
268 IN 269 270 12 0.500000 6 0
269 LN -1 -1 -1 -1.000000 1 0
270 IN 271 278 13 0.500000 5 0
271 IN 272 273 3 0.500000 4 0
272 LN -1 -1 -1 -1.000000 1 0
273 IN 274 275 14 0.500000 3 0
274 LN -1 -1 -1 -1.000000 1 0
275 IN 276 277 4 0.500000 2 0
276 LN -1 -1 -1 -1.000000 1 0
277 LN -1 -1 -1 -1.000000 1 1
278 LN -1 -1 -1 -1.000000 1 0
279 IN 280 453 4 0.500000 13 0
280 IN 281 386 12 0.500000 12 0
281 IN 282 355 3 0.500000 11 0
282 IN 283 296 5 0.500000 10 0
283 IN 284 285 15 0.500000 7 0
284 LN -1 -1 -1 -1.000000 1 0
285 IN 286 295 7 0.500000 6 0
286 IN 287 294 16 0.500000 5 0
287 IN 288 293 1 0.500000 4 0
288 IN 289 292 10 0.500000 3 0
289 IN 290 291 14 0.500000 2 0
290 LN -1 -1 -1 -1.000000 1 0
291 LN -1 -1 -1 -1.000000 1 0
292 LN -1 -1 -1 -1.000000 1 1
293 LN -1 -1 -1 -1.000000 1 0
294 LN -1 -1 -1 -1.000000 1 0
295 LN -1 -1 -1 -1.000000 1 0
296 IN 297 310 14 0.500000 9 0
297 IN 298 303 7 0.500000 5 0
298 IN 299 300 15 0.500000 3 0
299 LN -1 -1 -1 -1.000000 1 0
300 IN 301 302 10 0.500000 2 0
301 LN -1 -1 -1 -1.000000 1 0
302 LN -1 -1 -1 -1.000000 1 0
303 IN 304 305 11 0.500000 4 0
304 LN -1 -1 -1 -1.000000 1 1
305 IN 306 307 10 0.500000 3 0
306 LN -1 -1 -1 -1.000000 1 0
307 IN 308 309 16 0.500000 2 0
308 LN -1 -1 -1 -1.000000 1 0
309 LN -1 -1 -1 -1.000000 1 1
310 IN 311 312 15 0.500000 8 0
311 LN -1 -1 -1 -1.000000 1 0
312 IN 313 342 1 0.500000 7 0
313 IN 314 327 10 0.500000 6 0
314 IN 315 322 13 0.500000 5 0
315 IN 316 317 7 0.500000 4 0
316 LN -1 -1 -1 -1.000000 1 0
317 IN 318 321 6 0.500000 3 0
318 IN 319 320 16 0.500000 2 0
319 LN -1 -1 -1 -1.000000 1 0
320 LN -1 -1 -1 -1.000000 1 0
321 LN -1 -1 -1 -1.000000 1 0
322 IN 323 326 16 0.500000 3 0
323 IN 324 325 7 0.500000 2 0
324 LN -1 -1 -1 -1.000000 1 0
325 LN -1 -1 -1 -1.000000 1 1
326 LN -1 -1 -1 -1.000000 1 0
327 IN 328 337 16 0.500000 5 0
328 IN 329 332 7 0.500000 4 0
329 IN 330 331 13 0.500000 2 0
330 LN -1 -1 -1 -1.000000 1 0
331 LN -1 -1 -1 -1.000000 1 0
332 IN 333 336 13 0.500000 3 0
333 IN 334 335 6 0.500000 2 0
334 LN -1 -1 -1 -1.000000 1 0
335 LN -1 -1 -1 -1.000000 1 0
336 LN -1 -1 -1 -1.000000 1 0
337 IN 338 341 7 0.500000 3 0
338 IN 339 340 13 0.500000 2 0
339 LN -1 -1 -1 -1.000000 1 0
340 LN -1 -1 -1 -1.000000 1 0
341 LN -1 -1 -1 -1.000000 1 0
342 IN 343 344 13 0.500000 6 0
343 LN -1 -1 -1 -1.000000 1 0
344 IN 345 346 7 0.500000 5 0
345 LN -1 -1 -1 -1.000000 1 0
346 IN 347 348 10 0.500000 4 0
347 LN -1 -1 -1 -1.000000 1 0
348 IN 349 352 0 0.500000 3 0
349 IN 350 351 16 0.500000 2 0
350 LN -1 -1 -1 -1.000000 1 0
351 LN -1 -1 -1 -1.000000 1 0
352 IN 353 354 16 0.500000 2 0
353 LN -1 -1 -1 -1.000000 1 0
354 LN -1 -1 -1 -1.000000 1 1
355 IN 356 367 14 0.500000 9 0
356 IN 357 358 15 0.500000 5 1
357 LN -1 -1 -1 -1.000000 1 0
358 IN 359 362 10 0.500000 4 1
359 IN 360 361 7 0.500000 2 1
360 LN -1 -1 -1 -1.000000 1 1
361 LN -1 -1 -1 -1.000000 1 0
362 IN 363 366 6 0.500000 3 1
363 IN 364 365 7 0.500000 2 0
364 LN -1 -1 -1 -1.000000 1 0
365 LN -1 -1 -1 -1.000000 1 0
366 LN -1 -1 -1 -1.000000 1 1
367 IN 368 385 0 0.500000 8 0
368 IN 369 374 7 0.500000 7 0
369 IN 370 371 10 0.500000 3 0
370 LN -1 -1 -1 -1.000000 1 0
371 IN 372 373 16 0.500000 2 0
372 LN -1 -1 -1 -1.000000 1 0
373 LN -1 -1 -1 -1.000000 1 0
374 IN 375 384 1 0.500000 6 0
375 IN 376 383 13 0.500000 5 0
376 IN 377 382 6 0.500000 4 0
377 IN 378 381 16 0.500000 3 0
378 IN 379 380 10 0.500000 2 0
379 LN -1 -1 -1 -1.000000 1 0
380 LN -1 -1 -1 -1.000000 1 0
381 LN -1 -1 -1 -1.000000 1 0
382 LN -1 -1 -1 -1.000000 1 0
383 LN -1 -1 -1 -1.000000 1 0
384 LN -1 -1 -1 -1.000000 1 0
385 LN -1 -1 -1 -1.000000 1 1
386 IN 387 404 14 0.500000 11 0
387 IN 388 389 5 0.500000 6 0
388 LN -1 -1 -1 -1.000000 1 0
389 IN 390 399 3 0.500000 5 0
390 IN 391 398 1 0.500000 4 0
391 IN 392 395 7 0.500000 3 0
392 IN 393 394 15 0.500000 2 0
393 LN -1 -1 -1 -1.000000 1 0
394 LN -1 -1 -1 -1.000000 1 0
395 IN 396 397 16 0.500000 2 0
396 LN -1 -1 -1 -1.000000 1 0
397 LN -1 -1 -1 -1.000000 1 1
398 LN -1 -1 -1 -1.000000 1 0
399 IN 400 401 7 0.500000 3 0
400 LN -1 -1 -1 -1.000000 1 0
401 IN 402 403 16 0.500000 2 0
402 LN -1 -1 -1 -1.000000 1 1
403 LN -1 -1 -1 -1.000000 1 0
404 IN 405 406 15 0.500000 10 0
405 LN -1 -1 -1 -1.000000 1 0
406 IN 407 426 13 0.500000 9 0
407 IN 408 413 7 0.500000 6 0
408 IN 409 410 10 0.500000 3 0
409 LN -1 -1 -1 -1.000000 1 0
410 IN 411 412 3 0.500000 2 0
411 LN -1 -1 -1 -1.000000 1 0
412 LN -1 -1 -1 -1.000000 1 0
413 IN 414 421 6 0.500000 5 1
414 IN 415 416 10 0.500000 4 1
415 LN -1 -1 -1 -1.000000 1 0
416 IN 417 418 1 0.500000 3 1
417 LN -1 -1 -1 -1.000000 1 1
418 IN 419 420 16 0.500000 2 1
419 LN -1 -1 -1 -1.000000 1 0
420 LN -1 -1 -1 -1.000000 1 1
421 IN 422 425 10 0.500000 3 0
422 IN 423 424 1 0.500000 2 1
423 LN -1 -1 -1 -1.000000 1 0
424 LN -1 -1 -1 -1.000000 1 1
425 LN -1 -1 -1 -1.000000 1 0
426 IN 427 452 0 0.500000 8 0
427 IN 428 429 5 0.500000 7 0
428 LN -1 -1 -1 -1.000000 1 0
429 IN 430 439 10 0.500000 6 0
430 IN 431 432 7 0.500000 5 1
431 LN -1 -1 -1 -1.000000 1 1
432 IN 433 438 3 0.500000 4 0
433 IN 434 437 16 0.500000 3 0
434 IN 435 436 1 0.500000 2 0
435 LN -1 -1 -1 -1.000000 1 0
436 LN -1 -1 -1 -1.000000 1 0
437 LN -1 -1 -1 -1.000000 1 1
438 LN -1 -1 -1 -1.000000 1 1
439 IN 440 443 7 0.500000 5 0
440 IN 441 442 16 0.500000 2 0
441 LN -1 -1 -1 -1.000000 1 0
442 LN -1 -1 -1 -1.000000 1 1
443 IN 444 449 16 0.500000 4 0
444 IN 445 448 3 0.500000 3 0
445 IN 446 447 1 0.500000 2 0
446 LN -1 -1 -1 -1.000000 1 0
447 LN -1 -1 -1 -1.000000 1 0
448 LN -1 -1 -1 -1.000000 1 0
449 IN 450 451 1 0.500000 2 0
450 LN -1 -1 -1 -1.000000 1 1
451 LN -1 -1 -1 -1.000000 1 0
452 LN -1 -1 -1 -1.000000 1 1
453 IN 454 513 7 0.500000 11 0
454 IN 455 504 16 0.500000 9 0
455 IN 456 481 13 0.500000 8 0
456 IN 457 472 14 0.500000 7 0
457 IN 458 459 11 0.500000 6 0
458 LN -1 -1 -1 -1.000000 1 0
459 IN 460 461 15 0.500000 5 0
460 LN -1 -1 -1 -1.000000 1 0
461 IN 462 467 12 0.500000 4 0
462 IN 463 464 10 0.500000 3 0
463 LN -1 -1 -1 -1.000000 1 0
464 IN 465 466 1 0.500000 2 0
465 LN -1 -1 -1 -1.000000 1 0
466 LN -1 -1 -1 -1.000000 1 0
467 IN 468 471 10 0.500000 3 0
468 IN 469 470 1 0.500000 2 0
469 LN -1 -1 -1 -1.000000 1 0
470 LN -1 -1 -1 -1.000000 1 0
471 LN -1 -1 -1 -1.000000 1 0
472 IN 473 480 3 0.500000 5 0
473 IN 474 475 1 0.500000 4 0
474 LN -1 -1 -1 -1.000000 1 0
475 IN 476 477 0 0.500000 3 0
476 LN -1 -1 -1 -1.000000 1 0
477 IN 478 479 10 0.500000 2 0
478 LN -1 -1 -1 -1.000000 1 1
479 LN -1 -1 -1 -1.000000 1 0
480 LN -1 -1 -1 -1.000000 1 0
481 IN 482 503 0 0.500000 6 0
482 IN 483 492 12 0.500000 5 0
483 IN 484 485 15 0.500000 4 0
484 LN -1 -1 -1 -1.000000 1 0
485 IN 486 489 1 0.500000 3 0
486 IN 487 488 10 0.500000 2 0
487 LN -1 -1 -1 -1.000000 1 0
488 LN -1 -1 -1 -1.000000 1 0
489 IN 490 491 10 0.500000 2 0
490 LN -1 -1 -1 -1.000000 1 0
491 LN -1 -1 -1 -1.000000 1 1
492 IN 493 496 10 0.500000 4 0
493 IN 494 495 15 0.500000 2 1
494 LN -1 -1 -1 -1.000000 1 0
495 LN -1 -1 -1 -1.000000 1 1
496 IN 497 500 1 0.500000 3 0
497 IN 498 499 3 0.500000 2 0
498 LN -1 -1 -1 -1.000000 1 1
499 LN -1 -1 -1 -1.000000 1 0
500 IN 501 502 3 0.500000 2 0
501 LN -1 -1 -1 -1.000000 1 0
502 LN -1 -1 -1 -1.000000 1 0
503 LN -1 -1 -1 -1.000000 1 1
504 IN 505 508 1 0.500000 4 0
505 IN 506 507 12 0.500000 2 0
506 LN -1 -1 -1 -1.000000 1 0
507 LN -1 -1 -1 -1.000000 1 1
508 IN 509 512 3 0.500000 3 0
509 IN 510 511 0 0.500000 2 0
510 LN -1 -1 -1 -1.000000 1 0
511 LN -1 -1 -1 -1.000000 1 0
512 LN -1 -1 -1 -1.000000 1 1
513 IN 514 535 14 0.500000 10 0
514 IN 515 534 0 0.500000 7 0
515 IN 516 527 6 0.500000 6 0
516 IN 517 518 15 0.500000 5 0
517 LN -1 -1 -1 -1.000000 1 0
518 IN 519 524 12 0.500000 4 0
519 IN 520 523 10 0.500000 3 0
520 IN 521 522 1 0.500000 2 0
521 LN -1 -1 -1 -1.000000 1 0
522 LN -1 -1 -1 -1.000000 1 1
523 LN -1 -1 -1 -1.000000 1 0
524 IN 525 526 10 0.500000 2 0
525 LN -1 -1 -1 -1.000000 1 1
526 LN -1 -1 -1 -1.000000 1 0
527 IN 528 529 15 0.500000 4 0
528 LN -1 -1 -1 -1.000000 1 0
529 IN 530 531 12 0.500000 3 0
530 LN -1 -1 -1 -1.000000 1 0
531 IN 532 533 10 0.500000 2 1
532 LN -1 -1 -1 -1.000000 1 0
533 LN -1 -1 -1 -1.000000 1 1
534 LN -1 -1 -1 -1.000000 1 1
535 IN 536 571 16 0.500000 9 0
536 IN 537 544 10 0.500000 7 0
537 IN 538 543 3 0.500000 4 0
538 IN 539 542 13 0.500000 3 1
539 IN 540 541 1 0.500000 2 0
540 LN -1 -1 -1 -1.000000 1 0
541 LN -1 -1 -1 -1.000000 1 0
542 LN -1 -1 -1 -1.000000 1 1
543 LN -1 -1 -1 -1.000000 1 0
544 IN 545 560 1 0.500000 6 1
545 IN 546 553 12 0.500000 5 0
546 IN 547 552 6 0.500000 4 0
547 IN 548 551 13 0.500000 3 0
548 IN 549 550 3 0.500000 2 0
549 LN -1 -1 -1 -1.000000 1 0
550 LN -1 -1 -1 -1.000000 1 1
551 LN -1 -1 -1 -1.000000 1 0
552 LN -1 -1 -1 -1.000000 1 0
553 IN 554 557 3 0.500000 3 0
554 IN 555 556 13 0.500000 2 1
555 LN -1 -1 -1 -1.000000 1 0
556 LN -1 -1 -1 -1.000000 1 1
557 IN 558 559 13 0.500000 2 0
558 LN -1 -1 -1 -1.000000 1 0
559 LN -1 -1 -1 -1.000000 1 1
560 IN 561 566 6 0.500000 4 1
561 IN 562 565 12 0.500000 3 1
562 IN 563 564 13 0.500000 2 1
563 LN -1 -1 -1 -1.000000 1 1
564 LN -1 -1 -1 -1.000000 1 0
565 LN -1 -1 -1 -1.000000 1 1
566 IN 567 568 12 0.500000 3 1
567 LN -1 -1 -1 -1.000000 1 1
568 IN 569 570 0 0.500000 2 1
569 LN -1 -1 -1 -1.000000 1 0
570 LN -1 -1 -1 -1.000000 1 1
571 IN 572 573 10 0.500000 8 0
572 LN -1 -1 -1 -1.000000 1 1
573 IN 574 593 12 0.500000 7 0
574 IN 575 578 3 0.500000 6 0
575 IN 576 577 0 0.500000 2 1
576 LN -1 -1 -1 -1.000000 1 0
577 LN -1 -1 -1 -1.000000 1 1
578 IN 579 592 0 0.500000 5 0
579 IN 580 587 13 0.500000 4 0
580 IN 581 584 6 0.500000 3 1
581 IN 582 583 1 0.500000 2 0
582 LN -1 -1 -1 -1.000000 1 1
583 LN -1 -1 -1 -1.000000 1 0
584 IN 585 586 1 0.500000 2 1
585 LN -1 -1 -1 -1.000000 1 0
586 LN -1 -1 -1 -1.000000 1 1
587 IN 588 589 6 0.500000 3 0
588 LN -1 -1 -1 -1.000000 1 0
589 IN 590 591 1 0.500000 2 0
590 LN -1 -1 -1 -1.000000 1 0
591 LN -1 -1 -1 -1.000000 1 1
592 LN -1 -1 -1 -1.000000 1 0
593 IN 594 611 6 0.500000 6 0
594 IN 595 602 13 0.500000 5 0
595 IN 596 597 3 0.500000 4 0
596 LN -1 -1 -1 -1.000000 1 1
597 IN 598 599 15 0.500000 3 0
598 LN -1 -1 -1 -1.000000 1 1
599 IN 600 601 1 0.500000 2 0
600 LN -1 -1 -1 -1.000000 1 0
601 LN -1 -1 -1 -1.000000 1 0
602 IN 603 608 3 0.500000 4 1
603 IN 604 607 0 0.500000 3 1
604 IN 605 606 1 0.500000 2 1
605 LN -1 -1 -1 -1.000000 1 0
606 LN -1 -1 -1 -1.000000 1 1
607 LN -1 -1 -1 -1.000000 1 1
608 IN 609 610 0 0.500000 2 0
609 LN -1 -1 -1 -1.000000 1 1
610 LN -1 -1 -1 -1.000000 1 0
611 LN -1 -1 -1 -1.000000 1 0
612 IN 613 970 2 0.500000 17 1
613 IN 614 845 14 0.500000 12 0
614 IN 615 792 4 0.500000 11 0
615 IN 616 721 12 0.500000 10 0
616 IN 617 680 8 0.500000 9 0
617 IN 618 635 5 0.500000 8 0
618 IN 619 626 10 0.500000 5 0
619 IN 620 625 15 0.500000 4 0
620 IN 621 622 7 0.500000 3 0
621 LN -1 -1 -1 -1.000000 1 0
622 IN 623 624 3 0.500000 2 0
623 LN -1 -1 -1 -1.000000 1 0
624 LN -1 -1 -1 -1.000000 1 0
625 LN -1 -1 -1 -1.000000 1 0
626 IN 627 634 3 0.500000 4 0
627 IN 628 631 15 0.500000 3 0
628 IN 629 630 7 0.500000 2 0
629 LN -1 -1 -1 -1.000000 1 0
630 LN -1 -1 -1 -1.000000 1 0
631 IN 632 633 7 0.500000 2 0
632 LN -1 -1 -1 -1.000000 1 0
633 LN -1 -1 -1 -1.000000 1 0
634 LN -1 -1 -1 -1.000000 1 0
635 IN 636 657 10 0.500000 7 0
636 IN 637 646 3 0.500000 5 0
637 IN 638 645 7 0.500000 4 0
638 IN 639 642 15 0.500000 3 0
639 IN 640 641 11 0.500000 2 0
640 LN -1 -1 -1 -1.000000 1 0
641 LN -1 -1 -1 -1.000000 1 1
642 IN 643 644 11 0.500000 2 0
643 LN -1 -1 -1 -1.000000 1 0
644 LN -1 -1 -1 -1.000000 1 0
645 LN -1 -1 -1 -1.000000 1 0
646 IN 647 650 7 0.500000 4 0
647 IN 648 649 15 0.500000 2 0
648 LN -1 -1 -1 -1.000000 1 0
649 LN -1 -1 -1 -1.000000 1 0
650 IN 651 654 6 0.500000 3 0
651 IN 652 653 15 0.500000 2 0
652 LN -1 -1 -1 -1.000000 1 0
653 LN -1 -1 -1 -1.000000 1 0
654 IN 655 656 15 0.500000 2 0
655 LN -1 -1 -1 -1.000000 1 0
656 LN -1 -1 -1 -1.000000 1 0
657 IN 658 665 7 0.500000 6 0
658 IN 659 662 15 0.500000 3 0
659 IN 660 661 3 0.500000 2 0
660 LN -1 -1 -1 -1.000000 1 0
661 LN -1 -1 -1 -1.000000 1 0
662 IN 663 664 3 0.500000 2 0
663 LN -1 -1 -1 -1.000000 1 0
664 LN -1 -1 -1 -1.000000 1 0
665 IN 666 675 6 0.500000 5 0
666 IN 667 672 15 0.500000 4 0
667 IN 668 671 16 0.500000 3 0
668 IN 669 670 3 0.500000 2 0
669 LN -1 -1 -1 -1.000000 1 0
670 LN -1 -1 -1 -1.000000 1 0
671 LN -1 -1 -1 -1.000000 1 0
672 IN 673 674 3 0.500000 2 0
673 LN -1 -1 -1 -1.000000 1 0
674 LN -1 -1 -1 -1.000000 1 0
675 IN 676 677 3 0.500000 3 0
676 LN -1 -1 -1 -1.000000 1 0
677 IN 678 679 15 0.500000 2 0
678 LN -1 -1 -1 -1.000000 1 0
679 LN -1 -1 -1 -1.000000 1 0
680 IN 681 698 7 0.500000 7 0
681 IN 682 697 15 0.500000 6 0
682 IN 683 692 10 0.500000 5 0
683 IN 684 689 3 0.500000 4 0
684 IN 685 688 5 0.500000 3 0
685 IN 686 687 11 0.500000 2 0
686 LN -1 -1 -1 -1.000000 1 0
687 LN -1 -1 -1 -1.000000 1 0
688 LN -1 -1 -1 -1.000000 1 0
689 IN 690 691 5 0.500000 2 0
690 LN -1 -1 -1 -1.000000 1 0
691 LN -1 -1 -1 -1.000000 1 0
692 IN 693 696 5 0.500000 3 0
693 IN 694 695 3 0.500000 2 0
694 LN -1 -1 -1 -1.000000 1 0
695 LN -1 -1 -1 -1.000000 1 0
696 LN -1 -1 -1 -1.000000 1 0
697 LN -1 -1 -1 -1.000000 1 0
698 IN 699 720 6 0.500000 6 0
699 IN 700 713 3 0.500000 5 0
700 IN 701 706 10 0.500000 4 0
701 IN 702 703 15 0.500000 3 0
702 LN -1 -1 -1 -1.000000 1 0
703 IN 704 705 5 0.500000 2 0
704 LN -1 -1 -1 -1.000000 1 0
705 LN -1 -1 -1 -1.000000 1 0
706 IN 707 710 5 0.500000 3 0
707 IN 708 709 15 0.500000 2 0
708 LN -1 -1 -1 -1.000000 1 0
709 LN -1 -1 -1 -1.000000 1 0
710 IN 711 712 15 0.500000 2 0
711 LN -1 -1 -1 -1.000000 1 0
712 LN -1 -1 -1 -1.000000 1 1
713 IN 714 719 15 0.500000 4 0
714 IN 715 716 5 0.500000 3 0
715 LN -1 -1 -1 -1.000000 1 0
716 IN 717 718 10 0.500000 2 0
717 LN -1 -1 -1 -1.000000 1 0
718 LN -1 -1 -1 -1.000000 1 0
719 LN -1 -1 -1 -1.000000 1 0
720 LN -1 -1 -1 -1.000000 1 0
721 IN 722 745 7 0.500000 9 0
722 IN 723 736 10 0.500000 6 0
723 IN 724 725 11 0.500000 5 0
724 LN -1 -1 -1 -1.000000 1 0
725 IN 726 731 8 0.500000 4 0
726 IN 727 728 15 0.500000 3 0
727 LN -1 -1 -1 -1.000000 1 0
728 IN 729 730 5 0.500000 2 0
729 LN -1 -1 -1 -1.000000 1 0
730 LN -1 -1 -1 -1.000000 1 0
731 IN 732 733 3 0.500000 3 0
732 LN -1 -1 -1 -1.000000 1 0
733 IN 734 735 5 0.500000 2 0
734 LN -1 -1 -1 -1.000000 1 1
735 LN -1 -1 -1 -1.000000 1 0
736 IN 737 744 8 0.500000 5 0
737 IN 738 743 16 0.500000 4 0
738 IN 739 740 3 0.500000 3 0
739 LN -1 -1 -1 -1.000000 1 0
740 IN 741 742 15 0.500000 2 0
741 LN -1 -1 -1 -1.000000 1 0
742 LN -1 -1 -1 -1.000000 1 0
743 LN -1 -1 -1 -1.000000 1 0
744 LN -1 -1 -1 -1.000000 1 0
745 IN 746 771 8 0.500000 8 0
746 IN 747 756 10 0.500000 7 0
747 IN 748 749 3 0.500000 4 0
748 LN -1 -1 -1 -1.000000 1 0
749 IN 750 753 6 0.500000 3 0
750 IN 751 752 15 0.500000 2 0
751 LN -1 -1 -1 -1.000000 1 0
752 LN -1 -1 -1 -1.000000 1 0
753 IN 754 755 15 0.500000 2 0
754 LN -1 -1 -1 -1.000000 1 0
755 LN -1 -1 -1 -1.000000 1 0
756 IN 757 766 15 0.500000 6 0
757 IN 758 765 6 0.500000 5 0
758 IN 759 760 3 0.500000 4 0
759 LN -1 -1 -1 -1.000000 1 1
760 IN 761 764 16 0.500000 3 0
761 IN 762 763 5 0.500000 2 0
762 LN -1 -1 -1 -1.000000 1 0
763 LN -1 -1 -1 -1.000000 1 0
764 LN -1 -1 -1 -1.000000 1 1
765 LN -1 -1 -1 -1.000000 1 0
766 IN 767 768 3 0.500000 3 0
767 LN -1 -1 -1 -1.000000 1 0
768 IN 769 770 6 0.500000 2 0
769 LN -1 -1 -1 -1.000000 1 1
770 LN -1 -1 -1 -1.000000 1 0
771 IN 772 791 16 0.500000 7 0
772 IN 773 780 3 0.500000 6 0
773 IN 774 779 5 0.500000 4 0
774 IN 775 776 10 0.500000 3 1
775 LN -1 -1 -1 -1.000000 1 1
776 IN 777 778 15 0.500000 2 0
777 LN -1 -1 -1 -1.000000 1 0
778 LN -1 -1 -1 -1.000000 1 0
779 LN -1 -1 -1 -1.000000 1 0
780 IN 781 782 5 0.500000 5 0
781 LN -1 -1 -1 -1.000000 1 0
782 IN 783 786 10 0.500000 4 0
783 IN 784 785 15 0.500000 2 0
784 LN -1 -1 -1 -1.000000 1 0
785 LN -1 -1 -1 -1.000000 1 1
786 IN 787 790 6 0.500000 3 0
787 IN 788 789 15 0.500000 2 0
788 LN -1 -1 -1 -1.000000 1 0
789 LN -1 -1 -1 -1.000000 1 0
790 LN -1 -1 -1 -1.000000 1 0
791 LN -1 -1 -1 -1.000000 1 1
792 IN 793 844 16 0.500000 8 0
793 IN 794 811 3 0.500000 7 0
794 IN 795 804 15 0.500000 6 0
795 IN 796 803 12 0.500000 5 0
796 IN 797 802 10 0.500000 4 0
797 IN 798 799 11 0.500000 3 1
798 LN -1 -1 -1 -1.000000 1 1
799 IN 800 801 7 0.500000 2 1
800 LN -1 -1 -1 -1.000000 1 0
801 LN -1 -1 -1 -1.000000 1 1
802 LN -1 -1 -1 -1.000000 1 0
803 LN -1 -1 -1 -1.000000 1 0
804 IN 805 810 7 0.500000 4 1
805 IN 806 809 12 0.500000 3 0
806 IN 807 808 10 0.500000 2 1
807 LN -1 -1 -1 -1.000000 1 1
808 LN -1 -1 -1 -1.000000 1 1
809 LN -1 -1 -1 -1.000000 1 0
810 LN -1 -1 -1 -1.000000 1 1
811 IN 812 833 12 0.500000 6 0
812 IN 813 822 6 0.500000 5 0
813 IN 814 815 7 0.500000 4 0
814 LN -1 -1 -1 -1.000000 1 0
815 IN 816 819 10 0.500000 3 0
816 IN 817 818 15 0.500000 2 0
817 LN -1 -1 -1 -1.000000 1 0
818 LN -1 -1 -1 -1.000000 1 0
819 IN 820 821 15 0.500000 2 0
820 LN -1 -1 -1 -1.000000 1 0
821 LN -1 -1 -1 -1.000000 1 0
822 IN 823 830 15 0.500000 4 0
823 IN 824 827 10 0.500000 3 0
824 IN 825 826 8 0.500000 2 0
825 LN -1 -1 -1 -1.000000 1 0
826 LN -1 -1 -1 -1.000000 1 0
827 IN 828 829 8 0.500000 2 0
828 LN -1 -1 -1 -1.000000 1 0
829 LN -1 -1 -1 -1.000000 1 0
830 IN 831 832 10 0.500000 2 0
831 LN -1 -1 -1 -1.000000 1 1
832 LN -1 -1 -1 -1.000000 1 0
833 IN 834 843 8 0.500000 5 0
834 IN 835 838 15 0.500000 4 0
835 IN 836 837 6 0.500000 2 0
836 LN -1 -1 -1 -1.000000 1 0
837 LN -1 -1 -1 -1.000000 1 1
838 IN 839 840 10 0.500000 3 0
839 LN -1 -1 -1 -1.000000 1 0
840 IN 841 842 7 0.500000 2 1
841 LN -1 -1 -1 -1.000000 1 0
842 LN -1 -1 -1 -1.000000 1 1
843 LN -1 -1 -1 -1.000000 1 1
844 LN -1 -1 -1 -1.000000 1 1
845 IN 846 895 10 0.500000 11 0
846 IN 847 884 13 0.500000 9 0
847 IN 848 859 7 0.500000 8 0
848 IN 849 852 5 0.500000 5 0
849 IN 850 851 15 0.500000 2 1
850 LN -1 -1 -1 -1.000000 1 1
851 LN -1 -1 -1 -1.000000 1 0
852 IN 853 858 12 0.500000 4 0
853 IN 854 855 3 0.500000 3 0
854 LN -1 -1 -1 -1.000000 1 0
855 IN 856 857 8 0.500000 2 0
856 LN -1 -1 -1 -1.000000 1 0
857 LN -1 -1 -1 -1.000000 1 0
858 LN -1 -1 -1 -1.000000 1 0
859 IN 860 879 6 0.500000 7 0
860 IN 861 864 15 0.500000 6 0
861 IN 862 863 4 0.500000 2 0
862 LN -1 -1 -1 -1.000000 1 1
863 LN -1 -1 -1 -1.000000 1 0
864 IN 865 872 5 0.500000 5 0
865 IN 866 871 12 0.500000 4 0
866 IN 867 870 3 0.500000 3 0
867 IN 868 869 8 0.500000 2 0
868 LN -1 -1 -1 -1.000000 1 1
869 LN -1 -1 -1 -1.000000 1 0
870 LN -1 -1 -1 -1.000000 1 0
871 LN -1 -1 -1 -1.000000 1 0
872 IN 873 876 12 0.500000 3 0
873 IN 874 875 3 0.500000 2 0
874 LN -1 -1 -1 -1.000000 1 0
875 LN -1 -1 -1 -1.000000 1 0
876 IN 877 878 4 0.500000 2 0
877 LN -1 -1 -1 -1.000000 1 0
878 LN -1 -1 -1 -1.000000 1 1
879 IN 880 881 15 0.500000 3 1
880 LN -1 -1 -1 -1.000000 1 0
881 IN 882 883 12 0.500000 2 1
882 LN -1 -1 -1 -1.000000 1 0
883 LN -1 -1 -1 -1.000000 1 1
884 IN 885 892 7 0.500000 5 0
885 IN 886 887 11 0.500000 4 0
886 LN -1 -1 -1 -1.000000 1 0
887 IN 888 891 16 0.500000 3 0
888 IN 889 890 3 0.500000 2 0
889 LN -1 -1 -1 -1.000000 1 0
890 LN -1 -1 -1 -1.000000 1 1
891 LN -1 -1 -1 -1.000000 1 1
892 IN 893 894 6 0.500000 2 0
893 LN -1 -1 -1 -1.000000 1 1
894 LN -1 -1 -1 -1.000000 1 0
895 IN 896 909 15 0.500000 10 0
896 IN 897 908 13 0.500000 7 0
897 IN 898 907 4 0.500000 6 0
898 IN 899 906 12 0.500000 5 0
899 IN 900 901 3 0.500000 4 0
900 LN -1 -1 -1 -1.000000 1 0
901 IN 902 903 8 0.500000 3 0
902 LN -1 -1 -1 -1.000000 1 0
903 IN 904 905 7 0.500000 2 0
904 LN -1 -1 -1 -1.000000 1 1
905 LN -1 -1 -1 -1.000000 1 0
906 LN -1 -1 -1 -1.000000 1 0
907 LN -1 -1 -1 -1.000000 1 0
908 LN -1 -1 -1 -1.000000 1 1
909 IN 910 947 16 0.500000 9 0
910 IN 911 920 7 0.500000 7 0
911 IN 912 919 12 0.500000 5 0
912 IN 913 914 3 0.500000 4 0
913 LN -1 -1 -1 -1.000000 1 0
914 IN 915 918 4 0.500000 3 0
915 IN 916 917 13 0.500000 2 0
916 LN -1 -1 -1 -1.000000 1 0
917 LN -1 -1 -1 -1.000000 1 0
918 LN -1 -1 -1 -1.000000 1 0
919 LN -1 -1 -1 -1.000000 1 1
920 IN 921 934 12 0.500000 6 0
921 IN 922 931 4 0.500000 5 0
922 IN 923 926 5 0.500000 4 0
923 IN 924 925 8 0.500000 2 0
924 LN -1 -1 -1 -1.000000 1 0
925 LN -1 -1 -1 -1.000000 1 0
926 IN 927 930 6 0.500000 3 0
927 IN 928 929 3 0.500000 2 0
928 LN -1 -1 -1 -1.000000 1 0
929 LN -1 -1 -1 -1.000000 1 0
930 LN -1 -1 -1 -1.000000 1 0
931 IN 932 933 6 0.500000 2 0
932 LN -1 -1 -1 -1.000000 1 1
933 LN -1 -1 -1 -1.000000 1 0
934 IN 935 938 3 0.500000 5 0
935 IN 936 937 6 0.500000 2 0
936 LN -1 -1 -1 -1.000000 1 0
937 LN -1 -1 -1 -1.000000 1 1
938 IN 939 944 6 0.500000 4 0
939 IN 940 943 4 0.500000 3 1
940 IN 941 942 5 0.500000 2 0
941 LN -1 -1 -1 -1.000000 1 0
942 LN -1 -1 -1 -1.000000 1 1
943 LN -1 -1 -1 -1.000000 1 1
944 IN 945 946 4 0.500000 2 0
945 LN -1 -1 -1 -1.000000 1 0
946 LN -1 -1 -1 -1.000000 1 1
947 IN 948 965 12 0.500000 8 1
948 IN 949 964 4 0.500000 7 0
949 IN 950 963 6 0.500000 6 0
950 IN 951 952 5 0.500000 5 0
951 LN -1 -1 -1 -1.000000 1 0
952 IN 953 958 7 0.500000 4 1
953 IN 954 957 13 0.500000 3 0
954 IN 955 956 3 0.500000 2 0
955 LN -1 -1 -1 -1.000000 1 1
956 LN -1 -1 -1 -1.000000 1 0
957 LN -1 -1 -1 -1.000000 1 0
958 IN 959 962 8 0.500000 3 1
959 IN 960 961 13 0.500000 2 1
960 LN -1 -1 -1 -1.000000 1 1
961 LN -1 -1 -1 -1.000000 1 1
962 LN -1 -1 -1 -1.000000 1 1
963 LN -1 -1 -1 -1.000000 1 0
964 LN -1 -1 -1 -1.000000 1 0
965 IN 966 967 3 0.500000 3 1
966 LN -1 -1 -1 -1.000000 1 1
967 IN 968 969 6 0.500000 2 1
968 LN -1 -1 -1 -1.000000 1 1
969 LN -1 -1 -1 -1.000000 1 1
970 IN 971 1402 15 0.500000 16 1
971 IN 972 1177 1 0.500000 14 0
972 IN 973 1052 10 0.500000 12 0
973 IN 974 1011 8 0.500000 11 0
974 IN 975 976 11 0.500000 10 0
975 LN -1 -1 -1 -1.000000 1 0
976 IN 977 1006 13 0.500000 9 0
977 IN 978 999 6 0.500000 8 0
978 IN 979 994 14 0.500000 7 0
979 IN 980 993 12 0.500000 6 0
980 IN 981 982 5 0.500000 5 0
981 LN -1 -1 -1 -1.000000 1 0
982 IN 983 988 4 0.500000 4 0
983 IN 984 987 3 0.500000 3 0
984 IN 985 986 7 0.500000 2 0
985 LN -1 -1 -1 -1.000000 1 0
986 LN -1 -1 -1 -1.000000 1 0
987 LN -1 -1 -1 -1.000000 1 0
988 IN 989 992 3 0.500000 3 1
989 IN 990 991 7 0.500000 2 1
990 LN -1 -1 -1 -1.000000 1 1
991 LN -1 -1 -1 -1.000000 1 0
992 LN -1 -1 -1 -1.000000 1 1
993 LN -1 -1 -1 -1.000000 1 0
994 IN 995 998 7 0.500000 3 0
995 IN 996 997 12 0.500000 2 0
996 LN -1 -1 -1 -1.000000 1 0
997 LN -1 -1 -1 -1.000000 1 1
998 LN -1 -1 -1 -1.000000 1 0
999 IN 1000 1005 14 0.500000 4 0
1000 IN 1001 1004 4 0.500000 3 0
1001 IN 1002 1003 12 0.500000 2 0
1002 LN -1 -1 -1 -1.000000 1 0
1003 LN -1 -1 -1 -1.000000 1 0
1004 LN -1 -1 -1 -1.000000 1 0
1005 LN -1 -1 -1 -1.000000 1 0
1006 IN 1007 1008 5 0.500000 3 0
1007 LN -1 -1 -1 -1.000000 1 0
1008 IN 1009 1010 7 0.500000 2 0
1009 LN -1 -1 -1 -1.000000 1 1
1010 LN -1 -1 -1 -1.000000 1 0
1011 IN 1012 1037 12 0.500000 8 0
1012 IN 1013 1014 11 0.500000 7 0
1013 LN -1 -1 -1 -1.000000 1 0
1014 IN 1015 1032 6 0.500000 6 0
1015 IN 1016 1023 3 0.500000 5 0
1016 IN 1017 1020 7 0.500000 3 0
1017 IN 1018 1019 13 0.500000 2 0
1018 LN -1 -1 -1 -1.000000 1 0
1019 LN -1 -1 -1 -1.000000 1 0
1020 IN 1021 1022 14 0.500000 2 0
1021 LN -1 -1 -1 -1.000000 1 0
1022 LN -1 -1 -1 -1.000000 1 1
1023 IN 1024 1027 7 0.500000 4 0
1024 IN 1025 1026 14 0.500000 2 0
1025 LN -1 -1 -1 -1.000000 1 0
1026 LN -1 -1 -1 -1.000000 1 1
1027 IN 1028 1031 14 0.500000 3 0
1028 IN 1029 1030 4 0.500000 2 0
1029 LN -1 -1 -1 -1.000000 1 0
1030 LN -1 -1 -1 -1.000000 1 0
1031 LN -1 -1 -1 -1.000000 1 0
1032 IN 1033 1036 14 0.500000 3 0
1033 IN 1034 1035 4 0.500000 2 0
1034 LN -1 -1 -1 -1.000000 1 0
1035 LN -1 -1 -1 -1.000000 1 0
1036 LN -1 -1 -1 -1.000000 1 0
1037 IN 1038 1041 5 0.500000 7 0
1038 IN 1039 1040 11 0.500000 2 0
1039 LN -1 -1 -1 -1.000000 1 0
1040 LN -1 -1 -1 -1.000000 1 1
1041 IN 1042 1043 11 0.500000 6 1
1042 LN -1 -1 -1 -1.000000 1 1
1043 IN 1044 1045 7 0.500000 5 0
1044 LN -1 -1 -1 -1.000000 1 0
1045 IN 1046 1051 6 0.500000 4 1
1046 IN 1047 1048 3 0.500000 3 1
1047 LN -1 -1 -1 -1.000000 1 1
1048 IN 1049 1050 4 0.500000 2 0
1049 LN -1 -1 -1 -1.000000 1 1
1050 LN -1 -1 -1 -1.000000 1 0
1051 LN -1 -1 -1 -1.000000 1 0
1052 IN 1053 1064 5 0.500000 10 0
1053 IN 1054 1055 8 0.500000 5 0
1054 LN -1 -1 -1 -1.000000 1 0
1055 IN 1056 1063 3 0.500000 4 0
1056 IN 1057 1060 7 0.500000 3 0
1057 IN 1058 1059 13 0.500000 2 0
1058 LN -1 -1 -1 -1.000000 1 0
1059 LN -1 -1 -1 -1.000000 1 0
1060 IN 1061 1062 12 0.500000 2 0
1061 LN -1 -1 -1 -1.000000 1 0
1062 LN -1 -1 -1 -1.000000 1 0
1063 LN -1 -1 -1 -1.000000 1 0
1064 IN 1065 1116 8 0.500000 9 0
1065 IN 1066 1087 3 0.500000 7 0
1066 IN 1067 1074 7 0.500000 6 0
1067 IN 1068 1073 13 0.500000 4 1
1068 IN 1069 1072 12 0.500000 3 1
1069 IN 1070 1071 4 0.500000 2 1
1070 LN -1 -1 -1 -1.000000 1 0
1071 LN -1 -1 -1 -1.000000 1 1
1072 LN -1 -1 -1 -1.000000 1 1
1073 LN -1 -1 -1 -1.000000 1 0
1074 IN 1075 1086 13 0.500000 5 0
1075 IN 1076 1081 4 0.500000 4 0
1076 IN 1077 1080 12 0.500000 3 0
1077 IN 1078 1079 14 0.500000 2 0
1078 LN -1 -1 -1 -1.000000 1 0
1079 LN -1 -1 -1 -1.000000 1 0
1080 LN -1 -1 -1 -1.000000 1 0
1081 IN 1082 1085 12 0.500000 3 0
1082 IN 1083 1084 6 0.500000 2 0
1083 LN -1 -1 -1 -1.000000 1 1
1084 LN -1 -1 -1 -1.000000 1 0
1085 LN -1 -1 -1 -1.000000 1 1
1086 LN -1 -1 -1 -1.000000 1 0
1087 IN 1088 1103 6 0.500000 6 0
1088 IN 1089 1102 14 0.500000 5 0
1089 IN 1090 1097 12 0.500000 4 0
1090 IN 1091 1094 7 0.500000 3 0
1091 IN 1092 1093 4 0.500000 2 1
1092 LN -1 -1 -1 -1.000000 1 0
1093 LN -1 -1 -1 -1.000000 1 1
1094 IN 1095 1096 4 0.500000 2 0
1095 LN -1 -1 -1 -1.000000 1 0
1096 LN -1 -1 -1 -1.000000 1 0
1097 IN 1098 1101 4 0.500000 3 1
1098 IN 1099 1100 7 0.500000 2 1
1099 LN -1 -1 -1 -1.000000 1 0
1100 LN -1 -1 -1 -1.000000 1 1
1101 LN -1 -1 -1 -1.000000 1 0
1102 LN -1 -1 -1 -1.000000 1 0
1103 IN 1104 1115 16 0.500000 5 0
1104 IN 1105 1112 14 0.500000 4 0
1105 IN 1106 1109 4 0.500000 3 0
1106 IN 1107 1108 12 0.500000 2 0
1107 LN -1 -1 -1 -1.000000 1 0
1108 LN -1 -1 -1 -1.000000 1 0
1109 IN 1110 1111 12 0.500000 2 0
1110 LN -1 -1 -1 -1.000000 1 0
1111 LN -1 -1 -1 -1.000000 1 0
1112 IN 1113 1114 12 0.500000 2 1
1113 LN -1 -1 -1 -1.000000 1 1
1114 LN -1 -1 -1 -1.000000 1 0
1115 LN -1 -1 -1 -1.000000 1 0
1116 IN 1117 1156 6 0.500000 8 0
1117 IN 1118 1141 4 0.500000 7 0
1118 IN 1119 1134 12 0.500000 6 0
1119 IN 1120 1125 3 0.500000 5 0
1120 IN 1121 1124 14 0.500000 3 0
1121 IN 1122 1123 7 0.500000 2 0
1122 LN -1 -1 -1 -1.000000 1 0
1123 LN -1 -1 -1 -1.000000 1 0
1124 LN -1 -1 -1 -1.000000 1 0
1125 IN 1126 1131 16 0.500000 4 0
1126 IN 1127 1128 7 0.500000 3 0
1127 LN -1 -1 -1 -1.000000 1 0
1128 IN 1129 1130 14 0.500000 2 0
1129 LN -1 -1 -1 -1.000000 1 0
1130 LN -1 -1 -1 -1.000000 1 0
1131 IN 1132 1133 14 0.500000 2 0
1132 LN -1 -1 -1 -1.000000 1 0
1133 LN -1 -1 -1 -1.000000 1 0
1134 IN 1135 1138 3 0.500000 3 0
1135 IN 1136 1137 7 0.500000 2 1
1136 LN -1 -1 -1 -1.000000 1 1
1137 LN -1 -1 -1 -1.000000 1 1
1138 IN 1139 1140 7 0.500000 2 0
1139 LN -1 -1 -1 -1.000000 1 0
1140 LN -1 -1 -1 -1.000000 1 0
1141 IN 1142 1155 14 0.500000 5 0
1142 IN 1143 1148 3 0.500000 4 0
1143 IN 1144 1147 12 0.500000 3 0
1144 IN 1145 1146 7 0.500000 2 1
1145 LN -1 -1 -1 -1.000000 1 0
1146 LN -1 -1 -1 -1.000000 1 1
1147 LN -1 -1 -1 -1.000000 1 0
1148 IN 1149 1152 12 0.500000 3 0
1149 IN 1150 1151 7 0.500000 2 0
1150 LN -1 -1 -1 -1.000000 1 0
1151 LN -1 -1 -1 -1.000000 1 0
1152 IN 1153 1154 7 0.500000 2 0
1153 LN -1 -1 -1 -1.000000 1 0
1154 LN -1 -1 -1 -1.000000 1 0
1155 LN -1 -1 -1 -1.000000 1 1
1156 IN 1157 1172 16 0.500000 6 1
1157 IN 1158 1163 4 0.500000 5 0
1158 IN 1159 1162 14 0.500000 3 1
1159 IN 1160 1161 12 0.500000 2 1
1160 LN -1 -1 -1 -1.000000 1 1
1161 LN -1 -1 -1 -1.000000 1 0
1162 LN -1 -1 -1 -1.000000 1 1
1163 IN 1164 1167 3 0.500000 4 0
1164 IN 1165 1166 12 0.500000 2 0
1165 LN -1 -1 -1 -1.000000 1 0
1166 LN -1 -1 -1 -1.000000 1 1
1167 IN 1168 1171 12 0.500000 3 0
1168 IN 1169 1170 14 0.500000 2 0
1169 LN -1 -1 -1 -1.000000 1 0
1170 LN -1 -1 -1 -1.000000 1 1
1171 LN -1 -1 -1 -1.000000 1 1
1172 IN 1173 1176 14 0.500000 3 1
1173 IN 1174 1175 4 0.500000 2 1
1174 LN -1 -1 -1 -1.000000 1 0
1175 LN -1 -1 -1 -1.000000 1 1
1176 LN -1 -1 -1 -1.000000 1 1
1177 IN 1178 1317 3 0.500000 13 0
1178 IN 1179 1254 12 0.500000 12 0
1179 IN 1180 1229 4 0.500000 10 0
1180 IN 1181 1228 6 0.500000 9 0
1181 IN 1182 1197 14 0.500000 8 0
1182 IN 1183 1184 8 0.500000 6 0
1183 LN -1 -1 -1 -1.000000 1 0
1184 IN 1185 1192 7 0.500000 5 0
1185 IN 1186 1187 11 0.500000 4 0
1186 LN -1 -1 -1 -1.000000 1 0
1187 IN 1188 1191 10 0.500000 3 0
1188 IN 1189 1190 5 0.500000 2 0
1189 LN -1 -1 -1 -1.000000 1 0
1190 LN -1 -1 -1 -1.000000 1 0
1191 LN -1 -1 -1 -1.000000 1 0
1192 IN 1193 1194 10 0.500000 3 0
1193 LN -1 -1 -1 -1.000000 1 0
1194 IN 1195 1196 0 0.500000 2 0
1195 LN -1 -1 -1 -1.000000 1 0
1196 LN -1 -1 -1 -1.000000 1 0
1197 IN 1198 1205 5 0.500000 7 0
1198 IN 1199 1204 7 0.500000 4 0
1199 IN 1200 1201 13 0.500000 3 0
1200 LN -1 -1 -1 -1.000000 1 0
1201 IN 1202 1203 0 0.500000 2 0
1202 LN -1 -1 -1 -1.000000 1 0
1203 LN -1 -1 -1 -1.000000 1 0
1204 LN -1 -1 -1 -1.000000 1 0
1205 IN 1206 1215 13 0.500000 6 0
1206 IN 1207 1208 8 0.500000 5 0
1207 LN -1 -1 -1 -1.000000 1 0
1208 IN 1209 1210 7 0.500000 4 1
1209 LN -1 -1 -1 -1.000000 1 1
1210 IN 1211 1212 10 0.500000 3 0
1211 LN -1 -1 -1 -1.000000 1 0
1212 IN 1213 1214 0 0.500000 2 0
1213 LN -1 -1 -1 -1.000000 1 0
1214 LN -1 -1 -1 -1.000000 1 1
1215 IN 1216 1221 0 0.500000 4 0
1216 IN 1217 1220 10 0.500000 3 1
1217 IN 1218 1219 7 0.500000 2 0
1218 LN -1 -1 -1 -1.000000 1 1
1219 LN -1 -1 -1 -1.000000 1 0
1220 LN -1 -1 -1 -1.000000 1 1
1221 IN 1222 1225 8 0.500000 3 0
1222 IN 1223 1224 7 0.500000 2 0
1223 LN -1 -1 -1 -1.000000 1 0
1224 LN -1 -1 -1 -1.000000 1 1
1225 IN 1226 1227 16 0.500000 2 0
1226 LN -1 -1 -1 -1.000000 1 0
1227 LN -1 -1 -1 -1.000000 1 1
1228 LN -1 -1 -1 -1.000000 1 0
1229 IN 1230 1239 13 0.500000 6 1
1230 IN 1231 1232 7 0.500000 5 0
1231 LN -1 -1 -1 -1.000000 1 0
1232 IN 1233 1238 0 0.500000 4 1
1233 IN 1234 1235 10 0.500000 3 0
1234 LN -1 -1 -1 -1.000000 1 0
1235 IN 1236 1237 8 0.500000 2 0
1236 LN -1 -1 -1 -1.000000 1 0
1237 LN -1 -1 -1 -1.000000 1 0
1238 LN -1 -1 -1 -1.000000 1 1
1239 IN 1240 1243 0 0.500000 5 1
1240 IN 1241 1242 10 0.500000 2 1
1241 LN -1 -1 -1 -1.000000 1 1
1242 LN -1 -1 -1 -1.000000 1 1
1243 IN 1244 1247 10 0.500000 4 1
1244 IN 1245 1246 16 0.500000 2 1
1245 LN -1 -1 -1 -1.000000 1 1
1246 LN -1 -1 -1 -1.000000 1 0
1247 IN 1248 1251 7 0.500000 3 1
1248 IN 1249 1250 16 0.500000 2 1
1249 LN -1 -1 -1 -1.000000 1 1
1250 LN -1 -1 -1 -1.000000 1 1
1251 IN 1252 1253 8 0.500000 2 0
1252 LN -1 -1 -1 -1.000000 1 1
1253 LN -1 -1 -1 -1.000000 1 0
1254 IN 1255 1258 5 0.500000 11 1
1255 IN 1256 1257 14 0.500000 2 0
1256 LN -1 -1 -1 -1.000000 1 0
1257 LN -1 -1 -1 -1.000000 1 1
1258 IN 1259 1298 13 0.500000 10 1
1259 IN 1260 1285 14 0.500000 9 1
1260 IN 1261 1284 16 0.500000 8 1
1261 IN 1262 1269 7 0.500000 7 1
1262 IN 1263 1268 10 0.500000 4 1
1263 IN 1264 1267 11 0.500000 3 1
1264 IN 1265 1266 4 0.500000 2 1
1265 LN -1 -1 -1 -1.000000 1 1
1266 LN -1 -1 -1 -1.000000 1 0
1267 LN -1 -1 -1 -1.000000 1 0
1268 LN -1 -1 -1 -1.000000 1 1
1269 IN 1270 1271 8 0.500000 6 1
1270 LN -1 -1 -1 -1.000000 1 1
1271 IN 1272 1279 0 0.500000 5 1
1272 IN 1273 1278 4 0.500000 4 1
1273 IN 1274 1277 10 0.500000 3 0
1274 IN 1275 1276 11 0.500000 2 0
1275 LN -1 -1 -1 -1.000000 1 0
1276 LN -1 -1 -1 -1.000000 1 1
1277 LN -1 -1 -1 -1.000000 1 0
1278 LN -1 -1 -1 -1.000000 1 1
1279 IN 1280 1283 6 0.500000 3 0
1280 IN 1281 1282 4 0.500000 2 0
1281 LN -1 -1 -1 -1.000000 1 0
1282 LN -1 -1 -1 -1.000000 1 1
1283 LN -1 -1 -1 -1.000000 1 1
1284 LN -1 -1 -1 -1.000000 1 1
1285 IN 1286 1297 16 0.500000 6 1
1286 IN 1287 1290 10 0.500000 5 1
1287 IN 1288 1289 8 0.500000 2 1
1288 LN -1 -1 -1 -1.000000 1 0
1289 LN -1 -1 -1 -1.000000 1 1
1290 IN 1291 1296 4 0.500000 4 1
1291 IN 1292 1293 7 0.500000 3 1
1292 LN -1 -1 -1 -1.000000 1 1
1293 IN 1294 1295 8 0.500000 2 0
1294 LN -1 -1 -1 -1.000000 1 1
1295 LN -1 -1 -1 -1.000000 1 0
1296 LN -1 -1 -1 -1.000000 1 1
1297 LN -1 -1 -1 -1.000000 1 1
1298 IN 1299 1304 8 0.500000 6 1
1299 IN 1300 1303 16 0.500000 3 1
1300 IN 1301 1302 4 0.500000 2 1
1301 LN -1 -1 -1 -1.000000 1 1
1302 LN -1 -1 -1 -1.000000 1 0
1303 LN -1 -1 -1 -1.000000 1 1
1304 IN 1305 1314 4 0.500000 5 0
1305 IN 1306 1313 16 0.500000 4 1
1306 IN 1307 1310 10 0.500000 3 1
1307 IN 1308 1309 7 0.500000 2 1
1308 LN -1 -1 -1 -1.000000 1 1
1309 LN -1 -1 -1 -1.000000 1 1
1310 IN 1311 1312 7 0.500000 2 0
1311 LN -1 -1 -1 -1.000000 1 0
1312 LN -1 -1 -1 -1.000000 1 1
1313 LN -1 -1 -1 -1.000000 1 1
1314 IN 1315 1316 7 0.500000 2 0
1315 LN -1 -1 -1 -1.000000 1 0
1316 LN -1 -1 -1 -1.000000 1 0
1317 IN 1318 1385 13 0.500000 11 1
1318 IN 1319 1374 0 0.500000 10 1
1319 IN 1320 1327 7 0.500000 9 1
1320 IN 1321 1326 14 0.500000 4 1
1321 IN 1322 1323 8 0.500000 3 1
1322 LN -1 -1 -1 -1.000000 1 1
1323 IN 1324 1325 4 0.500000 2 0
1324 LN -1 -1 -1 -1.000000 1 0
1325 LN -1 -1 -1 -1.000000 1 1
1326 LN -1 -1 -1 -1.000000 1 1
1327 IN 1328 1349 6 0.500000 8 1
1328 IN 1329 1330 10 0.500000 7 1
1329 LN -1 -1 -1 -1.000000 1 1
1330 IN 1331 1344 12 0.500000 6 1
1331 IN 1332 1343 16 0.500000 5 0
1332 IN 1333 1338 8 0.500000 4 1
1333 IN 1334 1337 14 0.500000 3 1
1334 IN 1335 1336 4 0.500000 2 0
1335 LN -1 -1 -1 -1.000000 1 0
1336 LN -1 -1 -1 -1.000000 1 0
1337 LN -1 -1 -1 -1.000000 1 1
1338 IN 1339 1340 4 0.500000 3 0
1339 LN -1 -1 -1 -1.000000 1 1
1340 IN 1341 1342 14 0.500000 2 0
1341 LN -1 -1 -1 -1.000000 1 0
1342 LN -1 -1 -1 -1.000000 1 0
1343 LN -1 -1 -1 -1.000000 1 0
1344 IN 1345 1348 4 0.500000 3 1
1345 IN 1346 1347 14 0.500000 2 1
1346 LN -1 -1 -1 -1.000000 1 0
1347 LN -1 -1 -1 -1.000000 1 1
1348 LN -1 -1 -1 -1.000000 1 1
1349 IN 1350 1373 16 0.500000 7 1
1350 IN 1351 1358 10 0.500000 6 1
1351 IN 1352 1357 12 0.500000 4 1
1352 IN 1353 1354 4 0.500000 3 0
1353 LN -1 -1 -1 -1.000000 1 0
1354 IN 1355 1356 14 0.500000 2 1
1355 LN -1 -1 -1 -1.000000 1 1
1356 LN -1 -1 -1 -1.000000 1 0
1357 LN -1 -1 -1 -1.000000 1 1
1358 IN 1359 1366 4 0.500000 5 1
1359 IN 1360 1363 14 0.500000 3 0
1360 IN 1361 1362 12 0.500000 2 1
1361 LN -1 -1 -1 -1.000000 1 1
1362 LN -1 -1 -1 -1.000000 1 0
1363 IN 1364 1365 12 0.500000 2 0
1364 LN -1 -1 -1 -1.000000 1 0
1365 LN -1 -1 -1 -1.000000 1 0
1366 IN 1367 1368 8 0.500000 4 1
1367 LN -1 -1 -1 -1.000000 1 1
1368 IN 1369 1372 14 0.500000 3 1
1369 IN 1370 1371 12 0.500000 2 0
1370 LN -1 -1 -1 -1.000000 1 0
1371 LN -1 -1 -1 -1.000000 1 1
1372 LN -1 -1 -1 -1.000000 1 1
1373 LN -1 -1 -1 -1.000000 1 1
1374 IN 1375 1384 16 0.500000 6 0
1375 IN 1376 1383 12 0.500000 5 0
1376 IN 1377 1382 6 0.500000 4 0
1377 IN 1378 1379 14 0.500000 3 0
1378 LN -1 -1 -1 -1.000000 1 1
1379 IN 1380 1381 10 0.500000 2 0
1380 LN -1 -1 -1 -1.000000 1 0
1381 LN -1 -1 -1 -1.000000 1 1
1382 LN -1 -1 -1 -1.000000 1 0
1383 LN -1 -1 -1 -1.000000 1 0
1384 LN -1 -1 -1 -1.000000 1 1
1385 IN 1386 1401 16 0.500000 8 1
1386 IN 1387 1390 8 0.500000 7 1
1387 IN 1388 1389 6 0.500000 2 0
1388 LN -1 -1 -1 -1.000000 1 0
1389 LN -1 -1 -1 -1.000000 1 1
1390 IN 1391 1392 0 0.500000 6 1
1391 LN -1 -1 -1 -1.000000 1 0
1392 IN 1393 1400 10 0.500000 5 1
1393 IN 1394 1395 11 0.500000 4 1
1394 LN -1 -1 -1 -1.000000 1 1
1395 IN 1396 1399 6 0.500000 3 1
1396 IN 1397 1398 12 0.500000 2 1
1397 LN -1 -1 -1 -1.000000 1 0
1398 LN -1 -1 -1 -1.000000 1 1
1399 LN -1 -1 -1 -1.000000 1 1
1400 LN -1 -1 -1 -1.000000 1 1
1401 LN -1 -1 -1 -1.000000 1 1
1402 IN 1403 1844 1 0.500000 15 1
1403 IN 1404 1679 12 0.500000 13 0
1404 IN 1405 1606 16 0.500000 12 0
1405 IN 1406 1577 13 0.500000 11 0
1406 IN 1407 1492 10 0.500000 10 0
1407 IN 1408 1479 6 0.500000 9 0
1408 IN 1409 1440 7 0.500000 8 0
1409 IN 1410 1425 14 0.500000 6 0
1410 IN 1411 1420 4 0.500000 5 0
1411 IN 1412 1413 5 0.500000 4 0
1412 LN -1 -1 -1 -1.000000 1 0
1413 IN 1414 1417 8 0.500000 3 0
1414 IN 1415 1416 3 0.500000 2 0
1415 LN -1 -1 -1 -1.000000 1 0
1416 LN -1 -1 -1 -1.000000 1 0
1417 IN 1418 1419 3 0.500000 2 1
1418 LN -1 -1 -1 -1.000000 1 0
1419 LN -1 -1 -1 -1.000000 1 1
1420 IN 1421 1424 3 0.500000 3 0
1421 IN 1422 1423 8 0.500000 2 0
1422 LN -1 -1 -1 -1.000000 1 0
1423 LN -1 -1 -1 -1.000000 1 0
1424 LN -1 -1 -1 -1.000000 1 1
1425 IN 1426 1429 5 0.500000 5 0
1426 IN 1427 1428 8 0.500000 2 0
1427 LN -1 -1 -1 -1.000000 1 0
1428 LN -1 -1 -1 -1.000000 1 0
1429 IN 1430 1437 4 0.500000 4 0
1430 IN 1431 1434 3 0.500000 3 0
1431 IN 1432 1433 8 0.500000 2 0
1432 LN -1 -1 -1 -1.000000 1 0
1433 LN -1 -1 -1 -1.000000 1 0
1434 IN 1435 1436 8 0.500000 2 0
1435 LN -1 -1 -1 -1.000000 1 1
1436 LN -1 -1 -1 -1.000000 1 0
1437 IN 1438 1439 3 0.500000 2 0
1438 LN -1 -1 -1 -1.000000 1 0
1439 LN -1 -1 -1 -1.000000 1 0
1440 IN 1441 1464 8 0.500000 7 0
1441 IN 1442 1443 11 0.500000 6 0
1442 LN -1 -1 -1 -1.000000 1 0
1443 IN 1444 1453 14 0.500000 5 0
1444 IN 1445 1450 4 0.500000 4 0
1445 IN 1446 1449 3 0.500000 3 0
1446 IN 1447 1448 5 0.500000 2 0
1447 LN -1 -1 -1 -1.000000 1 0
1448 LN -1 -1 -1 -1.000000 1 0
1449 LN -1 -1 -1 -1.000000 1 0
1450 IN 1451 1452 3 0.500000 2 0
1451 LN -1 -1 -1 -1.000000 1 0
1452 LN -1 -1 -1 -1.000000 1 0
1453 IN 1454 1461 4 0.500000 4 0
1454 IN 1455 1458 3 0.500000 3 0
1455 IN 1456 1457 5 0.500000 2 0
1456 LN -1 -1 -1 -1.000000 1 0
1457 LN -1 -1 -1 -1.000000 1 0
1458 IN 1459 1460 5 0.500000 2 0
1459 LN -1 -1 -1 -1.000000 1 1
1460 LN -1 -1 -1 -1.000000 1 0
1461 IN 1462 1463 3 0.500000 2 0
1462 LN -1 -1 -1 -1.000000 1 0
1463 LN -1 -1 -1 -1.000000 1 0
1464 IN 1465 1474 14 0.500000 5 0
1465 IN 1466 1469 5 0.500000 4 0
1466 IN 1467 1468 3 0.500000 2 0
1467 LN -1 -1 -1 -1.000000 1 0
1468 LN -1 -1 -1 -1.000000 1 0
1469 IN 1470 1473 4 0.500000 3 0
1470 IN 1471 1472 3 0.500000 2 0
1471 LN -1 -1 -1 -1.000000 1 0
1472 LN -1 -1 -1 -1.000000 1 0
1473 LN -1 -1 -1 -1.000000 1 0
1474 IN 1475 1476 5 0.500000 3 0
1475 LN -1 -1 -1 -1.000000 1 0
1476 IN 1477 1478 3 0.500000 2 1
1477 LN -1 -1 -1 -1.000000 1 1
1478 LN -1 -1 -1 -1.000000 1 0
1479 IN 1480 1489 8 0.500000 5 0
1480 IN 1481 1486 4 0.500000 4 0
1481 IN 1482 1483 14 0.500000 3 0
1482 LN -1 -1 -1 -1.000000 1 0
1483 IN 1484 1485 3 0.500000 2 1
1484 LN -1 -1 -1 -1.000000 1 0
1485 LN -1 -1 -1 -1.000000 1 1
1486 IN 1487 1488 14 0.500000 2 1
1487 LN -1 -1 -1 -1.000000 1 0
1488 LN -1 -1 -1 -1.000000 1 1
1489 IN 1490 1491 4 0.500000 2 1
1490 LN -1 -1 -1 -1.000000 1 0
1491 LN -1 -1 -1 -1.000000 1 1
1492 IN 1493 1540 8 0.500000 8 0
1493 IN 1494 1521 4 0.500000 7 0
1494 IN 1495 1506 7 0.500000 6 0
1495 IN 1496 1503 3 0.500000 4 0
1496 IN 1497 1500 14 0.500000 3 0
1497 IN 1498 1499 5 0.500000 2 0
1498 LN -1 -1 -1 -1.000000 1 0
1499 LN -1 -1 -1 -1.000000 1 0
1500 IN 1501 1502 5 0.500000 2 0
1501 LN -1 -1 -1 -1.000000 1 0
1502 LN -1 -1 -1 -1.000000 1 0
1503 IN 1504 1505 14 0.500000 2 0
1504 LN -1 -1 -1 -1.000000 1 1
1505 LN -1 -1 -1 -1.000000 1 0
1506 IN 1507 1514 14 0.500000 5 0
1507 IN 1508 1509 5 0.500000 4 0
1508 LN -1 -1 -1 -1.000000 1 0
1509 IN 1510 1513 3 0.500000 3 0
1510 IN 1511 1512 6 0.500000 2 0
1511 LN -1 -1 -1 -1.000000 1 0
1512 LN -1 -1 -1 -1.000000 1 0
1513 LN -1 -1 -1 -1.000000 1 0
1514 IN 1515 1520 6 0.500000 4 0
1515 IN 1516 1517 5 0.500000 3 0
1516 LN -1 -1 -1 -1.000000 1 0
1517 IN 1518 1519 3 0.500000 2 0
1518 LN -1 -1 -1 -1.000000 1 0
1519 LN -1 -1 -1 -1.000000 1 0
1520 LN -1 -1 -1 -1.000000 1 0
1521 IN 1522 1537 6 0.500000 5 0
1522 IN 1523 1530 3 0.500000 4 0
1523 IN 1524 1527 14 0.500000 3 0
1524 IN 1525 1526 7 0.500000 2 0
1525 LN -1 -1 -1 -1.000000 1 0
1526 LN -1 -1 -1 -1.000000 1 0
1527 IN 1528 1529 7 0.500000 2 0
1528 LN -1 -1 -1 -1.000000 1 0
1529 LN -1 -1 -1 -1.000000 1 1
1530 IN 1531 1534 7 0.500000 3 1
1531 IN 1532 1533 14 0.500000 2 1
1532 LN -1 -1 -1 -1.000000 1 1
1533 LN -1 -1 -1 -1.000000 1 1
1534 IN 1535 1536 14 0.500000 2 0
1535 LN -1 -1 -1 -1.000000 1 1
1536 LN -1 -1 -1 -1.000000 1 0
1537 IN 1538 1539 14 0.500000 2 0
1538 LN -1 -1 -1 -1.000000 1 0
1539 LN -1 -1 -1 -1.000000 1 0
1540 IN 1541 1560 3 0.500000 6 0
1541 IN 1542 1557 4 0.500000 5 0
1542 IN 1543 1550 7 0.500000 4 0
1543 IN 1544 1547 14 0.500000 3 0
1544 IN 1545 1546 5 0.500000 2 0
1545 LN -1 -1 -1 -1.000000 1 0
1546 LN -1 -1 -1 -1.000000 1 0
1547 IN 1548 1549 5 0.500000 2 0
1548 LN -1 -1 -1 -1.000000 1 0
1549 LN -1 -1 -1 -1.000000 1 0
1550 IN 1551 1554 5 0.500000 3 0
1551 IN 1552 1553 14 0.500000 2 0
1552 LN -1 -1 -1 -1.000000 1 0
1553 LN -1 -1 -1 -1.000000 1 0
1554 IN 1555 1556 14 0.500000 2 0
1555 LN -1 -1 -1 -1.000000 1 0
1556 LN -1 -1 -1 -1.000000 1 0
1557 IN 1558 1559 7 0.500000 2 1
1558 LN -1 -1 -1 -1.000000 1 1
1559 LN -1 -1 -1 -1.000000 1 1
1560 IN 1561 1572 4 0.500000 5 0
1561 IN 1562 1569 6 0.500000 4 0
1562 IN 1563 1566 14 0.500000 3 0
1563 IN 1564 1565 7 0.500000 2 0
1564 LN -1 -1 -1 -1.000000 1 0
1565 LN -1 -1 -1 -1.000000 1 0
1566 IN 1567 1568 7 0.500000 2 0
1567 LN -1 -1 -1 -1.000000 1 1
1568 LN -1 -1 -1 -1.000000 1 0
1569 IN 1570 1571 14 0.500000 2 1
1570 LN -1 -1 -1 -1.000000 1 1
1571 LN -1 -1 -1 -1.000000 1 1
1572 IN 1573 1574 7 0.500000 3 0
1573 LN -1 -1 -1 -1.000000 1 0
1574 IN 1575 1576 6 0.500000 2 0
1575 LN -1 -1 -1 -1.000000 1 1
1576 LN -1 -1 -1 -1.000000 1 0
1577 IN 1578 1593 10 0.500000 7 1
1578 IN 1579 1588 3 0.500000 6 1
1579 IN 1580 1581 5 0.500000 5 0
1580 LN -1 -1 -1 -1.000000 1 1
1581 IN 1582 1587 7 0.500000 4 0
1582 IN 1583 1586 4 0.500000 3 0
1583 IN 1584 1585 8 0.500000 2 0
1584 LN -1 -1 -1 -1.000000 1 0
1585 LN -1 -1 -1 -1.000000 1 0
1586 LN -1 -1 -1 -1.000000 1 0
1587 LN -1 -1 -1 -1.000000 1 1
1588 IN 1589 1590 4 0.500000 3 1
1589 LN -1 -1 -1 -1.000000 1 1
1590 IN 1591 1592 6 0.500000 2 1
1591 LN -1 -1 -1 -1.000000 1 0
1592 LN -1 -1 -1 -1.000000 1 1
1593 IN 1594 1605 8 0.500000 6 1
1594 IN 1595 1596 5 0.500000 5 1
1595 LN -1 -1 -1 -1.000000 1 0
1596 IN 1597 1600 7 0.500000 4 1
1597 IN 1598 1599 4 0.500000 2 0
1598 LN -1 -1 -1 -1.000000 1 0
1599 LN -1 -1 -1 -1.000000 1 1
1600 IN 1601 1604 4 0.500000 3 1
1601 IN 1602 1603 6 0.500000 2 1
1602 LN -1 -1 -1 -1.000000 1 1
1603 LN -1 -1 -1 -1.000000 1 1
1604 LN -1 -1 -1 -1.000000 1 0
1605 LN -1 -1 -1 -1.000000 1 1
1606 IN 1607 1628 3 0.500000 9 0
1607 IN 1608 1627 8 0.500000 8 0
1608 IN 1609 1610 5 0.500000 7 1
1609 LN -1 -1 -1 -1.000000 1 1
1610 IN 1611 1614 10 0.500000 6 0
1611 IN 1612 1613 7 0.500000 2 1
1612 LN -1 -1 -1 -1.000000 1 0
1613 LN -1 -1 -1 -1.000000 1 1
1614 IN 1615 1622 4 0.500000 5 0
1615 IN 1616 1621 7 0.500000 4 0
1616 IN 1617 1618 14 0.500000 3 1
1617 LN -1 -1 -1 -1.000000 1 0
1618 IN 1619 1620 13 0.500000 2 1
1619 LN -1 -1 -1 -1.000000 1 1
1620 LN -1 -1 -1 -1.000000 1 0
1621 LN -1 -1 -1 -1.000000 1 0
1622 IN 1623 1624 13 0.500000 3 1
1623 LN -1 -1 -1 -1.000000 1 1
1624 IN 1625 1626 7 0.500000 2 1
1625 LN -1 -1 -1 -1.000000 1 0
1626 LN -1 -1 -1 -1.000000 1 1
1627 LN -1 -1 -1 -1.000000 1 0
1628 IN 1629 1640 14 0.500000 8 0
1629 IN 1630 1631 7 0.500000 5 0
1630 LN -1 -1 -1 -1.000000 1 0
1631 IN 1632 1637 8 0.500000 4 0
1632 IN 1633 1636 4 0.500000 3 0
1633 IN 1634 1635 10 0.500000 2 0
1634 LN -1 -1 -1 -1.000000 1 0
1635 LN -1 -1 -1 -1.000000 1 1
1636 LN -1 -1 -1 -1.000000 1 0
1637 IN 1638 1639 6 0.500000 2 0
1638 LN -1 -1 -1 -1.000000 1 1
1639 LN -1 -1 -1 -1.000000 1 0
1640 IN 1641 1664 13 0.500000 7 0
1641 IN 1642 1643 7 0.500000 6 0
1642 LN -1 -1 -1 -1.000000 1 1
1643 IN 1644 1657 6 0.500000 5 0
1644 IN 1645 1650 10 0.500000 4 0
1645 IN 1646 1649 8 0.500000 3 0
1646 IN 1647 1648 4 0.500000 2 0
1647 LN -1 -1 -1 -1.000000 1 0
1648 LN -1 -1 -1 -1.000000 1 1
1649 LN -1 -1 -1 -1.000000 1 0
1650 IN 1651 1654 8 0.500000 3 0
1651 IN 1652 1653 4 0.500000 2 0
1652 LN -1 -1 -1 -1.000000 1 0
1653 LN -1 -1 -1 -1.000000 1 0
1654 IN 1655 1656 4 0.500000 2 1
1655 LN -1 -1 -1 -1.000000 1 0
1656 LN -1 -1 -1 -1.000000 1 1
1657 IN 1658 1661 4 0.500000 3 0
1658 IN 1659 1660 8 0.500000 2 1
1659 LN -1 -1 -1 -1.000000 1 0
1660 LN -1 -1 -1 -1.000000 1 1
1661 IN 1662 1663 8 0.500000 2 0
1662 LN -1 -1 -1 -1.000000 1 1
1663 LN -1 -1 -1 -1.000000 1 0
1664 IN 1665 1674 8 0.500000 6 1
1665 IN 1666 1673 6 0.500000 5 1
1666 IN 1667 1668 10 0.500000 4 1
1667 LN -1 -1 -1 -1.000000 1 0
1668 IN 1669 1672 4 0.500000 3 1
1669 IN 1670 1671 7 0.500000 2 1
1670 LN -1 -1 -1 -1.000000 1 1
1671 LN -1 -1 -1 -1.000000 1 1
1672 LN -1 -1 -1 -1.000000 1 1
1673 LN -1 -1 -1 -1.000000 1 0
1674 IN 1675 1676 7 0.500000 3 0
1675 LN -1 -1 -1 -1.000000 1 0
1676 IN 1677 1678 6 0.500000 2 0
1677 LN -1 -1 -1 -1.000000 1 0
1678 LN -1 -1 -1 -1.000000 1 1
1679 IN 1680 1765 3 0.500000 11 0
1680 IN 1681 1762 6 0.500000 10 0
1681 IN 1682 1747 13 0.500000 9 0
1682 IN 1683 1718 8 0.500000 8 0
1683 IN 1684 1705 4 0.500000 7 1
1684 IN 1685 1694 14 0.500000 6 1
1685 IN 1686 1687 5 0.500000 4 0
1686 LN -1 -1 -1 -1.000000 1 0
1687 IN 1688 1691 7 0.500000 3 1
1688 IN 1689 1690 10 0.500000 2 0
1689 LN -1 -1 -1 -1.000000 1 1
1690 LN -1 -1 -1 -1.000000 1 0
1691 IN 1692 1693 10 0.500000 2 1
1692 LN -1 -1 -1 -1.000000 1 1
1693 LN -1 -1 -1 -1.000000 1 1
1694 IN 1695 1704 16 0.500000 5 1
1695 IN 1696 1699 7 0.500000 4 1
1696 IN 1697 1698 5 0.500000 2 1
1697 LN -1 -1 -1 -1.000000 1 0
1698 LN -1 -1 -1 -1.000000 1 1
1699 IN 1700 1701 5 0.500000 3 1
1700 LN -1 -1 -1 -1.000000 1 1
1701 IN 1702 1703 10 0.500000 2 1
1702 LN -1 -1 -1 -1.000000 1 1
1703 LN -1 -1 -1 -1.000000 1 0
1704 LN -1 -1 -1 -1.000000 1 1
1705 IN 1706 1715 14 0.500000 5 1
1706 IN 1707 1714 16 0.500000 4 1
1707 IN 1708 1711 10 0.500000 3 1
1708 IN 1709 1710 7 0.500000 2 0
1709 LN -1 -1 -1 -1.000000 1 0
1710 LN -1 -1 -1 -1.000000 1 1
1711 IN 1712 1713 7 0.500000 2 1
1712 LN -1 -1 -1 -1.000000 1 0
1713 LN -1 -1 -1 -1.000000 1 1
1714 LN -1 -1 -1 -1.000000 1 1
1715 IN 1716 1717 7 0.500000 2 0
1716 LN -1 -1 -1 -1.000000 1 1
1717 LN -1 -1 -1 -1.000000 1 0
1718 IN 1719 1730 10 0.500000 7 0
1719 IN 1720 1729 4 0.500000 5 0
1720 IN 1721 1722 7 0.500000 4 0
1721 LN -1 -1 -1 -1.000000 1 0
1722 IN 1723 1726 14 0.500000 3 0
1723 IN 1724 1725 5 0.500000 2 0
1724 LN -1 -1 -1 -1.000000 1 1
1725 LN -1 -1 -1 -1.000000 1 0
1726 IN 1727 1728 5 0.500000 2 0
1727 LN -1 -1 -1 -1.000000 1 0
1728 LN -1 -1 -1 -1.000000 1 0
1729 LN -1 -1 -1 -1.000000 1 0
1730 IN 1731 1744 16 0.500000 6 0
1731 IN 1732 1737 7 0.500000 5 0
1732 IN 1733 1734 14 0.500000 3 0
1733 LN -1 -1 -1 -1.000000 1 0
1734 IN 1735 1736 5 0.500000 2 0
1735 LN -1 -1 -1 -1.000000 1 0
1736 LN -1 -1 -1 -1.000000 1 0
1737 IN 1738 1743 4 0.500000 4 0
1738 IN 1739 1742 14 0.500000 3 0
1739 IN 1740 1741 5 0.500000 2 1
1740 LN -1 -1 -1 -1.000000 1 0
1741 LN -1 -1 -1 -1.000000 1 1
1742 LN -1 -1 -1 -1.000000 1 0
1743 LN -1 -1 -1 -1.000000 1 0
1744 IN 1745 1746 7 0.500000 2 0
1745 LN -1 -1 -1 -1.000000 1 0
1746 LN -1 -1 -1 -1.000000 1 1
1747 IN 1748 1759 7 0.500000 5 1
1748 IN 1749 1756 16 0.500000 4 1
1749 IN 1750 1753 4 0.500000 3 1
1750 IN 1751 1752 5 0.500000 2 1
1751 LN -1 -1 -1 -1.000000 1 0
1752 LN -1 -1 -1 -1.000000 1 1
1753 IN 1754 1755 10 0.500000 2 1
1754 LN -1 -1 -1 -1.000000 1 1
1755 LN -1 -1 -1 -1.000000 1 1
1756 IN 1757 1758 5 0.500000 2 0
1757 LN -1 -1 -1 -1.000000 1 0
1758 LN -1 -1 -1 -1.000000 1 0
1759 IN 1760 1761 4 0.500000 2 1
1760 LN -1 -1 -1 -1.000000 1 0
1761 LN -1 -1 -1 -1.000000 1 1
1762 IN 1763 1764 13 0.500000 2 1
1763 LN -1 -1 -1 -1.000000 1 1
1764 LN -1 -1 -1 -1.000000 1 0
1765 IN 1766 1815 4 0.500000 10 1
1766 IN 1767 1804 16 0.500000 9 0
1767 IN 1768 1789 8 0.500000 8 0
1768 IN 1769 1770 5 0.500000 7 0
1769 LN -1 -1 -1 -1.000000 1 0
1770 IN 1771 1772 7 0.500000 6 0
1771 LN -1 -1 -1 -1.000000 1 0
1772 IN 1773 1784 6 0.500000 5 0
1773 IN 1774 1781 13 0.500000 4 0
1774 IN 1775 1778 10 0.500000 3 0
1775 IN 1776 1777 14 0.500000 2 0
1776 LN -1 -1 -1 -1.000000 1 1
1777 LN -1 -1 -1 -1.000000 1 0
1778 IN 1779 1780 14 0.500000 2 0
1779 LN -1 -1 -1 -1.000000 1 0
1780 LN -1 -1 -1 -1.000000 1 1
1781 IN 1782 1783 10 0.500000 2 0
1782 LN -1 -1 -1 -1.000000 1 0
1783 LN -1 -1 -1 -1.000000 1 1
1784 IN 1785 1786 10 0.500000 3 1
1785 LN -1 -1 -1 -1.000000 1 0
1786 IN 1787 1788 14 0.500000 2 1
1787 LN -1 -1 -1 -1.000000 1 1
1788 LN -1 -1 -1 -1.000000 1 0
1789 IN 1790 1801 6 0.500000 5 1
1790 IN 1791 1796 10 0.500000 4 0
1791 IN 1792 1793 7 0.500000 3 0
1792 LN -1 -1 -1 -1.000000 1 0
1793 IN 1794 1795 14 0.500000 2 0
1794 LN -1 -1 -1 -1.000000 1 0
1795 LN -1 -1 -1 -1.000000 1 1
1796 IN 1797 1798 5 0.500000 3 1
1797 LN -1 -1 -1 -1.000000 1 0
1798 IN 1799 1800 14 0.500000 2 1
1799 LN -1 -1 -1 -1.000000 1 1
1800 LN -1 -1 -1 -1.000000 1 0
1801 IN 1802 1803 10 0.500000 2 1
1802 LN -1 -1 -1 -1.000000 1 1
1803 LN -1 -1 -1 -1.000000 1 1
1804 IN 1805 1812 8 0.500000 5 1
1805 IN 1806 1811 6 0.500000 4 1
1806 IN 1807 1808 7 0.500000 3 1
1807 LN -1 -1 -1 -1.000000 1 1
1808 IN 1809 1810 13 0.500000 2 1
1809 LN -1 -1 -1 -1.000000 1 1
1810 LN -1 -1 -1 -1.000000 1 1
1811 LN -1 -1 -1 -1.000000 1 1
1812 IN 1813 1814 10 0.500000 2 0
1813 LN -1 -1 -1 -1.000000 1 0
1814 LN -1 -1 -1 -1.000000 1 1
1815 IN 1816 1821 10 0.500000 8 1
1816 IN 1817 1820 16 0.500000 3 1
1817 IN 1818 1819 14 0.500000 2 1
1818 LN -1 -1 -1 -1.000000 1 1
1819 LN -1 -1 -1 -1.000000 1 0
1820 LN -1 -1 -1 -1.000000 1 1
1821 IN 1822 1841 8 0.500000 7 1
1822 IN 1823 1836 6 0.500000 6 1
1823 IN 1824 1827 14 0.500000 5 1
1824 IN 1825 1826 7 0.500000 2 1
1825 LN -1 -1 -1 -1.000000 1 0
1826 LN -1 -1 -1 -1.000000 1 1
1827 IN 1828 1831 16 0.500000 4 1
1828 IN 1829 1830 13 0.500000 2 1
1829 LN -1 -1 -1 -1.000000 1 1
1830 LN -1 -1 -1 -1.000000 1 1
1831 IN 1832 1835 13 0.500000 3 1
1832 IN 1833 1834 7 0.500000 2 0
1833 LN -1 -1 -1 -1.000000 1 1
1834 LN -1 -1 -1 -1.000000 1 0
1835 LN -1 -1 -1 -1.000000 1 1
1836 IN 1837 1840 16 0.500000 3 1
1837 IN 1838 1839 13 0.500000 2 1
1838 LN -1 -1 -1 -1.000000 1 1
1839 LN -1 -1 -1 -1.000000 1 0
1840 LN -1 -1 -1 -1.000000 1 1
1841 IN 1842 1843 14 0.500000 2 1
1842 LN -1 -1 -1 -1.000000 1 0
1843 LN -1 -1 -1 -1.000000 1 1
1844 IN 1845 1974 5 0.500000 14 1
1845 IN 1846 1893 10 0.500000 10 0
1846 IN 1847 1870 0 0.500000 9 0
1847 IN 1848 1857 7 0.500000 8 0
1848 IN 1849 1854 12 0.500000 4 0
1849 IN 1850 1853 13 0.500000 3 0
1850 IN 1851 1852 14 0.500000 2 0
1851 LN -1 -1 -1 -1.000000 1 0
1852 LN -1 -1 -1 -1.000000 1 0
1853 LN -1 -1 -1 -1.000000 1 0
1854 IN 1855 1856 14 0.500000 2 1
1855 LN -1 -1 -1 -1.000000 1 1
1856 LN -1 -1 -1 -1.000000 1 1
1857 IN 1858 1859 8 0.500000 7 0
1858 LN -1 -1 -1 -1.000000 1 0
1859 IN 1860 1869 12 0.500000 6 0
1860 IN 1861 1862 14 0.500000 5 0
1861 LN -1 -1 -1 -1.000000 1 0
1862 IN 1863 1868 6 0.500000 4 0
1863 IN 1864 1867 3 0.500000 3 0
1864 IN 1865 1866 13 0.500000 2 0
1865 LN -1 -1 -1 -1.000000 1 0
1866 LN -1 -1 -1 -1.000000 1 1
1867 LN -1 -1 -1 -1.000000 1 0
1868 LN -1 -1 -1 -1.000000 1 1
1869 LN -1 -1 -1 -1.000000 1 0
1870 IN 1871 1876 8 0.500000 6 0
1871 IN 1872 1875 7 0.500000 3 1
1872 IN 1873 1874 16 0.500000 2 0
1873 LN -1 -1 -1 -1.000000 1 0
1874 LN -1 -1 -1 -1.000000 1 1
1875 LN -1 -1 -1 -1.000000 1 1
1876 IN 1877 1888 12 0.500000 5 0
1877 IN 1878 1883 7 0.500000 4 0
1878 IN 1879 1882 16 0.500000 3 0
1879 IN 1880 1881 13 0.500000 2 0
1880 LN -1 -1 -1 -1.000000 1 0
1881 LN -1 -1 -1 -1.000000 1 0
1882 LN -1 -1 -1 -1.000000 1 0
1883 IN 1884 1885 13 0.500000 3 0
1884 LN -1 -1 -1 -1.000000 1 0
1885 IN 1886 1887 3 0.500000 2 0
1886 LN -1 -1 -1 -1.000000 1 0
1887 LN -1 -1 -1 -1.000000 1 0
1888 IN 1889 1892 7 0.500000 3 1
1889 IN 1890 1891 13 0.500000 2 1
1890 LN -1 -1 -1 -1.000000 1 1
1891 LN -1 -1 -1 -1.000000 1 0
1892 LN -1 -1 -1 -1.000000 1 1
1893 IN 1894 1909 14 0.500000 9 0
1894 IN 1895 1904 12 0.500000 6 0
1895 IN 1896 1903 0 0.500000 5 0
1896 IN 1897 1898 7 0.500000 4 0
1897 LN -1 -1 -1 -1.000000 1 0
1898 IN 1899 1900 8 0.500000 3 0
1899 LN -1 -1 -1 -1.000000 1 0
1900 IN 1901 1902 16 0.500000 2 0
1901 LN -1 -1 -1 -1.000000 1 1
1902 LN -1 -1 -1 -1.000000 1 0
1903 LN -1 -1 -1 -1.000000 1 0
1904 IN 1905 1908 7 0.500000 3 1
1905 IN 1906 1907 8 0.500000 2 0
1906 LN -1 -1 -1 -1.000000 1 0
1907 LN -1 -1 -1 -1.000000 1 1
1908 LN -1 -1 -1 -1.000000 1 1
1909 IN 1910 1929 8 0.500000 8 0
1910 IN 1911 1912 7 0.500000 6 0
1911 LN -1 -1 -1 -1.000000 1 0
1912 IN 1913 1924 0 0.500000 5 0
1913 IN 1914 1919 13 0.500000 4 0
1914 IN 1915 1918 3 0.500000 3 0
1915 IN 1916 1917 12 0.500000 2 1
1916 LN -1 -1 -1 -1.000000 1 1
1917 LN -1 -1 -1 -1.000000 1 0
1918 LN -1 -1 -1 -1.000000 1 0
1919 IN 1920 1921 12 0.500000 3 0
1920 LN -1 -1 -1 -1.000000 1 0
1921 IN 1922 1923 16 0.500000 2 0
1922 LN -1 -1 -1 -1.000000 1 0
1923 LN -1 -1 -1 -1.000000 1 1
1924 IN 1925 1926 3 0.500000 3 0
1925 LN -1 -1 -1 -1.000000 1 0
1926 IN 1927 1928 12 0.500000 2 1
1927 LN -1 -1 -1 -1.000000 1 0
1928 LN -1 -1 -1 -1.000000 1 1
1929 IN 1930 1957 16 0.500000 7 1
1930 IN 1931 1948 12 0.500000 6 0
1931 IN 1932 1939 7 0.500000 5 0
1932 IN 1933 1936 0 0.500000 3 0
1933 IN 1934 1935 13 0.500000 2 0
1934 LN -1 -1 -1 -1.000000 1 0
1935 LN -1 -1 -1 -1.000000 1 0
1936 IN 1937 1938 13 0.500000 2 0
1937 LN -1 -1 -1 -1.000000 1 0
1938 LN -1 -1 -1 -1.000000 1 1
1939 IN 1940 1945 0 0.500000 4 0
1940 IN 1941 1944 3 0.500000 3 0
1941 IN 1942 1943 13 0.500000 2 0
1942 LN -1 -1 -1 -1.000000 1 0
1943 LN -1 -1 -1 -1.000000 1 0
1944 LN -1 -1 -1 -1.000000 1 1
1945 IN 1946 1947 13 0.500000 2 0
1946 LN -1 -1 -1 -1.000000 1 0
1947 LN -1 -1 -1 -1.000000 1 0
1948 IN 1949 1950 0 0.500000 4 1
1949 LN -1 -1 -1 -1.000000 1 1
1950 IN 1951 1954 13 0.500000 3 1
1951 IN 1952 1953 7 0.500000 2 1
1952 LN -1 -1 -1 -1.000000 1 1
1953 LN -1 -1 -1 -1.000000 1 1
1954 IN 1955 1956 7 0.500000 2 1
1955 LN -1 -1 -1 -1.000000 1 1
1956 LN -1 -1 -1 -1.000000 1 1
1957 IN 1958 1973 12 0.500000 6 1
1958 IN 1959 1964 7 0.500000 5 1
1959 IN 1960 1963 13 0.500000 3 1
1960 IN 1961 1962 0 0.500000 2 0
1961 LN -1 -1 -1 -1.000000 1 0
1962 LN -1 -1 -1 -1.000000 1 1
1963 LN -1 -1 -1 -1.000000 1 1
1964 IN 1965 1970 3 0.500000 4 1
1965 IN 1966 1969 0 0.500000 3 1
1966 IN 1967 1968 13 0.500000 2 1
1967 LN -1 -1 -1 -1.000000 1 0
1968 LN -1 -1 -1 -1.000000 1 1
1969 LN -1 -1 -1 -1.000000 1 1
1970 IN 1971 1972 13 0.500000 2 1
1971 LN -1 -1 -1 -1.000000 1 1
1972 LN -1 -1 -1 -1.000000 1 1
1973 LN -1 -1 -1 -1.000000 1 1
1974 IN 1975 2178 14 0.500000 13 1
1975 IN 1976 2011 7 0.500000 10 0
1976 IN 1977 1996 12 0.500000 8 0
1977 IN 1978 1991 4 0.500000 6 0
1978 IN 1979 1984 8 0.500000 5 0
1979 IN 1980 1983 16 0.500000 3 0
1980 IN 1981 1982 0 0.500000 2 0
1981 LN -1 -1 -1 -1.000000 1 0
1982 LN -1 -1 -1 -1.000000 1 1
1983 LN -1 -1 -1 -1.000000 1 0
1984 IN 1985 1990 16 0.500000 4 0
1985 IN 1986 1987 10 0.500000 3 0
1986 LN -1 -1 -1 -1.000000 1 0
1987 IN 1988 1989 0 0.500000 2 0
1988 LN -1 -1 -1 -1.000000 1 0
1989 LN -1 -1 -1 -1.000000 1 1
1990 LN -1 -1 -1 -1.000000 1 0
1991 IN 1992 1993 0 0.500000 3 0
1992 LN -1 -1 -1 -1.000000 1 0
1993 IN 1994 1995 10 0.500000 2 0
1994 LN -1 -1 -1 -1.000000 1 0
1995 LN -1 -1 -1 -1.000000 1 0
1996 IN 1997 1998 8 0.500000 7 1
1997 LN -1 -1 -1 -1.000000 1 1
1998 IN 1999 2010 3 0.500000 6 1
1999 IN 2000 2001 10 0.500000 5 1
2000 LN -1 -1 -1 -1.000000 1 0
2001 IN 2002 2009 16 0.500000 4 1
2002 IN 2003 2006 0 0.500000 3 1
2003 IN 2004 2005 4 0.500000 2 0
2004 LN -1 -1 -1 -1.000000 1 0
2005 LN -1 -1 -1 -1.000000 1 0
2006 IN 2007 2008 4 0.500000 2 1
2007 LN -1 -1 -1 -1.000000 1 1
2008 LN -1 -1 -1 -1.000000 1 1
2009 LN -1 -1 -1 -1.000000 1 0
2010 LN -1 -1 -1 -1.000000 1 1
2011 IN 2012 2157 16 0.500000 9 1
2012 IN 2013 2084 4 0.500000 8 1
2013 IN 2014 2055 0 0.500000 7 0
2014 IN 2015 2034 10 0.500000 6 0
2015 IN 2016 2025 12 0.500000 5 0
2016 IN 2017 2022 8 0.500000 4 0
2017 IN 2018 2019 3 0.500000 3 0
2018 LN -1 -1 -1 -1.000000 1 0
2019 IN 2020 2021 6 0.500000 2 0
2020 LN -1 -1 -1 -1.000000 1 0
2021 LN -1 -1 -1 -1.000000 1 0
2022 IN 2023 2024 3 0.500000 2 0
2023 LN -1 -1 -1 -1.000000 1 0
2024 LN -1 -1 -1 -1.000000 1 0
2025 IN 2026 2031 6 0.500000 4 0
2026 IN 2027 2028 8 0.500000 3 0
2027 LN -1 -1 -1 -1.000000 1 0
2028 IN 2029 2030 3 0.500000 2 0
2029 LN -1 -1 -1 -1.000000 1 0
2030 LN -1 -1 -1 -1.000000 1 0
2031 IN 2032 2033 8 0.500000 2 1
2032 LN -1 -1 -1 -1.000000 1 0
2033 LN -1 -1 -1 -1.000000 1 1
2034 IN 2035 2042 8 0.500000 5 0
2035 IN 2036 2039 3 0.500000 3 0
2036 IN 2037 2038 12 0.500000 2 0
2037 LN -1 -1 -1 -1.000000 1 0
2038 LN -1 -1 -1 -1.000000 1 1
2039 IN 2040 2041 12 0.500000 2 1
2040 LN -1 -1 -1 -1.000000 1 0
2041 LN -1 -1 -1 -1.000000 1 1
2042 IN 2043 2050 12 0.500000 4 1
2043 IN 2044 2047 3 0.500000 3 0
2044 IN 2045 2046 6 0.500000 2 0
2045 LN -1 -1 -1 -1.000000 1 0
2046 LN -1 -1 -1 -1.000000 1 1
2047 IN 2048 2049 6 0.500000 2 0
2048 LN -1 -1 -1 -1.000000 1 0
2049 LN -1 -1 -1 -1.000000 1 1
2050 IN 2051 2054 3 0.500000 3 1
2051 IN 2052 2053 6 0.500000 2 1
2052 LN -1 -1 -1 -1.000000 1 1
2053 LN -1 -1 -1 -1.000000 1 0
2054 LN -1 -1 -1 -1.000000 1 1
2055 IN 2056 2073 3 0.500000 6 1
2056 IN 2057 2066 12 0.500000 5 1
2057 IN 2058 2061 10 0.500000 4 0
2058 IN 2059 2060 8 0.500000 2 0
2059 LN -1 -1 -1 -1.000000 1 0
2060 LN -1 -1 -1 -1.000000 1 0
2061 IN 2062 2063 8 0.500000 3 1
2062 LN -1 -1 -1 -1.000000 1 0
2063 IN 2064 2065 6 0.500000 2 1
2064 LN -1 -1 -1 -1.000000 1 1
2065 LN -1 -1 -1 -1.000000 1 0
2066 IN 2067 2072 6 0.500000 4 1
2067 IN 2068 2069 8 0.500000 3 1
2068 LN -1 -1 -1 -1.000000 1 1
2069 IN 2070 2071 10 0.500000 2 1
2070 LN -1 -1 -1 -1.000000 1 1
2071 LN -1 -1 -1 -1.000000 1 0
2072 LN -1 -1 -1 -1.000000 1 1
2073 IN 2074 2075 8 0.500000 5 0
2074 LN -1 -1 -1 -1.000000 1 0
2075 IN 2076 2081 6 0.500000 4 0
2076 IN 2077 2078 10 0.500000 3 1
2077 LN -1 -1 -1 -1.000000 1 1
2078 IN 2079 2080 12 0.500000 2 0
2079 LN -1 -1 -1 -1.000000 1 0
2080 LN -1 -1 -1 -1.000000 1 0
2081 IN 2082 2083 10 0.500000 2 0
2082 LN -1 -1 -1 -1.000000 1 1
2083 LN -1 -1 -1 -1.000000 1 0
2084 IN 2085 2126 12 0.500000 7 1
2085 IN 2086 2099 3 0.500000 6 1
2086 IN 2087 2094 8 0.500000 4 1
2087 IN 2088 2091 0 0.500000 3 0
2088 IN 2089 2090 10 0.500000 2 0
2089 LN -1 -1 -1 -1.000000 1 0
2090 LN -1 -1 -1 -1.000000 1 0
2091 IN 2092 2093 10 0.500000 2 1
2092 LN -1 -1 -1 -1.000000 1 1
2093 LN -1 -1 -1 -1.000000 1 0
2094 IN 2095 2096 0 0.500000 3 1
2095 LN -1 -1 -1 -1.000000 1 1
2096 IN 2097 2098 10 0.500000 2 1
2097 LN -1 -1 -1 -1.000000 1 1
2098 LN -1 -1 -1 -1.000000 1 1
2099 IN 2100 2113 8 0.500000 5 0
2100 IN 2101 2108 0 0.500000 4 1
2101 IN 2102 2105 10 0.500000 3 0
2102 IN 2103 2104 6 0.500000 2 0
2103 LN -1 -1 -1 -1.000000 1 0
2104 LN -1 -1 -1 -1.000000 1 1
2105 IN 2106 2107 6 0.500000 2 0
2106 LN -1 -1 -1 -1.000000 1 1
2107 LN -1 -1 -1 -1.000000 1 0
2108 IN 2109 2110 10 0.500000 3 1
2109 LN -1 -1 -1 -1.000000 1 1
2110 IN 2111 2112 6 0.500000 2 0
2111 LN -1 -1 -1 -1.000000 1 1
2112 LN -1 -1 -1 -1.000000 1 0
2113 IN 2114 2121 6 0.500000 4 0
2114 IN 2115 2118 10 0.500000 3 0
2115 IN 2116 2117 0 0.500000 2 0
2116 LN -1 -1 -1 -1.000000 1 0
2117 LN -1 -1 -1 -1.000000 1 1
2118 IN 2119 2120 0 0.500000 2 0
2119 LN -1 -1 -1 -1.000000 1 0
2120 LN -1 -1 -1 -1.000000 1 0
2121 IN 2122 2125 0 0.500000 3 0
2122 IN 2123 2124 10 0.500000 2 0
2123 LN -1 -1 -1 -1.000000 1 0
2124 LN -1 -1 -1 -1.000000 1 1
2125 LN -1 -1 -1 -1.000000 1 1
2126 IN 2127 2140 10 0.500000 6 1
2127 IN 2128 2131 8 0.500000 5 1
2128 IN 2129 2130 6 0.500000 2 1
2129 LN -1 -1 -1 -1.000000 1 0
2130 LN -1 -1 -1 -1.000000 1 1
2131 IN 2132 2139 6 0.500000 4 1
2132 IN 2133 2136 3 0.500000 3 1
2133 IN 2134 2135 0 0.500000 2 1
2134 LN -1 -1 -1 -1.000000 1 0
2135 LN -1 -1 -1 -1.000000 1 1
2136 IN 2137 2138 0 0.500000 2 1
2137 LN -1 -1 -1 -1.000000 1 0
2138 LN -1 -1 -1 -1.000000 1 1
2139 LN -1 -1 -1 -1.000000 1 1
2140 IN 2141 2150 6 0.500000 5 1
2141 IN 2142 2147 3 0.500000 4 1
2142 IN 2143 2144 8 0.500000 3 1
2143 LN -1 -1 -1 -1.000000 1 1
2144 IN 2145 2146 0 0.500000 2 1
2145 LN -1 -1 -1 -1.000000 1 1
2146 LN -1 -1 -1 -1.000000 1 1
2147 IN 2148 2149 0 0.500000 2 1
2148 LN -1 -1 -1 -1.000000 1 1
2149 LN -1 -1 -1 -1.000000 1 1
2150 IN 2151 2152 8 0.500000 4 1
2151 LN -1 -1 -1 -1.000000 1 1
2152 IN 2153 2154 0 0.500000 3 1
2153 LN -1 -1 -1 -1.000000 1 1
2154 IN 2155 2156 3 0.500000 2 1
2155 LN -1 -1 -1 -1.000000 1 0
2156 LN -1 -1 -1 -1.000000 1 1
2157 IN 2158 2159 10 0.500000 7 1
2158 LN -1 -1 -1 -1.000000 1 1
2159 IN 2160 2167 4 0.500000 6 1
2160 IN 2161 2162 8 0.500000 4 1
2161 LN -1 -1 -1 -1.000000 1 1
2162 IN 2163 2164 0 0.500000 3 0
2163 LN -1 -1 -1 -1.000000 1 0
2164 IN 2165 2166 12 0.500000 2 1
2165 LN -1 -1 -1 -1.000000 1 0
2166 LN -1 -1 -1 -1.000000 1 1
2167 IN 2168 2175 3 0.500000 5 0
2168 IN 2169 2170 8 0.500000 4 0
2169 LN -1 -1 -1 -1.000000 1 1
2170 IN 2171 2172 0 0.500000 3 0
2171 LN -1 -1 -1 -1.000000 1 0
2172 IN 2173 2174 12 0.500000 2 0
2173 LN -1 -1 -1 -1.000000 1 0
2174 LN -1 -1 -1 -1.000000 1 0
2175 IN 2176 2177 8 0.500000 2 1
2176 LN -1 -1 -1 -1.000000 1 1
2177 LN -1 -1 -1 -1.000000 1 0
2178 IN 2179 2520 13 0.500000 12 1
2179 IN 2180 2429 6 0.500000 10 1
2180 IN 2181 2286 8 0.500000 9 1
2181 IN 2182 2237 4 0.500000 8 1
2182 IN 2183 2202 10 0.500000 7 1
2183 IN 2184 2193 12 0.500000 5 0
2184 IN 2185 2186 7 0.500000 4 0
2185 LN -1 -1 -1 -1.000000 1 0
2186 IN 2187 2190 0 0.500000 3 0
2187 IN 2188 2189 3 0.500000 2 0
2188 LN -1 -1 -1 -1.000000 1 0
2189 LN -1 -1 -1 -1.000000 1 0
2190 IN 2191 2192 3 0.500000 2 1
2191 LN -1 -1 -1 -1.000000 1 0
2192 LN -1 -1 -1 -1.000000 1 1
2193 IN 2194 2195 3 0.500000 4 1
2194 LN -1 -1 -1 -1.000000 1 1
2195 IN 2196 2199 0 0.500000 3 1
2196 IN 2197 2198 7 0.500000 2 1
2197 LN -1 -1 -1 -1.000000 1 1
2198 LN -1 -1 -1 -1.000000 1 1
2199 IN 2200 2201 7 0.500000 2 0
2200 LN -1 -1 -1 -1.000000 1 0
2201 LN -1 -1 -1 -1.000000 1 0
2202 IN 2203 2226 12 0.500000 6 1
2203 IN 2204 2215 3 0.500000 5 1
2204 IN 2205 2212 0 0.500000 4 1
2205 IN 2206 2209 7 0.500000 3 1
2206 IN 2207 2208 16 0.500000 2 1
2207 LN -1 -1 -1 -1.000000 1 1
2208 LN -1 -1 -1 -1.000000 1 1
2209 IN 2210 2211 16 0.500000 2 1
2210 LN -1 -1 -1 -1.000000 1 1
2211 LN -1 -1 -1 -1.000000 1 0
2212 IN 2213 2214 16 0.500000 2 1
2213 LN -1 -1 -1 -1.000000 1 1
2214 LN -1 -1 -1 -1.000000 1 1
2215 IN 2216 2219 7 0.500000 4 0
2216 IN 2217 2218 16 0.500000 2 1
2217 LN -1 -1 -1 -1.000000 1 0
2218 LN -1 -1 -1 -1.000000 1 1
2219 IN 2220 2223 0 0.500000 3 0
2220 IN 2221 2222 16 0.500000 2 0
2221 LN -1 -1 -1 -1.000000 1 0
2222 LN -1 -1 -1 -1.000000 1 1
2223 IN 2224 2225 16 0.500000 2 0
2224 LN -1 -1 -1 -1.000000 1 1
2225 LN -1 -1 -1 -1.000000 1 0
2226 IN 2227 2236 16 0.500000 5 1
2227 IN 2228 2231 7 0.500000 4 1
2228 IN 2229 2230 0 0.500000 2 1
2229 LN -1 -1 -1 -1.000000 1 1
2230 LN -1 -1 -1 -1.000000 1 0
2231 IN 2232 2233 0 0.500000 3 1
2232 LN -1 -1 -1 -1.000000 1 1
2233 IN 2234 2235 3 0.500000 2 1
2234 LN -1 -1 -1 -1.000000 1 1
2235 LN -1 -1 -1 -1.000000 1 0
2236 LN -1 -1 -1 -1.000000 1 0
2237 IN 2238 2267 12 0.500000 7 1
2238 IN 2239 2254 3 0.500000 6 1
2239 IN 2240 2249 16 0.500000 5 1
2240 IN 2241 2242 7 0.500000 4 1
2241 LN -1 -1 -1 -1.000000 1 0
2242 IN 2243 2246 10 0.500000 3 1
2243 IN 2244 2245 0 0.500000 2 1
2244 LN -1 -1 -1 -1.000000 1 1
2245 LN -1 -1 -1 -1.000000 1 1
2246 IN 2247 2248 0 0.500000 2 1
2247 LN -1 -1 -1 -1.000000 1 1
2248 LN -1 -1 -1 -1.000000 1 0
2249 IN 2250 2251 7 0.500000 3 1
2250 LN -1 -1 -1 -1.000000 1 1
2251 IN 2252 2253 0 0.500000 2 0
2252 LN -1 -1 -1 -1.000000 1 0
2253 LN -1 -1 -1 -1.000000 1 0
2254 IN 2255 2264 0 0.500000 5 0
2255 IN 2256 2259 7 0.500000 4 0
2256 IN 2257 2258 16 0.500000 2 0
2257 LN -1 -1 -1 -1.000000 1 0
2258 LN -1 -1 -1 -1.000000 1 1
2259 IN 2260 2261 10 0.500000 3 0
2260 LN -1 -1 -1 -1.000000 1 0
2261 IN 2262 2263 16 0.500000 2 0
2262 LN -1 -1 -1 -1.000000 1 0
2263 LN -1 -1 -1 -1.000000 1 0
2264 IN 2265 2266 10 0.500000 2 0
2265 LN -1 -1 -1 -1.000000 1 1
2266 LN -1 -1 -1 -1.000000 1 0
2267 IN 2268 2273 7 0.500000 6 1
2268 IN 2269 2272 0 0.500000 3 1
2269 IN 2270 2271 16 0.500000 2 1
2270 LN -1 -1 -1 -1.000000 1 1
2271 LN -1 -1 -1 -1.000000 1 0
2272 LN -1 -1 -1 -1.000000 1 1
2273 IN 2274 2281 0 0.500000 5 1
2274 IN 2275 2280 16 0.500000 4 1
2275 IN 2276 2277 3 0.500000 3 1
2276 LN -1 -1 -1 -1.000000 1 0
2277 IN 2278 2279 10 0.500000 2 1
2278 LN -1 -1 -1 -1.000000 1 1
2279 LN -1 -1 -1 -1.000000 1 1
2280 LN -1 -1 -1 -1.000000 1 1
2281 IN 2282 2285 10 0.500000 3 1
2282 IN 2283 2284 3 0.500000 2 0
2283 LN -1 -1 -1 -1.000000 1 0
2284 LN -1 -1 -1 -1.000000 1 1
2285 LN -1 -1 -1 -1.000000 1 1
2286 IN 2287 2346 0 0.500000 8 1
2287 IN 2288 2331 16 0.500000 7 1
2288 IN 2289 2308 10 0.500000 6 1
2289 IN 2290 2297 7 0.500000 5 1
2290 IN 2291 2294 3 0.500000 3 1
2291 IN 2292 2293 12 0.500000 2 1
2292 LN -1 -1 -1 -1.000000 1 0
2293 LN -1 -1 -1 -1.000000 1 1
2294 IN 2295 2296 12 0.500000 2 1
2295 LN -1 -1 -1 -1.000000 1 1
2296 LN -1 -1 -1 -1.000000 1 1
2297 IN 2298 2303 3 0.500000 4 1
2298 IN 2299 2302 12 0.500000 3 0
2299 IN 2300 2301 4 0.500000 2 0
2300 LN -1 -1 -1 -1.000000 1 0
2301 LN -1 -1 -1 -1.000000 1 0
2302 LN -1 -1 -1 -1.000000 1 1
2303 IN 2304 2305 12 0.500000 3 1
2304 LN -1 -1 -1 -1.000000 1 1
2305 IN 2306 2307 4 0.500000 2 1
2306 LN -1 -1 -1 -1.000000 1 1
2307 LN -1 -1 -1 -1.000000 1 1
2308 IN 2309 2322 12 0.500000 5 1
2309 IN 2310 2315 3 0.500000 4 0
2310 IN 2311 2314 4 0.500000 3 0
2311 IN 2312 2313 7 0.500000 2 0
2312 LN -1 -1 -1 -1.000000 1 0
2313 LN -1 -1 -1 -1.000000 1 0
2314 LN -1 -1 -1 -1.000000 1 1
2315 IN 2316 2319 4 0.500000 3 1
2316 IN 2317 2318 7 0.500000 2 1
2317 LN -1 -1 -1 -1.000000 1 0
2318 LN -1 -1 -1 -1.000000 1 1
2319 IN 2320 2321 7 0.500000 2 0
2320 LN -1 -1 -1 -1.000000 1 0
2321 LN -1 -1 -1 -1.000000 1 0
2322 IN 2323 2330 4 0.500000 4 1
2323 IN 2324 2327 7 0.500000 3 1
2324 IN 2325 2326 3 0.500000 2 1
2325 LN -1 -1 -1 -1.000000 1 0
2326 LN -1 -1 -1 -1.000000 1 1
2327 IN 2328 2329 3 0.500000 2 1
2328 LN -1 -1 -1 -1.000000 1 1
2329 LN -1 -1 -1 -1.000000 1 1
2330 LN -1 -1 -1 -1.000000 1 1
2331 IN 2332 2335 3 0.500000 6 1
2332 IN 2333 2334 10 0.500000 2 0
2333 LN -1 -1 -1 -1.000000 1 1
2334 LN -1 -1 -1 -1.000000 1 0
2335 IN 2336 2337 7 0.500000 5 1
2336 LN -1 -1 -1 -1.000000 1 1
2337 IN 2338 2339 10 0.500000 4 1
2338 LN -1 -1 -1 -1.000000 1 1
2339 IN 2340 2343 4 0.500000 3 1
2340 IN 2341 2342 12 0.500000 2 1
2341 LN -1 -1 -1 -1.000000 1 0
2342 LN -1 -1 -1 -1.000000 1 1
2343 IN 2344 2345 12 0.500000 2 0
2344 LN -1 -1 -1 -1.000000 1 0
2345 LN -1 -1 -1 -1.000000 1 1
2346 IN 2347 2382 10 0.500000 7 1
2347 IN 2348 2369 12 0.500000 6 1
2348 IN 2349 2356 7 0.500000 5 1
2349 IN 2350 2355 16 0.500000 4 0
2350 IN 2351 2354 3 0.500000 3 0
2351 IN 2352 2353 4 0.500000 2 0
2352 LN -1 -1 -1 -1.000000 1 0
2353 LN -1 -1 -1 -1.000000 1 0
2354 LN -1 -1 -1 -1.000000 1 1
2355 LN -1 -1 -1 -1.000000 1 1
2356 IN 2357 2364 3 0.500000 4 1
2357 IN 2358 2361 16 0.500000 3 1
2358 IN 2359 2360 4 0.500000 2 1
2359 LN -1 -1 -1 -1.000000 1 1
2360 LN -1 -1 -1 -1.000000 1 1
2361 IN 2362 2363 4 0.500000 2 0
2362 LN -1 -1 -1 -1.000000 1 1
2363 LN -1 -1 -1 -1.000000 1 0
2364 IN 2365 2368 16 0.500000 3 1
2365 IN 2366 2367 4 0.500000 2 1
2366 LN -1 -1 -1 -1.000000 1 1
2367 LN -1 -1 -1 -1.000000 1 1
2368 LN -1 -1 -1 -1.000000 1 1
2369 IN 2370 2379 4 0.500000 5 1
2370 IN 2371 2374 3 0.500000 4 1
2371 IN 2372 2373 7 0.500000 2 1
2372 LN -1 -1 -1 -1.000000 1 0
2373 LN -1 -1 -1 -1.000000 1 1
2374 IN 2375 2376 7 0.500000 3 1
2375 LN -1 -1 -1 -1.000000 1 1
2376 IN 2377 2378 16 0.500000 2 1
2377 LN -1 -1 -1 -1.000000 1 1
2378 LN -1 -1 -1 -1.000000 1 1
2379 IN 2380 2381 3 0.500000 2 1
2380 LN -1 -1 -1 -1.000000 1 1
2381 LN -1 -1 -1 -1.000000 1 1
2382 IN 2383 2412 3 0.500000 6 1
2383 IN 2384 2399 4 0.500000 5 1
2384 IN 2385 2392 12 0.500000 4 1
2385 IN 2386 2389 16 0.500000 3 0
2386 IN 2387 2388 7 0.500000 2 0
2387 LN -1 -1 -1 -1.000000 1 0
2388 LN -1 -1 -1 -1.000000 1 0
2389 IN 2390 2391 7 0.500000 2 1
2390 LN -1 -1 -1 -1.000000 1 1
2391 LN -1 -1 -1 -1.000000 1 1
2392 IN 2393 2396 16 0.500000 3 1
2393 IN 2394 2395 7 0.500000 2 1
2394 LN -1 -1 -1 -1.000000 1 1
2395 LN -1 -1 -1 -1.000000 1 1
2396 IN 2397 2398 7 0.500000 2 1
2397 LN -1 -1 -1 -1.000000 1 1
2398 LN -1 -1 -1 -1.000000 1 0
2399 IN 2400 2407 16 0.500000 4 1
2400 IN 2401 2404 12 0.500000 3 1
2401 IN 2402 2403 7 0.500000 2 1
2402 LN -1 -1 -1 -1.000000 1 1
2403 LN -1 -1 -1 -1.000000 1 1
2404 IN 2405 2406 7 0.500000 2 1
2405 LN -1 -1 -1 -1.000000 1 1
2406 LN -1 -1 -1 -1.000000 1 1
2407 IN 2408 2411 12 0.500000 3 1
2408 IN 2409 2410 7 0.500000 2 0
2409 LN -1 -1 -1 -1.000000 1 0
2410 LN -1 -1 -1 -1.000000 1 0
2411 LN -1 -1 -1 -1.000000 1 1
2412 IN 2413 2414 7 0.500000 5 1
2413 LN -1 -1 -1 -1.000000 1 1
2414 IN 2415 2422 16 0.500000 4 1
2415 IN 2416 2419 4 0.500000 3 1
2416 IN 2417 2418 12 0.500000 2 1
2417 LN -1 -1 -1 -1.000000 1 1
2418 LN -1 -1 -1 -1.000000 1 1
2419 IN 2420 2421 12 0.500000 2 1
2420 LN -1 -1 -1 -1.000000 1 1
2421 LN -1 -1 -1 -1.000000 1 1
2422 IN 2423 2426 12 0.500000 3 1
2423 IN 2424 2425 4 0.500000 2 1
2424 LN -1 -1 -1 -1.000000 1 1
2425 LN -1 -1 -1 -1.000000 1 1
2426 IN 2427 2428 4 0.500000 2 1
2427 LN -1 -1 -1 -1.000000 1 1
2428 LN -1 -1 -1 -1.000000 1 1
2429 IN 2430 2489 16 0.500000 8 1
2430 IN 2431 2456 0 0.500000 7 1
2431 IN 2432 2443 10 0.500000 6 1
2432 IN 2433 2442 4 0.500000 5 1
2433 IN 2434 2437 8 0.500000 4 1
2434 IN 2435 2436 12 0.500000 2 1
2435 LN -1 -1 -1 -1.000000 1 1
2436 LN -1 -1 -1 -1.000000 1 1
2437 IN 2438 2439 3 0.500000 3 0
2438 LN -1 -1 -1 -1.000000 1 0
2439 IN 2440 2441 12 0.500000 2 1
2440 LN -1 -1 -1 -1.000000 1 1
2441 LN -1 -1 -1 -1.000000 1 0
2442 LN -1 -1 -1 -1.000000 1 1
2443 IN 2444 2445 3 0.500000 5 1
2444 LN -1 -1 -1 -1.000000 1 1
2445 IN 2446 2453 4 0.500000 4 1
2446 IN 2447 2450 12 0.500000 3 1
2447 IN 2448 2449 8 0.500000 2 1
2448 LN -1 -1 -1 -1.000000 1 0
2449 LN -1 -1 -1 -1.000000 1 1
2450 IN 2451 2452 8 0.500000 2 1
2451 LN -1 -1 -1 -1.000000 1 1
2452 LN -1 -1 -1 -1.000000 1 1
2453 IN 2454 2455 8 0.500000 2 1
2454 LN -1 -1 -1 -1.000000 1 0
2455 LN -1 -1 -1 -1.000000 1 1
2456 IN 2457 2464 8 0.500000 6 1
2457 IN 2458 2459 3 0.500000 4 0
2458 LN -1 -1 -1 -1.000000 1 0
2459 IN 2460 2463 10 0.500000 3 1
2460 IN 2461 2462 12 0.500000 2 0
2461 LN -1 -1 -1 -1.000000 1 1
2462 LN -1 -1 -1 -1.000000 1 0
2463 LN -1 -1 -1 -1.000000 1 1
2464 IN 2465 2476 4 0.500000 5 1
2465 IN 2466 2471 12 0.500000 4 1
2466 IN 2467 2470 10 0.500000 3 1
2467 IN 2468 2469 3 0.500000 2 0
2468 LN -1 -1 -1 -1.000000 1 0
2469 LN -1 -1 -1 -1.000000 1 1
2470 LN -1 -1 -1 -1.000000 1 1
2471 IN 2472 2473 10 0.500000 3 1
2472 LN -1 -1 -1 -1.000000 1 1
2473 IN 2474 2475 3 0.500000 2 0
2474 LN -1 -1 -1 -1.000000 1 0
2475 LN -1 -1 -1 -1.000000 1 0
2476 IN 2477 2482 12 0.500000 4 1
2477 IN 2478 2479 10 0.500000 3 1
2478 LN -1 -1 -1 -1.000000 1 1
2479 IN 2480 2481 3 0.500000 2 1
2480 LN -1 -1 -1 -1.000000 1 1
2481 LN -1 -1 -1 -1.000000 1 1
2482 IN 2483 2486 3 0.500000 3 1
2483 IN 2484 2485 10 0.500000 2 0
2484 LN -1 -1 -1 -1.000000 1 0
2485 LN -1 -1 -1 -1.000000 1 1
2486 IN 2487 2488 10 0.500000 2 1
2487 LN -1 -1 -1 -1.000000 1 1
2488 LN -1 -1 -1 -1.000000 1 1
2489 IN 2490 2509 4 0.500000 7 1
2490 IN 2491 2498 8 0.500000 6 1
2491 IN 2492 2495 12 0.500000 3 0
2492 IN 2493 2494 0 0.500000 2 1
2493 LN -1 -1 -1 -1.000000 1 0
2494 LN -1 -1 -1 -1.000000 1 1
2495 IN 2496 2497 0 0.500000 2 0
2496 LN -1 -1 -1 -1.000000 1 0
2497 LN -1 -1 -1 -1.000000 1 0
2498 IN 2499 2500 10 0.500000 5 1
2499 LN -1 -1 -1 -1.000000 1 1
2500 IN 2501 2506 12 0.500000 4 1
2501 IN 2502 2505 0 0.500000 3 1
2502 IN 2503 2504 3 0.500000 2 1
2503 LN -1 -1 -1 -1.000000 1 0
2504 LN -1 -1 -1 -1.000000 1 1
2505 LN -1 -1 -1 -1.000000 1 0
2506 IN 2507 2508 3 0.500000 2 1
2507 LN -1 -1 -1 -1.000000 1 0
2508 LN -1 -1 -1 -1.000000 1 1
2509 IN 2510 2511 8 0.500000 5 1
2510 LN -1 -1 -1 -1.000000 1 1
2511 IN 2512 2513 10 0.500000 4 1
2512 LN -1 -1 -1 -1.000000 1 0
2513 IN 2514 2517 0 0.500000 3 1
2514 IN 2515 2516 12 0.500000 2 1
2515 LN -1 -1 -1 -1.000000 1 0
2516 LN -1 -1 -1 -1.000000 1 1
2517 IN 2518 2519 12 0.500000 2 1
2518 LN -1 -1 -1 -1.000000 1 1
2519 LN -1 -1 -1 -1.000000 1 1
2520 IN 2521 2736 8 0.500000 11 1
2521 IN 2522 2631 4 0.500000 10 1
2522 IN 2523 2584 16 0.500000 8 1
2523 IN 2524 2551 0 0.500000 7 1
2524 IN 2525 2534 7 0.500000 6 0
2525 IN 2526 2529 3 0.500000 4 0
2526 IN 2527 2528 12 0.500000 2 1
2527 LN -1 -1 -1 -1.000000 1 0
2528 LN -1 -1 -1 -1.000000 1 1
2529 IN 2530 2533 10 0.500000 3 0
2530 IN 2531 2532 12 0.500000 2 0
2531 LN -1 -1 -1 -1.000000 1 0
2532 LN -1 -1 -1 -1.000000 1 0
2533 LN -1 -1 -1 -1.000000 1 0
2534 IN 2535 2546 6 0.500000 5 0
2535 IN 2536 2539 10 0.500000 4 0
2536 IN 2537 2538 3 0.500000 2 0
2537 LN -1 -1 -1 -1.000000 1 0
2538 LN -1 -1 -1 -1.000000 1 0
2539 IN 2540 2543 12 0.500000 3 0
2540 IN 2541 2542 3 0.500000 2 0
2541 LN -1 -1 -1 -1.000000 1 0
2542 LN -1 -1 -1 -1.000000 1 1
2543 IN 2544 2545 3 0.500000 2 0
2544 LN -1 -1 -1 -1.000000 1 0
2545 LN -1 -1 -1 -1.000000 1 0
2546 IN 2547 2550 10 0.500000 3 1
2547 IN 2548 2549 12 0.500000 2 1
2548 LN -1 -1 -1 -1.000000 1 1
2549 LN -1 -1 -1 -1.000000 1 0
2550 LN -1 -1 -1 -1.000000 1 1
2551 IN 2552 2569 3 0.500000 6 1
2552 IN 2553 2558 7 0.500000 5 1
2553 IN 2554 2557 12 0.500000 3 1
2554 IN 2555 2556 10 0.500000 2 0
2555 LN -1 -1 -1 -1.000000 1 0
2556 LN -1 -1 -1 -1.000000 1 0
2557 LN -1 -1 -1 -1.000000 1 1
2558 IN 2559 2564 10 0.500000 4 1
2559 IN 2560 2561 12 0.500000 3 1
2560 LN -1 -1 -1 -1.000000 1 0
2561 IN 2562 2563 6 0.500000 2 1
2562 LN -1 -1 -1 -1.000000 1 1
2563 LN -1 -1 -1 -1.000000 1 0
2564 IN 2565 2568 6 0.500000 3 1
2565 IN 2566 2567 12 0.500000 2 1
2566 LN -1 -1 -1 -1.000000 1 1
2567 LN -1 -1 -1 -1.000000 1 0
2568 LN -1 -1 -1 -1.000000 1 1
2569 IN 2570 2577 10 0.500000 4 1
2570 IN 2571 2574 6 0.500000 3 1
2571 IN 2572 2573 12 0.500000 2 1
2572 LN -1 -1 -1 -1.000000 1 0
2573 LN -1 -1 -1 -1.000000 1 1
2574 IN 2575 2576 12 0.500000 2 1
2575 LN -1 -1 -1 -1.000000 1 1
2576 LN -1 -1 -1 -1.000000 1 1
2577 IN 2578 2581 12 0.500000 3 1
2578 IN 2579 2580 6 0.500000 2 0
2579 LN -1 -1 -1 -1.000000 1 1
2580 LN -1 -1 -1 -1.000000 1 0
2581 IN 2582 2583 6 0.500000 2 1
2582 LN -1 -1 -1 -1.000000 1 1
2583 LN -1 -1 -1 -1.000000 1 0
2584 IN 2585 2606 0 0.500000 7 1
2585 IN 2586 2601 6 0.500000 6 1
2586 IN 2587 2592 10 0.500000 5 1
2587 IN 2588 2591 12 0.500000 3 1
2588 IN 2589 2590 3 0.500000 2 1
2589 LN -1 -1 -1 -1.000000 1 1
2590 LN -1 -1 -1 -1.000000 1 0
2591 LN -1 -1 -1 -1.000000 1 1
2592 IN 2593 2600 12 0.500000 4 0
2593 IN 2594 2597 3 0.500000 3 0
2594 IN 2595 2596 7 0.500000 2 0
2595 LN -1 -1 -1 -1.000000 1 0
2596 LN -1 -1 -1 -1.000000 1 0
2597 IN 2598 2599 7 0.500000 2 0
2598 LN -1 -1 -1 -1.000000 1 0
2599 LN -1 -1 -1 -1.000000 1 0
2600 LN -1 -1 -1 -1.000000 1 1
2601 IN 2602 2603 10 0.500000 3 1
2602 LN -1 -1 -1 -1.000000 1 1
2603 IN 2604 2605 12 0.500000 2 1
2604 LN -1 -1 -1 -1.000000 1 1
2605 LN -1 -1 -1 -1.000000 1 1
2606 IN 2607 2622 12 0.500000 6 1
2607 IN 2608 2613 3 0.500000 5 1
2608 IN 2609 2610 7 0.500000 3 1
2609 LN -1 -1 -1 -1.000000 1 1
2610 IN 2611 2612 10 0.500000 2 1
2611 LN -1 -1 -1 -1.000000 1 0
2612 LN -1 -1 -1 -1.000000 1 1
2613 IN 2614 2615 7 0.500000 4 1
2614 LN -1 -1 -1 -1.000000 1 1
2615 IN 2616 2619 6 0.500000 3 1
2616 IN 2617 2618 10 0.500000 2 0
2617 LN -1 -1 -1 -1.000000 1 0
2618 LN -1 -1 -1 -1.000000 1 0
2619 IN 2620 2621 10 0.500000 2 1
2620 LN -1 -1 -1 -1.000000 1 1
2621 LN -1 -1 -1 -1.000000 1 1
2622 IN 2623 2624 7 0.500000 5 1
2623 LN -1 -1 -1 -1.000000 1 1
2624 IN 2625 2626 10 0.500000 4 1
2625 LN -1 -1 -1 -1.000000 1 1
2626 IN 2627 2628 3 0.500000 3 1
2627 LN -1 -1 -1 -1.000000 1 1
2628 IN 2629 2630 6 0.500000 2 1
2629 LN -1 -1 -1 -1.000000 1 1
2630 LN -1 -1 -1 -1.000000 1 0
2631 IN 2632 2709 6 0.500000 9 1
2632 IN 2633 2662 10 0.500000 8 1
2633 IN 2634 2647 3 0.500000 7 1
2634 IN 2635 2642 12 0.500000 5 1
2635 IN 2636 2637 7 0.500000 4 0
2636 LN -1 -1 -1 -1.000000 1 0
2637 IN 2638 2639 0 0.500000 3 1
2638 LN -1 -1 -1 -1.000000 1 0
2639 IN 2640 2641 16 0.500000 2 1
2640 LN -1 -1 -1 -1.000000 1 1
2641 LN -1 -1 -1 -1.000000 1 0
2642 IN 2643 2646 7 0.500000 3 1
2643 IN 2644 2645 0 0.500000 2 1
2644 LN -1 -1 -1 -1.000000 1 1
2645 LN -1 -1 -1 -1.000000 1 1
2646 LN -1 -1 -1 -1.000000 1 1
2647 IN 2648 2659 16 0.500000 6 1
2648 IN 2649 2658 12 0.500000 5 1
2649 IN 2650 2651 11 0.500000 4 1
2650 LN -1 -1 -1 -1.000000 1 1
2651 IN 2652 2655 7 0.500000 3 1
2652 IN 2653 2654 0 0.500000 2 1
2653 LN -1 -1 -1 -1.000000 1 0
2654 LN -1 -1 -1 -1.000000 1 1
2655 IN 2656 2657 0 0.500000 2 0
2656 LN -1 -1 -1 -1.000000 1 0
2657 LN -1 -1 -1 -1.000000 1 1
2658 LN -1 -1 -1 -1.000000 1 0
2659 IN 2660 2661 0 0.500000 2 0
2660 LN -1 -1 -1 -1.000000 1 0
2661 LN -1 -1 -1 -1.000000 1 1
2662 IN 2663 2692 3 0.500000 6 1
2663 IN 2664 2677 16 0.500000 5 1
2664 IN 2665 2672 12 0.500000 4 1
2665 IN 2666 2669 0 0.500000 3 0
2666 IN 2667 2668 7 0.500000 2 1
2667 LN -1 -1 -1 -1.000000 1 0
2668 LN -1 -1 -1 -1.000000 1 1
2669 IN 2670 2671 7 0.500000 2 0
2670 LN -1 -1 -1 -1.000000 1 1
2671 LN -1 -1 -1 -1.000000 1 0
2672 IN 2673 2674 0 0.500000 3 1
2673 LN -1 -1 -1 -1.000000 1 1
2674 IN 2675 2676 7 0.500000 2 1
2675 LN -1 -1 -1 -1.000000 1 1
2676 LN -1 -1 -1 -1.000000 1 1
2677 IN 2678 2685 7 0.500000 4 1
2678 IN 2679 2682 0 0.500000 3 1
2679 IN 2680 2681 12 0.500000 2 1
2680 LN -1 -1 -1 -1.000000 1 0
2681 LN -1 -1 -1 -1.000000 1 1
2682 IN 2683 2684 12 0.500000 2 1
2683 LN -1 -1 -1 -1.000000 1 1
2684 LN -1 -1 -1 -1.000000 1 0
2685 IN 2686 2689 12 0.500000 3 1
2686 IN 2687 2688 0 0.500000 2 1
2687 LN -1 -1 -1 -1.000000 1 0
2688 LN -1 -1 -1 -1.000000 1 1
2689 IN 2690 2691 0 0.500000 2 1
2690 LN -1 -1 -1 -1.000000 1 1
2691 LN -1 -1 -1 -1.000000 1 1
2692 IN 2693 2702 0 0.500000 5 1
2693 IN 2694 2697 7 0.500000 4 1
2694 IN 2695 2696 12 0.500000 2 1
2695 LN -1 -1 -1 -1.000000 1 1
2696 LN -1 -1 -1 -1.000000 1 1
2697 IN 2698 2701 12 0.500000 3 1
2698 IN 2699 2700 16 0.500000 2 1
2699 LN -1 -1 -1 -1.000000 1 1
2700 LN -1 -1 -1 -1.000000 1 1
2701 LN -1 -1 -1 -1.000000 1 1
2702 IN 2703 2704 7 0.500000 4 1
2703 LN -1 -1 -1 -1.000000 1 1
2704 IN 2705 2708 12 0.500000 3 1
2705 IN 2706 2707 16 0.500000 2 1
2706 LN -1 -1 -1 -1.000000 1 1
2707 LN -1 -1 -1 -1.000000 1 1
2708 LN -1 -1 -1 -1.000000 1 1
2709 IN 2710 2721 16 0.500000 6 1
2710 IN 2711 2712 10 0.500000 5 1
2711 LN -1 -1 -1 -1.000000 1 1
2712 IN 2713 2718 12 0.500000 4 0
2713 IN 2714 2715 0 0.500000 3 1
2714 LN -1 -1 -1 -1.000000 1 0
2715 IN 2716 2717 3 0.500000 2 1
2716 LN -1 -1 -1 -1.000000 1 1
2717 LN -1 -1 -1 -1.000000 1 1
2718 IN 2719 2720 3 0.500000 2 0
2719 LN -1 -1 -1 -1.000000 1 0
2720 LN -1 -1 -1 -1.000000 1 0
2721 IN 2722 2727 3 0.500000 5 1
2722 IN 2723 2724 0 0.500000 3 1
2723 LN -1 -1 -1 -1.000000 1 1
2724 IN 2725 2726 12 0.500000 2 1
2725 LN -1 -1 -1 -1.000000 1 0
2726 LN -1 -1 -1 -1.000000 1 1
2727 IN 2728 2731 12 0.500000 4 1
2728 IN 2729 2730 10 0.500000 2 1
2729 LN -1 -1 -1 -1.000000 1 0
2730 LN -1 -1 -1 -1.000000 1 1
2731 IN 2732 2733 0 0.500000 3 1
2732 LN -1 -1 -1 -1.000000 1 0
2733 IN 2734 2735 10 0.500000 2 1
2734 LN -1 -1 -1 -1.000000 1 1
2735 LN -1 -1 -1 -1.000000 1 0
2736 IN 2737 2876 6 0.500000 9 1
2737 IN 2738 2813 12 0.500000 8 1
2738 IN 2739 2780 4 0.500000 7 1
2739 IN 2740 2759 3 0.500000 6 1
2740 IN 2741 2748 7 0.500000 5 1
2741 IN 2742 2745 10 0.500000 3 1
2742 IN 2743 2744 16 0.500000 2 1
2743 LN -1 -1 -1 -1.000000 1 1
2744 LN -1 -1 -1 -1.000000 1 1
2745 IN 2746 2747 16 0.500000 2 0
2746 LN -1 -1 -1 -1.000000 1 1
2747 LN -1 -1 -1 -1.000000 1 0
2748 IN 2749 2752 0 0.500000 4 1
2749 IN 2750 2751 10 0.500000 2 0
2750 LN -1 -1 -1 -1.000000 1 0
2751 LN -1 -1 -1 -1.000000 1 0
2752 IN 2753 2756 10 0.500000 3 1
2753 IN 2754 2755 16 0.500000 2 1
2754 LN -1 -1 -1 -1.000000 1 1
2755 LN -1 -1 -1 -1.000000 1 1
2756 IN 2757 2758 16 0.500000 2 1
2757 LN -1 -1 -1 -1.000000 1 1
2758 LN -1 -1 -1 -1.000000 1 1
2759 IN 2760 2767 7 0.500000 5 1
2760 IN 2761 2764 0 0.500000 3 1
2761 IN 2762 2763 16 0.500000 2 0
2762 LN -1 -1 -1 -1.000000 1 0
2763 LN -1 -1 -1 -1.000000 1 1
2764 IN 2765 2766 16 0.500000 2 1
2765 LN -1 -1 -1 -1.000000 1 1
2766 LN -1 -1 -1 -1.000000 1 1
2767 IN 2768 2773 10 0.500000 4 1
2768 IN 2769 2772 16 0.500000 3 0
2769 IN 2770 2771 0 0.500000 2 0
2770 LN -1 -1 -1 -1.000000 1 0
2771 LN -1 -1 -1 -1.000000 1 0
2772 LN -1 -1 -1 -1.000000 1 1
2773 IN 2774 2777 0 0.500000 3 1
2774 IN 2775 2776 16 0.500000 2 1
2775 LN -1 -1 -1 -1.000000 1 1
2776 LN -1 -1 -1 -1.000000 1 0
2777 IN 2778 2779 16 0.500000 2 1
2778 LN -1 -1 -1 -1.000000 1 1
2779 LN -1 -1 -1 -1.000000 1 1
2780 IN 2781 2794 10 0.500000 6 1
2781 IN 2782 2789 3 0.500000 4 1
2782 IN 2783 2786 16 0.500000 3 1
2783 IN 2784 2785 7 0.500000 2 1
2784 LN -1 -1 -1 -1.000000 1 1
2785 LN -1 -1 -1 -1.000000 1 1
2786 IN 2787 2788 7 0.500000 2 1
2787 LN -1 -1 -1 -1.000000 1 1
2788 LN -1 -1 -1 -1.000000 1 1
2789 IN 2790 2793 16 0.500000 3 1
2790 IN 2791 2792 0 0.500000 2 1
2791 LN -1 -1 -1 -1.000000 1 1
2792 LN -1 -1 -1 -1.000000 1 1
2793 LN -1 -1 -1 -1.000000 1 1
2794 IN 2795 2802 7 0.500000 5 1
2795 IN 2796 2799 16 0.500000 3 1
2796 IN 2797 2798 3 0.500000 2 1
2797 LN -1 -1 -1 -1.000000 1 1
2798 LN -1 -1 -1 -1.000000 1 1
2799 IN 2800 2801 3 0.500000 2 1
2800 LN -1 -1 -1 -1.000000 1 1
2801 LN -1 -1 -1 -1.000000 1 0
2802 IN 2803 2806 16 0.500000 4 1
2803 IN 2804 2805 3 0.500000 2 1
2804 LN -1 -1 -1 -1.000000 1 1
2805 LN -1 -1 -1 -1.000000 1 1
2806 IN 2807 2810 0 0.500000 3 1
2807 IN 2808 2809 3 0.500000 2 0
2808 LN -1 -1 -1 -1.000000 1 1
2809 LN -1 -1 -1 -1.000000 1 0
2810 IN 2811 2812 3 0.500000 2 1
2811 LN -1 -1 -1 -1.000000 1 1
2812 LN -1 -1 -1 -1.000000 1 1
2813 IN 2814 2849 4 0.500000 7 1
2814 IN 2815 2836 16 0.500000 6 1
2815 IN 2816 2823 7 0.500000 5 1
2816 IN 2817 2818 10 0.500000 4 1
2817 LN -1 -1 -1 -1.000000 1 1
2818 IN 2819 2820 0 0.500000 3 1
2819 LN -1 -1 -1 -1.000000 1 1
2820 IN 2821 2822 3 0.500000 2 1
2821 LN -1 -1 -1 -1.000000 1 1
2822 LN -1 -1 -1 -1.000000 1 1
2823 IN 2824 2829 0 0.500000 4 1
2824 IN 2825 2828 3 0.500000 3 1
2825 IN 2826 2827 10 0.500000 2 0
2826 LN -1 -1 -1 -1.000000 1 0
2827 LN -1 -1 -1 -1.000000 1 1
2828 LN -1 -1 -1 -1.000000 1 1
2829 IN 2830 2833 10 0.500000 3 1
2830 IN 2831 2832 3 0.500000 2 1
2831 LN -1 -1 -1 -1.000000 1 1
2832 LN -1 -1 -1 -1.000000 1 1
2833 IN 2834 2835 3 0.500000 2 1
2834 LN -1 -1 -1 -1.000000 1 1
2835 LN -1 -1 -1 -1.000000 1 1
2836 IN 2837 2838 0 0.500000 5 1
2837 LN -1 -1 -1 -1.000000 1 1
2838 IN 2839 2844 3 0.500000 4 1
2839 IN 2840 2841 10 0.500000 3 1
2840 LN -1 -1 -1 -1.000000 1 1
2841 IN 2842 2843 7 0.500000 2 1
2842 LN -1 -1 -1 -1.000000 1 1
2843 LN -1 -1 -1 -1.000000 1 1
2844 IN 2845 2846 10 0.500000 3 1
2845 LN -1 -1 -1 -1.000000 1 0
2846 IN 2847 2848 7 0.500000 2 1
2847 LN -1 -1 -1 -1.000000 1 1
2848 LN -1 -1 -1 -1.000000 1 1
2849 IN 2850 2863 3 0.500000 6 1
2850 IN 2851 2856 7 0.500000 4 1
2851 IN 2852 2853 10 0.500000 3 1
2852 LN -1 -1 -1 -1.000000 1 1
2853 IN 2854 2855 16 0.500000 2 1
2854 LN -1 -1 -1 -1.000000 1 1
2855 LN -1 -1 -1 -1.000000 1 1
2856 IN 2857 2860 10 0.500000 3 1
2857 IN 2858 2859 16 0.500000 2 1
2858 LN -1 -1 -1 -1.000000 1 1
2859 LN -1 -1 -1 -1.000000 1 1
2860 IN 2861 2862 16 0.500000 2 1
2861 LN -1 -1 -1 -1.000000 1 1
2862 LN -1 -1 -1 -1.000000 1 1
2863 IN 2864 2871 16 0.500000 5 1
2864 IN 2865 2866 0 0.500000 4 1
2865 LN -1 -1 -1 -1.000000 1 1
2866 IN 2867 2868 7 0.500000 3 1
2867 LN -1 -1 -1 -1.000000 1 1
2868 IN 2869 2870 10 0.500000 2 1
2869 LN -1 -1 -1 -1.000000 1 1
2870 LN -1 -1 -1 -1.000000 1 1
2871 IN 2872 2873 10 0.500000 3 1
2872 LN -1 -1 -1 -1.000000 1 1
2873 IN 2874 2875 7 0.500000 2 1
2874 LN -1 -1 -1 -1.000000 1 1
2875 LN -1 -1 -1 -1.000000 1 1
2876 IN 2877 2888 0 0.500000 7 1
2877 IN 2878 2881 10 0.500000 5 1
2878 IN 2879 2880 12 0.500000 2 1
2879 LN -1 -1 -1 -1.000000 1 1
2880 LN -1 -1 -1 -1.000000 1 1
2881 IN 2882 2883 3 0.500000 4 1
2882 LN -1 -1 -1 -1.000000 1 0
2883 IN 2884 2887 4 0.500000 3 1
2884 IN 2885 2886 12 0.500000 2 1
2885 LN -1 -1 -1 -1.000000 1 1
2886 LN -1 -1 -1 -1.000000 1 1
2887 LN -1 -1 -1 -1.000000 1 1
2888 IN 2889 2914 12 0.500000 6 1
2889 IN 2890 2899 10 0.500000 5 1
2890 IN 2891 2892 3 0.500000 4 1
2891 LN -1 -1 -1 -1.000000 1 1
2892 IN 2893 2896 16 0.500000 3 1
2893 IN 2894 2895 4 0.500000 2 1
2894 LN -1 -1 -1 -1.000000 1 1
2895 LN -1 -1 -1 -1.000000 1 1
2896 IN 2897 2898 4 0.500000 2 1
2897 LN -1 -1 -1 -1.000000 1 0
2898 LN -1 -1 -1 -1.000000 1 1
2899 IN 2900 2907 4 0.500000 4 1
2900 IN 2901 2904 16 0.500000 3 1
2901 IN 2902 2903 3 0.500000 2 0
2902 LN -1 -1 -1 -1.000000 1 0
2903 LN -1 -1 -1 -1.000000 1 0
2904 IN 2905 2906 3 0.500000 2 1
2905 LN -1 -1 -1 -1.000000 1 1
2906 LN -1 -1 -1 -1.000000 1 1
2907 IN 2908 2911 3 0.500000 3 1
2908 IN 2909 2910 16 0.500000 2 0
2909 LN -1 -1 -1 -1.000000 1 0
2910 LN -1 -1 -1 -1.000000 1 1
2911 IN 2912 2913 16 0.500000 2 1
2912 LN -1 -1 -1 -1.000000 1 1
2913 LN -1 -1 -1 -1.000000 1 1
2914 IN 2915 2928 16 0.500000 5 1
2915 IN 2916 2921 10 0.500000 4 1
2916 IN 2917 2918 3 0.500000 3 1
2917 LN -1 -1 -1 -1.000000 1 1
2918 IN 2919 2920 4 0.500000 2 1
2919 LN -1 -1 -1 -1.000000 1 1
2920 LN -1 -1 -1 -1.000000 1 1
2921 IN 2922 2925 4 0.500000 3 1
2922 IN 2923 2924 3 0.500000 2 1
2923 LN -1 -1 -1 -1.000000 1 0
2924 LN -1 -1 -1 -1.000000 1 1
2925 IN 2926 2927 3 0.500000 2 1
2926 LN -1 -1 -1 -1.000000 1 1
2927 LN -1 -1 -1 -1.000000 1 1
2928 IN 2929 2932 3 0.500000 4 1
2929 IN 2930 2931 4 0.500000 2 1
2930 LN -1 -1 -1 -1.000000 1 1
2931 LN -1 -1 -1 -1.000000 1 1
2932 IN 2933 2936 10 0.500000 3 1
2933 IN 2934 2935 4 0.500000 2 1
2934 LN -1 -1 -1 -1.000000 1 1
2935 LN -1 -1 -1 -1.000000 1 1
2936 IN 2937 2938 4 0.500000 2 1
2937 LN -1 -1 -1 -1.000000 1 1
2938 LN -1 -1 -1 -1.000000 1 1

[TREE 9]
NB_NODES: 2945
0 IN 1 1820 12 0.500000 17 0
1 IN 2 995 1 0.500000 16 0
2 IN 3 434 2 0.500000 15 0
3 IN 4 291 4 0.500000 13 0
4 IN 5 66 5 0.500000 12 0
5 IN 6 35 15 0.500000 9 0
6 IN 7 12 11 0.500000 8 0
7 IN 8 9 9 0.500000 3 0
8 LN -1 -1 -1 -1.000000 1 0
9 IN 10 11 8 0.500000 2 0
10 LN -1 -1 -1 -1.000000 1 0
11 LN -1 -1 -1 -1.000000 1 0
12 IN 13 30 3 0.500000 7 0
13 IN 14 23 14 0.500000 6 0
14 IN 15 22 8 0.500000 5 0
15 IN 16 21 9 0.500000 4 0
16 IN 17 20 7 0.500000 3 0
17 IN 18 19 10 0.500000 2 0
18 LN -1 -1 -1 -1.000000 1 0
19 LN -1 -1 -1 -1.000000 1 1
20 LN -1 -1 -1 -1.000000 1 0
21 LN -1 -1 -1 -1.000000 1 0
22 LN -1 -1 -1 -1.000000 1 0
23 IN 24 29 13 0.500000 4 0
24 IN 25 26 8 0.500000 3 0
25 LN -1 -1 -1 -1.000000 1 0
26 IN 27 28 10 0.500000 2 0
27 LN -1 -1 -1 -1.000000 1 1
28 LN -1 -1 -1 -1.000000 1 0
29 LN -1 -1 -1 -1.000000 1 0
30 IN 31 34 7 0.500000 3 0
31 IN 32 33 8 0.500000 2 0
32 LN -1 -1 -1 -1.000000 1 0
33 LN -1 -1 -1 -1.000000 1 1
34 LN -1 -1 -1 -1.000000 1 0
35 IN 36 65 3 0.500000 8 0
36 IN 37 64 8 0.500000 7 0
37 IN 38 51 7 0.500000 6 0
38 IN 39 44 14 0.500000 5 0
39 IN 40 43 9 0.500000 3 0
40 IN 41 42 10 0.500000 2 0
41 LN -1 -1 -1 -1.000000 1 0
42 LN -1 -1 -1 -1.000000 1 0
43 LN -1 -1 -1 -1.000000 1 0
44 IN 45 46 10 0.500000 4 0
45 LN -1 -1 -1 -1.000000 1 0
46 IN 47 48 9 0.500000 3 0
47 LN -1 -1 -1 -1.000000 1 0
48 IN 49 50 13 0.500000 2 1
49 LN -1 -1 -1 -1.000000 1 1
50 LN -1 -1 -1 -1.000000 1 1
51 IN 52 59 10 0.500000 5 0
52 IN 53 54 11 0.500000 4 0
53 LN -1 -1 -1 -1.000000 1 0
54 IN 55 56 9 0.500000 3 0
55 LN -1 -1 -1 -1.000000 1 0
56 IN 57 58 14 0.500000 2 0
57 LN -1 -1 -1 -1.000000 1 0
58 LN -1 -1 -1 -1.000000 1 0
59 IN 60 61 9 0.500000 3 0
60 LN -1 -1 -1 -1.000000 1 0
61 IN 62 63 14 0.500000 2 0
62 LN -1 -1 -1 -1.000000 1 0
63 LN -1 -1 -1 -1.000000 1 0
64 LN -1 -1 -1 -1.000000 1 0
65 LN -1 -1 -1 -1.000000 1 0
66 IN 67 160 10 0.500000 11 0
67 IN 68 109 3 0.500000 10 0
68 IN 69 70 11 0.500000 8 0
69 LN -1 -1 -1 -1.000000 1 0
70 IN 71 88 14 0.500000 7 0
71 IN 72 79 9 0.500000 6 0
72 IN 73 76 7 0.500000 3 0
73 IN 74 75 15 0.500000 2 0
74 LN -1 -1 -1 -1.000000 1 0
75 LN -1 -1 -1 -1.000000 1 0
76 IN 77 78 15 0.500000 2 0
77 LN -1 -1 -1 -1.000000 1 0
78 LN -1 -1 -1 -1.000000 1 0
79 IN 80 81 15 0.500000 5 0
80 LN -1 -1 -1 -1.000000 1 0
81 IN 82 87 6 0.500000 4 0
82 IN 83 86 7 0.500000 3 0
83 IN 84 85 8 0.500000 2 0
84 LN -1 -1 -1 -1.000000 1 0
85 LN -1 -1 -1 -1.000000 1 0
86 LN -1 -1 -1 -1.000000 1 0
87 LN -1 -1 -1 -1.000000 1 0
88 IN 89 98 13 0.500000 6 0
89 IN 90 93 7 0.500000 4 0
90 IN 91 92 9 0.500000 2 0
91 LN -1 -1 -1 -1.000000 1 0
92 LN -1 -1 -1 -1.000000 1 0
93 IN 94 95 15 0.500000 3 0
94 LN -1 -1 -1 -1.000000 1 0
95 IN 96 97 9 0.500000 2 0
96 LN -1 -1 -1 -1.000000 1 0
97 LN -1 -1 -1 -1.000000 1 0
98 IN 99 106 7 0.500000 5 0
99 IN 100 105 16 0.500000 4 0
100 IN 101 102 15 0.500000 3 0
101 LN -1 -1 -1 -1.000000 1 0
102 IN 103 104 9 0.500000 2 0
103 LN -1 -1 -1 -1.000000 1 0
104 LN -1 -1 -1 -1.000000 1 0
105 LN -1 -1 -1 -1.000000 1 0
106 IN 107 108 15 0.500000 2 0
107 LN -1 -1 -1 -1.000000 1 1
108 LN -1 -1 -1 -1.000000 1 0
109 IN 110 127 15 0.500000 9 0
110 IN 111 126 13 0.500000 8 0
111 IN 112 113 7 0.500000 7 0
112 LN -1 -1 -1 -1.000000 1 0
113 IN 114 115 11 0.500000 6 0
114 LN -1 -1 -1 -1.000000 1 0
115 IN 116 125 14 0.500000 5 0
116 IN 117 122 8 0.500000 4 0
117 IN 118 119 9 0.500000 3 0
118 LN -1 -1 -1 -1.000000 1 0
119 IN 120 121 6 0.500000 2 0
120 LN -1 -1 -1 -1.000000 1 0
121 LN -1 -1 -1 -1.000000 1 0
122 IN 123 124 6 0.500000 2 0
123 LN -1 -1 -1 -1.000000 1 0
124 LN -1 -1 -1 -1.000000 1 0
125 LN -1 -1 -1 -1.000000 1 0
126 LN -1 -1 -1 -1.000000 1 0
127 IN 128 159 8 0.500000 8 0
128 IN 129 156 16 0.500000 7 0
129 IN 130 141 9 0.500000 6 0
130 IN 131 140 6 0.500000 5 0
131 IN 132 139 13 0.500000 4 0
132 IN 133 136 14 0.500000 3 0
133 IN 134 135 7 0.500000 2 0
134 LN -1 -1 -1 -1.000000 1 0
135 LN -1 -1 -1 -1.000000 1 0
136 IN 137 138 7 0.500000 2 0
137 LN -1 -1 -1 -1.000000 1 0
138 LN -1 -1 -1 -1.000000 1 0
139 LN -1 -1 -1 -1.000000 1 0
140 LN -1 -1 -1 -1.000000 1 0
141 IN 142 147 14 0.500000 5 0
142 IN 143 146 6 0.500000 3 0
143 IN 144 145 7 0.500000 2 0
144 LN -1 -1 -1 -1.000000 1 0
145 LN -1 -1 -1 -1.000000 1 0
146 LN -1 -1 -1 -1.000000 1 0
147 IN 148 151 7 0.500000 4 0
148 IN 149 150 13 0.500000 2 1
149 LN -1 -1 -1 -1.000000 1 0
150 LN -1 -1 -1 -1.000000 1 1
151 IN 152 155 13 0.500000 3 0
152 IN 153 154 6 0.500000 2 0
153 LN -1 -1 -1 -1.000000 1 0
154 LN -1 -1 -1 -1.000000 1 0
155 LN -1 -1 -1 -1.000000 1 0
156 IN 157 158 13 0.500000 2 1
157 LN -1 -1 -1 -1.000000 1 0
158 LN -1 -1 -1 -1.000000 1 1
159 LN -1 -1 -1 -1.000000 1 0
160 IN 161 206 15 0.500000 10 0
161 IN 162 205 16 0.500000 8 0
162 IN 163 176 7 0.500000 7 0
163 IN 164 171 3 0.500000 4 0
164 IN 165 168 9 0.500000 3 0
165 IN 166 167 14 0.500000 2 0
166 LN -1 -1 -1 -1.000000 1 0
167 LN -1 -1 -1 -1.000000 1 0
168 IN 169 170 8 0.500000 2 0
169 LN -1 -1 -1 -1.000000 1 0
170 LN -1 -1 -1 -1.000000 1 0
171 IN 172 173 9 0.500000 3 0
172 LN -1 -1 -1 -1.000000 1 0
173 IN 174 175 14 0.500000 2 0
174 LN -1 -1 -1 -1.000000 1 0
175 LN -1 -1 -1 -1.000000 1 0
176 IN 177 196 14 0.500000 6 0
177 IN 178 189 6 0.500000 5 0
178 IN 179 186 8 0.500000 4 0
179 IN 180 183 3 0.500000 3 0
180 IN 181 182 9 0.500000 2 0
181 LN -1 -1 -1 -1.000000 1 0
182 LN -1 -1 -1 -1.000000 1 0
183 IN 184 185 9 0.500000 2 0
184 LN -1 -1 -1 -1.000000 1 0
185 LN -1 -1 -1 -1.000000 1 0
186 IN 187 188 3 0.500000 2 0
187 LN -1 -1 -1 -1.000000 1 0
188 LN -1 -1 -1 -1.000000 1 0
189 IN 190 191 3 0.500000 4 0
190 LN -1 -1 -1 -1.000000 1 0
191 IN 192 193 9 0.500000 3 0
192 LN -1 -1 -1 -1.000000 1 1
193 IN 194 195 8 0.500000 2 0
194 LN -1 -1 -1 -1.000000 1 0
195 LN -1 -1 -1 -1.000000 1 0
196 IN 197 198 3 0.500000 5 0
197 LN -1 -1 -1 -1.000000 1 0
198 IN 199 204 8 0.500000 4 0
199 IN 200 203 6 0.500000 3 0
200 IN 201 202 9 0.500000 2 0
201 LN -1 -1 -1 -1.000000 1 1
202 LN -1 -1 -1 -1.000000 1 0
203 LN -1 -1 -1 -1.000000 1 1
204 LN -1 -1 -1 -1.000000 1 0
205 LN -1 -1 -1 -1.000000 1 0
206 IN 207 282 6 0.500000 9 0
207 IN 208 245 3 0.500000 8 0
208 IN 209 230 7 0.500000 7 0
209 IN 210 221 16 0.500000 5 0
210 IN 211 216 14 0.500000 4 0
211 IN 212 215 8 0.500000 3 0
212 IN 213 214 9 0.500000 2 0
213 LN -1 -1 -1 -1.000000 1 0
214 LN -1 -1 -1 -1.000000 1 0
215 LN -1 -1 -1 -1.000000 1 0
216 IN 217 220 9 0.500000 3 0
217 IN 218 219 13 0.500000 2 0
218 LN -1 -1 -1 -1.000000 1 1
219 LN -1 -1 -1 -1.000000 1 0
220 LN -1 -1 -1 -1.000000 1 0
221 IN 222 227 9 0.500000 4 0
222 IN 223 224 14 0.500000 3 0
223 LN -1 -1 -1 -1.000000 1 0
224 IN 225 226 13 0.500000 2 1
225 LN -1 -1 -1 -1.000000 1 1
226 LN -1 -1 -1 -1.000000 1 0
227 IN 228 229 13 0.500000 2 0
228 LN -1 -1 -1 -1.000000 1 0
229 LN -1 -1 -1 -1.000000 1 0
230 IN 231 242 8 0.500000 6 0
231 IN 232 241 16 0.500000 5 0
232 IN 233 240 13 0.500000 4 0
233 IN 234 237 14 0.500000 3 0
234 IN 235 236 9 0.500000 2 0
235 LN -1 -1 -1 -1.000000 1 0
236 LN -1 -1 -1 -1.000000 1 0
237 IN 238 239 9 0.500000 2 0
238 LN -1 -1 -1 -1.000000 1 0
239 LN -1 -1 -1 -1.000000 1 0
240 LN -1 -1 -1 -1.000000 1 0
241 LN -1 -1 -1 -1.000000 1 1
242 IN 243 244 14 0.500000 2 0
243 LN -1 -1 -1 -1.000000 1 0
244 LN -1 -1 -1 -1.000000 1 0
245 IN 246 263 7 0.500000 7 0
246 IN 247 262 8 0.500000 6 0
247 IN 248 251 14 0.500000 5 0
248 IN 249 250 9 0.500000 2 0
249 LN -1 -1 -1 -1.000000 1 0
250 LN -1 -1 -1 -1.000000 1 1
251 IN 252 257 9 0.500000 4 0
252 IN 253 256 13 0.500000 3 0
253 IN 254 255 16 0.500000 2 0
254 LN -1 -1 -1 -1.000000 1 0
255 LN -1 -1 -1 -1.000000 1 0
256 LN -1 -1 -1 -1.000000 1 1
257 IN 258 261 16 0.500000 3 0
258 IN 259 260 13 0.500000 2 0
259 LN -1 -1 -1 -1.000000 1 0
260 LN -1 -1 -1 -1.000000 1 0
261 LN -1 -1 -1 -1.000000 1 0
262 LN -1 -1 -1 -1.000000 1 1
263 IN 264 269 14 0.500000 5 0
264 IN 265 268 8 0.500000 3 0
265 IN 266 267 9 0.500000 2 0
266 LN -1 -1 -1 -1.000000 1 0
267 LN -1 -1 -1 -1.000000 1 0
268 LN -1 -1 -1 -1.000000 1 0
269 IN 270 275 9 0.500000 4 0
270 IN 271 274 13 0.500000 3 0
271 IN 272 273 16 0.500000 2 0
272 LN -1 -1 -1 -1.000000 1 0
273 LN -1 -1 -1 -1.000000 1 1
274 LN -1 -1 -1 -1.000000 1 0
275 IN 276 279 13 0.500000 3 0
276 IN 277 278 16 0.500000 2 0
277 LN -1 -1 -1 -1.000000 1 0
278 LN -1 -1 -1 -1.000000 1 1
279 IN 280 281 16 0.500000 2 0
280 LN -1 -1 -1 -1.000000 1 0
281 LN -1 -1 -1 -1.000000 1 1
282 IN 283 284 9 0.500000 5 0
283 LN -1 -1 -1 -1.000000 1 0
284 IN 285 290 8 0.500000 4 0
285 IN 286 287 3 0.500000 3 0
286 LN -1 -1 -1 -1.000000 1 0
287 IN 288 289 14 0.500000 2 0
288 LN -1 -1 -1 -1.000000 1 0
289 LN -1 -1 -1 -1.000000 1 0
290 LN -1 -1 -1 -1.000000 1 0
291 IN 292 341 10 0.500000 11 0
292 IN 293 296 11 0.500000 10 0
293 IN 294 295 9 0.500000 2 1
294 LN -1 -1 -1 -1.000000 1 0
295 LN -1 -1 -1 -1.000000 1 1
296 IN 297 324 9 0.500000 9 0
297 IN 298 323 16 0.500000 8 0
298 IN 299 322 6 0.500000 7 0
299 IN 300 317 13 0.500000 6 0
300 IN 301 312 14 0.500000 5 0
301 IN 302 307 7 0.500000 4 0
302 IN 303 304 15 0.500000 3 0
303 LN -1 -1 -1 -1.000000 1 0
304 IN 305 306 3 0.500000 2 0
305 LN -1 -1 -1 -1.000000 1 0
306 LN -1 -1 -1 -1.000000 1 0
307 IN 308 309 15 0.500000 3 0
308 LN -1 -1 -1 -1.000000 1 0
309 IN 310 311 3 0.500000 2 0
310 LN -1 -1 -1 -1.000000 1 0
311 LN -1 -1 -1 -1.000000 1 1
312 IN 313 316 3 0.500000 3 0
313 IN 314 315 7 0.500000 2 0
314 LN -1 -1 -1 -1.000000 1 0
315 LN -1 -1 -1 -1.000000 1 1
316 LN -1 -1 -1 -1.000000 1 0
317 IN 318 319 3 0.500000 3 1
318 LN -1 -1 -1 -1.000000 1 1
319 IN 320 321 7 0.500000 2 0
320 LN -1 -1 -1 -1.000000 1 0
321 LN -1 -1 -1 -1.000000 1 1
322 LN -1 -1 -1 -1.000000 1 0
323 LN -1 -1 -1 -1.000000 1 1
324 IN 325 340 14 0.500000 6 0
325 IN 326 335 6 0.500000 5 0
326 IN 327 332 15 0.500000 4 0
327 IN 328 331 7 0.500000 3 1
328 IN 329 330 3 0.500000 2 0
329 LN -1 -1 -1 -1.000000 1 0
330 LN -1 -1 -1 -1.000000 1 0
331 LN -1 -1 -1 -1.000000 1 1
332 IN 333 334 3 0.500000 2 0
333 LN -1 -1 -1 -1.000000 1 1
334 LN -1 -1 -1 -1.000000 1 0
335 IN 336 339 8 0.500000 3 0
336 IN 337 338 15 0.500000 2 0
337 LN -1 -1 -1 -1.000000 1 0
338 LN -1 -1 -1 -1.000000 1 1
339 LN -1 -1 -1 -1.000000 1 0
340 LN -1 -1 -1 -1.000000 1 0
341 IN 342 391 9 0.500000 9 0
342 IN 343 380 6 0.500000 8 0
343 IN 344 365 7 0.500000 7 0
344 IN 345 354 14 0.500000 6 0
345 IN 346 353 16 0.500000 4 0
346 IN 347 350 3 0.500000 3 0
347 IN 348 349 15 0.500000 2 0
348 LN -1 -1 -1 -1.000000 1 0
349 LN -1 -1 -1 -1.000000 1 0
350 IN 351 352 15 0.500000 2 0
351 LN -1 -1 -1 -1.000000 1 0
352 LN -1 -1 -1 -1.000000 1 1
353 LN -1 -1 -1 -1.000000 1 1
354 IN 355 356 15 0.500000 5 0
355 LN -1 -1 -1 -1.000000 1 0
356 IN 357 362 13 0.500000 4 0
357 IN 358 361 16 0.500000 3 0
358 IN 359 360 3 0.500000 2 0
359 LN -1 -1 -1 -1.000000 1 0
360 LN -1 -1 -1 -1.000000 1 0
361 LN -1 -1 -1 -1.000000 1 0
362 IN 363 364 3 0.500000 2 0
363 LN -1 -1 -1 -1.000000 1 0
364 LN -1 -1 -1 -1.000000 1 0
365 IN 366 371 14 0.500000 5 0
366 IN 367 370 15 0.500000 3 0
367 IN 368 369 3 0.500000 2 0
368 LN -1 -1 -1 -1.000000 1 0
369 LN -1 -1 -1 -1.000000 1 0
370 LN -1 -1 -1 -1.000000 1 0
371 IN 372 377 3 0.500000 4 0
372 IN 373 376 15 0.500000 3 0
373 IN 374 375 13 0.500000 2 0
374 LN -1 -1 -1 -1.000000 1 0
375 LN -1 -1 -1 -1.000000 1 0
376 LN -1 -1 -1 -1.000000 1 0
377 IN 378 379 15 0.500000 2 0
378 LN -1 -1 -1 -1.000000 1 1
379 LN -1 -1 -1 -1.000000 1 0
380 IN 381 390 16 0.500000 5 0
381 IN 382 383 3 0.500000 4 0
382 LN -1 -1 -1 -1.000000 1 0
383 IN 384 387 14 0.500000 3 0
384 IN 385 386 15 0.500000 2 0
385 LN -1 -1 -1 -1.000000 1 0
386 LN -1 -1 -1 -1.000000 1 0
387 IN 388 389 15 0.500000 2 1
388 LN -1 -1 -1 -1.000000 1 1
389 LN -1 -1 -1 -1.000000 1 1
390 LN -1 -1 -1 -1.000000 1 0
391 IN 392 407 15 0.500000 8 0
392 IN 393 394 7 0.500000 6 0
393 LN -1 -1 -1 -1.000000 1 0
394 IN 395 398 3 0.500000 5 0
395 IN 396 397 14 0.500000 2 0
396 LN -1 -1 -1 -1.000000 1 0
397 LN -1 -1 -1 -1.000000 1 0
398 IN 399 402 6 0.500000 4 0
399 IN 400 401 14 0.500000 2 0
400 LN -1 -1 -1 -1.000000 1 0
401 LN -1 -1 -1 -1.000000 1 0
402 IN 403 406 8 0.500000 3 0
403 IN 404 405 14 0.500000 2 0
404 LN -1 -1 -1 -1.000000 1 0
405 LN -1 -1 -1 -1.000000 1 0
406 LN -1 -1 -1 -1.000000 1 0
407 IN 408 433 8 0.500000 7 0
408 IN 409 416 14 0.500000 6 0
409 IN 410 411 7 0.500000 4 0
410 LN -1 -1 -1 -1.000000 1 0
411 IN 412 415 6 0.500000 3 0
412 IN 413 414 3 0.500000 2 0
413 LN -1 -1 -1 -1.000000 1 0
414 LN -1 -1 -1 -1.000000 1 1
415 LN -1 -1 -1 -1.000000 1 0
416 IN 417 424 13 0.500000 5 1
417 IN 418 423 16 0.500000 4 1
418 IN 419 422 7 0.500000 3 1
419 IN 420 421 3 0.500000 2 0
420 LN -1 -1 -1 -1.000000 1 0
421 LN -1 -1 -1 -1.000000 1 0
422 LN -1 -1 -1 -1.000000 1 1
423 LN -1 -1 -1 -1.000000 1 0
424 IN 425 430 3 0.500000 4 0
425 IN 426 429 6 0.500000 3 0
426 IN 427 428 16 0.500000 2 0
427 LN -1 -1 -1 -1.000000 1 0
428 LN -1 -1 -1 -1.000000 1 1
429 LN -1 -1 -1 -1.000000 1 0
430 IN 431 432 16 0.500000 2 0
431 LN -1 -1 -1 -1.000000 1 1
432 LN -1 -1 -1 -1.000000 1 0
433 LN -1 -1 -1 -1.000000 1 1
434 IN 435 436 11 0.500000 14 0
435 LN -1 -1 -1 -1.000000 1 0
436 IN 437 668 10 0.500000 13 0
437 IN 438 559 3 0.500000 12 0
438 IN 439 486 14 0.500000 11 0
439 IN 440 485 6 0.500000 9 0
440 IN 441 470 4 0.500000 8 0
441 IN 442 457 8 0.500000 7 0
442 IN 443 448 5 0.500000 6 0
443 IN 444 445 9 0.500000 3 0
444 LN -1 -1 -1 -1.000000 1 0
445 IN 446 447 7 0.500000 2 0
446 LN -1 -1 -1 -1.000000 1 0
447 LN -1 -1 -1 -1.000000 1 0
448 IN 449 450 15 0.500000 5 0
449 LN -1 -1 -1 -1.000000 1 0
450 IN 451 452 9 0.500000 4 0
451 LN -1 -1 -1 -1.000000 1 0
452 IN 453 456 7 0.500000 3 0
453 IN 454 455 16 0.500000 2 0
454 LN -1 -1 -1 -1.000000 1 0
455 LN -1 -1 -1 -1.000000 1 0
456 LN -1 -1 -1 -1.000000 1 0
457 IN 458 463 5 0.500000 4 0
458 IN 459 462 7 0.500000 3 0
459 IN 460 461 15 0.500000 2 0
460 LN -1 -1 -1 -1.000000 1 0
461 LN -1 -1 -1 -1.000000 1 0
462 LN -1 -1 -1 -1.000000 1 0
463 IN 464 467 7 0.500000 3 0
464 IN 465 466 15 0.500000 2 0
465 LN -1 -1 -1 -1.000000 1 0
466 LN -1 -1 -1 -1.000000 1 0
467 IN 468 469 15 0.500000 2 0
468 LN -1 -1 -1 -1.000000 1 0
469 LN -1 -1 -1 -1.000000 1 0
470 IN 471 478 7 0.500000 5 0
471 IN 472 477 15 0.500000 4 0
472 IN 473 476 8 0.500000 3 0
473 IN 474 475 9 0.500000 2 0
474 LN -1 -1 -1 -1.000000 1 0
475 LN -1 -1 -1 -1.000000 1 1
476 LN -1 -1 -1 -1.000000 1 0
477 LN -1 -1 -1 -1.000000 1 0
478 IN 479 480 15 0.500000 4 0
479 LN -1 -1 -1 -1.000000 1 0
480 IN 481 484 8 0.500000 3 0
481 IN 482 483 9 0.500000 2 0
482 LN -1 -1 -1 -1.000000 1 0
483 LN -1 -1 -1 -1.000000 1 0
484 LN -1 -1 -1 -1.000000 1 0
485 LN -1 -1 -1 -1.000000 1 0
486 IN 487 546 8 0.500000 10 0
487 IN 488 515 9 0.500000 9 0
488 IN 489 514 16 0.500000 8 0
489 IN 490 495 15 0.500000 7 0
490 IN 491 492 13 0.500000 3 0
491 LN -1 -1 -1 -1.000000 1 0
492 IN 493 494 7 0.500000 2 0
493 LN -1 -1 -1 -1.000000 1 0
494 LN -1 -1 -1 -1.000000 1 1
495 IN 496 503 7 0.500000 6 0
496 IN 497 498 13 0.500000 4 0
497 LN -1 -1 -1 -1.000000 1 0
498 IN 499 500 5 0.500000 3 0
499 LN -1 -1 -1 -1.000000 1 0
500 IN 501 502 4 0.500000 2 0
501 LN -1 -1 -1 -1.000000 1 0
502 LN -1 -1 -1 -1.000000 1 0
503 IN 504 513 6 0.500000 5 0
504 IN 505 512 4 0.500000 4 0
505 IN 506 509 13 0.500000 3 0
506 IN 507 508 5 0.500000 2 0
507 LN -1 -1 -1 -1.000000 1 1
508 LN -1 -1 -1 -1.000000 1 0
509 IN 510 511 5 0.500000 2 0
510 LN -1 -1 -1 -1.000000 1 0
511 LN -1 -1 -1 -1.000000 1 0
512 LN -1 -1 -1 -1.000000 1 0
513 LN -1 -1 -1 -1.000000 1 0
514 LN -1 -1 -1 -1.000000 1 0
515 IN 516 529 7 0.500000 7 0
516 IN 517 520 5 0.500000 5 0
517 IN 518 519 15 0.500000 2 0
518 LN -1 -1 -1 -1.000000 1 1
519 LN -1 -1 -1 -1.000000 1 0
520 IN 521 524 13 0.500000 4 0
521 IN 522 523 4 0.500000 2 0
522 LN -1 -1 -1 -1.000000 1 0
523 LN -1 -1 -1 -1.000000 1 0
524 IN 525 526 15 0.500000 3 0
525 LN -1 -1 -1 -1.000000 1 0
526 IN 527 528 4 0.500000 2 0
527 LN -1 -1 -1 -1.000000 1 0
528 LN -1 -1 -1 -1.000000 1 0
529 IN 530 539 13 0.500000 6 0
530 IN 531 532 15 0.500000 5 0
531 LN -1 -1 -1 -1.000000 1 0
532 IN 533 538 6 0.500000 4 0
533 IN 534 537 4 0.500000 3 0
534 IN 535 536 5 0.500000 2 0
535 LN -1 -1 -1 -1.000000 1 0
536 LN -1 -1 -1 -1.000000 1 0
537 LN -1 -1 -1 -1.000000 1 0
538 LN -1 -1 -1 -1.000000 1 0
539 IN 540 545 4 0.500000 4 0
540 IN 541 542 5 0.500000 3 0
541 LN -1 -1 -1 -1.000000 1 0
542 IN 543 544 15 0.500000 2 0
543 LN -1 -1 -1 -1.000000 1 0
544 LN -1 -1 -1 -1.000000 1 1
545 LN -1 -1 -1 -1.000000 1 0
546 IN 547 556 13 0.500000 5 0
547 IN 548 553 7 0.500000 4 0
548 IN 549 550 15 0.500000 3 0
549 LN -1 -1 -1 -1.000000 1 1
550 IN 551 552 5 0.500000 2 0
551 LN -1 -1 -1 -1.000000 1 0
552 LN -1 -1 -1 -1.000000 1 0
553 IN 554 555 5 0.500000 2 1
554 LN -1 -1 -1 -1.000000 1 0
555 LN -1 -1 -1 -1.000000 1 1
556 IN 557 558 15 0.500000 2 0
557 LN -1 -1 -1 -1.000000 1 0
558 LN -1 -1 -1 -1.000000 1 1
559 IN 560 635 6 0.500000 11 0
560 IN 561 572 9 0.500000 10 0
561 IN 562 571 4 0.500000 5 0
562 IN 563 566 7 0.500000 4 0
563 IN 564 565 14 0.500000 2 1
564 LN -1 -1 -1 -1.000000 1 1
565 LN -1 -1 -1 -1.000000 1 0
566 IN 567 568 14 0.500000 3 0
567 LN -1 -1 -1 -1.000000 1 1
568 IN 569 570 13 0.500000 2 0
569 LN -1 -1 -1 -1.000000 1 0
570 LN -1 -1 -1 -1.000000 1 0
571 LN -1 -1 -1 -1.000000 1 0
572 IN 573 574 5 0.500000 9 0
573 LN -1 -1 -1 -1.000000 1 0
574 IN 575 598 14 0.500000 8 0
575 IN 576 585 7 0.500000 5 0
576 IN 577 582 8 0.500000 4 0
577 IN 578 581 4 0.500000 3 1
578 IN 579 580 15 0.500000 2 0
579 LN -1 -1 -1 -1.000000 1 0
580 LN -1 -1 -1 -1.000000 1 0
581 LN -1 -1 -1 -1.000000 1 1
582 IN 583 584 15 0.500000 2 0
583 LN -1 -1 -1 -1.000000 1 0
584 LN -1 -1 -1 -1.000000 1 0
585 IN 586 593 4 0.500000 4 0
586 IN 587 590 15 0.500000 3 0
587 IN 588 589 8 0.500000 2 0
588 LN -1 -1 -1 -1.000000 1 0
589 LN -1 -1 -1 -1.000000 1 0
590 IN 591 592 8 0.500000 2 0
591 LN -1 -1 -1 -1.000000 1 0
592 LN -1 -1 -1 -1.000000 1 0
593 IN 594 597 8 0.500000 3 0
594 IN 595 596 15 0.500000 2 0
595 LN -1 -1 -1 -1.000000 1 1
596 LN -1 -1 -1 -1.000000 1 0
597 LN -1 -1 -1 -1.000000 1 0
598 IN 599 606 15 0.500000 7 0
599 IN 600 605 16 0.500000 4 0
600 IN 601 602 8 0.500000 3 0
601 LN -1 -1 -1 -1.000000 1 0
602 IN 603 604 7 0.500000 2 0
603 LN -1 -1 -1 -1.000000 1 1
604 LN -1 -1 -1 -1.000000 1 0
605 LN -1 -1 -1 -1.000000 1 0
606 IN 607 626 4 0.500000 6 0
607 IN 608 619 8 0.500000 5 0
608 IN 609 614 13 0.500000 4 0
609 IN 610 613 16 0.500000 3 0
610 IN 611 612 7 0.500000 2 0
611 LN -1 -1 -1 -1.000000 1 0
612 LN -1 -1 -1 -1.000000 1 0
613 LN -1 -1 -1 -1.000000 1 0
614 IN 615 616 7 0.500000 3 0
615 LN -1 -1 -1 -1.000000 1 0
616 IN 617 618 16 0.500000 2 1
617 LN -1 -1 -1 -1.000000 1 1
618 LN -1 -1 -1 -1.000000 1 0
619 IN 620 621 7 0.500000 4 1
620 LN -1 -1 -1 -1.000000 1 0
621 IN 622 625 13 0.500000 3 1
622 IN 623 624 16 0.500000 2 1
623 LN -1 -1 -1 -1.000000 1 1
624 LN -1 -1 -1 -1.000000 1 0
625 LN -1 -1 -1 -1.000000 1 1
626 IN 627 634 8 0.500000 5 0
627 IN 628 633 13 0.500000 4 0
628 IN 629 630 7 0.500000 3 0
629 LN -1 -1 -1 -1.000000 1 0
630 IN 631 632 16 0.500000 2 1
631 LN -1 -1 -1 -1.000000 1 0
632 LN -1 -1 -1 -1.000000 1 1
633 LN -1 -1 -1 -1.000000 1 1
634 LN -1 -1 -1 -1.000000 1 0
635 IN 636 659 8 0.500000 8 0
636 IN 637 642 9 0.500000 7 0
637 IN 638 639 14 0.500000 3 0
638 LN -1 -1 -1 -1.000000 1 0
639 IN 640 641 4 0.500000 2 0
640 LN -1 -1 -1 -1.000000 1 1
641 LN -1 -1 -1 -1.000000 1 0
642 IN 643 650 14 0.500000 6 0
643 IN 644 647 4 0.500000 3 0
644 IN 645 646 15 0.500000 2 0
645 LN -1 -1 -1 -1.000000 1 0
646 LN -1 -1 -1 -1.000000 1 0
647 IN 648 649 15 0.500000 2 0
648 LN -1 -1 -1 -1.000000 1 0
649 LN -1 -1 -1 -1.000000 1 0
650 IN 651 658 16 0.500000 5 1
651 IN 652 657 13 0.500000 4 1
652 IN 653 654 15 0.500000 3 1
653 LN -1 -1 -1 -1.000000 1 1
654 IN 655 656 4 0.500000 2 1
655 LN -1 -1 -1 -1.000000 1 1
656 LN -1 -1 -1 -1.000000 1 1
657 LN -1 -1 -1 -1.000000 1 1
658 LN -1 -1 -1 -1.000000 1 0
659 IN 660 667 14 0.500000 4 0
660 IN 661 664 15 0.500000 3 0
661 IN 662 663 4 0.500000 2 0
662 LN -1 -1 -1 -1.000000 1 0
663 LN -1 -1 -1 -1.000000 1 0
664 IN 665 666 4 0.500000 2 1
665 LN -1 -1 -1 -1.000000 1 0
666 LN -1 -1 -1 -1.000000 1 1
667 LN -1 -1 -1 -1.000000 1 1
668 IN 669 820 3 0.500000 12 0
669 IN 670 695 5 0.500000 11 0
670 IN 671 690 16 0.500000 7 0
671 IN 672 681 7 0.500000 6 0
672 IN 673 680 13 0.500000 5 0
673 IN 674 675 15 0.500000 4 0
674 LN -1 -1 -1 -1.000000 1 1
675 IN 676 677 14 0.500000 3 0
676 LN -1 -1 -1 -1.000000 1 0
677 IN 678 679 8 0.500000 2 0
678 LN -1 -1 -1 -1.000000 1 0
679 LN -1 -1 -1 -1.000000 1 0
680 LN -1 -1 -1 -1.000000 1 0
681 IN 682 687 14 0.500000 4 0
682 IN 683 684 15 0.500000 3 0
683 LN -1 -1 -1 -1.000000 1 0
684 IN 685 686 8 0.500000 2 0
685 LN -1 -1 -1 -1.000000 1 0
686 LN -1 -1 -1 -1.000000 1 0
687 IN 688 689 8 0.500000 2 0
688 LN -1 -1 -1 -1.000000 1 0
689 LN -1 -1 -1 -1.000000 1 1
690 IN 691 694 8 0.500000 3 0
691 IN 692 693 9 0.500000 2 0
692 LN -1 -1 -1 -1.000000 1 0
693 LN -1 -1 -1 -1.000000 1 1
694 LN -1 -1 -1 -1.000000 1 0
695 IN 696 789 13 0.500000 10 0
696 IN 697 752 4 0.500000 9 0
697 IN 698 709 15 0.500000 8 0
698 IN 699 708 14 0.500000 5 0
699 IN 700 701 9 0.500000 4 0
700 LN -1 -1 -1 -1.000000 1 0
701 IN 702 705 7 0.500000 3 0
702 IN 703 704 8 0.500000 2 1
703 LN -1 -1 -1 -1.000000 1 1
704 LN -1 -1 -1 -1.000000 1 0
705 IN 706 707 8 0.500000 2 0
706 LN -1 -1 -1 -1.000000 1 0
707 LN -1 -1 -1 -1.000000 1 1
708 LN -1 -1 -1 -1.000000 1 0
709 IN 710 743 8 0.500000 7 0
710 IN 711 732 16 0.500000 6 0
711 IN 712 723 9 0.500000 5 0
712 IN 713 718 14 0.500000 4 0
713 IN 714 717 6 0.500000 3 0
714 IN 715 716 7 0.500000 2 0
715 LN -1 -1 -1 -1.000000 1 0
716 LN -1 -1 -1 -1.000000 1 0
717 LN -1 -1 -1 -1.000000 1 1
718 IN 719 722 6 0.500000 3 0
719 IN 720 721 7 0.500000 2 0
720 LN -1 -1 -1 -1.000000 1 0
721 LN -1 -1 -1 -1.000000 1 1
722 LN -1 -1 -1 -1.000000 1 0
723 IN 724 731 6 0.500000 4 0
724 IN 725 728 14 0.500000 3 0
725 IN 726 727 7 0.500000 2 0
726 LN -1 -1 -1 -1.000000 1 0
727 LN -1 -1 -1 -1.000000 1 0
728 IN 729 730 7 0.500000 2 0
729 LN -1 -1 -1 -1.000000 1 0
730 LN -1 -1 -1 -1.000000 1 0
731 LN -1 -1 -1 -1.000000 1 0
732 IN 733 736 7 0.500000 4 0
733 IN 734 735 9 0.500000 2 1
734 LN -1 -1 -1 -1.000000 1 0
735 LN -1 -1 -1 -1.000000 1 1
736 IN 737 740 14 0.500000 3 0
737 IN 738 739 9 0.500000 2 0
738 LN -1 -1 -1 -1.000000 1 0
739 LN -1 -1 -1 -1.000000 1 0
740 IN 741 742 9 0.500000 2 0
741 LN -1 -1 -1 -1.000000 1 0
742 LN -1 -1 -1 -1.000000 1 0
743 IN 744 749 14 0.500000 4 0
744 IN 745 748 16 0.500000 3 0
745 IN 746 747 7 0.500000 2 0
746 LN -1 -1 -1 -1.000000 1 0
747 LN -1 -1 -1 -1.000000 1 0
748 LN -1 -1 -1 -1.000000 1 0
749 IN 750 751 7 0.500000 2 0
750 LN -1 -1 -1 -1.000000 1 0
751 LN -1 -1 -1 -1.000000 1 0
752 IN 753 766 15 0.500000 6 0
753 IN 754 757 7 0.500000 5 0
754 IN 755 756 9 0.500000 2 0
755 LN -1 -1 -1 -1.000000 1 1
756 LN -1 -1 -1 -1.000000 1 0
757 IN 758 759 9 0.500000 4 0
758 LN -1 -1 -1 -1.000000 1 0
759 IN 760 763 8 0.500000 3 0
760 IN 761 762 6 0.500000 2 0
761 LN -1 -1 -1 -1.000000 1 0
762 LN -1 -1 -1 -1.000000 1 0
763 IN 764 765 6 0.500000 2 0
764 LN -1 -1 -1 -1.000000 1 0
765 LN -1 -1 -1 -1.000000 1 0
766 IN 767 778 9 0.500000 5 0
767 IN 768 773 7 0.500000 4 0
768 IN 769 770 14 0.500000 3 0
769 LN -1 -1 -1 -1.000000 1 0
770 IN 771 772 16 0.500000 2 0
771 LN -1 -1 -1 -1.000000 1 0
772 LN -1 -1 -1 -1.000000 1 0
773 IN 774 775 14 0.500000 3 0
774 LN -1 -1 -1 -1.000000 1 0
775 IN 776 777 16 0.500000 2 0
776 LN -1 -1 -1 -1.000000 1 0
777 LN -1 -1 -1 -1.000000 1 0
778 IN 779 786 14 0.500000 4 1
779 IN 780 783 7 0.500000 3 0
780 IN 781 782 16 0.500000 2 0
781 LN -1 -1 -1 -1.000000 1 0
782 LN -1 -1 -1 -1.000000 1 1
783 IN 784 785 8 0.500000 2 0
784 LN -1 -1 -1 -1.000000 1 0
785 LN -1 -1 -1 -1.000000 1 1
786 IN 787 788 7 0.500000 2 1
787 LN -1 -1 -1 -1.000000 1 0
788 LN -1 -1 -1 -1.000000 1 1
789 IN 790 795 15 0.500000 7 0
790 IN 791 792 9 0.500000 3 0
791 LN -1 -1 -1 -1.000000 1 0
792 IN 793 794 7 0.500000 2 0
793 LN -1 -1 -1 -1.000000 1 0
794 LN -1 -1 -1 -1.000000 1 0
795 IN 796 809 4 0.500000 6 0
796 IN 797 806 7 0.500000 5 0
797 IN 798 805 8 0.500000 4 0
798 IN 799 802 9 0.500000 3 0
799 IN 800 801 16 0.500000 2 0
800 LN -1 -1 -1 -1.000000 1 0
801 LN -1 -1 -1 -1.000000 1 1
802 IN 803 804 16 0.500000 2 1
803 LN -1 -1 -1 -1.000000 1 0
804 LN -1 -1 -1 -1.000000 1 1
805 LN -1 -1 -1 -1.000000 1 0
806 IN 807 808 9 0.500000 2 1
807 LN -1 -1 -1 -1.000000 1 0
808 LN -1 -1 -1 -1.000000 1 1
809 IN 810 815 16 0.500000 4 0
810 IN 811 814 9 0.500000 3 0
811 IN 812 813 7 0.500000 2 0
812 LN -1 -1 -1 -1.000000 1 1
813 LN -1 -1 -1 -1.000000 1 0
814 LN -1 -1 -1 -1.000000 1 1
815 IN 816 817 9 0.500000 3 0
816 LN -1 -1 -1 -1.000000 1 0
817 IN 818 819 7 0.500000 2 0
818 LN -1 -1 -1 -1.000000 1 0
819 LN -1 -1 -1 -1.000000 1 1
820 IN 821 928 4 0.500000 10 0
821 IN 822 851 15 0.500000 9 0
822 IN 823 824 9 0.500000 7 0
823 LN -1 -1 -1 -1.000000 1 0
824 IN 825 840 14 0.500000 6 0
825 IN 826 835 8 0.500000 5 0
826 IN 827 828 7 0.500000 4 0
827 LN -1 -1 -1 -1.000000 1 0
828 IN 829 832 6 0.500000 3 0
829 IN 830 831 16 0.500000 2 0
830 LN -1 -1 -1 -1.000000 1 0
831 LN -1 -1 -1 -1.000000 1 1
832 IN 833 834 16 0.500000 2 0
833 LN -1 -1 -1 -1.000000 1 0
834 LN -1 -1 -1 -1.000000 1 0
835 IN 836 837 5 0.500000 3 0
836 LN -1 -1 -1 -1.000000 1 0
837 IN 838 839 6 0.500000 2 0
838 LN -1 -1 -1 -1.000000 1 0
839 LN -1 -1 -1 -1.000000 1 1
840 IN 841 850 6 0.500000 5 0
841 IN 842 843 7 0.500000 4 0
842 LN -1 -1 -1 -1.000000 1 0
843 IN 844 847 8 0.500000 3 0
844 IN 845 846 16 0.500000 2 0
845 LN -1 -1 -1 -1.000000 1 1
846 LN -1 -1 -1 -1.000000 1 0
847 IN 848 849 16 0.500000 2 0
848 LN -1 -1 -1 -1.000000 1 0
849 LN -1 -1 -1 -1.000000 1 1
850 LN -1 -1 -1 -1.000000 1 1
851 IN 852 901 13 0.500000 8 0
852 IN 853 882 8 0.500000 7 0
853 IN 854 861 9 0.500000 6 0
854 IN 855 856 14 0.500000 4 0
855 LN -1 -1 -1 -1.000000 1 1
856 IN 857 858 7 0.500000 3 0
857 LN -1 -1 -1 -1.000000 1 0
858 IN 859 860 16 0.500000 2 0
859 LN -1 -1 -1 -1.000000 1 0
860 LN -1 -1 -1 -1.000000 1 0
861 IN 862 869 7 0.500000 5 0
862 IN 863 866 14 0.500000 3 0
863 IN 864 865 16 0.500000 2 0
864 LN -1 -1 -1 -1.000000 1 0
865 LN -1 -1 -1 -1.000000 1 0
866 IN 867 868 16 0.500000 2 0
867 LN -1 -1 -1 -1.000000 1 0
868 LN -1 -1 -1 -1.000000 1 0
869 IN 870 877 6 0.500000 4 0
870 IN 871 874 16 0.500000 3 0
871 IN 872 873 14 0.500000 2 0
872 LN -1 -1 -1 -1.000000 1 0
873 LN -1 -1 -1 -1.000000 1 0
874 IN 875 876 14 0.500000 2 0
875 LN -1 -1 -1 -1.000000 1 0
876 LN -1 -1 -1 -1.000000 1 0
877 IN 878 879 14 0.500000 3 0
878 LN -1 -1 -1 -1.000000 1 0
879 IN 880 881 16 0.500000 2 0
880 LN -1 -1 -1 -1.000000 1 0
881 LN -1 -1 -1 -1.000000 1 0
882 IN 883 884 5 0.500000 6 0
883 LN -1 -1 -1 -1.000000 1 1
884 IN 885 888 7 0.500000 5 0
885 IN 886 887 14 0.500000 2 0
886 LN -1 -1 -1 -1.000000 1 0
887 LN -1 -1 -1 -1.000000 1 1
888 IN 889 896 6 0.500000 4 0
889 IN 890 893 14 0.500000 3 0
890 IN 891 892 16 0.500000 2 0
891 LN -1 -1 -1 -1.000000 1 0
892 LN -1 -1 -1 -1.000000 1 1
893 IN 894 895 16 0.500000 2 0
894 LN -1 -1 -1 -1.000000 1 1
895 LN -1 -1 -1 -1.000000 1 0
896 IN 897 900 16 0.500000 3 0
897 IN 898 899 14 0.500000 2 0
898 LN -1 -1 -1 -1.000000 1 0
899 LN -1 -1 -1 -1.000000 1 0
900 LN -1 -1 -1 -1.000000 1 1
901 IN 902 919 16 0.500000 7 1
902 IN 903 918 6 0.500000 6 1
903 IN 904 911 7 0.500000 5 1
904 IN 905 910 8 0.500000 4 0
905 IN 906 907 5 0.500000 3 0
906 LN -1 -1 -1 -1.000000 1 0
907 IN 908 909 9 0.500000 2 0
908 LN -1 -1 -1 -1.000000 1 0
909 LN -1 -1 -1 -1.000000 1 0
910 LN -1 -1 -1 -1.000000 1 1
911 IN 912 913 5 0.500000 4 1
912 LN -1 -1 -1 -1.000000 1 1
913 IN 914 917 8 0.500000 3 0
914 IN 915 916 9 0.500000 2 0
915 LN -1 -1 -1 -1.000000 1 0
916 LN -1 -1 -1 -1.000000 1 1
917 LN -1 -1 -1 -1.000000 1 0
918 LN -1 -1 -1 -1.000000 1 0
919 IN 920 921 9 0.500000 5 1
920 LN -1 -1 -1 -1.000000 1 0
921 IN 922 927 8 0.500000 4 1
922 IN 923 926 6 0.500000 3 1
923 IN 924 925 7 0.500000 2 0
924 LN -1 -1 -1 -1.000000 1 1
925 LN -1 -1 -1 -1.000000 1 0
926 LN -1 -1 -1 -1.000000 1 1
927 LN -1 -1 -1 -1.000000 1 1
928 IN 929 984 13 0.500000 9 0
929 IN 930 947 15 0.500000 8 0
930 IN 931 944 16 0.500000 6 0
931 IN 932 943 14 0.500000 5 0
932 IN 933 936 7 0.500000 4 0
933 IN 934 935 9 0.500000 2 1
934 LN -1 -1 -1 -1.000000 1 0
935 LN -1 -1 -1 -1.000000 1 1
936 IN 937 940 8 0.500000 3 0
937 IN 938 939 6 0.500000 2 0
938 LN -1 -1 -1 -1.000000 1 0
939 LN -1 -1 -1 -1.000000 1 0
940 IN 941 942 6 0.500000 2 0
941 LN -1 -1 -1 -1.000000 1 0
942 LN -1 -1 -1 -1.000000 1 0
943 LN -1 -1 -1 -1.000000 1 1
944 IN 945 946 6 0.500000 2 1
945 LN -1 -1 -1 -1.000000 1 0
946 LN -1 -1 -1 -1.000000 1 1
947 IN 948 955 7 0.500000 7 0
948 IN 949 952 14 0.500000 3 0
949 IN 950 951 9 0.500000 2 0
950 LN -1 -1 -1 -1.000000 1 0
951 LN -1 -1 -1 -1.000000 1 0
952 IN 953 954 9 0.500000 2 1
953 LN -1 -1 -1 -1.000000 1 0
954 LN -1 -1 -1 -1.000000 1 1
955 IN 956 963 9 0.500000 6 0
956 IN 957 958 14 0.500000 4 0
957 LN -1 -1 -1 -1.000000 1 0
958 IN 959 962 16 0.500000 3 0
959 IN 960 961 6 0.500000 2 0
960 LN -1 -1 -1 -1.000000 1 1
961 LN -1 -1 -1 -1.000000 1 0
962 LN -1 -1 -1 -1.000000 1 1
963 IN 964 975 16 0.500000 5 0
964 IN 965 972 14 0.500000 4 0
965 IN 966 969 6 0.500000 3 1
966 IN 967 968 8 0.500000 2 1
967 LN -1 -1 -1 -1.000000 1 1
968 LN -1 -1 -1 -1.000000 1 1
969 IN 970 971 8 0.500000 2 0
970 LN -1 -1 -1 -1.000000 1 1
971 LN -1 -1 -1 -1.000000 1 0
972 IN 973 974 6 0.500000 2 0
973 LN -1 -1 -1 -1.000000 1 0
974 LN -1 -1 -1 -1.000000 1 0
975 IN 976 979 14 0.500000 4 0
976 IN 977 978 8 0.500000 2 0
977 LN -1 -1 -1 -1.000000 1 0
978 LN -1 -1 -1 -1.000000 1 1
979 IN 980 981 8 0.500000 3 1
980 LN -1 -1 -1 -1.000000 1 0
981 IN 982 983 6 0.500000 2 1
982 LN -1 -1 -1 -1.000000 1 1
983 LN -1 -1 -1 -1.000000 1 1
984 IN 985 988 16 0.500000 5 1
985 IN 986 987 6 0.500000 2 1
986 LN -1 -1 -1 -1.000000 1 0
987 LN -1 -1 -1 -1.000000 1 1
988 IN 989 990 7 0.500000 4 1
989 LN -1 -1 -1 -1.000000 1 1
990 IN 991 994 8 0.500000 3 0
991 IN 992 993 6 0.500000 2 0
992 LN -1 -1 -1 -1.000000 1 0
993 LN -1 -1 -1 -1.000000 1 1
994 LN -1 -1 -1 -1.000000 1 0
995 IN 996 1445 3 0.500000 15 1
996 IN 997 1050 9 0.500000 14 1
997 IN 998 1019 4 0.500000 9 0
998 IN 999 1014 16 0.500000 7 0
999 IN 1000 1001 14 0.500000 6 0
1000 LN -1 -1 -1 -1.000000 1 1
1001 IN 1002 1009 10 0.500000 5 0
1002 IN 1003 1008 7 0.500000 4 0
1003 IN 1004 1005 15 0.500000 3 0
1004 LN -1 -1 -1 -1.000000 1 0
1005 IN 1006 1007 0 0.500000 2 0
1006 LN -1 -1 -1 -1.000000 1 0
1007 LN -1 -1 -1 -1.000000 1 0
1008 LN -1 -1 -1 -1.000000 1 0
1009 IN 1010 1011 13 0.500000 3 0
1010 LN -1 -1 -1 -1.000000 1 0
1011 IN 1012 1013 0 0.500000 2 1
1012 LN -1 -1 -1 -1.000000 1 0
1013 LN -1 -1 -1 -1.000000 1 1
1014 IN 1015 1016 0 0.500000 3 0
1015 LN -1 -1 -1 -1.000000 1 0
1016 IN 1017 1018 7 0.500000 2 1
1017 LN -1 -1 -1 -1.000000 1 0
1018 LN -1 -1 -1 -1.000000 1 1
1019 IN 1020 1041 0 0.500000 8 0
1020 IN 1021 1022 14 0.500000 7 0
1021 LN -1 -1 -1 -1.000000 1 1
1022 IN 1023 1038 16 0.500000 6 0
1023 IN 1024 1025 15 0.500000 5 0
1024 LN -1 -1 -1 -1.000000 1 0
1025 IN 1026 1031 7 0.500000 4 0
1026 IN 1027 1028 13 0.500000 3 0
1027 LN -1 -1 -1 -1.000000 1 0
1028 IN 1029 1030 10 0.500000 2 0
1029 LN -1 -1 -1 -1.000000 1 0
1030 LN -1 -1 -1 -1.000000 1 1
1031 IN 1032 1035 13 0.500000 3 1
1032 IN 1033 1034 10 0.500000 2 1
1033 LN -1 -1 -1 -1.000000 1 0
1034 LN -1 -1 -1 -1.000000 1 1
1035 IN 1036 1037 10 0.500000 2 1
1036 LN -1 -1 -1 -1.000000 1 1
1037 LN -1 -1 -1 -1.000000 1 0
1038 IN 1039 1040 7 0.500000 2 0
1039 LN -1 -1 -1 -1.000000 1 1
1040 LN -1 -1 -1 -1.000000 1 0
1041 IN 1042 1045 16 0.500000 4 0
1042 IN 1043 1044 7 0.500000 2 1
1043 LN -1 -1 -1 -1.000000 1 1
1044 LN -1 -1 -1 -1.000000 1 1
1045 IN 1046 1047 14 0.500000 3 0
1046 LN -1 -1 -1 -1.000000 1 0
1047 IN 1048 1049 7 0.500000 2 0
1048 LN -1 -1 -1 -1.000000 1 0
1049 LN -1 -1 -1 -1.000000 1 0
1050 IN 1051 1306 4 0.500000 13 1
1051 IN 1052 1153 10 0.500000 12 0
1052 IN 1053 1054 11 0.500000 11 0
1053 LN -1 -1 -1 -1.000000 1 0
1054 IN 1055 1080 14 0.500000 10 0
1055 IN 1056 1063 15 0.500000 6 0
1056 IN 1057 1062 7 0.500000 4 0
1057 IN 1058 1061 16 0.500000 3 0
1058 IN 1059 1060 0 0.500000 2 0
1059 LN -1 -1 -1 -1.000000 1 0
1060 LN -1 -1 -1 -1.000000 1 0
1061 LN -1 -1 -1 -1.000000 1 0
1062 LN -1 -1 -1 -1.000000 1 0
1063 IN 1064 1071 7 0.500000 5 0
1064 IN 1065 1070 0 0.500000 4 0
1065 IN 1066 1067 8 0.500000 3 0
1066 LN -1 -1 -1 -1.000000 1 1
1067 IN 1068 1069 5 0.500000 2 0
1068 LN -1 -1 -1 -1.000000 1 0
1069 LN -1 -1 -1 -1.000000 1 0
1070 LN -1 -1 -1 -1.000000 1 0
1071 IN 1072 1073 5 0.500000 4 0
1072 LN -1 -1 -1 -1.000000 1 0
1073 IN 1074 1077 8 0.500000 3 0
1074 IN 1075 1076 0 0.500000 2 0
1075 LN -1 -1 -1 -1.000000 1 0
1076 LN -1 -1 -1 -1.000000 1 0
1077 IN 1078 1079 0 0.500000 2 0
1078 LN -1 -1 -1 -1.000000 1 0
1079 LN -1 -1 -1 -1.000000 1 0
1080 IN 1081 1106 7 0.500000 9 0
1081 IN 1082 1103 16 0.500000 7 0
1082 IN 1083 1088 0 0.500000 6 0
1083 IN 1084 1087 13 0.500000 3 0
1084 IN 1085 1086 5 0.500000 2 0
1085 LN -1 -1 -1 -1.000000 1 1
1086 LN -1 -1 -1 -1.000000 1 0
1087 LN -1 -1 -1 -1.000000 1 1
1088 IN 1089 1094 13 0.500000 5 0
1089 IN 1090 1091 8 0.500000 3 0
1090 LN -1 -1 -1 -1.000000 1 1
1091 IN 1092 1093 5 0.500000 2 0
1092 LN -1 -1 -1 -1.000000 1 0
1093 LN -1 -1 -1 -1.000000 1 0
1094 IN 1095 1098 5 0.500000 4 0
1095 IN 1096 1097 15 0.500000 2 0
1096 LN -1 -1 -1 -1.000000 1 0
1097 LN -1 -1 -1 -1.000000 1 0
1098 IN 1099 1100 15 0.500000 3 0
1099 LN -1 -1 -1 -1.000000 1 0
1100 IN 1101 1102 8 0.500000 2 0
1101 LN -1 -1 -1 -1.000000 1 0
1102 LN -1 -1 -1 -1.000000 1 0
1103 IN 1104 1105 8 0.500000 2 1
1104 LN -1 -1 -1 -1.000000 1 0
1105 LN -1 -1 -1 -1.000000 1 1
1106 IN 1107 1124 13 0.500000 8 0
1107 IN 1108 1111 15 0.500000 7 0
1108 IN 1109 1110 8 0.500000 2 1
1109 LN -1 -1 -1 -1.000000 1 0
1110 LN -1 -1 -1 -1.000000 1 1
1111 IN 1112 1113 8 0.500000 6 0
1112 LN -1 -1 -1 -1.000000 1 0
1113 IN 1114 1123 6 0.500000 5 0
1114 IN 1115 1122 16 0.500000 4 0
1115 IN 1116 1119 5 0.500000 3 0
1116 IN 1117 1118 0 0.500000 2 0
1117 LN -1 -1 -1 -1.000000 1 0
1118 LN -1 -1 -1 -1.000000 1 0
1119 IN 1120 1121 0 0.500000 2 1
1120 LN -1 -1 -1 -1.000000 1 0
1121 LN -1 -1 -1 -1.000000 1 1
1122 LN -1 -1 -1 -1.000000 1 1
1123 LN -1 -1 -1 -1.000000 1 0
1124 IN 1125 1132 15 0.500000 7 0
1125 IN 1126 1127 5 0.500000 4 0
1126 LN -1 -1 -1 -1.000000 1 0
1127 IN 1128 1129 0 0.500000 3 0
1128 LN -1 -1 -1 -1.000000 1 0
1129 IN 1130 1131 8 0.500000 2 1
1130 LN -1 -1 -1 -1.000000 1 1
1131 LN -1 -1 -1 -1.000000 1 0
1132 IN 1133 1142 8 0.500000 6 1
1133 IN 1134 1141 16 0.500000 4 0
1134 IN 1135 1138 5 0.500000 3 0
1135 IN 1136 1137 0 0.500000 2 0
1136 LN -1 -1 -1 -1.000000 1 0
1137 LN -1 -1 -1 -1.000000 1 1
1138 IN 1139 1140 0 0.500000 2 0
1139 LN -1 -1 -1 -1.000000 1 0
1140 LN -1 -1 -1 -1.000000 1 1
1141 LN -1 -1 -1 -1.000000 1 0
1142 IN 1143 1152 6 0.500000 5 1
1143 IN 1144 1147 5 0.500000 4 1
1144 IN 1145 1146 0 0.500000 2 0
1145 LN -1 -1 -1 -1.000000 1 1
1146 LN -1 -1 -1 -1.000000 1 0
1147 IN 1148 1151 16 0.500000 3 1
1148 IN 1149 1150 0 0.500000 2 1
1149 LN -1 -1 -1 -1.000000 1 0
1150 LN -1 -1 -1 -1.000000 1 1
1151 LN -1 -1 -1 -1.000000 1 1
1152 LN -1 -1 -1 -1.000000 1 1
1153 IN 1154 1225 0 0.500000 10 1
1154 IN 1155 1182 7 0.500000 9 0
1155 IN 1156 1161 15 0.500000 7 0
1156 IN 1157 1160 8 0.500000 3 0
1157 IN 1158 1159 5 0.500000 2 0
1158 LN -1 -1 -1 -1.000000 1 0
1159 LN -1 -1 -1 -1.000000 1 1
1160 LN -1 -1 -1 -1.000000 1 0
1161 IN 1162 1179 16 0.500000 6 0
1162 IN 1163 1168 14 0.500000 5 0
1163 IN 1164 1165 8 0.500000 3 0
1164 LN -1 -1 -1 -1.000000 1 0
1165 IN 1166 1167 5 0.500000 2 0
1166 LN -1 -1 -1 -1.000000 1 0
1167 LN -1 -1 -1 -1.000000 1 0
1168 IN 1169 1174 8 0.500000 4 0
1169 IN 1170 1171 5 0.500000 3 0
1170 LN -1 -1 -1 -1.000000 1 0
1171 IN 1172 1173 13 0.500000 2 0
1172 LN -1 -1 -1 -1.000000 1 0
1173 LN -1 -1 -1 -1.000000 1 1
1174 IN 1175 1178 5 0.500000 3 0
1175 IN 1176 1177 13 0.500000 2 0
1176 LN -1 -1 -1 -1.000000 1 0
1177 LN -1 -1 -1 -1.000000 1 0
1178 LN -1 -1 -1 -1.000000 1 0
1179 IN 1180 1181 13 0.500000 2 1
1180 LN -1 -1 -1 -1.000000 1 1
1181 LN -1 -1 -1 -1.000000 1 0
1182 IN 1183 1198 14 0.500000 8 0
1183 IN 1184 1187 8 0.500000 6 0
1184 IN 1185 1186 15 0.500000 2 0
1185 LN -1 -1 -1 -1.000000 1 0
1186 LN -1 -1 -1 -1.000000 1 1
1187 IN 1188 1195 6 0.500000 5 0
1188 IN 1189 1190 15 0.500000 4 1
1189 LN -1 -1 -1 -1.000000 1 0
1190 IN 1191 1192 5 0.500000 3 1
1191 LN -1 -1 -1 -1.000000 1 0
1192 IN 1193 1194 16 0.500000 2 1
1193 LN -1 -1 -1 -1.000000 1 1
1194 LN -1 -1 -1 -1.000000 1 1
1195 IN 1196 1197 16 0.500000 2 0
1196 LN -1 -1 -1 -1.000000 1 0
1197 LN -1 -1 -1 -1.000000 1 0
1198 IN 1199 1214 13 0.500000 7 0
1199 IN 1200 1211 16 0.500000 6 0
1200 IN 1201 1210 6 0.500000 5 0
1201 IN 1202 1205 8 0.500000 4 0
1202 IN 1203 1204 5 0.500000 2 1
1203 LN -1 -1 -1 -1.000000 1 1
1204 LN -1 -1 -1 -1.000000 1 0
1205 IN 1206 1207 15 0.500000 3 0
1206 LN -1 -1 -1 -1.000000 1 0
1207 IN 1208 1209 5 0.500000 2 0
1208 LN -1 -1 -1 -1.000000 1 0
1209 LN -1 -1 -1 -1.000000 1 0
1210 LN -1 -1 -1 -1.000000 1 1
1211 IN 1212 1213 6 0.500000 2 0
1212 LN -1 -1 -1 -1.000000 1 0
1213 LN -1 -1 -1 -1.000000 1 0
1214 IN 1215 1216 5 0.500000 6 0
1215 LN -1 -1 -1 -1.000000 1 1
1216 IN 1217 1224 6 0.500000 5 0
1217 IN 1218 1223 8 0.500000 4 0
1218 IN 1219 1220 15 0.500000 3 0
1219 LN -1 -1 -1 -1.000000 1 1
1220 IN 1221 1222 16 0.500000 2 0
1221 LN -1 -1 -1 -1.000000 1 0
1222 LN -1 -1 -1 -1.000000 1 0
1223 LN -1 -1 -1 -1.000000 1 0
1224 LN -1 -1 -1 -1.000000 1 0
1225 IN 1226 1267 13 0.500000 9 1
1226 IN 1227 1242 7 0.500000 8 1
1227 IN 1228 1231 15 0.500000 6 0
1228 IN 1229 1230 5 0.500000 2 0
1229 LN -1 -1 -1 -1.000000 1 0
1230 LN -1 -1 -1 -1.000000 1 1
1231 IN 1232 1233 8 0.500000 5 0
1232 LN -1 -1 -1 -1.000000 1 1
1233 IN 1234 1237 14 0.500000 4 0
1234 IN 1235 1236 5 0.500000 2 0
1235 LN -1 -1 -1 -1.000000 1 0
1236 LN -1 -1 -1 -1.000000 1 0
1237 IN 1238 1241 16 0.500000 3 0
1238 IN 1239 1240 5 0.500000 2 0
1239 LN -1 -1 -1 -1.000000 1 0
1240 LN -1 -1 -1 -1.000000 1 0
1241 LN -1 -1 -1 -1.000000 1 1
1242 IN 1243 1246 5 0.500000 7 1
1243 IN 1244 1245 16 0.500000 2 0
1244 LN -1 -1 -1 -1.000000 1 0
1245 LN -1 -1 -1 -1.000000 1 0
1246 IN 1247 1252 8 0.500000 6 1
1247 IN 1248 1249 14 0.500000 3 0
1248 LN -1 -1 -1 -1.000000 1 0
1249 IN 1250 1251 16 0.500000 2 0
1250 LN -1 -1 -1 -1.000000 1 0
1251 LN -1 -1 -1 -1.000000 1 0
1252 IN 1253 1262 14 0.500000 5 1
1253 IN 1254 1255 15 0.500000 4 1
1254 LN -1 -1 -1 -1.000000 1 0
1255 IN 1256 1259 6 0.500000 3 1
1256 IN 1257 1258 16 0.500000 2 1
1257 LN -1 -1 -1 -1.000000 1 1
1258 LN -1 -1 -1 -1.000000 1 0
1259 IN 1260 1261 16 0.500000 2 0
1260 LN -1 -1 -1 -1.000000 1 0
1261 LN -1 -1 -1 -1.000000 1 1
1262 IN 1263 1266 6 0.500000 3 1
1263 IN 1264 1265 16 0.500000 2 1
1264 LN -1 -1 -1 -1.000000 1 1
1265 LN -1 -1 -1 -1.000000 1 1
1266 LN -1 -1 -1 -1.000000 1 1
1267 IN 1268 1277 5 0.500000 7 1
1268 IN 1269 1272 16 0.500000 4 0
1269 IN 1270 1271 7 0.500000 2 0
1270 LN -1 -1 -1 -1.000000 1 0
1271 LN -1 -1 -1 -1.000000 1 0
1272 IN 1273 1274 7 0.500000 3 0
1273 LN -1 -1 -1 -1.000000 1 0
1274 IN 1275 1276 8 0.500000 2 0
1275 LN -1 -1 -1 -1.000000 1 0
1276 LN -1 -1 -1 -1.000000 1 1
1277 IN 1278 1285 15 0.500000 6 1
1278 IN 1279 1284 16 0.500000 4 0
1279 IN 1280 1281 8 0.500000 3 0
1280 LN -1 -1 -1 -1.000000 1 0
1281 IN 1282 1283 7 0.500000 2 1
1282 LN -1 -1 -1 -1.000000 1 1
1283 LN -1 -1 -1 -1.000000 1 0
1284 LN -1 -1 -1 -1.000000 1 1
1285 IN 1286 1301 6 0.500000 5 1
1286 IN 1287 1294 16 0.500000 4 1
1287 IN 1288 1291 7 0.500000 3 1
1288 IN 1289 1290 8 0.500000 2 1
1289 LN -1 -1 -1 -1.000000 1 0
1290 LN -1 -1 -1 -1.000000 1 1
1291 IN 1292 1293 8 0.500000 2 1
1292 LN -1 -1 -1 -1.000000 1 1
1293 LN -1 -1 -1 -1.000000 1 1
1294 IN 1295 1298 8 0.500000 3 1
1295 IN 1296 1297 7 0.500000 2 1
1296 LN -1 -1 -1 -1.000000 1 0
1297 LN -1 -1 -1 -1.000000 1 1
1298 IN 1299 1300 7 0.500000 2 1
1299 LN -1 -1 -1 -1.000000 1 0
1300 LN -1 -1 -1 -1.000000 1 1
1301 IN 1302 1305 16 0.500000 3 1
1302 IN 1303 1304 8 0.500000 2 0
1303 LN -1 -1 -1 -1.000000 1 1
1304 LN -1 -1 -1 -1.000000 1 0
1305 LN -1 -1 -1 -1.000000 1 1
1306 IN 1307 1368 8 0.500000 10 1
1307 IN 1308 1335 13 0.500000 9 1
1308 IN 1309 1334 6 0.500000 8 0
1309 IN 1310 1327 16 0.500000 7 0
1310 IN 1311 1312 7 0.500000 6 0
1311 LN -1 -1 -1 -1.000000 1 0
1312 IN 1313 1316 15 0.500000 5 1
1313 IN 1314 1315 14 0.500000 2 1
1314 LN -1 -1 -1 -1.000000 1 0
1315 LN -1 -1 -1 -1.000000 1 1
1316 IN 1317 1320 10 0.500000 4 0
1317 IN 1318 1319 0 0.500000 2 1
1318 LN -1 -1 -1 -1.000000 1 0
1319 LN -1 -1 -1 -1.000000 1 1
1320 IN 1321 1324 0 0.500000 3 0
1321 IN 1322 1323 14 0.500000 2 0
1322 LN -1 -1 -1 -1.000000 1 0
1323 LN -1 -1 -1 -1.000000 1 1
1324 IN 1325 1326 14 0.500000 2 0
1325 LN -1 -1 -1 -1.000000 1 0
1326 LN -1 -1 -1 -1.000000 1 0
1327 IN 1328 1331 0 0.500000 3 1
1328 IN 1329 1330 14 0.500000 2 0
1329 LN -1 -1 -1 -1.000000 1 1
1330 LN -1 -1 -1 -1.000000 1 0
1331 IN 1332 1333 7 0.500000 2 1
1332 LN -1 -1 -1 -1.000000 1 1
1333 LN -1 -1 -1 -1.000000 1 1
1334 LN -1 -1 -1 -1.000000 1 0
1335 IN 1336 1363 6 0.500000 7 1
1336 IN 1337 1354 16 0.500000 6 1
1337 IN 1338 1345 10 0.500000 5 1
1338 IN 1339 1340 15 0.500000 4 1
1339 LN -1 -1 -1 -1.000000 1 0
1340 IN 1341 1344 0 0.500000 3 1
1341 IN 1342 1343 7 0.500000 2 1
1342 LN -1 -1 -1 -1.000000 1 1
1343 LN -1 -1 -1 -1.000000 1 0
1344 LN -1 -1 -1 -1.000000 1 1
1345 IN 1346 1351 7 0.500000 4 1
1346 IN 1347 1348 15 0.500000 3 1
1347 LN -1 -1 -1 -1.000000 1 1
1348 IN 1349 1350 0 0.500000 2 0
1349 LN -1 -1 -1 -1.000000 1 1
1350 LN -1 -1 -1 -1.000000 1 0
1351 IN 1352 1353 0 0.500000 2 1
1352 LN -1 -1 -1 -1.000000 1 1
1353 LN -1 -1 -1 -1.000000 1 1
1354 IN 1355 1358 7 0.500000 4 1
1355 IN 1356 1357 0 0.500000 2 1
1356 LN -1 -1 -1 -1.000000 1 1
1357 LN -1 -1 -1 -1.000000 1 1
1358 IN 1359 1360 10 0.500000 3 1
1359 LN -1 -1 -1 -1.000000 1 0
1360 IN 1361 1362 0 0.500000 2 1
1361 LN -1 -1 -1 -1.000000 1 1
1362 LN -1 -1 -1 -1.000000 1 1
1363 IN 1364 1365 0 0.500000 3 0
1364 LN -1 -1 -1 -1.000000 1 0
1365 IN 1366 1367 16 0.500000 2 0
1366 LN -1 -1 -1 -1.000000 1 1
1367 LN -1 -1 -1 -1.000000 1 0
1368 IN 1369 1414 13 0.500000 8 1
1369 IN 1370 1379 15 0.500000 7 1
1370 IN 1371 1376 0 0.500000 4 1
1371 IN 1372 1373 7 0.500000 3 0
1372 LN -1 -1 -1 -1.000000 1 0
1373 IN 1374 1375 10 0.500000 2 0
1374 LN -1 -1 -1 -1.000000 1 1
1375 LN -1 -1 -1 -1.000000 1 0
1376 IN 1377 1378 7 0.500000 2 1
1377 LN -1 -1 -1 -1.000000 1 0
1378 LN -1 -1 -1 -1.000000 1 1
1379 IN 1380 1391 10 0.500000 6 1
1380 IN 1381 1386 14 0.500000 4 0
1381 IN 1382 1383 7 0.500000 3 0
1382 LN -1 -1 -1 -1.000000 1 0
1383 IN 1384 1385 0 0.500000 2 0
1384 LN -1 -1 -1 -1.000000 1 0
1385 LN -1 -1 -1 -1.000000 1 0
1386 IN 1387 1388 0 0.500000 3 0
1387 LN -1 -1 -1 -1.000000 1 0
1388 IN 1389 1390 7 0.500000 2 0
1389 LN -1 -1 -1 -1.000000 1 0
1390 LN -1 -1 -1 -1.000000 1 1
1391 IN 1392 1401 7 0.500000 5 1
1392 IN 1393 1396 14 0.500000 4 1
1393 IN 1394 1395 16 0.500000 2 0
1394 LN -1 -1 -1 -1.000000 1 0
1395 LN -1 -1 -1 -1.000000 1 1
1396 IN 1397 1400 16 0.500000 3 1
1397 IN 1398 1399 0 0.500000 2 1
1398 LN -1 -1 -1 -1.000000 1 1
1399 LN -1 -1 -1 -1.000000 1 1
1400 LN -1 -1 -1 -1.000000 1 1
1401 IN 1402 1407 0 0.500000 4 1
1402 IN 1403 1406 14 0.500000 3 1
1403 IN 1404 1405 16 0.500000 2 1
1404 LN -1 -1 -1 -1.000000 1 1
1405 LN -1 -1 -1 -1.000000 1 1
1406 LN -1 -1 -1 -1.000000 1 1
1407 IN 1408 1411 14 0.500000 3 1
1408 IN 1409 1410 16 0.500000 2 1
1409 LN -1 -1 -1 -1.000000 1 1
1410 LN -1 -1 -1 -1.000000 1 0
1411 IN 1412 1413 16 0.500000 2 1
1412 LN -1 -1 -1 -1.000000 1 1
1413 LN -1 -1 -1 -1.000000 1 0
1414 IN 1415 1440 6 0.500000 7 1
1415 IN 1416 1429 16 0.500000 6 1
1416 IN 1417 1422 10 0.500000 4 1
1417 IN 1418 1419 15 0.500000 3 1
1418 LN -1 -1 -1 -1.000000 1 1
1419 IN 1420 1421 7 0.500000 2 1
1420 LN -1 -1 -1 -1.000000 1 1
1421 LN -1 -1 -1 -1.000000 1 1
1422 IN 1423 1426 15 0.500000 3 1
1423 IN 1424 1425 7 0.500000 2 1
1424 LN -1 -1 -1 -1.000000 1 1
1425 LN -1 -1 -1 -1.000000 1 0
1426 IN 1427 1428 7 0.500000 2 1
1427 LN -1 -1 -1 -1.000000 1 1
1428 LN -1 -1 -1 -1.000000 1 1
1429 IN 1430 1431 0 0.500000 5 1
1430 LN -1 -1 -1 -1.000000 1 1
1431 IN 1432 1435 7 0.500000 4 1
1432 IN 1433 1434 15 0.500000 2 1
1433 LN -1 -1 -1 -1.000000 1 1
1434 LN -1 -1 -1 -1.000000 1 1
1435 IN 1436 1437 10 0.500000 3 1
1436 LN -1 -1 -1 -1.000000 1 1
1437 IN 1438 1439 15 0.500000 2 1
1438 LN -1 -1 -1 -1.000000 1 0
1439 LN -1 -1 -1 -1.000000 1 1
1440 IN 1441 1444 16 0.500000 3 1
1441 IN 1442 1443 10 0.500000 2 1
1442 LN -1 -1 -1 -1.000000 1 1
1443 LN -1 -1 -1 -1.000000 1 1
1444 LN -1 -1 -1 -1.000000 1 1
1445 IN 1446 1615 8 0.500000 12 1
1446 IN 1447 1538 13 0.500000 11 1
1447 IN 1448 1449 5 0.500000 10 1
1448 LN -1 -1 -1 -1.000000 1 0
1449 IN 1450 1499 6 0.500000 9 1
1450 IN 1451 1488 0 0.500000 8 0
1451 IN 1452 1475 16 0.500000 7 0
1452 IN 1453 1460 15 0.500000 6 0
1453 IN 1454 1455 10 0.500000 4 0
1454 LN -1 -1 -1 -1.000000 1 1
1455 IN 1456 1459 14 0.500000 3 0
1456 IN 1457 1458 4 0.500000 2 0
1457 LN -1 -1 -1 -1.000000 1 0
1458 LN -1 -1 -1 -1.000000 1 0
1459 LN -1 -1 -1 -1.000000 1 1
1460 IN 1461 1468 14 0.500000 5 0
1461 IN 1462 1467 4 0.500000 4 0
1462 IN 1463 1464 7 0.500000 3 0
1463 LN -1 -1 -1 -1.000000 1 0
1464 IN 1465 1466 10 0.500000 2 0
1465 LN -1 -1 -1 -1.000000 1 1
1466 LN -1 -1 -1 -1.000000 1 0
1467 LN -1 -1 -1 -1.000000 1 0
1468 IN 1469 1470 7 0.500000 4 0
1469 LN -1 -1 -1 -1.000000 1 0
1470 IN 1471 1474 4 0.500000 3 0
1471 IN 1472 1473 10 0.500000 2 0
1472 LN -1 -1 -1 -1.000000 1 0
1473 LN -1 -1 -1 -1.000000 1 0
1474 LN -1 -1 -1 -1.000000 1 1
1475 IN 1476 1483 4 0.500000 5 1
1476 IN 1477 1478 7 0.500000 4 1
1477 LN -1 -1 -1 -1.000000 1 1
1478 IN 1479 1480 15 0.500000 3 0
1479 LN -1 -1 -1 -1.000000 1 0
1480 IN 1481 1482 10 0.500000 2 1
1481 LN -1 -1 -1 -1.000000 1 0
1482 LN -1 -1 -1 -1.000000 1 1
1483 IN 1484 1485 14 0.500000 3 1
1484 LN -1 -1 -1 -1.000000 1 1
1485 IN 1486 1487 7 0.500000 2 0
1486 LN -1 -1 -1 -1.000000 1 1
1487 LN -1 -1 -1 -1.000000 1 0
1488 IN 1489 1492 14 0.500000 5 1
1489 IN 1490 1491 4 0.500000 2 0
1490 LN -1 -1 -1 -1.000000 1 0
1491 LN -1 -1 -1 -1.000000 1 1
1492 IN 1493 1494 10 0.500000 4 1
1493 LN -1 -1 -1 -1.000000 1 1
1494 IN 1495 1498 16 0.500000 3 0
1495 IN 1496 1497 7 0.500000 2 1
1496 LN -1 -1 -1 -1.000000 1 0
1497 LN -1 -1 -1 -1.000000 1 1
1498 LN -1 -1 -1 -1.000000 1 0
1499 IN 1500 1525 16 0.500000 7 1
1500 IN 1501 1512 4 0.500000 6 1
1501 IN 1502 1511 0 0.500000 5 1
1502 IN 1503 1508 10 0.500000 4 0
1503 IN 1504 1505 15 0.500000 3 0
1504 LN -1 -1 -1 -1.000000 1 0
1505 IN 1506 1507 14 0.500000 2 0
1506 LN -1 -1 -1 -1.000000 1 0
1507 LN -1 -1 -1 -1.000000 1 1
1508 IN 1509 1510 14 0.500000 2 1
1509 LN -1 -1 -1 -1.000000 1 1
1510 LN -1 -1 -1 -1.000000 1 0
1511 LN -1 -1 -1 -1.000000 1 1
1512 IN 1513 1520 10 0.500000 5 1
1513 IN 1514 1515 15 0.500000 4 0
1514 LN -1 -1 -1 -1.000000 1 0
1515 IN 1516 1519 0 0.500000 3 0
1516 IN 1517 1518 14 0.500000 2 1
1517 LN -1 -1 -1 -1.000000 1 1
1518 LN -1 -1 -1 -1.000000 1 1
1519 LN -1 -1 -1 -1.000000 1 0
1520 IN 1521 1522 14 0.500000 3 1
1521 LN -1 -1 -1 -1.000000 1 1
1522 IN 1523 1524 0 0.500000 2 1
1523 LN -1 -1 -1 -1.000000 1 1
1524 LN -1 -1 -1 -1.000000 1 1
1525 IN 1526 1531 4 0.500000 5 1
1526 IN 1527 1528 10 0.500000 3 1
1527 LN -1 -1 -1 -1.000000 1 1
1528 IN 1529 1530 0 0.500000 2 0
1529 LN -1 -1 -1 -1.000000 1 0
1530 LN -1 -1 -1 -1.000000 1 1
1531 IN 1532 1533 10 0.500000 4 1
1532 LN -1 -1 -1 -1.000000 1 1
1533 IN 1534 1535 9 0.500000 3 1
1534 LN -1 -1 -1 -1.000000 1 1
1535 IN 1536 1537 0 0.500000 2 1
1536 LN -1 -1 -1 -1.000000 1 0
1537 LN -1 -1 -1 -1.000000 1 1
1538 IN 1539 1580 4 0.500000 9 1
1539 IN 1540 1561 16 0.500000 8 1
1540 IN 1541 1550 0 0.500000 6 1
1541 IN 1542 1543 9 0.500000 5 0
1542 LN -1 -1 -1 -1.000000 1 0
1543 IN 1544 1545 7 0.500000 4 1
1544 LN -1 -1 -1 -1.000000 1 0
1545 IN 1546 1549 10 0.500000 3 1
1546 IN 1547 1548 6 0.500000 2 1
1547 LN -1 -1 -1 -1.000000 1 1
1548 LN -1 -1 -1 -1.000000 1 1
1549 LN -1 -1 -1 -1.000000 1 0
1550 IN 1551 1556 10 0.500000 4 1
1551 IN 1552 1555 6 0.500000 3 0
1552 IN 1553 1554 15 0.500000 2 1
1553 LN -1 -1 -1 -1.000000 1 1
1554 LN -1 -1 -1 -1.000000 1 0
1555 LN -1 -1 -1 -1.000000 1 0
1556 IN 1557 1558 6 0.500000 3 1
1557 LN -1 -1 -1 -1.000000 1 1
1558 IN 1559 1560 9 0.500000 2 0
1559 LN -1 -1 -1 -1.000000 1 1
1560 LN -1 -1 -1 -1.000000 1 0
1561 IN 1562 1563 5 0.500000 7 0
1562 LN -1 -1 -1 -1.000000 1 0
1563 IN 1564 1565 7 0.500000 6 1
1564 LN -1 -1 -1 -1.000000 1 0
1565 IN 1566 1571 10 0.500000 5 1
1566 IN 1567 1568 0 0.500000 3 0
1567 LN -1 -1 -1 -1.000000 1 1
1568 IN 1569 1570 6 0.500000 2 0
1569 LN -1 -1 -1 -1.000000 1 0
1570 LN -1 -1 -1 -1.000000 1 0
1571 IN 1572 1573 9 0.500000 4 1
1572 LN -1 -1 -1 -1.000000 1 0
1573 IN 1574 1577 6 0.500000 3 1
1574 IN 1575 1576 0 0.500000 2 1
1575 LN -1 -1 -1 -1.000000 1 1
1576 LN -1 -1 -1 -1.000000 1 0
1577 IN 1578 1579 0 0.500000 2 1
1578 LN -1 -1 -1 -1.000000 1 1
1579 LN -1 -1 -1 -1.000000 1 1
1580 IN 1581 1602 6 0.500000 7 1
1581 IN 1582 1589 16 0.500000 6 1
1582 IN 1583 1584 7 0.500000 4 1
1583 LN -1 -1 -1 -1.000000 1 1
1584 IN 1585 1588 10 0.500000 3 1
1585 IN 1586 1587 0 0.500000 2 1
1586 LN -1 -1 -1 -1.000000 1 0
1587 LN -1 -1 -1 -1.000000 1 1
1588 LN -1 -1 -1 -1.000000 1 1
1589 IN 1590 1593 10 0.500000 5 0
1590 IN 1591 1592 0 0.500000 2 0
1591 LN -1 -1 -1 -1.000000 1 0
1592 LN -1 -1 -1 -1.000000 1 1
1593 IN 1594 1595 7 0.500000 4 1
1594 LN -1 -1 -1 -1.000000 1 1
1595 IN 1596 1599 0 0.500000 3 0
1596 IN 1597 1598 9 0.500000 2 0
1597 LN -1 -1 -1 -1.000000 1 0
1598 LN -1 -1 -1 -1.000000 1 1
1599 IN 1600 1601 9 0.500000 2 0
1600 LN -1 -1 -1 -1.000000 1 0
1601 LN -1 -1 -1 -1.000000 1 0
1602 IN 1603 1608 16 0.500000 4 1
1603 IN 1604 1605 9 0.500000 3 1
1604 LN -1 -1 -1 -1.000000 1 1
1605 IN 1606 1607 10 0.500000 2 1
1606 LN -1 -1 -1 -1.000000 1 1
1607 LN -1 -1 -1 -1.000000 1 0
1608 IN 1609 1612 0 0.500000 3 1
1609 IN 1610 1611 9 0.500000 2 0
1610 LN -1 -1 -1 -1.000000 1 1
1611 LN -1 -1 -1 -1.000000 1 0
1612 IN 1613 1614 9 0.500000 2 1
1613 LN -1 -1 -1 -1.000000 1 0
1614 LN -1 -1 -1 -1.000000 1 1
1615 IN 1616 1763 16 0.500000 11 1
1616 IN 1617 1694 4 0.500000 10 1
1617 IN 1618 1627 5 0.500000 9 1
1618 IN 1619 1620 7 0.500000 5 0
1619 LN -1 -1 -1 -1.000000 1 0
1620 IN 1621 1626 10 0.500000 4 0
1621 IN 1622 1625 0 0.500000 3 0
1622 IN 1623 1624 6 0.500000 2 0
1623 LN -1 -1 -1 -1.000000 1 0
1624 LN -1 -1 -1 -1.000000 1 1
1625 LN -1 -1 -1 -1.000000 1 0
1626 LN -1 -1 -1 -1.000000 1 0
1627 IN 1628 1677 13 0.500000 8 1
1628 IN 1629 1660 6 0.500000 7 1
1629 IN 1630 1645 14 0.500000 6 1
1630 IN 1631 1638 10 0.500000 5 0
1631 IN 1632 1633 7 0.500000 4 0
1632 LN -1 -1 -1 -1.000000 1 0
1633 IN 1634 1635 0 0.500000 3 1
1634 LN -1 -1 -1 -1.000000 1 0
1635 IN 1636 1637 15 0.500000 2 1
1636 LN -1 -1 -1 -1.000000 1 0
1637 LN -1 -1 -1 -1.000000 1 1
1638 IN 1639 1642 15 0.500000 3 0
1639 IN 1640 1641 7 0.500000 2 0
1640 LN -1 -1 -1 -1.000000 1 0
1641 LN -1 -1 -1 -1.000000 1 1
1642 IN 1643 1644 0 0.500000 2 0
1643 LN -1 -1 -1 -1.000000 1 0
1644 LN -1 -1 -1 -1.000000 1 0
1645 IN 1646 1653 10 0.500000 5 1
1646 IN 1647 1650 7 0.500000 3 1
1647 IN 1648 1649 0 0.500000 2 1
1648 LN -1 -1 -1 -1.000000 1 1
1649 LN -1 -1 -1 -1.000000 1 1
1650 IN 1651 1652 0 0.500000 2 1
1651 LN -1 -1 -1 -1.000000 1 1
1652 LN -1 -1 -1 -1.000000 1 1
1653 IN 1654 1659 0 0.500000 4 1
1654 IN 1655 1656 7 0.500000 3 1
1655 LN -1 -1 -1 -1.000000 1 0
1656 IN 1657 1658 15 0.500000 2 1
1657 LN -1 -1 -1 -1.000000 1 1
1658 LN -1 -1 -1 -1.000000 1 1
1659 LN -1 -1 -1 -1.000000 1 1
1660 IN 1661 1668 10 0.500000 5 1
1661 IN 1662 1663 15 0.500000 4 1
1662 LN -1 -1 -1 -1.000000 1 0
1663 IN 1664 1667 14 0.500000 3 1
1664 IN 1665 1666 0 0.500000 2 1
1665 LN -1 -1 -1 -1.000000 1 1
1666 LN -1 -1 -1 -1.000000 1 0
1667 LN -1 -1 -1 -1.000000 1 1
1668 IN 1669 1670 15 0.500000 4 1
1669 LN -1 -1 -1 -1.000000 1 1
1670 IN 1671 1674 14 0.500000 3 1
1671 IN 1672 1673 0 0.500000 2 1
1672 LN -1 -1 -1 -1.000000 1 1
1673 LN -1 -1 -1 -1.000000 1 0
1674 IN 1675 1676 0 0.500000 2 1
1675 LN -1 -1 -1 -1.000000 1 1
1676 LN -1 -1 -1 -1.000000 1 0
1677 IN 1678 1685 10 0.500000 6 1
1678 IN 1679 1680 0 0.500000 4 1
1679 LN -1 -1 -1 -1.000000 1 0
1680 IN 1681 1684 6 0.500000 3 1
1681 IN 1682 1683 15 0.500000 2 1
1682 LN -1 -1 -1 -1.000000 1 0
1683 LN -1 -1 -1 -1.000000 1 1
1684 LN -1 -1 -1 -1.000000 1 1
1685 IN 1686 1693 6 0.500000 5 1
1686 IN 1687 1688 7 0.500000 4 1
1687 LN -1 -1 -1 -1.000000 1 1
1688 IN 1689 1690 0 0.500000 3 1
1689 LN -1 -1 -1 -1.000000 1 1
1690 IN 1691 1692 15 0.500000 2 1
1691 LN -1 -1 -1 -1.000000 1 1
1692 LN -1 -1 -1 -1.000000 1 1
1693 LN -1 -1 -1 -1.000000 1 1
1694 IN 1695 1748 13 0.500000 8 1
1695 IN 1696 1725 14 0.500000 7 1
1696 IN 1697 1712 0 0.500000 6 1
1697 IN 1698 1703 10 0.500000 5 1
1698 IN 1699 1700 6 0.500000 3 0
1699 LN -1 -1 -1 -1.000000 1 0
1700 IN 1701 1702 15 0.500000 2 0
1701 LN -1 -1 -1 -1.000000 1 1
1702 LN -1 -1 -1 -1.000000 1 0
1703 IN 1704 1705 7 0.500000 4 1
1704 LN -1 -1 -1 -1.000000 1 1
1705 IN 1706 1709 6 0.500000 3 1
1706 IN 1707 1708 15 0.500000 2 1
1707 LN -1 -1 -1 -1.000000 1 1
1708 LN -1 -1 -1 -1.000000 1 1
1709 IN 1710 1711 15 0.500000 2 1
1710 LN -1 -1 -1 -1.000000 1 0
1711 LN -1 -1 -1 -1.000000 1 1
1712 IN 1713 1716 15 0.500000 5 1
1713 IN 1714 1715 6 0.500000 2 1
1714 LN -1 -1 -1 -1.000000 1 1
1715 LN -1 -1 -1 -1.000000 1 0
1716 IN 1717 1722 10 0.500000 4 1
1717 IN 1718 1719 7 0.500000 3 1
1718 LN -1 -1 -1 -1.000000 1 0
1719 IN 1720 1721 6 0.500000 2 1
1720 LN -1 -1 -1 -1.000000 1 1
1721 LN -1 -1 -1 -1.000000 1 1
1722 IN 1723 1724 6 0.500000 2 1
1723 LN -1 -1 -1 -1.000000 1 1
1724 LN -1 -1 -1 -1.000000 1 1
1725 IN 1726 1737 0 0.500000 6 1
1726 IN 1727 1734 6 0.500000 5 1
1727 IN 1728 1729 7 0.500000 4 1
1728 LN -1 -1 -1 -1.000000 1 1
1729 IN 1730 1731 10 0.500000 3 1
1730 LN -1 -1 -1 -1.000000 1 1
1731 IN 1732 1733 15 0.500000 2 1
1732 LN -1 -1 -1 -1.000000 1 0
1733 LN -1 -1 -1 -1.000000 1 1
1734 IN 1735 1736 15 0.500000 2 1
1735 LN -1 -1 -1 -1.000000 1 0
1736 LN -1 -1 -1 -1.000000 1 1
1737 IN 1738 1745 6 0.500000 4 1
1738 IN 1739 1742 15 0.500000 3 1
1739 IN 1740 1741 10 0.500000 2 1
1740 LN -1 -1 -1 -1.000000 1 0
1741 LN -1 -1 -1 -1.000000 1 1
1742 IN 1743 1744 10 0.500000 2 1
1743 LN -1 -1 -1 -1.000000 1 1
1744 LN -1 -1 -1 -1.000000 1 1
1745 IN 1746 1747 10 0.500000 2 1
1746 LN -1 -1 -1 -1.000000 1 1
1747 LN -1 -1 -1 -1.000000 1 1
1748 IN 1749 1750 11 0.500000 6 1
1749 LN -1 -1 -1 -1.000000 1 1
1750 IN 1751 1754 15 0.500000 5 1
1751 IN 1752 1753 10 0.500000 2 0
1752 LN -1 -1 -1 -1.000000 1 0
1753 LN -1 -1 -1 -1.000000 1 1
1754 IN 1755 1756 0 0.500000 4 1
1755 LN -1 -1 -1 -1.000000 1 1
1756 IN 1757 1760 6 0.500000 3 1
1757 IN 1758 1759 10 0.500000 2 1
1758 LN -1 -1 -1 -1.000000 1 1
1759 LN -1 -1 -1 -1.000000 1 1
1760 IN 1761 1762 10 0.500000 2 1
1761 LN -1 -1 -1 -1.000000 1 1
1762 LN -1 -1 -1 -1.000000 1 1
1763 IN 1764 1797 4 0.500000 9 1
1764 IN 1765 1766 14 0.500000 8 1
1765 LN -1 -1 -1 -1.000000 1 0
1766 IN 1767 1770 5 0.500000 7 1
1767 IN 1768 1769 13 0.500000 2 1
1768 LN -1 -1 -1 -1.000000 1 1
1769 LN -1 -1 -1 -1.000000 1 0
1770 IN 1771 1780 10 0.500000 6 1
1771 IN 1772 1773 0 0.500000 5 1
1772 LN -1 -1 -1 -1.000000 1 1
1773 IN 1774 1779 6 0.500000 4 1
1774 IN 1775 1776 13 0.500000 3 1
1775 LN -1 -1 -1 -1.000000 1 0
1776 IN 1777 1778 15 0.500000 2 1
1777 LN -1 -1 -1 -1.000000 1 1
1778 LN -1 -1 -1 -1.000000 1 1
1779 LN -1 -1 -1 -1.000000 1 1
1780 IN 1781 1788 0 0.500000 5 1
1781 IN 1782 1785 6 0.500000 3 1
1782 IN 1783 1784 13 0.500000 2 0
1783 LN -1 -1 -1 -1.000000 1 0
1784 LN -1 -1 -1 -1.000000 1 1
1785 IN 1786 1787 13 0.500000 2 1
1786 LN -1 -1 -1 -1.000000 1 1
1787 LN -1 -1 -1 -1.000000 1 1
1788 IN 1789 1794 6 0.500000 4 1
1789 IN 1790 1791 7 0.500000 3 1
1790 LN -1 -1 -1 -1.000000 1 1
1791 IN 1792 1793 13 0.500000 2 1
1792 LN -1 -1 -1 -1.000000 1 0
1793 LN -1 -1 -1 -1.000000 1 1
1794 IN 1795 1796 13 0.500000 2 1
1795 LN -1 -1 -1 -1.000000 1 0
1796 LN -1 -1 -1 -1.000000 1 1
1797 IN 1798 1813 6 0.500000 7 1
1798 IN 1799 1800 14 0.500000 6 1
1799 LN -1 -1 -1 -1.000000 1 0
1800 IN 1801 1802 10 0.500000 5 1
1801 LN -1 -1 -1 -1.000000 1 1
1802 IN 1803 1806 7 0.500000 4 1
1803 IN 1804 1805 13 0.500000 2 0
1804 LN -1 -1 -1 -1.000000 1 1
1805 LN -1 -1 -1 -1.000000 1 0
1806 IN 1807 1810 13 0.500000 3 1
1807 IN 1808 1809 0 0.500000 2 1
1808 LN -1 -1 -1 -1.000000 1 1
1809 LN -1 -1 -1 -1.000000 1 1
1810 IN 1811 1812 0 0.500000 2 1
1811 LN -1 -1 -1 -1.000000 1 1
1812 LN -1 -1 -1 -1.000000 1 1
1813 IN 1814 1815 0 0.500000 4 1
1814 LN -1 -1 -1 -1.000000 1 0
1815 IN 1816 1817 13 0.500000 3 1
1816 LN -1 -1 -1 -1.000000 1 1
1817 IN 1818 1819 10 0.500000 2 1
1818 LN -1 -1 -1 -1.000000 1 1
1819 LN -1 -1 -1 -1.000000 1 1
1820 IN 1821 2618 13 0.500000 15 1
1821 IN 1822 2279 1 0.500000 14 1
1822 IN 1823 2124 4 0.500000 13 0
1823 IN 1824 2035 8 0.500000 12 0
1824 IN 1825 1918 9 0.500000 11 0
1825 IN 1826 1877 3 0.500000 9 0
1826 IN 1827 1830 11 0.500000 8 0
1827 IN 1828 1829 2 0.500000 2 0
1828 LN -1 -1 -1 -1.000000 1 0
1829 LN -1 -1 -1 -1.000000 1 1
1830 IN 1831 1852 7 0.500000 7 0
1831 IN 1832 1835 5 0.500000 6 0
1832 IN 1833 1834 14 0.500000 2 0
1833 LN -1 -1 -1 -1.000000 1 0
1834 LN -1 -1 -1 -1.000000 1 0
1835 IN 1836 1845 14 0.500000 5 0
1836 IN 1837 1842 2 0.500000 4 0
1837 IN 1838 1839 15 0.500000 3 0
1838 LN -1 -1 -1 -1.000000 1 0
1839 IN 1840 1841 10 0.500000 2 0
1840 LN -1 -1 -1 -1.000000 1 0
1841 LN -1 -1 -1 -1.000000 1 0
1842 IN 1843 1844 10 0.500000 2 0
1843 LN -1 -1 -1 -1.000000 1 0
1844 LN -1 -1 -1 -1.000000 1 0
1845 IN 1846 1847 15 0.500000 4 0
1846 LN -1 -1 -1 -1.000000 1 0
1847 IN 1848 1849 2 0.500000 3 0
1848 LN -1 -1 -1 -1.000000 1 0
1849 IN 1850 1851 10 0.500000 2 1
1850 LN -1 -1 -1 -1.000000 1 1
1851 LN -1 -1 -1 -1.000000 1 1
1852 IN 1853 1872 16 0.500000 6 0
1853 IN 1854 1859 15 0.500000 5 0
1854 IN 1855 1858 2 0.500000 3 0
1855 IN 1856 1857 14 0.500000 2 0
1856 LN -1 -1 -1 -1.000000 1 0
1857 LN -1 -1 -1 -1.000000 1 0
1858 LN -1 -1 -1 -1.000000 1 0
1859 IN 1860 1865 14 0.500000 4 0
1860 IN 1861 1864 2 0.500000 3 0
1861 IN 1862 1863 10 0.500000 2 0
1862 LN -1 -1 -1 -1.000000 1 0
1863 LN -1 -1 -1 -1.000000 1 0
1864 LN -1 -1 -1 -1.000000 1 0
1865 IN 1866 1869 10 0.500000 3 0
1866 IN 1867 1868 2 0.500000 2 0
1867 LN -1 -1 -1 -1.000000 1 0
1868 LN -1 -1 -1 -1.000000 1 0
1869 IN 1870 1871 2 0.500000 2 0
1870 LN -1 -1 -1 -1.000000 1 0
1871 LN -1 -1 -1 -1.000000 1 1
1872 IN 1873 1874 2 0.500000 3 0
1873 LN -1 -1 -1 -1.000000 1 0
1874 IN 1875 1876 14 0.500000 2 0
1875 LN -1 -1 -1 -1.000000 1 1
1876 LN -1 -1 -1 -1.000000 1 0
1877 IN 1878 1885 15 0.500000 8 0
1878 IN 1879 1880 7 0.500000 4 0
1879 LN -1 -1 -1 -1.000000 1 0
1880 IN 1881 1882 10 0.500000 3 0
1881 LN -1 -1 -1 -1.000000 1 0
1882 IN 1883 1884 6 0.500000 2 0
1883 LN -1 -1 -1 -1.000000 1 1
1884 LN -1 -1 -1 -1.000000 1 0
1885 IN 1886 1899 10 0.500000 7 0
1886 IN 1887 1898 6 0.500000 6 0
1887 IN 1888 1897 16 0.500000 5 0
1888 IN 1889 1894 7 0.500000 4 0
1889 IN 1890 1893 14 0.500000 3 0
1890 IN 1891 1892 2 0.500000 2 0
1891 LN -1 -1 -1 -1.000000 1 0
1892 LN -1 -1 -1 -1.000000 1 1
1893 LN -1 -1 -1 -1.000000 1 0
1894 IN 1895 1896 14 0.500000 2 0
1895 LN -1 -1 -1 -1.000000 1 1
1896 LN -1 -1 -1 -1.000000 1 0
1897 LN -1 -1 -1 -1.000000 1 0
1898 LN -1 -1 -1 -1.000000 1 1
1899 IN 1900 1915 6 0.500000 6 1
1900 IN 1901 1906 14 0.500000 5 0
1901 IN 1902 1905 2 0.500000 3 0
1902 IN 1903 1904 7 0.500000 2 0
1903 LN -1 -1 -1 -1.000000 1 0
1904 LN -1 -1 -1 -1.000000 1 1
1905 LN -1 -1 -1 -1.000000 1 0
1906 IN 1907 1912 7 0.500000 4 1
1907 IN 1908 1909 2 0.500000 3 1
1908 LN -1 -1 -1 -1.000000 1 1
1909 IN 1910 1911 16 0.500000 2 0
1910 LN -1 -1 -1 -1.000000 1 0
1911 LN -1 -1 -1 -1.000000 1 1
1912 IN 1913 1914 2 0.500000 2 0
1913 LN -1 -1 -1 -1.000000 1 0
1914 LN -1 -1 -1 -1.000000 1 1
1915 IN 1916 1917 14 0.500000 2 1
1916 LN -1 -1 -1 -1.000000 1 1
1917 LN -1 -1 -1 -1.000000 1 0
1918 IN 1919 1966 10 0.500000 10 0
1919 IN 1920 1935 15 0.500000 8 0
1920 IN 1921 1922 5 0.500000 6 0
1921 LN -1 -1 -1 -1.000000 1 0
1922 IN 1923 1930 3 0.500000 5 0
1923 IN 1924 1929 14 0.500000 4 0
1924 IN 1925 1926 2 0.500000 3 0
1925 LN -1 -1 -1 -1.000000 1 0
1926 IN 1927 1928 11 0.500000 2 0
1927 LN -1 -1 -1 -1.000000 1 0
1928 LN -1 -1 -1 -1.000000 1 0
1929 LN -1 -1 -1 -1.000000 1 0
1930 IN 1931 1934 2 0.500000 3 0
1931 IN 1932 1933 6 0.500000 2 0
1932 LN -1 -1 -1 -1.000000 1 0
1933 LN -1 -1 -1 -1.000000 1 0
1934 LN -1 -1 -1 -1.000000 1 0
1935 IN 1936 1937 5 0.500000 7 0
1936 LN -1 -1 -1 -1.000000 1 0
1937 IN 1938 1961 6 0.500000 6 0
1938 IN 1939 1952 3 0.500000 5 0
1939 IN 1940 1947 7 0.500000 4 0
1940 IN 1941 1944 14 0.500000 3 0
1941 IN 1942 1943 2 0.500000 2 0
1942 LN -1 -1 -1 -1.000000 1 0
1943 LN -1 -1 -1 -1.000000 1 0
1944 IN 1945 1946 2 0.500000 2 0
1945 LN -1 -1 -1 -1.000000 1 0
1946 LN -1 -1 -1 -1.000000 1 1
1947 IN 1948 1949 2 0.500000 3 0
1948 LN -1 -1 -1 -1.000000 1 0
1949 IN 1950 1951 14 0.500000 2 0
1950 LN -1 -1 -1 -1.000000 1 1
1951 LN -1 -1 -1 -1.000000 1 0
1952 IN 1953 1960 14 0.500000 4 0
1953 IN 1954 1957 2 0.500000 3 0
1954 IN 1955 1956 7 0.500000 2 0
1955 LN -1 -1 -1 -1.000000 1 1
1956 LN -1 -1 -1 -1.000000 1 0
1957 IN 1958 1959 7 0.500000 2 0
1958 LN -1 -1 -1 -1.000000 1 1
1959 LN -1 -1 -1 -1.000000 1 0
1960 LN -1 -1 -1 -1.000000 1 0
1961 IN 1962 1965 14 0.500000 3 1
1962 IN 1963 1964 2 0.500000 2 1
1963 LN -1 -1 -1 -1.000000 1 0
1964 LN -1 -1 -1 -1.000000 1 1
1965 LN -1 -1 -1 -1.000000 1 1
1966 IN 1967 1990 3 0.500000 9 0
1967 IN 1968 1989 16 0.500000 7 0
1968 IN 1969 1984 14 0.500000 6 0
1969 IN 1970 1971 5 0.500000 5 0
1970 LN -1 -1 -1 -1.000000 1 0
1971 IN 1972 1977 2 0.500000 4 0
1972 IN 1973 1976 15 0.500000 3 1
1973 IN 1974 1975 7 0.500000 2 1
1974 LN -1 -1 -1 -1.000000 1 0
1975 LN -1 -1 -1 -1.000000 1 1
1976 LN -1 -1 -1 -1.000000 1 0
1977 IN 1978 1981 7 0.500000 3 0
1978 IN 1979 1980 15 0.500000 2 0
1979 LN -1 -1 -1 -1.000000 1 0
1980 LN -1 -1 -1 -1.000000 1 0
1981 IN 1982 1983 15 0.500000 2 0
1982 LN -1 -1 -1 -1.000000 1 1
1983 LN -1 -1 -1 -1.000000 1 0
1984 IN 1985 1988 7 0.500000 3 1
1985 IN 1986 1987 2 0.500000 2 1
1986 LN -1 -1 -1 -1.000000 1 0
1987 LN -1 -1 -1 -1.000000 1 1
1988 LN -1 -1 -1 -1.000000 1 1
1989 LN -1 -1 -1 -1.000000 1 1
1990 IN 1991 2004 15 0.500000 8 0
1991 IN 1992 2003 16 0.500000 7 0
1992 IN 1993 1994 7 0.500000 6 0
1993 LN -1 -1 -1 -1.000000 1 0
1994 IN 1995 2002 14 0.500000 5 0
1995 IN 1996 1997 5 0.500000 4 0
1996 LN -1 -1 -1 -1.000000 1 0
1997 IN 1998 1999 6 0.500000 3 0
1998 LN -1 -1 -1 -1.000000 1 0
1999 IN 2000 2001 2 0.500000 2 1
2000 LN -1 -1 -1 -1.000000 1 0
2001 LN -1 -1 -1 -1.000000 1 1
2002 LN -1 -1 -1 -1.000000 1 0
2003 LN -1 -1 -1 -1.000000 1 0
2004 IN 2005 2018 14 0.500000 7 0
2005 IN 2006 2015 6 0.500000 5 0
2006 IN 2007 2010 7 0.500000 4 0
2007 IN 2008 2009 2 0.500000 2 0
2008 LN -1 -1 -1 -1.000000 1 0
2009 LN -1 -1 -1 -1.000000 1 0
2010 IN 2011 2014 2 0.500000 3 0
2011 IN 2012 2013 5 0.500000 2 0
2012 LN -1 -1 -1 -1.000000 1 0
2013 LN -1 -1 -1 -1.000000 1 1
2014 LN -1 -1 -1 -1.000000 1 0
2015 IN 2016 2017 2 0.500000 2 0
2016 LN -1 -1 -1 -1.000000 1 0
2017 LN -1 -1 -1 -1.000000 1 0
2018 IN 2019 2024 7 0.500000 6 0
2019 IN 2020 2021 5 0.500000 3 1
2020 LN -1 -1 -1 -1.000000 1 1
2021 IN 2022 2023 16 0.500000 2 0
2022 LN -1 -1 -1 -1.000000 1 0
2023 LN -1 -1 -1 -1.000000 1 1
2024 IN 2025 2026 5 0.500000 5 0
2025 LN -1 -1 -1 -1.000000 1 0
2026 IN 2027 2034 16 0.500000 4 0
2027 IN 2028 2031 2 0.500000 3 0
2028 IN 2029 2030 6 0.500000 2 1
2029 LN -1 -1 -1 -1.000000 1 1
2030 LN -1 -1 -1 -1.000000 1 0
2031 IN 2032 2033 6 0.500000 2 0
2032 LN -1 -1 -1 -1.000000 1 0
2033 LN -1 -1 -1 -1.000000 1 0
2034 LN -1 -1 -1 -1.000000 1 0
2035 IN 2036 2075 15 0.500000 11 0
2036 IN 2037 2074 14 0.500000 10 0
2037 IN 2038 2039 11 0.500000 9 0
2038 LN -1 -1 -1 -1.000000 1 1
2039 IN 2040 2073 16 0.500000 8 0
2040 IN 2041 2048 7 0.500000 7 0
2041 IN 2042 2043 5 0.500000 4 0
2042 LN -1 -1 -1 -1.000000 1 0
2043 IN 2044 2045 2 0.500000 3 0
2044 LN -1 -1 -1 -1.000000 1 0
2045 IN 2046 2047 3 0.500000 2 0
2046 LN -1 -1 -1 -1.000000 1 1
2047 LN -1 -1 -1 -1.000000 1 0
2048 IN 2049 2060 10 0.500000 6 0
2049 IN 2050 2051 5 0.500000 5 0
2050 LN -1 -1 -1 -1.000000 1 0
2051 IN 2052 2055 3 0.500000 4 0
2052 IN 2053 2054 2 0.500000 2 0
2053 LN -1 -1 -1 -1.000000 1 0
2054 LN -1 -1 -1 -1.000000 1 1
2055 IN 2056 2057 2 0.500000 3 0
2056 LN -1 -1 -1 -1.000000 1 0
2057 IN 2058 2059 6 0.500000 2 0
2058 LN -1 -1 -1 -1.000000 1 0
2059 LN -1 -1 -1 -1.000000 1 0
2060 IN 2061 2066 2 0.500000 4 0
2061 IN 2062 2063 3 0.500000 3 0
2062 LN -1 -1 -1 -1.000000 1 0
2063 IN 2064 2065 5 0.500000 2 0
2064 LN -1 -1 -1 -1.000000 1 0
2065 LN -1 -1 -1 -1.000000 1 0
2066 IN 2067 2070 3 0.500000 3 0
2067 IN 2068 2069 5 0.500000 2 0
2068 LN -1 -1 -1 -1.000000 1 0
2069 LN -1 -1 -1 -1.000000 1 0
2070 IN 2071 2072 6 0.500000 2 0
2071 LN -1 -1 -1 -1.000000 1 0
2072 LN -1 -1 -1 -1.000000 1 0
2073 LN -1 -1 -1 -1.000000 1 1
2074 LN -1 -1 -1 -1.000000 1 1
2075 IN 2076 2093 7 0.500000 9 1
2076 IN 2077 2082 10 0.500000 5 0
2077 IN 2078 2079 3 0.500000 3 0
2078 LN -1 -1 -1 -1.000000 1 0
2079 IN 2080 2081 5 0.500000 2 0
2080 LN -1 -1 -1 -1.000000 1 1
2081 LN -1 -1 -1 -1.000000 1 0
2082 IN 2083 2088 5 0.500000 4 0
2083 IN 2084 2087 3 0.500000 3 0
2084 IN 2085 2086 14 0.500000 2 0
2085 LN -1 -1 -1 -1.000000 1 0
2086 LN -1 -1 -1 -1.000000 1 0
2087 LN -1 -1 -1 -1.000000 1 0
2088 IN 2089 2090 2 0.500000 3 0
2089 LN -1 -1 -1 -1.000000 1 0
2090 IN 2091 2092 3 0.500000 2 0
2091 LN -1 -1 -1 -1.000000 1 0
2092 LN -1 -1 -1 -1.000000 1 1
2093 IN 2094 2099 2 0.500000 8 1
2094 IN 2095 2096 10 0.500000 3 0
2095 LN -1 -1 -1 -1.000000 1 1
2096 IN 2097 2098 5 0.500000 2 0
2097 LN -1 -1 -1 -1.000000 1 0
2098 LN -1 -1 -1 -1.000000 1 0
2099 IN 2100 2111 3 0.500000 7 1
2100 IN 2101 2110 14 0.500000 5 0
2101 IN 2102 2105 5 0.500000 4 1
2102 IN 2103 2104 10 0.500000 2 1
2103 LN -1 -1 -1 -1.000000 1 0
2104 LN -1 -1 -1 -1.000000 1 1
2105 IN 2106 2109 16 0.500000 3 1
2106 IN 2107 2108 10 0.500000 2 0
2107 LN -1 -1 -1 -1.000000 1 0
2108 LN -1 -1 -1 -1.000000 1 1
2109 LN -1 -1 -1 -1.000000 1 1
2110 LN -1 -1 -1 -1.000000 1 0
2111 IN 2112 2123 16 0.500000 6 1
2112 IN 2113 2120 10 0.500000 5 1
2113 IN 2114 2119 6 0.500000 4 1
2114 IN 2115 2116 14 0.500000 3 1
2115 LN -1 -1 -1 -1.000000 1 1
2116 IN 2117 2118 5 0.500000 2 1
2117 LN -1 -1 -1 -1.000000 1 1
2118 LN -1 -1 -1 -1.000000 1 0
2119 LN -1 -1 -1 -1.000000 1 1
2120 IN 2121 2122 14 0.500000 2 1
2121 LN -1 -1 -1 -1.000000 1 1
2122 LN -1 -1 -1 -1.000000 1 1
2123 LN -1 -1 -1 -1.000000 1 1
2124 IN 2125 2228 14 0.500000 11 0
2125 IN 2126 2127 11 0.500000 10 0
2126 LN -1 -1 -1 -1.000000 1 0
2127 IN 2128 2197 6 0.500000 9 0
2128 IN 2129 2158 7 0.500000 8 0
2129 IN 2130 2137 10 0.500000 7 0
2130 IN 2131 2136 9 0.500000 4 0
2131 IN 2132 2133 15 0.500000 3 0
2132 LN -1 -1 -1 -1.000000 1 0
2133 IN 2134 2135 2 0.500000 2 0
2134 LN -1 -1 -1 -1.000000 1 0
2135 LN -1 -1 -1 -1.000000 1 1
2136 LN -1 -1 -1 -1.000000 1 0
2137 IN 2138 2143 15 0.500000 6 0
2138 IN 2139 2142 9 0.500000 3 0
2139 IN 2140 2141 3 0.500000 2 0
2140 LN -1 -1 -1 -1.000000 1 0
2141 LN -1 -1 -1 -1.000000 1 0
2142 LN -1 -1 -1 -1.000000 1 0
2143 IN 2144 2149 9 0.500000 5 0
2144 IN 2145 2148 3 0.500000 3 0
2145 IN 2146 2147 2 0.500000 2 0
2146 LN -1 -1 -1 -1.000000 1 0
2147 LN -1 -1 -1 -1.000000 1 0
2148 LN -1 -1 -1 -1.000000 1 0
2149 IN 2150 2155 2 0.500000 4 0
2150 IN 2151 2154 3 0.500000 3 0
2151 IN 2152 2153 16 0.500000 2 0
2152 LN -1 -1 -1 -1.000000 1 0
2153 LN -1 -1 -1 -1.000000 1 1
2154 LN -1 -1 -1 -1.000000 1 0
2155 IN 2156 2157 3 0.500000 2 0
2156 LN -1 -1 -1 -1.000000 1 0
2157 LN -1 -1 -1 -1.000000 1 0
2158 IN 2159 2168 9 0.500000 7 0
2159 IN 2160 2163 15 0.500000 4 0
2160 IN 2161 2162 3 0.500000 2 1
2161 LN -1 -1 -1 -1.000000 1 1
2162 LN -1 -1 -1 -1.000000 1 0
2163 IN 2164 2167 3 0.500000 3 0
2164 IN 2165 2166 10 0.500000 2 0
2165 LN -1 -1 -1 -1.000000 1 0
2166 LN -1 -1 -1 -1.000000 1 0
2167 LN -1 -1 -1 -1.000000 1 1
2168 IN 2169 2188 8 0.500000 6 0
2169 IN 2170 2177 3 0.500000 5 0
2170 IN 2171 2172 15 0.500000 4 0
2171 LN -1 -1 -1 -1.000000 1 0
2172 IN 2173 2174 2 0.500000 3 0
2173 LN -1 -1 -1 -1.000000 1 0
2174 IN 2175 2176 10 0.500000 2 1
2175 LN -1 -1 -1 -1.000000 1 1
2176 LN -1 -1 -1 -1.000000 1 1
2177 IN 2178 2183 15 0.500000 4 0
2178 IN 2179 2182 2 0.500000 3 0
2179 IN 2180 2181 10 0.500000 2 0
2180 LN -1 -1 -1 -1.000000 1 0
2181 LN -1 -1 -1 -1.000000 1 0
2182 LN -1 -1 -1 -1.000000 1 1
2183 IN 2184 2185 10 0.500000 3 0
2184 LN -1 -1 -1 -1.000000 1 0
2185 IN 2186 2187 2 0.500000 2 1
2186 LN -1 -1 -1 -1.000000 1 0
2187 LN -1 -1 -1 -1.000000 1 1
2188 IN 2189 2192 3 0.500000 4 0
2189 IN 2190 2191 15 0.500000 2 0
2190 LN -1 -1 -1 -1.000000 1 0
2191 LN -1 -1 -1 -1.000000 1 0
2192 IN 2193 2194 10 0.500000 3 0
2193 LN -1 -1 -1 -1.000000 1 0
2194 IN 2195 2196 15 0.500000 2 0
2195 LN -1 -1 -1 -1.000000 1 1
2196 LN -1 -1 -1 -1.000000 1 0
2197 IN 2198 2221 8 0.500000 7 0
2198 IN 2199 2206 10 0.500000 6 1
2199 IN 2200 2201 15 0.500000 4 0
2200 LN -1 -1 -1 -1.000000 1 0
2201 IN 2202 2203 9 0.500000 3 0
2202 LN -1 -1 -1 -1.000000 1 0
2203 IN 2204 2205 2 0.500000 2 0
2204 LN -1 -1 -1 -1.000000 1 0
2205 LN -1 -1 -1 -1.000000 1 1
2206 IN 2207 2208 3 0.500000 5 1
2207 LN -1 -1 -1 -1.000000 1 0
2208 IN 2209 2214 9 0.500000 4 1
2209 IN 2210 2211 15 0.500000 3 1
2210 LN -1 -1 -1 -1.000000 1 1
2211 IN 2212 2213 2 0.500000 2 1
2212 LN -1 -1 -1 -1.000000 1 0
2213 LN -1 -1 -1 -1.000000 1 1
2214 IN 2215 2218 2 0.500000 3 1
2215 IN 2216 2217 15 0.500000 2 1
2216 LN -1 -1 -1 -1.000000 1 0
2217 LN -1 -1 -1 -1.000000 1 1
2218 IN 2219 2220 15 0.500000 2 1
2219 LN -1 -1 -1 -1.000000 1 1
2220 LN -1 -1 -1 -1.000000 1 1
2221 IN 2222 2223 3 0.500000 4 0
2222 LN -1 -1 -1 -1.000000 1 1
2223 IN 2224 2225 10 0.500000 3 0
2224 LN -1 -1 -1 -1.000000 1 1
2225 IN 2226 2227 2 0.500000 2 0
2226 LN -1 -1 -1 -1.000000 1 0
2227 LN -1 -1 -1 -1.000000 1 0
2228 IN 2229 2246 9 0.500000 10 0
2229 IN 2230 2233 15 0.500000 7 0
2230 IN 2231 2232 10 0.500000 2 1
2231 LN -1 -1 -1 -1.000000 1 0
2232 LN -1 -1 -1 -1.000000 1 1
2233 IN 2234 2245 3 0.500000 6 0
2234 IN 2235 2242 7 0.500000 5 0
2235 IN 2236 2241 16 0.500000 4 0
2236 IN 2237 2238 10 0.500000 3 0
2237 LN -1 -1 -1 -1.000000 1 0
2238 IN 2239 2240 2 0.500000 2 0
2239 LN -1 -1 -1 -1.000000 1 0
2240 LN -1 -1 -1 -1.000000 1 0
2241 LN -1 -1 -1 -1.000000 1 0
2242 IN 2243 2244 6 0.500000 2 0
2243 LN -1 -1 -1 -1.000000 1 0
2244 LN -1 -1 -1 -1.000000 1 1
2245 LN -1 -1 -1 -1.000000 1 1
2246 IN 2247 2250 15 0.500000 9 0
2247 IN 2248 2249 7 0.500000 2 0
2248 LN -1 -1 -1 -1.000000 1 1
2249 LN -1 -1 -1 -1.000000 1 0
2250 IN 2251 2278 6 0.500000 8 0
2251 IN 2252 2261 7 0.500000 7 0
2252 IN 2253 2256 10 0.500000 4 0
2253 IN 2254 2255 3 0.500000 2 0
2254 LN -1 -1 -1 -1.000000 1 1
2255 LN -1 -1 -1 -1.000000 1 0
2256 IN 2257 2258 3 0.500000 3 0
2257 LN -1 -1 -1 -1.000000 1 1
2258 IN 2259 2260 16 0.500000 2 0
2259 LN -1 -1 -1 -1.000000 1 0
2260 LN -1 -1 -1 -1.000000 1 1
2261 IN 2262 2263 2 0.500000 6 0
2262 LN -1 -1 -1 -1.000000 1 1
2263 IN 2264 2275 16 0.500000 5 0
2264 IN 2265 2270 10 0.500000 4 0
2265 IN 2266 2267 8 0.500000 3 0
2266 LN -1 -1 -1 -1.000000 1 0
2267 IN 2268 2269 3 0.500000 2 0
2268 LN -1 -1 -1 -1.000000 1 0
2269 LN -1 -1 -1 -1.000000 1 1
2270 IN 2271 2274 8 0.500000 3 0
2271 IN 2272 2273 3 0.500000 2 1
2272 LN -1 -1 -1 -1.000000 1 0
2273 LN -1 -1 -1 -1.000000 1 1
2274 LN -1 -1 -1 -1.000000 1 0
2275 IN 2276 2277 8 0.500000 2 0
2276 LN -1 -1 -1 -1.000000 1 0
2277 LN -1 -1 -1 -1.000000 1 1
2278 LN -1 -1 -1 -1.000000 1 1
2279 IN 2280 2473 3 0.500000 12 1
2280 IN 2281 2358 10 0.500000 11 1
2281 IN 2282 2293 5 0.500000 10 1
2282 IN 2283 2286 15 0.500000 4 0
2283 IN 2284 2285 14 0.500000 2 0
2284 LN -1 -1 -1 -1.000000 1 0
2285 LN -1 -1 -1 -1.000000 1 1
2286 IN 2287 2290 7 0.500000 3 0
2287 IN 2288 2289 14 0.500000 2 1
2288 LN -1 -1 -1 -1.000000 1 1
2289 LN -1 -1 -1 -1.000000 1 0
2290 IN 2291 2292 0 0.500000 2 0
2291 LN -1 -1 -1 -1.000000 1 0
2292 LN -1 -1 -1 -1.000000 1 1
2293 IN 2294 2337 4 0.500000 9 1
2294 IN 2295 2336 6 0.500000 8 1
2295 IN 2296 2299 9 0.500000 7 1
2296 IN 2297 2298 16 0.500000 2 0
2297 LN -1 -1 -1 -1.000000 1 0
2298 LN -1 -1 -1 -1.000000 1 0
2299 IN 2300 2313 8 0.500000 6 1
2300 IN 2301 2312 16 0.500000 5 1
2301 IN 2302 2307 14 0.500000 4 1
2302 IN 2303 2304 15 0.500000 3 1
2303 LN -1 -1 -1 -1.000000 1 1
2304 IN 2305 2306 0 0.500000 2 0
2305 LN -1 -1 -1 -1.000000 1 0
2306 LN -1 -1 -1 -1.000000 1 0
2307 IN 2308 2311 0 0.500000 3 0
2308 IN 2309 2310 15 0.500000 2 1
2309 LN -1 -1 -1 -1.000000 1 1
2310 LN -1 -1 -1 -1.000000 1 0
2311 LN -1 -1 -1 -1.000000 1 0
2312 LN -1 -1 -1 -1.000000 1 1
2313 IN 2314 2323 15 0.500000 5 0
2314 IN 2315 2322 14 0.500000 4 0
2315 IN 2316 2319 7 0.500000 3 1
2316 IN 2317 2318 11 0.500000 2 0
2317 LN -1 -1 -1 -1.000000 1 1
2318 LN -1 -1 -1 -1.000000 1 0
2319 IN 2320 2321 16 0.500000 2 1
2320 LN -1 -1 -1 -1.000000 1 0
2321 LN -1 -1 -1 -1.000000 1 1
2322 LN -1 -1 -1 -1.000000 1 0
2323 IN 2324 2329 7 0.500000 4 0
2324 IN 2325 2326 14 0.500000 3 0
2325 LN -1 -1 -1 -1.000000 1 0
2326 IN 2327 2328 0 0.500000 2 0
2327 LN -1 -1 -1 -1.000000 1 1
2328 LN -1 -1 -1 -1.000000 1 0
2329 IN 2330 2333 14 0.500000 3 0
2330 IN 2331 2332 0 0.500000 2 0
2331 LN -1 -1 -1 -1.000000 1 0
2332 LN -1 -1 -1 -1.000000 1 1
2333 IN 2334 2335 0 0.500000 2 1
2334 LN -1 -1 -1 -1.000000 1 1
2335 LN -1 -1 -1 -1.000000 1 1
2336 LN -1 -1 -1 -1.000000 1 1
2337 IN 2338 2351 14 0.500000 6 1
2338 IN 2339 2342 8 0.500000 5 1
2339 IN 2340 2341 9 0.500000 2 1
2340 LN -1 -1 -1 -1.000000 1 0
2341 LN -1 -1 -1 -1.000000 1 1
2342 IN 2343 2346 15 0.500000 4 0
2343 IN 2344 2345 7 0.500000 2 0
2344 LN -1 -1 -1 -1.000000 1 0
2345 LN -1 -1 -1 -1.000000 1 0
2346 IN 2347 2348 0 0.500000 3 0
2347 LN -1 -1 -1 -1.000000 1 0
2348 IN 2349 2350 7 0.500000 2 1
2349 LN -1 -1 -1 -1.000000 1 1
2350 LN -1 -1 -1 -1.000000 1 0
2351 IN 2352 2353 0 0.500000 4 1
2352 LN -1 -1 -1 -1.000000 1 1
2353 IN 2354 2355 8 0.500000 3 1
2354 LN -1 -1 -1 -1.000000 1 1
2355 IN 2356 2357 6 0.500000 2 1
2356 LN -1 -1 -1 -1.000000 1 1
2357 LN -1 -1 -1 -1.000000 1 0
2358 IN 2359 2374 5 0.500000 10 1
2359 IN 2360 2367 0 0.500000 5 0
2360 IN 2361 2362 7 0.500000 4 1
2361 LN -1 -1 -1 -1.000000 1 1
2362 IN 2363 2364 14 0.500000 3 0
2363 LN -1 -1 -1 -1.000000 1 1
2364 IN 2365 2366 16 0.500000 2 0
2365 LN -1 -1 -1 -1.000000 1 0
2366 LN -1 -1 -1 -1.000000 1 1
2367 IN 2368 2373 7 0.500000 4 0
2368 IN 2369 2370 14 0.500000 3 0
2369 LN -1 -1 -1 -1.000000 1 0
2370 IN 2371 2372 15 0.500000 2 0
2371 LN -1 -1 -1 -1.000000 1 0
2372 LN -1 -1 -1 -1.000000 1 1
2373 LN -1 -1 -1 -1.000000 1 1
2374 IN 2375 2424 0 0.500000 9 1
2375 IN 2376 2407 8 0.500000 8 1
2376 IN 2377 2378 15 0.500000 7 1
2377 LN -1 -1 -1 -1.000000 1 1
2378 IN 2379 2392 14 0.500000 6 1
2379 IN 2380 2383 9 0.500000 5 1
2380 IN 2381 2382 4 0.500000 2 0
2381 LN -1 -1 -1 -1.000000 1 0
2382 LN -1 -1 -1 -1.000000 1 1
2383 IN 2384 2387 7 0.500000 4 1
2384 IN 2385 2386 4 0.500000 2 1
2385 LN -1 -1 -1 -1.000000 1 0
2386 LN -1 -1 -1 -1.000000 1 1
2387 IN 2388 2391 16 0.500000 3 1
2388 IN 2389 2390 4 0.500000 2 1
2389 LN -1 -1 -1 -1.000000 1 1
2390 LN -1 -1 -1 -1.000000 1 0
2391 LN -1 -1 -1 -1.000000 1 1
2392 IN 2393 2398 4 0.500000 5 1
2393 IN 2394 2395 9 0.500000 3 1
2394 LN -1 -1 -1 -1.000000 1 0
2395 IN 2396 2397 16 0.500000 2 1
2396 LN -1 -1 -1 -1.000000 1 1
2397 LN -1 -1 -1 -1.000000 1 1
2398 IN 2399 2402 7 0.500000 4 1
2399 IN 2400 2401 9 0.500000 2 0
2400 LN -1 -1 -1 -1.000000 1 0
2401 LN -1 -1 -1 -1.000000 1 1
2402 IN 2403 2404 9 0.500000 3 1
2403 LN -1 -1 -1 -1.000000 1 1
2404 IN 2405 2406 16 0.500000 2 1
2405 LN -1 -1 -1 -1.000000 1 1
2406 LN -1 -1 -1 -1.000000 1 1
2407 IN 2408 2415 7 0.500000 6 0
2408 IN 2409 2414 16 0.500000 4 0
2409 IN 2410 2411 15 0.500000 3 0
2410 LN -1 -1 -1 -1.000000 1 0
2411 IN 2412 2413 14 0.500000 2 0
2412 LN -1 -1 -1 -1.000000 1 0
2413 LN -1 -1 -1 -1.000000 1 1
2414 LN -1 -1 -1 -1.000000 1 0
2415 IN 2416 2423 4 0.500000 5 0
2416 IN 2417 2418 15 0.500000 4 0
2417 LN -1 -1 -1 -1.000000 1 0
2418 IN 2419 2422 14 0.500000 3 0
2419 IN 2420 2421 6 0.500000 2 1
2420 LN -1 -1 -1 -1.000000 1 1
2421 LN -1 -1 -1 -1.000000 1 0
2422 LN -1 -1 -1 -1.000000 1 0
2423 LN -1 -1 -1 -1.000000 1 0
2424 IN 2425 2440 7 0.500000 8 1
2425 IN 2426 2439 16 0.500000 6 1
2426 IN 2427 2432 4 0.500000 5 1
2427 IN 2428 2429 14 0.500000 3 1
2428 LN -1 -1 -1 -1.000000 1 1
2429 IN 2430 2431 8 0.500000 2 1
2430 LN -1 -1 -1 -1.000000 1 1
2431 LN -1 -1 -1 -1.000000 1 1
2432 IN 2433 2434 8 0.500000 4 1
2433 LN -1 -1 -1 -1.000000 1 1
2434 IN 2435 2436 15 0.500000 3 1
2435 LN -1 -1 -1 -1.000000 1 1
2436 IN 2437 2438 14 0.500000 2 1
2437 LN -1 -1 -1 -1.000000 1 1
2438 LN -1 -1 -1 -1.000000 1 1
2439 LN -1 -1 -1 -1.000000 1 1
2440 IN 2441 2456 4 0.500000 7 1
2441 IN 2442 2451 16 0.500000 6 1
2442 IN 2443 2444 15 0.500000 5 1
2443 LN -1 -1 -1 -1.000000 1 1
2444 IN 2445 2446 8 0.500000 4 1
2445 LN -1 -1 -1 -1.000000 1 1
2446 IN 2447 2450 14 0.500000 3 1
2447 IN 2448 2449 6 0.500000 2 1
2448 LN -1 -1 -1 -1.000000 1 1
2449 LN -1 -1 -1 -1.000000 1 1
2450 LN -1 -1 -1 -1.000000 1 1
2451 IN 2452 2453 15 0.500000 3 1
2452 LN -1 -1 -1 -1.000000 1 1
2453 IN 2454 2455 6 0.500000 2 1
2454 LN -1 -1 -1 -1.000000 1 1
2455 LN -1 -1 -1 -1.000000 1 0
2456 IN 2457 2458 8 0.500000 6 1
2457 LN -1 -1 -1 -1.000000 1 1
2458 IN 2459 2460 15 0.500000 5 1
2459 LN -1 -1 -1 -1.000000 1 0
2460 IN 2461 2468 16 0.500000 4 1
2461 IN 2462 2465 14 0.500000 3 1
2462 IN 2463 2464 6 0.500000 2 1
2463 LN -1 -1 -1 -1.000000 1 1
2464 LN -1 -1 -1 -1.000000 1 0
2465 IN 2466 2467 6 0.500000 2 1
2466 LN -1 -1 -1 -1.000000 1 1
2467 LN -1 -1 -1 -1.000000 1 1
2468 IN 2469 2472 6 0.500000 3 1
2469 IN 2470 2471 14 0.500000 2 1
2470 LN -1 -1 -1 -1.000000 1 0
2471 LN -1 -1 -1 -1.000000 1 1
2472 LN -1 -1 -1 -1.000000 1 1
2473 IN 2474 2525 8 0.500000 10 1
2474 IN 2475 2504 0 0.500000 8 1
2475 IN 2476 2481 7 0.500000 7 1
2476 IN 2477 2478 4 0.500000 3 1
2477 LN -1 -1 -1 -1.000000 1 1
2478 IN 2479 2480 10 0.500000 2 0
2479 LN -1 -1 -1 -1.000000 1 1
2480 LN -1 -1 -1 -1.000000 1 0
2481 IN 2482 2489 14 0.500000 6 1
2482 IN 2483 2486 16 0.500000 3 1
2483 IN 2484 2485 4 0.500000 2 1
2484 LN -1 -1 -1 -1.000000 1 0
2485 LN -1 -1 -1 -1.000000 1 1
2486 IN 2487 2488 6 0.500000 2 1
2487 LN -1 -1 -1 -1.000000 1 0
2488 LN -1 -1 -1 -1.000000 1 1
2489 IN 2490 2499 16 0.500000 5 1
2490 IN 2491 2496 4 0.500000 4 1
2491 IN 2492 2495 10 0.500000 3 1
2492 IN 2493 2494 6 0.500000 2 1
2493 LN -1 -1 -1 -1.000000 1 1
2494 LN -1 -1 -1 -1.000000 1 0
2495 LN -1 -1 -1 -1.000000 1 0
2496 IN 2497 2498 10 0.500000 2 1
2497 LN -1 -1 -1 -1.000000 1 1
2498 LN -1 -1 -1 -1.000000 1 1
2499 IN 2500 2501 6 0.500000 3 0
2500 LN -1 -1 -1 -1.000000 1 0
2501 IN 2502 2503 4 0.500000 2 0
2502 LN -1 -1 -1 -1.000000 1 0
2503 LN -1 -1 -1 -1.000000 1 1
2504 IN 2505 2516 16 0.500000 5 1
2505 IN 2506 2511 6 0.500000 4 0
2506 IN 2507 2510 4 0.500000 3 0
2507 IN 2508 2509 10 0.500000 2 0
2508 LN -1 -1 -1 -1.000000 1 0
2509 LN -1 -1 -1 -1.000000 1 0
2510 LN -1 -1 -1 -1.000000 1 1
2511 IN 2512 2513 15 0.500000 3 0
2512 LN -1 -1 -1 -1.000000 1 0
2513 IN 2514 2515 4 0.500000 2 0
2514 LN -1 -1 -1 -1.000000 1 0
2515 LN -1 -1 -1 -1.000000 1 1
2516 IN 2517 2522 6 0.500000 4 1
2517 IN 2518 2521 4 0.500000 3 1
2518 IN 2519 2520 10 0.500000 2 0
2519 LN -1 -1 -1 -1.000000 1 1
2520 LN -1 -1 -1 -1.000000 1 0
2521 LN -1 -1 -1 -1.000000 1 1
2522 IN 2523 2524 4 0.500000 2 1
2523 LN -1 -1 -1 -1.000000 1 0
2524 LN -1 -1 -1 -1.000000 1 1
2525 IN 2526 2547 15 0.500000 9 1
2526 IN 2527 2542 0 0.500000 6 1
2527 IN 2528 2533 6 0.500000 5 1
2528 IN 2529 2532 14 0.500000 3 1
2529 IN 2530 2531 4 0.500000 2 1
2530 LN -1 -1 -1 -1.000000 1 0
2531 LN -1 -1 -1 -1.000000 1 1
2532 LN -1 -1 -1 -1.000000 1 1
2533 IN 2534 2541 14 0.500000 4 1
2534 IN 2535 2538 4 0.500000 3 1
2535 IN 2536 2537 10 0.500000 2 1
2536 LN -1 -1 -1 -1.000000 1 1
2537 LN -1 -1 -1 -1.000000 1 1
2538 IN 2539 2540 16 0.500000 2 1
2539 LN -1 -1 -1 -1.000000 1 1
2540 LN -1 -1 -1 -1.000000 1 1
2541 LN -1 -1 -1 -1.000000 1 0
2542 IN 2543 2546 6 0.500000 3 0
2543 IN 2544 2545 14 0.500000 2 1
2544 LN -1 -1 -1 -1.000000 1 0
2545 LN -1 -1 -1 -1.000000 1 1
2546 LN -1 -1 -1 -1.000000 1 0
2547 IN 2548 2571 14 0.500000 8 1
2548 IN 2549 2560 10 0.500000 6 1
2549 IN 2550 2555 0 0.500000 4 0
2550 IN 2551 2554 4 0.500000 3 0
2551 IN 2552 2553 6 0.500000 2 0
2552 LN -1 -1 -1 -1.000000 1 0
2553 LN -1 -1 -1 -1.000000 1 1
2554 LN -1 -1 -1 -1.000000 1 1
2555 IN 2556 2557 4 0.500000 3 1
2556 LN -1 -1 -1 -1.000000 1 0
2557 IN 2558 2559 6 0.500000 2 1
2558 LN -1 -1 -1 -1.000000 1 1
2559 LN -1 -1 -1 -1.000000 1 1
2560 IN 2561 2562 0 0.500000 5 1
2561 LN -1 -1 -1 -1.000000 1 1
2562 IN 2563 2570 16 0.500000 4 1
2563 IN 2564 2567 6 0.500000 3 1
2564 IN 2565 2566 4 0.500000 2 0
2565 LN -1 -1 -1 -1.000000 1 0
2566 LN -1 -1 -1 -1.000000 1 0
2567 IN 2568 2569 4 0.500000 2 1
2568 LN -1 -1 -1 -1.000000 1 1
2569 LN -1 -1 -1 -1.000000 1 1
2570 LN -1 -1 -1 -1.000000 1 1
2571 IN 2572 2593 0 0.500000 7 1
2572 IN 2573 2582 10 0.500000 6 1
2573 IN 2574 2581 16 0.500000 5 1
2574 IN 2575 2576 7 0.500000 4 1
2575 LN -1 -1 -1 -1.000000 1 1
2576 IN 2577 2580 6 0.500000 3 1
2577 IN 2578 2579 4 0.500000 2 1
2578 LN -1 -1 -1 -1.000000 1 1
2579 LN -1 -1 -1 -1.000000 1 0
2580 LN -1 -1 -1 -1.000000 1 1
2581 LN -1 -1 -1 -1.000000 1 0
2582 IN 2583 2592 16 0.500000 5 1
2583 IN 2584 2589 6 0.500000 4 1
2584 IN 2585 2588 7 0.500000 3 1
2585 IN 2586 2587 4 0.500000 2 1
2586 LN -1 -1 -1 -1.000000 1 1
2587 LN -1 -1 -1 -1.000000 1 1
2588 LN -1 -1 -1 -1.000000 1 1
2589 IN 2590 2591 4 0.500000 2 1
2590 LN -1 -1 -1 -1.000000 1 1
2591 LN -1 -1 -1 -1.000000 1 1
2592 LN -1 -1 -1 -1.000000 1 1
2593 IN 2594 2595 7 0.500000 6 1
2594 LN -1 -1 -1 -1.000000 1 1
2595 IN 2596 2605 4 0.500000 5 1
2596 IN 2597 2604 16 0.500000 4 1
2597 IN 2598 2601 6 0.500000 3 1
2598 IN 2599 2600 10 0.500000 2 1
2599 LN -1 -1 -1 -1.000000 1 1
2600 LN -1 -1 -1 -1.000000 1 1
2601 IN 2602 2603 10 0.500000 2 1
2602 LN -1 -1 -1 -1.000000 1 1
2603 LN -1 -1 -1 -1.000000 1 1
2604 LN -1 -1 -1 -1.000000 1 1
2605 IN 2606 2611 10 0.500000 4 1
2606 IN 2607 2610 16 0.500000 3 1
2607 IN 2608 2609 6 0.500000 2 1
2608 LN -1 -1 -1 -1.000000 1 1
2609 LN -1 -1 -1 -1.000000 1 1
2610 LN -1 -1 -1 -1.000000 1 1
2611 IN 2612 2615 6 0.500000 3 1
2612 IN 2613 2614 16 0.500000 2 1
2613 LN -1 -1 -1 -1.000000 1 1
2614 LN -1 -1 -1 -1.000000 1 1
2615 IN 2616 2617 16 0.500000 2 1
2616 LN -1 -1 -1 -1.000000 1 1
2617 LN -1 -1 -1 -1.000000 1 1
2618 IN 2619 2678 9 0.500000 14 1
2619 IN 2620 2621 15 0.500000 11 0
2620 LN -1 -1 -1 -1.000000 1 0
2621 IN 2622 2671 0 0.500000 10 1
2622 IN 2623 2670 6 0.500000 9 0
2623 IN 2624 2641 4 0.500000 8 1
2624 IN 2625 2626 2 0.500000 7 1
2625 LN -1 -1 -1 -1.000000 1 0
2626 IN 2627 2640 16 0.500000 6 1
2627 IN 2628 2631 7 0.500000 5 1
2628 IN 2629 2630 10 0.500000 2 1
2629 LN -1 -1 -1 -1.000000 1 1
2630 LN -1 -1 -1 -1.000000 1 0
2631 IN 2632 2637 3 0.500000 4 1
2632 IN 2633 2636 1 0.500000 3 1
2633 IN 2634 2635 10 0.500000 2 1
2634 LN -1 -1 -1 -1.000000 1 1
2635 LN -1 -1 -1 -1.000000 1 1
2636 LN -1 -1 -1 -1.000000 1 1
2637 IN 2638 2639 1 0.500000 2 0
2638 LN -1 -1 -1 -1.000000 1 0
2639 LN -1 -1 -1 -1.000000 1 0
2640 LN -1 -1 -1 -1.000000 1 1
2641 IN 2642 2659 7 0.500000 7 1
2642 IN 2643 2650 10 0.500000 6 0
2643 IN 2644 2649 3 0.500000 4 0
2644 IN 2645 2646 2 0.500000 3 0
2645 LN -1 -1 -1 -1.000000 1 1
2646 IN 2647 2648 1 0.500000 2 0
2647 LN -1 -1 -1 -1.000000 1 1
2648 LN -1 -1 -1 -1.000000 1 0
2649 LN -1 -1 -1 -1.000000 1 1
2650 IN 2651 2658 16 0.500000 5 0
2651 IN 2652 2657 1 0.500000 4 0
2652 IN 2653 2654 2 0.500000 3 0
2653 LN -1 -1 -1 -1.000000 1 0
2654 IN 2655 2656 3 0.500000 2 0
2655 LN -1 -1 -1 -1.000000 1 0
2656 LN -1 -1 -1 -1.000000 1 0
2657 LN -1 -1 -1 -1.000000 1 1
2658 LN -1 -1 -1 -1.000000 1 0
2659 IN 2660 2665 3 0.500000 4 1
2660 IN 2661 2662 16 0.500000 3 1
2661 LN -1 -1 -1 -1.000000 1 1
2662 IN 2663 2664 1 0.500000 2 1
2663 LN -1 -1 -1 -1.000000 1 0
2664 LN -1 -1 -1 -1.000000 1 1
2665 IN 2666 2667 1 0.500000 3 1
2666 LN -1 -1 -1 -1.000000 1 1
2667 IN 2668 2669 16 0.500000 2 1
2668 LN -1 -1 -1 -1.000000 1 1
2669 LN -1 -1 -1 -1.000000 1 0
2670 LN -1 -1 -1 -1.000000 1 0
2671 IN 2672 2673 10 0.500000 4 1
2672 LN -1 -1 -1 -1.000000 1 1
2673 IN 2674 2675 3 0.500000 3 1
2674 LN -1 -1 -1 -1.000000 1 1
2675 IN 2676 2677 16 0.500000 2 0
2676 LN -1 -1 -1 -1.000000 1 1
2677 LN -1 -1 -1 -1.000000 1 0
2678 IN 2679 2818 8 0.500000 13 1
2679 IN 2680 2749 0 0.500000 12 1
2680 IN 2681 2718 3 0.500000 11 1
2681 IN 2682 2687 2 0.500000 10 1
2682 IN 2683 2684 5 0.500000 3 0
2683 LN -1 -1 -1 -1.000000 1 0
2684 IN 2685 2686 4 0.500000 2 0
2685 LN -1 -1 -1 -1.000000 1 0
2686 LN -1 -1 -1 -1.000000 1 1
2687 IN 2688 2689 5 0.500000 9 1
2688 LN -1 -1 -1 -1.000000 1 0
2689 IN 2690 2695 15 0.500000 8 1
2690 IN 2691 2694 7 0.500000 3 0
2691 IN 2692 2693 4 0.500000 2 1
2692 LN -1 -1 -1 -1.000000 1 1
2693 LN -1 -1 -1 -1.000000 1 0
2694 LN -1 -1 -1 -1.000000 1 0
2695 IN 2696 2709 4 0.500000 7 1
2696 IN 2697 2700 7 0.500000 6 1
2697 IN 2698 2699 10 0.500000 2 1
2698 LN -1 -1 -1 -1.000000 1 0
2699 LN -1 -1 -1 -1.000000 1 1
2700 IN 2701 2708 6 0.500000 5 0
2701 IN 2702 2707 16 0.500000 4 1
2702 IN 2703 2704 10 0.500000 3 0
2703 LN -1 -1 -1 -1.000000 1 0
2704 IN 2705 2706 1 0.500000 2 0
2705 LN -1 -1 -1 -1.000000 1 0
2706 LN -1 -1 -1 -1.000000 1 0
2707 LN -1 -1 -1 -1.000000 1 1
2708 LN -1 -1 -1 -1.000000 1 0
2709 IN 2710 2717 1 0.500000 5 1
2710 IN 2711 2712 10 0.500000 4 1
2711 LN -1 -1 -1 -1.000000 1 1
2712 IN 2713 2716 16 0.500000 3 1
2713 IN 2714 2715 7 0.500000 2 1
2714 LN -1 -1 -1 -1.000000 1 0
2715 LN -1 -1 -1 -1.000000 1 1
2716 LN -1 -1 -1 -1.000000 1 0
2717 LN -1 -1 -1 -1.000000 1 1
2718 IN 2719 2724 10 0.500000 7 1
2719 IN 2720 2721 2 0.500000 3 1
2720 LN -1 -1 -1 -1.000000 1 1
2721 IN 2722 2723 16 0.500000 2 1
2722 LN -1 -1 -1 -1.000000 1 1
2723 LN -1 -1 -1 -1.000000 1 0
2724 IN 2725 2736 4 0.500000 6 1
2725 IN 2726 2727 7 0.500000 5 1
2726 LN -1 -1 -1 -1.000000 1 1
2727 IN 2728 2735 6 0.500000 4 1
2728 IN 2729 2732 1 0.500000 3 1
2729 IN 2730 2731 2 0.500000 2 1
2730 LN -1 -1 -1 -1.000000 1 0
2731 LN -1 -1 -1 -1.000000 1 1
2732 IN 2733 2734 16 0.500000 2 0
2733 LN -1 -1 -1 -1.000000 1 0
2734 LN -1 -1 -1 -1.000000 1 0
2735 LN -1 -1 -1 -1.000000 1 1
2736 IN 2737 2744 1 0.500000 5 1
2737 IN 2738 2739 2 0.500000 4 1
2738 LN -1 -1 -1 -1.000000 1 0
2739 IN 2740 2743 6 0.500000 3 1
2740 IN 2741 2742 16 0.500000 2 1
2741 LN -1 -1 -1 -1.000000 1 0
2742 LN -1 -1 -1 -1.000000 1 1
2743 LN -1 -1 -1 -1.000000 1 1
2744 IN 2745 2746 7 0.500000 3 0
2745 LN -1 -1 -1 -1.000000 1 0
2746 IN 2747 2748 6 0.500000 2 1
2747 LN -1 -1 -1 -1.000000 1 1
2748 LN -1 -1 -1 -1.000000 1 0
2749 IN 2750 2785 3 0.500000 9 1
2750 IN 2751 2768 4 0.500000 6 1
2751 IN 2752 2759 10 0.500000 5 1
2752 IN 2753 2754 7 0.500000 4 1
2753 LN -1 -1 -1 -1.000000 1 1
2754 IN 2755 2758 6 0.500000 3 0
2755 IN 2756 2757 16 0.500000 2 1
2756 LN -1 -1 -1 -1.000000 1 1
2757 LN -1 -1 -1 -1.000000 1 0
2758 LN -1 -1 -1 -1.000000 1 0
2759 IN 2760 2765 16 0.500000 4 1
2760 IN 2761 2762 7 0.500000 3 0
2761 LN -1 -1 -1 -1.000000 1 1
2762 IN 2763 2764 6 0.500000 2 0
2763 LN -1 -1 -1 -1.000000 1 0
2764 LN -1 -1 -1 -1.000000 1 1
2765 IN 2766 2767 7 0.500000 2 1
2766 LN -1 -1 -1 -1.000000 1 1
2767 LN -1 -1 -1 -1.000000 1 1
2768 IN 2769 2778 16 0.500000 5 1
2769 IN 2770 2773 10 0.500000 4 1
2770 IN 2771 2772 15 0.500000 2 1
2771 LN -1 -1 -1 -1.000000 1 0
2772 LN -1 -1 -1 -1.000000 1 1
2773 IN 2774 2775 7 0.500000 3 1
2774 LN -1 -1 -1 -1.000000 1 0
2775 IN 2776 2777 6 0.500000 2 1
2776 LN -1 -1 -1 -1.000000 1 1
2777 LN -1 -1 -1 -1.000000 1 0
2778 IN 2779 2780 10 0.500000 4 1
2779 LN -1 -1 -1 -1.000000 1 1
2780 IN 2781 2782 7 0.500000 3 1
2781 LN -1 -1 -1 -1.000000 1 0
2782 IN 2783 2784 6 0.500000 2 1
2783 LN -1 -1 -1 -1.000000 1 1
2784 LN -1 -1 -1 -1.000000 1 1
2785 IN 2786 2805 4 0.500000 8 1
2786 IN 2787 2788 5 0.500000 7 1
2787 LN -1 -1 -1 -1.000000 1 1
2788 IN 2789 2790 7 0.500000 6 1
2789 LN -1 -1 -1 -1.000000 1 1
2790 IN 2791 2800 10 0.500000 5 1
2791 IN 2792 2797 6 0.500000 4 1
2792 IN 2793 2796 16 0.500000 3 1
2793 IN 2794 2795 15 0.500000 2 1
2794 LN -1 -1 -1 -1.000000 1 0
2795 LN -1 -1 -1 -1.000000 1 1
2796 LN -1 -1 -1 -1.000000 1 1
2797 IN 2798 2799 15 0.500000 2 1
2798 LN -1 -1 -1 -1.000000 1 1
2799 LN -1 -1 -1 -1.000000 1 0
2800 IN 2801 2802 16 0.500000 3 1
2801 LN -1 -1 -1 -1.000000 1 1
2802 IN 2803 2804 6 0.500000 2 1
2803 LN -1 -1 -1 -1.000000 1 1
2804 LN -1 -1 -1 -1.000000 1 0
2805 IN 2806 2813 6 0.500000 5 1
2806 IN 2807 2808 10 0.500000 4 1
2807 LN -1 -1 -1 -1.000000 1 1
2808 IN 2809 2812 7 0.500000 3 1
2809 IN 2810 2811 16 0.500000 2 1
2810 LN -1 -1 -1 -1.000000 1 1
2811 LN -1 -1 -1 -1.000000 1 1
2812 LN -1 -1 -1 -1.000000 1 1
2813 IN 2814 2815 16 0.500000 3 1
2814 LN -1 -1 -1 -1.000000 1 1
2815 IN 2816 2817 10 0.500000 2 1
2816 LN -1 -1 -1 -1.000000 1 1
2817 LN -1 -1 -1 -1.000000 1 1
2818 IN 2819 2826 5 0.500000 11 1
2819 IN 2820 2821 0 0.500000 4 1
2820 LN -1 -1 -1 -1.000000 1 1
2821 IN 2822 2823 10 0.500000 3 1
2822 LN -1 -1 -1 -1.000000 1 1
2823 IN 2824 2825 7 0.500000 2 1
2824 LN -1 -1 -1 -1.000000 1 1
2825 LN -1 -1 -1 -1.000000 1 1
2826 IN 2827 2848 15 0.500000 10 1
2827 IN 2828 2833 10 0.500000 7 1
2828 IN 2829 2832 16 0.500000 3 1
2829 IN 2830 2831 7 0.500000 2 1
2830 LN -1 -1 -1 -1.000000 1 1
2831 LN -1 -1 -1 -1.000000 1 0
2832 LN -1 -1 -1 -1.000000 1 1
2833 IN 2834 2845 3 0.500000 6 1
2834 IN 2835 2838 16 0.500000 5 1
2835 IN 2836 2837 7 0.500000 2 1
2836 LN -1 -1 -1 -1.000000 1 0
2837 LN -1 -1 -1 -1.000000 1 1
2838 IN 2839 2844 6 0.500000 4 1
2839 IN 2840 2841 4 0.500000 3 1
2840 LN -1 -1 -1 -1.000000 1 1
2841 IN 2842 2843 7 0.500000 2 0
2842 LN -1 -1 -1 -1.000000 1 1
2843 LN -1 -1 -1 -1.000000 1 0
2844 LN -1 -1 -1 -1.000000 1 0
2845 IN 2846 2847 6 0.500000 2 0
2846 LN -1 -1 -1 -1.000000 1 1
2847 LN -1 -1 -1 -1.000000 1 0
2848 IN 2849 2850 1 0.500000 9 1
2849 LN -1 -1 -1 -1.000000 1 1
2850 IN 2851 2912 6 0.500000 8 1
2851 IN 2852 2863 0 0.500000 7 1
2852 IN 2853 2856 3 0.500000 5 1
2853 IN 2854 2855 10 0.500000 2 1
2854 LN -1 -1 -1 -1.000000 1 0
2855 LN -1 -1 -1 -1.000000 1 1
2856 IN 2857 2862 4 0.500000 4 1
2857 IN 2858 2859 7 0.500000 3 1
2858 LN -1 -1 -1 -1.000000 1 1
2859 IN 2860 2861 10 0.500000 2 1
2860 LN -1 -1 -1 -1.000000 1 1
2861 LN -1 -1 -1 -1.000000 1 0
2862 LN -1 -1 -1 -1.000000 1 1
2863 IN 2864 2881 7 0.500000 6 1
2864 IN 2865 2872 10 0.500000 5 1
2865 IN 2866 2871 3 0.500000 4 1
2866 IN 2867 2870 4 0.500000 3 1
2867 IN 2868 2869 16 0.500000 2 1
2868 LN -1 -1 -1 -1.000000 1 1
2869 LN -1 -1 -1 -1.000000 1 1
2870 LN -1 -1 -1 -1.000000 1 1
2871 LN -1 -1 -1 -1.000000 1 1
2872 IN 2873 2880 3 0.500000 4 1
2873 IN 2874 2877 4 0.500000 3 1
2874 IN 2875 2876 16 0.500000 2 1
2875 LN -1 -1 -1 -1.000000 1 1
2876 LN -1 -1 -1 -1.000000 1 1
2877 IN 2878 2879 16 0.500000 2 1
2878 LN -1 -1 -1 -1.000000 1 1
2879 LN -1 -1 -1 -1.000000 1 1
2880 LN -1 -1 -1 -1.000000 1 1
2881 IN 2882 2897 3 0.500000 5 1
2882 IN 2883 2890 4 0.500000 4 1
2883 IN 2884 2887 10 0.500000 3 1
2884 IN 2885 2886 16 0.500000 2 1
2885 LN -1 -1 -1 -1.000000 1 1
2886 LN -1 -1 -1 -1.000000 1 1
2887 IN 2888 2889 16 0.500000 2 1
2888 LN -1 -1 -1 -1.000000 1 1
2889 LN -1 -1 -1 -1.000000 1 1
2890 IN 2891 2894 16 0.500000 3 1
2891 IN 2892 2893 10 0.500000 2 1
2892 LN -1 -1 -1 -1.000000 1 1
2893 LN -1 -1 -1 -1.000000 1 1
2894 IN 2895 2896 10 0.500000 2 1
2895 LN -1 -1 -1 -1.000000 1 1
2896 LN -1 -1 -1 -1.000000 1 1
2897 IN 2898 2905 10 0.500000 4 1
2898 IN 2899 2902 16 0.500000 3 1
2899 IN 2900 2901 4 0.500000 2 1
2900 LN -1 -1 -1 -1.000000 1 1
2901 LN -1 -1 -1 -1.000000 1 1
2902 IN 2903 2904 4 0.500000 2 1
2903 LN -1 -1 -1 -1.000000 1 1
2904 LN -1 -1 -1 -1.000000 1 1
2905 IN 2906 2909 4 0.500000 3 1
2906 IN 2907 2908 16 0.500000 2 1
2907 LN -1 -1 -1 -1.000000 1 1
2908 LN -1 -1 -1 -1.000000 1 1
2909 IN 2910 2911 16 0.500000 2 1
2910 LN -1 -1 -1 -1.000000 1 1
2911 LN -1 -1 -1 -1.000000 1 1
2912 IN 2913 2926 10 0.500000 6 1
2913 IN 2914 2921 4 0.500000 5 1
2914 IN 2915 2916 0 0.500000 4 1
2915 LN -1 -1 -1 -1.000000 1 0
2916 IN 2917 2920 16 0.500000 3 1
2917 IN 2918 2919 3 0.500000 2 1
2918 LN -1 -1 -1 -1.000000 1 1
2919 LN -1 -1 -1 -1.000000 1 1
2920 LN -1 -1 -1 -1.000000 1 1
2921 IN 2922 2923 3 0.500000 3 1
2922 LN -1 -1 -1 -1.000000 1 1
2923 IN 2924 2925 16 0.500000 2 1
2924 LN -1 -1 -1 -1.000000 1 1
2925 LN -1 -1 -1 -1.000000 1 1
2926 IN 2927 2936 4 0.500000 5 1
2927 IN 2928 2929 16 0.500000 4 1
2928 LN -1 -1 -1 -1.000000 1 1
2929 IN 2930 2933 0 0.500000 3 1
2930 IN 2931 2932 3 0.500000 2 0
2931 LN -1 -1 -1 -1.000000 1 0
2932 LN -1 -1 -1 -1.000000 1 1
2933 IN 2934 2935 3 0.500000 2 1
2934 LN -1 -1 -1 -1.000000 1 1
2935 LN -1 -1 -1 -1.000000 1 1
2936 IN 2937 2940 16 0.500000 4 1
2937 IN 2938 2939 3 0.500000 2 1
2938 LN -1 -1 -1 -1.000000 1 1
2939 LN -1 -1 -1 -1.000000 1 1
2940 IN 2941 2942 0 0.500000 3 1
2941 LN -1 -1 -1 -1.000000 1 1
2942 IN 2943 2944 3 0.500000 2 1
2943 LN -1 -1 -1 -1.000000 1 1
2944 LN -1 -1 -1 -1.000000 1 1

